product_name,product_name_en,product_id,category,model,cf_value,cf_unit,quality_score,data_year,functional_unit
玉米油,corn oil,23999X0082017B,,玉米油,0.71,kgCO2e,5,2017,kg
PVC管道,PVC pipe,88520X0012022B,,PVC管道,2340.77,kgCO2e,5,2022,公吨
大型飞机航空客运（平均）,Large aircraft air passenger transport (average),64243X0012022A,,,31.7,kgCO2e,4,2022,千米
中型飞机航空客运（平均）,Medium aircraft air passenger transport (average),64241X0042022A,,,16.2,kgCO2e,4,2022,千米
小型飞机航空客运（平均）,Small aircraft air passenger transport (average),64241X0032022A,,,8.5,kgCO2e,4,2022,千米
球团矿,pellet,41116A0012022B,,无,0.16,kgCO2e,4,2022,kg
化学吸收法二氧化碳捕集,Chemical absorption carbon dioxide capture,10214A0012018A,,,407.9,kgCO2e,4,2018,公吨
PET bottle 3 1000mL,PET bottle 3 1000mL,36490X0012019B,,PET bottle 3 1000mL,121.85,kgCO2e,4,2019,1000L
TBA Slim HC 23 1000mL,TBA Slim HC 23 1000mL,36490X0022019B,,TBA Slim HC 23 1000mL,68.07,kgCO2e,4,2019,1000L
TR MiniPlus TC 34 1000mL,TR MiniPlus TC 34 1000mL,36490X0032019B,,TR MiniPlus TC 34 1000mL,84.15,kgCO2e,4,2019,1000L
TBA Base Straw 200mL,TBA Base Straw 200mL,36490X0042019B,,TBA Base Straw 200mL,93.98,kgCO2e,4,2019,1000L
TPA DC 26 330mL,TPA DC 26 330mL,36490X0052019B,,TPA DC 26 330mL,132.63,kgCO2e,4,2019,1000L
SUP 1 200mL,SUP 1 200mL,36490X0062019B,,SUP 1 200mL,183.4,kgCO2e,4,2019,1000L
Glass bottle 3 250mL,Glass bottle 3 250mL,37191X0012019B,,Glass bottle 3 250mL,590.97,kgCO2e,4,2019,1000L
Glass bottle 3 250mL,Glass bottle 3 250mL,37191X0022019B,,Glass bottle 3 250mL,584.46,kgCO2e,4,2019,1000L
TBA Base Straw 200mL,TBA Base Straw 200mL,36490X0072019B,,TBA Base Straw 200mL,109.23,kgCO2e,4,2019,1000L
Glass Jar 1 390mL,Glass Jar 1 390mL,37191X0032019B,,Glass Jar 1 390mL,473.93,kgCO2e,4,2019,1000L
Steel Can 1 390mL,Steel Can 1 390mL,42931X0032019B,,Steel Can 1 390mL,441.61,kgCO2e,4,2019,1000L
PET bottle 2 1000mL,PET bottle 2 1000mL,36490X0192019B,,PET bottle 2 1000mL,107.89,kgCO2e,4,2019,1000L
HDPE bottle 2 1000mL,HDPE bottle 2 1000mL,36490X0202019B,,HDPE bottle 2 1000mL,105,kgCO2e,4,2019,1000L
TBA Edge LC 30 1000mL,TBA Edge LC 30 1000mL,36490X0212019B,,TBA Edge LC 30 1000mL,67.19,kgCO2e,4,2019,1000L
TBA Edge LC 30 plant-based 1000mL,TBA Edge LC 30 plant-based 1000mL,36490X0222019B,,TBA Edge LC 30 plant-based 1000mL,55.15,kgCO2e,4,2019,1000L
TB Mid Straw 200mL,TB Mid Straw 200mL,36490X0232019B,,TB Mid Straw 200mL,71.38,kgCO2e,4,2019,1000L
HDPE bottle 3 200mL,HDPE bottle 3 200mL,36490X0242019B,,HDPE bottle 3 200mL,267.68,kgCO2e,4,2019,1000L
HDPE bottle 3 200mL,HDPE bottle 3 200mL,36490X0252019B,,HDPE bottle 3 200mL,270.76,kgCO2e,4,2019,1000L
TB Mid Straw 200mL,TB Mid Straw 200mL,36490X0262019B,,TB Mid Straw 200mL,88.19,kgCO2e,4,2019,1000L
TBA Slim HC 23S 1000mL,TBA Slim HC 23S 1000mL,36490X0272019B,,TBA Slim HC 23S 1000mL,55.34,kgCO2e,4,2019,1000L
TR MiniPlus TC 34 1000mL,TR MiniPlus TC 34 1000mL,36490X0282019B,,TR MiniPlus TC 34 1000mL,69.28,kgCO2e,4,2019,1000L
PET bottle 3 1000mL,PET bottle 3 1000mL,36490X0292019B,,PET bottle 3 1000mL,122.67,kgCO2e,4,2019,1000L
Glass bottle 2 1000mL,Glass bottle 2 1000mL,37191X0052019B,,Glass bottle 2 1000mL,370.15,kgCO2e,4,2019,1000L
Glass bottle 2 1000mL,Glass bottle 2 1000mL,37191X0062019B,,Glass bottle 2 1000mL,371.48,kgCO2e,4,2019,1000L
TBA Edge LC 30 1000mL,TBA Edge LC 30 1000mL,36490X0302019B,,TBA Edge LC 30 1000mL,54.35,kgCO2e,4,2019,1000L
HDPE bottle 2 1000mL,HDPE bottle 2 1000mL,36490X0322019B,,HDPE bottle 2 1000mL,106.02,kgCO2e,4,2019,1000L
PET bottle 2 1000mL,PET bottle 2 1000mL,36490X0332019B,,PET bottle 2 1000mL,104.4,kgCO2e,4,2019,1000L
TPA DC 26 330mL,TPA DC 26 330mL,36490X0342019B,,TPA DC 26 330mL,149.94,kgCO2e,4,2019,1000L
SUP 1 200mL,SUP 1 200mL,36490X0352019B,,SUP 1 200mL,190.98,kgCO2e,4,2019,1000L
TPA Square StreamCup 500mL,TPA Square StreamCup 500mL,36490X0362019B,,TPA Square StreamCup 500mL,116.79,kgCO2e,4,2019,1000L
TT Midi C38 plant-based 500mL,TT Midi C38 plant-based 500mL,36490X0372019B,,TT Midi C38 plant-based 500mL,67.43,kgCO2e,4,2019,1000L
PET bottle 4 500mL,PET bottle 4 500mL,36490X0382019B,,PET bottle 4 500mL,126.14,kgCO2e,4,2019,1000L
Glass bottle 4 500mL,Glass bottle 4 500mL,37191X0072019B,,Glass bottle 4 500mL,328.49,kgCO2e,4,2019,1000L
Aluminum Can 1 500mL,Aluminum Can 1 500mL,42931X0042019B,,Aluminum Can 1 500mL,192.9,kgCO2e,4,2019,1000L
Aluminum Can 1 500mL,Aluminum Can 1 500mL,42931X0052019B,,Aluminum Can 1 500mL,157.09,kgCO2e,4,2019,1000L
Glass bottle 4 500mL,Glass bottle 4 500mL,37191X0082019B,,Glass bottle 4 500mL,330.02,kgCO2e,4,2019,1000L
PET bottle 4 500mL,PET bottle 4 500mL,36490X0392019B,,PET bottle 4 500mL,124.52,kgCO2e,4,2019,1000L
TT Midi C38 plant-based 500mL,TT Midi C38 plant-based 500mL,36490X0402019B,,TT Midi C38 plant-based 500mL,82.09,kgCO2e,4,2019,1000L
TPA Square StreamCup 500mL,TPA Square StreamCup 500mL,36490X0412019B,,TPA Square StreamCup 500mL,133.37,kgCO2e,4,2019,1000L
Tetra Recart 390mL,Tetra Recart 390mL,32153X0022019B,,Tetra Recart 390mL,81.24,kgCO2e,4,2019,1000L
Steel Can 1 390mL,Steel Can 1 390mL,42931X0062019B,,Steel Can 1 390mL,558.9,kgCO2e,4,2019,1000L
Glass Jar 1 390mL,Glass Jar 1 390mL,37191X0092019B,,Glass Jar 1 390mL,479.7,kgCO2e,4,2019,1000L
非烧结类砌体材料,Non-sintered masonry materials,37540X0032022B,,,180,kgCO2e,3,2022,m3
非烧结类砌体材料,Non-sintered masonry materials,37540X0022021B,,,18.7,kgCO2e,3,2021,m3
水泥重力水坝,Concrete gravity dam,00000X0012023A,,,1243,kgCO2e,4,2023,m3
PET瓶,PET bottles,00000X0022020A,,无,0.18619,kgCO2e,5,2020,个
聚丙烯酰胺,polyacrylamide,00000X0032019B,,,3.06231,kgCO2e,5,2019,kg
化纤织造及印染精加工产品,Dyed chemical fiber products,35560X0012011A,首页 > 其他可运输货物，金属制品、机械和设备除外 > 其他化学制品；人造纤维 > 人造纤维 > 人造单丝和纱条,,8,tCO2e,3,2011,公吨
涤纶长丝织物,Polyester filament fabric,35550X0012012A,首页 > 其他可运输货物，金属制品、机械和设备除外 > 其他化学制品；人造纤维 > 人造纤维 > 人造长丝纱（不包括缝纫线及多股线或缆线），不供零售,,25.7,tCO2e,4,2012,公吨
纱线产品（90%精棉10%山羊绒2/32公支半精纺）,"Yarn Product (90% combed cotton, 10% cashmere, 2/32 count, semi-worsted)",35550X0022023B,首页 > 其他可运输货物，金属制品、机械和设备除外 > 其他化学制品；人造纤维 > 人造纤维 > 人造长丝纱（不包括缝纫线及多股线或缆线），不供零售,90%精棉10%山羊绒2/32公支半精纺,12.0006,kgCO2e,5,2023,kg
丙烯腈,Acrylonitrile,35499X0012006A,首页 > 其他可运输货物，金属制品、机械和设备除外 > 其他化学制品；人造纤维 > 未另列明的化学制品 > 其他未另列明的化学制品,,7.88,kgCO2e,4,2006,kg
丙烯酸甲酯,Methyl Acrylate,35499X0022012A,首页 > 其他可运输货物，金属制品、机械和设备除外 > 其他化学制品；人造纤维 > 未另列明的化学制品 > 其他未另列明的化学制品,,20.49,kgCO2e,4,2012,kg
轻质氧化镁LCM94,Light calcined magnesia,35499X0032017A,首页 > 其他可运输货物，金属制品、机械和设备除外 > 其他化学制品；人造纤维 > 未另列明的化学制品 > 其他未另列明的化学制品,,1.79,kgCO2e,4,2017,kg
轻质氧化镁LCM92,Light calcined magnesia,35499X0042017A,首页 > 其他可运输货物，金属制品、机械和设备除外 > 其他化学制品；人造纤维 > 未另列明的化学制品 > 其他未另列明的化学制品,,1.71,kgCO2e,4,2017,kg
轻质氧化镁LCM90,Light calcined magnesia,35499X0052017A,首页 > 其他可运输货物，金属制品、机械和设备除外 > 其他化学制品；人造纤维 > 未另列明的化学制品 > 其他未另列明的化学制品,,1.63,kgCO2e,4,2017,kg
重质氧化镁SM97,Sintered magnesia,35499X0062017A,首页 > 其他可运输货物，金属制品、机械和设备除外 > 其他化学制品；人造纤维 > 未另列明的化学制品 > 其他未另列明的化学制品,,2.6,kgCO2e,4,2017,kg
建筑秸秆基保温材料,Straw-based building insulation material,35499X0012010A,首页 > 其他可运输货物，金属制品、机械和设备除外 > 其他化学制品；人造纤维 > 未另列明的化学制品 > 其他未另列明的化学制品,,0.32,kgCO2e,5,2010,kg
铜藻基固体酸催化剂,Sargassum Horneri Carbon-based Solid Acid Catalyst,35499X0022019A,首页 > 其他可运输货物，金属制品、机械和设备除外 > 其他化学制品；人造纤维 > 未另列明的化学制品 > 其他未另列明的化学制品,,20.369,kgCO2e,4,2019,kg
卷发造型膜,Curl styling film,35499X0032020A,首页 > 其他可运输货物，金属制品、机械和设备除外 > 其他化学制品；人造纤维 > 未另列明的化学制品 > 其他未另列明的化学制品,100ml,0.36,kgCO2e,4,2020,瓶
制冷剂R-10逸散,Refrigerant R-10 fugacity,35499X0052023A,首页 > 其他可运输货物，金属制品、机械和设备除外 > 其他化学制品；人造纤维 > 未另列明的化学制品 > 其他未另列明的化学制品,,1730,kgCO2e,5,2023,kg
制冷剂R-11逸散,Refrigerant R-11 fugacity,35499X0062023A,首页 > 其他可运输货物，金属制品、机械和设备除外 > 其他化学制品；人造纤维 > 未另列明的化学制品 > 其他未另列明的化学制品,,4660,kgCO2e,5,2023,kg
制冷剂R-13逸散,Refrigerant R-13 fugacity,35499X0072023A,首页 > 其他可运输货物，金属制品、机械和设备除外 > 其他化学制品；人造纤维 > 未另列明的化学制品 > 其他未另列明的化学制品,,13900,kgCO2e,5,2023,kg
制冷剂R-502逸散,Refrigerant R-502 fugacity,35499X0082023A,首页 > 其他可运输货物，金属制品、机械和设备除外 > 其他化学制品；人造纤维 > 未另列明的化学制品 > 其他未另列明的化学制品,,4785.92,kgCO2e,5,2023,kg
制冷剂R113逸散,Refrigerant R113 fugacity,35499X0092023A,首页 > 其他可运输货物，金属制品、机械和设备除外 > 其他化学制品；人造纤维 > 未另列明的化学制品 > 其他未另列明的化学制品,,5820,kgCO2e,5,2023,kg
制冷剂R-114逸散,Refrigerant R-114 fugacity,35499X0102023A,首页 > 其他可运输货物，金属制品、机械和设备除外 > 其他化学制品；人造纤维 > 未另列明的化学制品 > 其他未另列明的化学制品,,8590,kgCO2e,5,2023,kg
制冷剂R-115逸散,Refrigerant R-115 fugacity,35499X0112023A,首页 > 其他可运输货物，金属制品、机械和设备除外 > 其他化学制品；人造纤维 > 未另列明的化学制品 > 其他未另列明的化学制品,,7670,kgCO2e,5,2023,kg
制冷剂R-116逸散,Refrigerant R-116 fugacity,35499X0122023A,首页 > 其他可运输货物，金属制品、机械和设备除外 > 其他化学制品；人造纤维 > 未另列明的化学制品 > 其他未另列明的化学制品,,11100,kgCO2e,5,2023,kg
制冷剂R-125逸散,Refrigerant R-125 fugacity,35499X0132023A,首页 > 其他可运输货物，金属制品、机械和设备除外 > 其他化学制品；人造纤维 > 未另列明的化学制品 > 其他未另列明的化学制品,,3170,kgCO2e,5,2023,kg
制冷剂R-12B1逸散,Refrigerant R-12B1 fugacity,35499X0142023A,首页 > 其他可运输货物，金属制品、机械和设备除外 > 其他化学制品；人造纤维 > 未另列明的化学制品 > 其他未另列明的化学制品,,1750,kgCO2e,5,2023,kg
制冷剂R-12B2逸散,Refrigerant R-12B2 fugacity,35499X0152023A,首页 > 其他可运输货物，金属制品、机械和设备除外 > 其他化学制品；人造纤维 > 未另列明的化学制品 > 其他未另列明的化学制品,,231,kgCO2e,5,2023,kg
制冷剂R-132c逸散,Refrigerant R-132c fugacity,35499X0162023A,首页 > 其他可运输货物，金属制品、机械和设备除外 > 其他化学制品；人造纤维 > 未另列明的化学制品 > 其他未另列明的化学制品,,338,kgCO2e,5,2023,kg
制冷剂R-14逸散,Refrigerant R-14 fugacity,35499X0172023A,首页 > 其他可运输货物，金属制品、机械和设备除外 > 其他化学制品；人造纤维 > 未另列明的化学制品 > 其他未另列明的化学制品,,6630,kgCO2e,5,2023,kg
制冷剂R-141b逸散,Refrigerant R-141b fugacity,35499X0182023A,首页 > 其他可运输货物，金属制品、机械和设备除外 > 其他化学制品；人造纤维 > 未另列明的化学制品 > 其他未另列明的化学制品,,782,kgCO2e,5,2023,kg
制冷剂R-142b逸散,Refrigerant R-142b fugacity,35499X0192023A,首页 > 其他可运输货物，金属制品、机械和设备除外 > 其他化学制品；人造纤维 > 未另列明的化学制品 > 其他未另列明的化学制品,,1980,kgCO2e,5,2023,kg
制冷剂R-143a逸散,Refrigerant R-143a fugacity,35499X0202023A,首页 > 其他可运输货物，金属制品、机械和设备除外 > 其他化学制品；人造纤维 > 未另列明的化学制品 > 其他未另列明的化学制品,,4800,kgCO2e,5,2023,kg
制冷剂R-152a逸散,Refrigerant R-152a fugacity,35499X0212023A,首页 > 其他可运输货物，金属制品、机械和设备除外 > 其他化学制品；人造纤维 > 未另列明的化学制品 > 其他未另列明的化学制品,,138,kgCO2e,5,2023,kg
制冷剂R-21逸散,Refrigerant R-21 fugacity,35499X0222023A,首页 > 其他可运输货物，金属制品、机械和设备除外 > 其他化学制品；人造纤维 > 未另列明的化学制品 > 其他未另列明的化学制品,,148,kgCO2e,5,2023,kg
制冷剂R-218逸散,Refrigerant R-218 fugacity,35499X0232023A,首页 > 其他可运输货物，金属制品、机械和设备除外 > 其他化学制品；人造纤维 > 未另列明的化学制品 > 其他未另列明的化学制品,,8900,kgCO2e,5,2023,kg
制冷剂R-225ca逸散,Refrigerant R-225ca fugacity,35499X0242023A,首页 > 其他可运输货物，金属制品、机械和设备除外 > 其他化学制品；人造纤维 > 未另列明的化学制品 > 其他未另列明的化学制品,,127,kgCO2e,5,2023,kg
制冷剂R-22逸散,Refrigerant R-22 fugacity,35499X0252023A,首页 > 其他可运输货物，金属制品、机械和设备除外 > 其他化学制品；人造纤维 > 未另列明的化学制品 > 其他未另列明的化学制品,,1760,kgCO2e,5,2023,kg
制冷剂R-225cb逸散,Refrigerant R-225cb fugacity,35499X0262023A,首页 > 其他可运输货物，金属制品、机械和设备除外 > 其他化学制品；人造纤维 > 未另列明的化学制品 > 其他未另列明的化学制品,,127,kgCO2e,5,2023,kg
制冷剂R-227ea逸散,Refrigerant R-227ea fugacity,35499X0272023A,首页 > 其他可运输货物，金属制品、机械和设备除外 > 其他化学制品；人造纤维 > 未另列明的化学制品 > 其他未另列明的化学制品,,3350,kgCO2e,5,2023,kg
制冷剂R-22B1逸散,Refrigerant R-22B1 fugacity,35499X0282023A,首页 > 其他可运输货物，金属制品、机械和设备除外 > 其他化学制品；人造纤维 > 未另列明的化学制品 > 其他未另列明的化学制品,,376,kgCO2e,5,2023,kg
制冷剂R-23逸散,Refrigerant R-23 fugacity,35499X0292023A,首页 > 其他可运输货物，金属制品、机械和设备除外 > 其他化学制品；人造纤维 > 未另列明的化学制品 > 其他未另列明的化学制品,,12400,kgCO2e,5,2023,kg
制冷剂R-236fa逸散,Refrigerant R-236fa fugacity,35499X0302023A,首页 > 其他可运输货物，金属制品、机械和设备除外 > 其他化学制品；人造纤维 > 未另列明的化学制品 > 其他未另列明的化学制品,,8060,kgCO2e,5,2023,kg
制冷剂R-245ca逸散,Refrigerant R-245ca fugacity,35499X0312023A,首页 > 其他可运输货物，金属制品、机械和设备除外 > 其他化学制品；人造纤维 > 未另列明的化学制品 > 其他未另列明的化学制品,,716,kgCO2e,5,2023,kg
制冷剂R-32逸散,Refrigerant R-32 fugacity,35499X0322023A,首页 > 其他可运输货物，金属制品、机械和设备除外 > 其他化学制品；人造纤维 > 未另列明的化学制品 > 其他未另列明的化学制品,,677,kgCO2e,5,2023,kg
制冷剂R-401A逸散,Refrigerant R-401A fugacity,35499X0332023A,首页 > 其他可运输货物，金属制品、机械和设备除外 > 其他化学制品；人造纤维 > 未另列明的化学制品 > 其他未另列明的化学制品,,1129.92,kgCO2e,5,2023,kg
聚氯乙烯,Polyvinyl chloride,35499X0342011A,首页 > 其他可运输货物，金属制品、机械和设备除外 > 其他化学制品；人造纤维 > 未另列明的化学制品 > 其他未另列明的化学制品,,1.765,kgCO2e,4,2011,kg
生物质制备航空煤油-气化FT合成加氢裂化-供热方案,Bio-FTJ - Heating,35499X0072018A,首页 > 其他可运输货物，金属制品、机械和设备除外 > 其他化学制品；人造纤维 > 未另列明的化学制品 > 其他未另列明的化学制品,,1939.47,kgCO2e,4,2018,公吨
生物质制备航空煤油-气化FT合成加氢裂化-供电方案,Bio-FTJ - Electric power,35499X0082018A,首页 > 其他可运输货物，金属制品、机械和设备除外 > 其他化学制品；人造纤维 > 未另列明的化学制品 > 其他未另列明的化学制品,,1059.06,kgCO2e,4,2018,公吨
生物油催化裂解-烯烃齐聚制航空煤油,Bio-PYJ,35499X0092018A,首页 > 其他可运输货物，金属制品、机械和设备除外 > 其他化学制品；人造纤维 > 未另列明的化学制品 > 其他未另列明的化学制品,,2015.69,kgCO2e,4,2018,公吨
脱醇型有机硅胶粘剂,Dealcoholized silicone adhesive,35499X0672021C,首页 > 其他可运输货物，金属制品、机械和设备除外 > 其他化学制品；人造纤维 > 未另列明的化学制品 > 其他未另列明的化学制品,,350.64,kgCO2e,5,2021,公吨
生物质航空煤油,Bio-FTJ ,35499X0682018C,首页 > 其他可运输货物，金属制品、机械和设备除外 > 其他化学制品；人造纤维 > 未另列明的化学制品 > 其他未另列明的化学制品,,2.066,tCO2e,5,2018,公吨
碳酸二甲酯,DMC,35499X0692016C,首页 > 其他可运输货物，金属制品、机械和设备除外 > 其他化学制品；人造纤维 > 未另列明的化学制品 > 其他未另列明的化学制品,,1.3,tCO2e,5,2016,公吨
制冷剂R50,Refrigerant R50,35499X0702023A,首页 > 其他可运输货物，金属制品、机械和设备除外 > 其他化学制品；人造纤维 > 未另列明的化学制品 > 其他未另列明的化学制品,,27.9,kgCO2e,5,2023,kg
制冷剂R744a,Refrigerant R744a,35499X0712023A,首页 > 其他可运输货物，金属制品、机械和设备除外 > 其他化学制品；人造纤维 > 未另列明的化学制品 > 其他未另列明的化学制品,,273,kgCO2e,5,2023,kg
制冷剂R30,Refrigerant R30,35499X0722023A,首页 > 其他可运输货物，金属制品、机械和设备除外 > 其他化学制品；人造纤维 > 未另列明的化学制品 > 其他未另列明的化学制品,,11.2,kgCO2e,5,2023,kg
制冷剂R40,Refrigerant R40,35499X0732023A,首页 > 其他可运输货物，金属制品、机械和设备除外 > 其他化学制品；人造纤维 > 未另列明的化学制品 > 其他未另列明的化学制品,,5.54,kgCO2e,5,2023,kg
制冷剂R41,Refrigerant R41,35499X0742023A,首页 > 其他可运输货物，金属制品、机械和设备除外 > 其他化学制品；人造纤维 > 未另列明的化学制品 > 其他未另列明的化学制品,,135,kgCO2e,5,2023,kg
制冷剂R32,Refrigerant R32,35499X0752023A,首页 > 其他可运输货物，金属制品、机械和设备除外 > 其他化学制品；人造纤维 > 未另列明的化学制品 > 其他未另列明的化学制品,,771,kgCO2e,5,2023,kg
制冷剂R401B,Refrigerant R401B,35499X0762023A,首页 > 其他可运输货物，金属制品、机械和设备除外 > 其他化学制品；人造纤维 > 未另列明的化学制品 > 其他未另列明的化学制品,,1380.8,kgCO2e,5,2023,kg
制冷剂R401A,Refrigerant R401A,35499X0772023A,首页 > 其他可运输货物，金属制品、机械和设备除外 > 其他化学制品；人造纤维 > 未另列明的化学制品 > 其他未另列明的化学制品,,1263.1,kgCO2e,5,2023,kg
制冷剂R400,Refrigerant R400,35499X0782023A,首页 > 其他可运输货物，金属制品、机械和设备除外 > 其他化学制品；人造纤维 > 未另列明的化学制品 > 其他未另列明的化学制品,,10492,kgCO2e,5,2023,kg
制冷剂,Refrigerant,35499X0792023A,首页 > 其他可运输货物，金属制品、机械和设备除外 > 其他化学制品；人造纤维 > 未另列明的化学制品 > 其他未另列明的化学制品,R401C逸散,981.84,kgCO2e,5,2023,kg
制冷剂,Refrigerant,35499X0802023A,首页 > 其他可运输货物，金属制品、机械和设备除外 > 其他化学制品；人造纤维 > 未另列明的化学制品 > 其他未另列明的化学制品,R404A逸散,4728,kgCO2e,5,2023,kg
制冷剂,Refrigerant,35499X0812023A,首页 > 其他可运输货物，金属制品、机械和设备除外 > 其他化学制品；人造纤维 > 未另列明的化学制品 > 其他未另列明的化学制品,R405A逸散,5312.63,kgCO2e,5,2023,kg
制冷剂,Refrigerant,35499X0822023A,首页 > 其他可运输货物，金属制品、机械和设备除外 > 其他化学制品；人造纤维 > 未另列明的化学制品 > 其他未另列明的化学制品,R407A逸散,2262.2,kgCO2e,5,2023,kg
制冷剂,Refrigerant,35499X0832023A,首页 > 其他可运输货物，金属制品、机械和设备除外 > 其他化学制品；人造纤维 > 未另列明的化学制品 > 其他未另列明的化学制品,R407B逸散,3001.1,kgCO2e,5,2023,kg
甲基丙烯酸甲酯,Methyl methacrylate（MMA）,35499X0992022B,首页 > 其他可运输货物，金属制品、机械和设备除外 > 其他化学制品；人造纤维 > 未另列明的化学制品 > 其他未另列明的化学制品,≥99.5%,5.41,kgCO2e,4,2022,kg
TG-DC-201聚氨酯结构胶组分B,TG-DC-201 polyurethane structural adhesive component B,35499X1002023B,首页 > 其他可运输货物，金属制品、机械和设备除外 > 其他化学制品；人造纤维 > 未另列明的化学制品 > 其他未另列明的化学制品,,5.21,kgCO2e,5,2023,kg
丙烯酸,Acrylic,35499X1012023A,首页 > 其他可运输货物，金属制品、机械和设备除外 > 其他化学制品；人造纤维 > 未另列明的化学制品 > 其他未另列明的化学制品,,2.7,kgCO2e,4,2023,kg
化石基聚丙烯酸,Fossil-based polyacrylic acid,35499X1022013A,首页 > 其他可运输货物，金属制品、机械和设备除外 > 其他化学制品；人造纤维 > 未另列明的化学制品 > 其他未另列明的化学制品,,2.74,kgCO2e,4,2013,kg
其他主要固体生物燃料,Other Major Solid Biofuels,35499X1032025C,首页 > 其他可运输货物，金属制品、机械和设备除外 > 其他化学制品；人造纤维 > 未另列明的化学制品 > 其他未另列明的化学制品,,1.16,tCO2e,5,2025,公吨
生物汽油,Bio-gasoline,35499X1042025C,首页 > 其他可运输货物，金属制品、机械和设备除外 > 其他化学制品；人造纤维 > 未另列明的化学制品 > 其他未另列明的化学制品,,1.91,tCO2e,5,2025,公吨
其他液体生物燃料,Other liquid biofuels,35499X1052025C,首页 > 其他可运输货物，金属制品、机械和设备除外 > 其他化学制品；人造纤维 > 未另列明的化学制品 > 其他未另列明的化学制品,,2.18,tCO2e,5,2025,公吨
玻璃胶,Silicone sealant,35499X1062025C,首页 > 其他可运输货物，金属制品、机械和设备除外 > 其他化学制品；人造纤维 > 未另列明的化学制品 > 其他未另列明的化学制品,,12.82,kgCO2e,5,2025,kg
气凝胶,Airgel,35420X0012021B,首页 > 其他可运输货物，金属制品、机械和设备除外 > 其他化学制品；人造纤维 > 未另列明的化学制品 > 动物胶、明胶、胨及其衍生物，以及有关制品；酪朊酸盐及其他酪朊衍生物；清蛋白盐及其他清蛋白衍生物,,1.55,kgCO2e,3,2021,kg
多晶硅-光伏系统,Polycrystalline silicon-Photovoltaic system,35470X0022009A,首页 > 其他可运输货物，金属制品、机械和设备除外 > 其他化学制品；人造纤维 > 未另列明的化学制品 > 掺杂用于电子学的化学元素及化学化合物,,2688.78,tCO2e,4,2009,兆瓦
多晶硅-光伏系统,Polycrystalline silicon-Photovoltaic system,35470X0032009A,首页 > 其他可运输货物，金属制品、机械和设备除外 > 其他化学制品；人造纤维 > 未另列明的化学制品 > 掺杂用于电子学的化学元素及化学化合物,,3054.6,tCO2e,4,2009,兆瓦
多晶硅-光伏系统,Polycrystalline silicon-Photovoltaic system,35470X0042010A,首页 > 其他可运输货物，金属制品、机械和设备除外 > 其他化学制品；人造纤维 > 未另列明的化学制品 > 掺杂用于电子学的化学元素及化学化合物,,1.24,tCO2e,5,2010,Wp
多晶硅-光伏系统,Polycrystalline silicon-Photovoltaic system,35470X0052012A,首页 > 其他可运输货物，金属制品、机械和设备除外 > 其他化学制品；人造纤维 > 未另列明的化学制品 > 掺杂用于电子学的化学元素及化学化合物,,0.0509,kgCO2e,3,2012,千瓦时
多晶硅-光伏系统,Polycrystalline silicon-Photovoltaic system,35470X0062011A,首页 > 其他可运输货物，金属制品、机械和设备除外 > 其他化学制品；人造纤维 > 未另列明的化学制品 > 掺杂用于电子学的化学元素及化学化合物,,1793.46865,tCO2e,5,2011,兆瓦
多晶硅-光伏系统,Polycrystalline silicon-Photovoltaic system,35470X0012016A,首页 > 其他可运输货物，金属制品、机械和设备除外 > 其他化学制品；人造纤维 > 未另列明的化学制品 > 掺杂用于电子学的化学元素及化学化合物,,2223.29,kgCO2e,4,2016,峰值千瓦
多晶硅-光伏系统,Polycrystalline silicon-Photovoltaic system,35470X0072017A,首页 > 其他可运输货物，金属制品、机械和设备除外 > 其他化学制品；人造纤维 > 未另列明的化学制品 > 掺杂用于电子学的化学元素及化学化合物,,966.56,kgCO2e,4,2017,峰值千瓦
多晶硅-光伏系统,Polycrystalline silicon-Photovoltaic system,35470X0082012A,首页 > 其他可运输货物，金属制品、机械和设备除外 > 其他化学制品；人造纤维 > 未另列明的化学制品 > 掺杂用于电子学的化学元素及化学化合物,,2228,kgCO2e,4,2012,峰值千瓦
多晶硅-光伏系统,Polycrystalline silicon-Photovoltaic system,35470X0092012A,首页 > 其他可运输货物，金属制品、机械和设备除外 > 其他化学制品；人造纤维 > 未另列明的化学制品 > 掺杂用于电子学的化学元素及化学化合物,,2912,kgCO2e,4,2012,峰值千瓦
多晶硅-光伏系统,Polycrystalline silicon-Photovoltaic system,35470X0102012A,首页 > 其他可运输货物，金属制品、机械和设备除外 > 其他化学制品；人造纤维 > 未另列明的化学制品 > 掺杂用于电子学的化学元素及化学化合物,,2204,kgCO2e,4,2012,峰值千瓦
多晶硅-光伏系统,Polycrystalline silicon-Photovoltaic system,35470X0112013A,首页 > 其他可运输货物，金属制品、机械和设备除外 > 其他化学制品；人造纤维 > 未另列明的化学制品 > 掺杂用于电子学的化学元素及化学化合物,,0.06013,kgCO2e,3,2013,千瓦时
多晶硅-光伏系统,Polycrystalline silicon-Photovoltaic system,35470X0122013A,首页 > 其他可运输货物，金属制品、机械和设备除外 > 其他化学制品；人造纤维 > 未另列明的化学制品 > 掺杂用于电子学的化学元素及化学化合物,,0.081,kgCO2e,4,2013,千瓦时
多晶硅-光伏系统,Polysilicon-photovoltaic system,35470X0142010A,首页 > 其他可运输货物，金属制品、机械和设备除外 > 其他化学制品；人造纤维 > 未另列明的化学制品 > 掺杂用于电子学的化学元素及化学化合物,280MW 多晶硅-光伏系统产业链,2010,tCO2e,4,2010,兆瓦
玉米燃料乙醇,corn-based ethanol,35491X0012019A,首页 > 其他可运输货物，金属制品、机械和设备除外 > 其他化学制品；人造纤维 > 未另列明的化学制品 > 生物柴油,玉米燃料乙醇,4.2007,tCO2e,5,2019,公吨
大豆生物柴油,Soybean biodiesel,35491X0022009A,首页 > 其他可运输货物，金属制品、机械和设备除外 > 其他化学制品；人造纤维 > 未另列明的化学制品 > 生物柴油,生物质能,4.17,tCO2e,4,2009,公吨
油菜籽生物柴油,Rapeseed biodiesel,35491X0032009A,首页 > 其他可运输货物，金属制品、机械和设备除外 > 其他化学制品；人造纤维 > 未另列明的化学制品 > 生物柴油,生物质能,3.074,tCO2e,4,2009,公吨
藻类生物柴油,algae biodiesel,35491X0142010A,首页 > 其他可运输货物，金属制品、机械和设备除外 > 其他化学制品；人造纤维 > 未另列明的化学制品 > 生物柴油,,-0.0209,kgCO2e,4,2010,"24 公斤（1,000 MJ）"
藻类生物柴油,algae biodiesel,35491X0042010A,首页 > 其他可运输货物，金属制品、机械和设备除外 > 其他化学制品；人造纤维 > 未另列明的化学制品 > 生物柴油,,-0.8688,kgCO2e,4,2010,"24 公斤（1,000 MJ）"
藻类生物柴油,algae biodiesel,35491X0182010A,首页 > 其他可运输货物，金属制品、机械和设备除外 > 其他化学制品；人造纤维 > 未另列明的化学制品 > 生物柴油,,0.1358,kgCO2e,4,2010,"24 公斤（1,000 MJ）"
藻类生物柴油,algae biodiesel,35491X0052010A,首页 > 其他可运输货物，金属制品、机械和设备除外 > 其他化学制品；人造纤维 > 未另列明的化学制品 > 生物柴油,,5.6567,kgCO2e,4,2010,"24 公斤（1,000 MJ）"
麻疯树生物柴油,Jatropha biodiesel,35491X0062022A,首页 > 其他可运输货物，金属制品、机械和设备除外 > 其他化学制品；人造纤维 > 未另列明的化学制品 > 生物柴油,,1184.52,kgCO2e,5,2022,公吨
废食用油,Waste cooking oil,35491X0072021A,首页 > 其他可运输货物，金属制品、机械和设备除外 > 其他化学制品；人造纤维 > 未另列明的化学制品 > 生物柴油,由废食用油加工的生物柴油,1382.82,kgCO2e,5,2021,公吨
生物柴油-菜籽油,Rapeseed biodiesel,35491X0222011A,首页 > 其他可运输货物，金属制品、机械和设备除外 > 其他化学制品；人造纤维 > 未另列明的化学制品 > 生物柴油,,-168513.52,kgCO2e,4,2011,公吨
菜籽生物柴油,Rapeseed biodiesel,35491X0082011A,首页 > 其他可运输货物，金属制品、机械和设备除外 > 其他化学制品；人造纤维 > 未另列明的化学制品 > 生物柴油,,-168513.52,kgCO2e,5,2011,公吨
生物柴油-大豆,Soybean biodiesel,35491X0232020A,首页 > 其他可运输货物，金属制品、机械和设备除外 > 其他化学制品；人造纤维 > 未另列明的化学制品 > 生物柴油,,2411.29,kgCO2e,4,2020,公吨
大豆生物柴油,Soybean biodiesel,35491X0092020A,首页 > 其他可运输货物，金属制品、机械和设备除外 > 其他化学制品；人造纤维 > 未另列明的化学制品 > 生物柴油,,5195.29,kgCO2e,5,2020,公吨
生物柴油-棉籽油,Cotton seed biodiesel,35491X0262016A,首页 > 其他可运输货物，金属制品、机械和设备除外 > 其他化学制品；人造纤维 > 未另列明的化学制品 > 生物柴油,,1475,kgCO2e,4,2016,公吨
棉籽生物油,Cottonseed biodiesel,35491X0102016A,首页 > 其他可运输货物，金属制品、机械和设备除外 > 其他化学制品；人造纤维 > 未另列明的化学制品 > 生物柴油,,1475,kgCO2e,5,2016,公吨
生物柴油-废枇杷籽油,Biodiesel from waste loquat seed oil,35491X0272021A,首页 > 其他可运输货物，金属制品、机械和设备除外 > 其他化学制品；人造纤维 > 未另列明的化学制品 > 生物柴油,,1128.585,kgCO2e,5,2021,公吨
废枇杷籽油,waste loquat seed oil,35491X0112021A,首页 > 其他可运输货物，金属制品、机械和设备除外 > 其他化学制品；人造纤维 > 未另列明的化学制品 > 生物柴油,,1128.585,kgCO2e,5,2021,公吨
生物柴油-麻疯树,Biodiesel - Jatropha curcas,35491X0122009A,首页 > 其他可运输货物，金属制品、机械和设备除外 > 其他化学制品；人造纤维 > 未另列明的化学制品 > 生物柴油,,51.971,gCO2e,4,2009,MJ
生物柴油,Biodiesel,35491X0272025C,首页 > 其他可运输货物，金属制品、机械和设备除外 > 其他化学制品；人造纤维 > 未另列明的化学制品 > 生物柴油,,1.91,tCO2e,5,2025,公吨
RECOFFEE护发油,RECOFFEE Hair Oil,35410X0022021A,首页 > 其他可运输货物，金属制品、机械和设备除外 > 其他化学制品；人造纤维 > 未另列明的化学制品 > 香精油和浓缩油及其水馏出物和水溶液；香树脂，香精油脱萜的萜稀副产品；用于工业原料的香体物质混合物,100ml,0.75,kgCO2e,4,2021,瓶
山茶花菁萃油,Camellia Extract Oil,35410X0062021A,首页 > 其他可运输货物，金属制品、机械和设备除外 > 其他化学制品；人造纤维 > 未另列明的化学制品 > 香精油和浓缩油及其水馏出物和水溶液；香树脂，香精油脱萜的萜稀副产品；用于工业原料的香体物质混合物,,0.65,kgCO2e,4,2021,瓶
水性涂料,water based paint,35110X0042014A,首页 > 其他可运输货物，金属制品、机械和设备除外 > 其他化学制品；人造纤维 > 涂料和清漆及有关制品；供艺术家用的色料，墨水 > 涂料和清漆和相关产品,,1.19972,kgCO2e,4,2014,kg
质感漆,Texture Paint,35110X0022016A,首页 > 其他可运输货物，金属制品、机械和设备除外 > 其他化学制品；人造纤维 > 涂料和清漆及有关制品；供艺术家用的色料，墨水 > 涂料和清漆和相关产品,,328.84,kgCO2e,5,2016,公吨
沥青基防水卷材；高分子防水卷材；防水涂料,Bitumen-based waterproofing membrane; polymer waterproofing membrane; waterproof coating,35110X0412021B,首页 > 其他可运输货物，金属制品、机械和设备除外 > 其他化学制品；人造纤维 > 涂料和清漆及有关制品；供艺术家用的色料，墨水 > 涂料和清漆和相关产品,,0.769,kgCO2e,3,2021,平方米
墙面涂料,Wall paint,35110X0042021B,首页 > 其他可运输货物，金属制品、机械和设备除外 > 其他化学制品；人造纤维 > 涂料和清漆及有关制品；供艺术家用的色料，墨水 > 涂料和清漆和相关产品,,2560,kgCO2e,3,2021,公吨
防水涂料,Waterproof coating,35110X0072022B,首页 > 其他可运输货物，金属制品、机械和设备除外 > 其他化学制品；人造纤维 > 涂料和清漆及有关制品；供艺术家用的色料，墨水 > 涂料和清漆和相关产品,,5.62,kgCO2e,3,2022,平方米
防水涂料,Waterproof coating,35110X0062022B,首页 > 其他可运输货物，金属制品、机械和设备除外 > 其他化学制品；人造纤维 > 涂料和清漆及有关制品；供艺术家用的色料，墨水 > 涂料和清漆和相关产品,,1410,kgCO2e,3,2022,公吨
水性建筑涂料,Waterborne architectural coatings,35110X0082021B,首页 > 其他可运输货物，金属制品、机械和设备除外 > 其他化学制品；人造纤维 > 涂料和清漆及有关制品；供艺术家用的色料，墨水 > 涂料和清漆和相关产品,,171,kgCO2e,5,2021,公吨
水性建筑涂料,Waterborne architectural coatings,35110X0382021B,首页 > 其他可运输货物，金属制品、机械和设备除外 > 其他化学制品；人造纤维 > 涂料和清漆及有关制品；供艺术家用的色料，墨水 > 涂料和清漆和相关产品,,163,kgCO2e,3,2021,公吨
水性防水涂料,Waterborne waterproof coating,35110X0372021B,首页 > 其他可运输货物，金属制品、机械和设备除外 > 其他化学制品；人造纤维 > 涂料和清漆及有关制品；供艺术家用的色料，墨水 > 涂料和清漆和相关产品,,427,kgCO2e,3,2021,公吨
水性建筑涂料,Waterborne architectural coatings,35110X0262021B,首页 > 其他可运输货物，金属制品、机械和设备除外 > 其他化学制品；人造纤维 > 涂料和清漆及有关制品；供艺术家用的色料，墨水 > 涂料和清漆和相关产品,,138,kgCO2e,3,2021,公吨
水性防水涂料,Waterborne waterproof coating,35110X0252021B,首页 > 其他可运输货物，金属制品、机械和设备除外 > 其他化学制品；人造纤维 > 涂料和清漆及有关制品；供艺术家用的色料，墨水 > 涂料和清漆和相关产品,,404,kgCO2e,3,2021,公吨
水性建筑涂料,Waterborne architectural coatings,35110X0242021B,首页 > 其他可运输货物，金属制品、机械和设备除外 > 其他化学制品；人造纤维 > 涂料和清漆及有关制品；供艺术家用的色料，墨水 > 涂料和清漆和相关产品,,119,kgCO2e,3,2021,公吨
水性防水涂料,Waterborne waterproof coating,35110X0232021B,首页 > 其他可运输货物，金属制品、机械和设备除外 > 其他化学制品；人造纤维 > 涂料和清漆及有关制品；供艺术家用的色料，墨水 > 涂料和清漆和相关产品,,495,kgCO2e,3,2021,公吨
水性建筑涂料,Waterborne architectural coatings,35110X0332021B,首页 > 其他可运输货物，金属制品、机械和设备除外 > 其他化学制品；人造纤维 > 涂料和清漆及有关制品；供艺术家用的色料，墨水 > 涂料和清漆和相关产品,,131,kgCO2e,3,2021,公吨
水性防水涂料,Waterborne waterproof coating,35110X0342021B,首页 > 其他可运输货物，金属制品、机械和设备除外 > 其他化学制品；人造纤维 > 涂料和清漆及有关制品；供艺术家用的色料，墨水 > 涂料和清漆和相关产品,,430,kgCO2e,3,2021,公吨
水性建筑涂料,Waterborne architectural coatings,35110X0292021B,首页 > 其他可运输货物，金属制品、机械和设备除外 > 其他化学制品；人造纤维 > 涂料和清漆及有关制品；供艺术家用的色料，墨水 > 涂料和清漆和相关产品,,167,kgCO2e,3,2021,公吨
水性防水涂料,Waterborne waterproof coating,35110X0322021B,首页 > 其他可运输货物，金属制品、机械和设备除外 > 其他化学制品；人造纤维 > 涂料和清漆及有关制品；供艺术家用的色料，墨水 > 涂料和清漆和相关产品,,430,kgCO2e,3,2021,公吨
高固含量型防水涂料,High solid content type waterproof coating,35110X0272022B,首页 > 其他可运输货物，金属制品、机械和设备除外 > 其他化学制品；人造纤维 > 涂料和清漆及有关制品；供艺术家用的色料，墨水 > 涂料和清漆和相关产品,,1460,kgCO2e,3,2022,公吨
水性防水涂料,Waterborne waterproof coating,35110X0402021B,首页 > 其他可运输货物，金属制品、机械和设备除外 > 其他化学制品；人造纤维 > 涂料和清漆及有关制品；供艺术家用的色料，墨水 > 涂料和清漆和相关产品,,390,kgCO2e,3,2021,公吨
水性建筑涂料,Waterborne architectural coatings,35110X0392021B,首页 > 其他可运输货物，金属制品、机械和设备除外 > 其他化学制品；人造纤维 > 涂料和清漆及有关制品；供艺术家用的色料，墨水 > 涂料和清漆和相关产品,,131,kgCO2e,3,2021,公吨
烤漆活动（已考虑上游排放）,Painting activities (upstream emissions considered),35110X0422018A,首页 > 其他可运输货物，金属制品、机械和设备除外 > 其他化学制品；人造纤维 > 涂料和清漆及有关制品；供艺术家用的色料，墨水 > 涂料和清漆和相关产品,,7.7475,kgCO2e,4,2018,平方米
内墙艺术漆（雅晶石粗砂/雅晶石细砂/膏状微水泥/膏状玛曼驽）,Interior Wall Art Paint (Crystal Stone Coarse Sand / Crystal Stone Fine Sand / Paste Microcement / Paste Marble),35110X0432024B,首页 > 其他可运输货物，金属制品、机械和设备除外 > 其他化学制品；人造纤维 > 涂料和清漆及有关制品；供艺术家用的色料，墨水 > 涂料和清漆和相关产品,雅晶石粗砂/雅晶石细砂/膏状微水泥/膏状玛曼驽,1.398,kgCO2e,5,2024,kg
外墙仿石漆（曼彩石 U+/砾彩漆/曼彩石/丽晶石）,Exterior Stone-Effect Paint (Color Stone U+/Gravel Color Paint/Color Stone/Crystal Stone),35110X0442024B,首页 > 其他可运输货物，金属制品、机械和设备除外 > 其他化学制品；人造纤维 > 涂料和清漆及有关制品；供艺术家用的色料，墨水 > 涂料和清漆和相关产品,曼彩石 U+/砾彩漆/曼彩石/丽晶石,0.934,kgCO2e,5,2024,kg
聚合物防水涂料,Polymer Waterproofing Coatings,35110X0452025C,首页 > 其他可运输货物，金属制品、机械和设备除外 > 其他化学制品；人造纤维 > 涂料和清漆及有关制品；供艺术家用的色料，墨水 > 涂料和清漆和相关产品,,1276,kgCO2e,5,2025,公吨
内墙乳胶漆,Interior latex paint,35110X0462025C,首页 > 其他可运输货物，金属制品、机械和设备除外 > 其他化学制品；人造纤维 > 涂料和清漆及有关制品；供艺术家用的色料，墨水 > 涂料和清漆和相关产品,,1445,kgCO2e,5,2025,公吨
内墙无机涂料,Interior inorganic paint,35110X0472025C,首页 > 其他可运输货物，金属制品、机械和设备除外 > 其他化学制品；人造纤维 > 涂料和清漆及有关制品；供艺术家用的色料，墨水 > 涂料和清漆和相关产品,,687.6,kgCO2e,5,2025,公吨
油漆涂料（平均）,Paints and coatings (average),35110X0482026C,首页 > 其他可运输货物，金属制品、机械和设备除外 > 其他化学制品；人造纤维 > 涂料和清漆及有关制品；供艺术家用的色料，墨水 > 涂料和清漆和相关产品,,3297.3,kgCO2e,5,2026,公吨
合成树脂乳液外墙涂料,Synthetic resin emulsion exterior paint,35110X0492025C,首页 > 其他可运输货物，金属制品、机械和设备除外 > 其他化学制品；人造纤维 > 涂料和清漆及有关制品；供艺术家用的色料，墨水 > 涂料和清漆和相关产品,,2024.94,kgCO2e,5,2025,公吨
合成树脂乳液砂壁状外墙涂料,Synthetic resin emulsion textured exterior paint,35110X0502025C,首页 > 其他可运输货物，金属制品、机械和设备除外 > 其他化学制品；人造纤维 > 涂料和清漆及有关制品；供艺术家用的色料，墨水 > 涂料和清漆和相关产品,,623,kgCO2e,5,2025,公吨
普通洗衣液（20%活性物）,Ordinary Laundry Detergent (20% actives),35322X0262021A,首页 > 其他可运输货物，金属制品、机械和设备除外 > 其他化学制品；人造纤维 > 肥皂、清洁用品、香水及盥洗用品 > 去垢剂及洗涤制品,蓝月亮普通洗衣液（20%活性物）,9.25,kgCO2e,5,2021,kg
浓缩洗涤液（47%活性物）,Concentrated washing liquid (47% actives),35322X0272021A,首页 > 其他可运输货物，金属制品、机械和设备除外 > 其他化学制品；人造纤维 > 肥皂、清洁用品、香水及盥洗用品 > 去垢剂及洗涤制品,蓝月亮浓缩洗衣液（47%活性物）,10.53,kgCO2e,5,2021,kg
洗涤液,Washing liquid,35322X0012021A,首页 > 其他可运输货物，金属制品、机械和设备除外 > 其他化学制品；人造纤维 > 肥皂、清洁用品、香水及盥洗用品 > 去垢剂及洗涤制品,,0.97,kgCO2e,3,2021,kg
500mL 无火香薰,500mL Flame-Free Aromatherapy Diffuser,35331X0012024B,首页 > 其他可运输货物，金属制品、机械和设备除外 > 其他化学制品；人造纤维 > 肥皂、清洁用品、香水及盥洗用品 > 房间加香或除臭用品,500ml,3.6013,kgCO2e,5,2024,套
阴离子表面活性剂,Anionic surfactants,35310X0012018A,首页 > 其他可运输货物，金属制品、机械和设备除外 > 其他化学制品；人造纤维 > 肥皂、清洁用品、香水及盥洗用品 > 有机表面活性剂，肥皂除外,三乙醇胺酯季铵盐（C16–C18 TEA-quat）,0.495,kgCO2e,3,2018,kg
 非离子表面活性剂 C12-C14 氧化胺, Non-ionic surfactant C12–C14 amine oxide,35310X0022018A,首页 > 其他可运输货物，金属制品、机械和设备除外 > 其他化学制品；人造纤维 > 肥皂、清洁用品、香水及盥洗用品 > 有机表面活性剂，肥皂除外, C12–C14 AO，CAS No.308062-28-4,2.745,kgCO2e,4,2018,kg
茶树洗发精,无,35321X0012019B,首页 > 其他可运输货物，金属制品、机械和设备除外 > 其他化学制品；人造纤维 > 肥皂、清洁用品、香水及盥洗用品 > 肥皂；做肥皂用的有机表面活性产品及制品；浸渍过、涂过或涂抹了肥皂或去垢剂的纸、填料、毛布和非纺织物,,0.0271,kgCO2e,3,2019,每7mL
枸杞丰盈洗发精,无,35321X0022019B,首页 > 其他可运输货物，金属制品、机械和设备除外 > 其他化学制品；人造纤维 > 肥皂、清洁用品、香水及盥洗用品 > 肥皂；做肥皂用的有机表面活性产品及制品；浸渍过、涂过或涂抹了肥皂或去垢剂的纸、填料、毛布和非纺织物,,0.0271,kgCO2e,4,2019,每7mL
咖啡因洗发精,无,35321X0032019B,首页 > 其他可运输货物，金属制品、机械和设备除外 > 其他化学制品；人造纤维 > 肥皂、清洁用品、香水及盥洗用品 > 肥皂；做肥皂用的有机表面活性产品及制品；浸渍过、涂过或涂抹了肥皂或去垢剂的纸、填料、毛布和非纺织物,,0.0271,kgCO2e,3,2019,每7mL
蒲公英儿童温和洗发精,无,35321X0042019B,首页 > 其他可运输货物，金属制品、机械和设备除外 > 其他化学制品；人造纤维 > 肥皂、清洁用品、香水及盥洗用品 > 肥皂；做肥皂用的有机表面活性产品及制品；浸渍过、涂过或涂抹了肥皂或去垢剂的纸、填料、毛布和非纺织物,,0.0271,kgCO2e,3,2019,每7mL
柠檬草植萃干洗发,无,35321X0052019B,首页 > 其他可运输货物，金属制品、机械和设备除外 > 其他化学制品；人造纤维 > 肥皂、清洁用品、香水及盥洗用品 > 肥皂；做肥皂用的有机表面活性产品及制品；浸渍过、涂过或涂抹了肥皂或去垢剂的纸、填料、毛布和非纺织物,,0.0029,kgCO2e,3,2019,每7mL
欧莱德修护洗发精（香柠草香）,无,35321X0062019B,首页 > 其他可运输货物，金属制品、机械和设备除外 > 其他化学制品；人造纤维 > 肥皂、清洁用品、香水及盥洗用品 > 肥皂；做肥皂用的有机表面活性产品及制品；浸渍过、涂过或涂抹了肥皂或去垢剂的纸、填料、毛布和非纺织物,,0.0271,kgCO2e,3,2019,每7mL
零度C沐浴乳,无,35321X0072019B,首页 > 其他可运输货物，金属制品、机械和设备除外 > 其他化学制品；人造纤维 > 肥皂、清洁用品、香水及盥洗用品 > 肥皂；做肥皂用的有机表面活性产品及制品；浸渍过、涂过或涂抹了肥皂或去垢剂的纸、填料、毛布和非纺织物,,0.0271,kgCO2e,3,2019,每7mL
蒲公英儿童温和沐浴乳,无,35321X0082019B,首页 > 其他可运输货物，金属制品、机械和设备除外 > 其他化学制品；人造纤维 > 肥皂、清洁用品、香水及盥洗用品 > 肥皂；做肥皂用的有机表面活性产品及制品；浸渍过、涂过或涂抹了肥皂或去垢剂的纸、填料、毛布和非纺织物,,0.0029,kgCO2e,3,2019,每7mL
香槟玫瑰护色护发素,无,35321X0092019B,首页 > 其他可运输货物，金属制品、机械和设备除外 > 其他化学制品；人造纤维 > 肥皂、清洁用品、香水及盥洗用品 > 肥皂；做肥皂用的有机表面活性产品及制品；浸渍过、涂过或涂抹了肥皂或去垢剂的纸、填料、毛布和非纺织物,,0.0029,kgCO2e,3,2019,每7mL
紫玫瑰护色护发素,无,35321X0102019B,首页 > 其他可运输货物，金属制品、机械和设备除外 > 其他化学制品；人造纤维 > 肥皂、清洁用品、香水及盥洗用品 > 肥皂；做肥皂用的有机表面活性产品及制品；浸渍过、涂过或涂抹了肥皂或去垢剂的纸、填料、毛布和非纺织物,,0.0029,kgCO2e,3,2019,每7mL
咖啡因护发素,无,35321X0112019B,首页 > 其他可运输货物，金属制品、机械和设备除外 > 其他化学制品；人造纤维 > 肥皂、清洁用品、香水及盥洗用品 > 肥皂；做肥皂用的有机表面活性产品及制品；浸渍过、涂过或涂抹了肥皂或去垢剂的纸、填料、毛布和非纺织物,,0.0029,kgCO2e,3,2019,每7mL
紫玫瑰油,无,35321X0122019B,首页 > 其他可运输货物，金属制品、机械和设备除外 > 其他化学制品；人造纤维 > 肥皂、清洁用品、香水及盥洗用品 > 肥皂；做肥皂用的有机表面活性产品及制品；浸渍过、涂过或涂抹了肥皂或去垢剂的纸、填料、毛布和非纺织物,,0.0043,kgCO2e,3,2019,每7mL
香槟玫瑰油,无,35321X0132019B,首页 > 其他可运输货物，金属制品、机械和设备除外 > 其他化学制品；人造纤维 > 肥皂、清洁用品、香水及盥洗用品 > 肥皂；做肥皂用的有机表面活性产品及制品；浸渍过、涂过或涂抹了肥皂或去垢剂的纸、填料、毛布和非纺织物,,0.0043,kgCO2e,3,2019,每7mL
轻盈发妆水,无,35321X0162019B,首页 > 其他可运输货物，金属制品、机械和设备除外 > 其他化学制品；人造纤维 > 肥皂、清洁用品、香水及盥洗用品 > 肥皂；做肥皂用的有机表面活性产品及制品；浸渍过、涂过或涂抹了肥皂或去垢剂的纸、填料、毛布和非纺织物,,0.0029,kgCO2e,3,2019,每7mL
优格发膜,无,35321X0172019B,首页 > 其他可运输货物，金属制品、机械和设备除外 > 其他化学制品；人造纤维 > 肥皂、清洁用品、香水及盥洗用品 > 肥皂；做肥皂用的有机表面活性产品及制品；浸渍过、涂过或涂抹了肥皂或去垢剂的纸、填料、毛布和非纺织物,,0.0043,kgCO2e,3,2019,每7mL
卷发造型膜,无,35321X0182019B,首页 > 其他可运输货物，金属制品、机械和设备除外 > 其他化学制品；人造纤维 > 肥皂、清洁用品、香水及盥洗用品 > 肥皂；做肥皂用的有机表面活性产品及制品；浸渍过、涂过或涂抹了肥皂或去垢剂的纸、填料、毛布和非纺织物,,0.0043,kgCO2e,3,2019,每7mL
欧莱德女用养发液,无,35321X0192019B,首页 > 其他可运输货物，金属制品、机械和设备除外 > 其他化学制品；人造纤维 > 肥皂、清洁用品、香水及盥洗用品 > 肥皂；做肥皂用的有机表面活性产品及制品；浸渍过、涂过或涂抹了肥皂或去垢剂的纸、填料、毛布和非纺织物,,0.0086,kgCO2e,3,2019,每7mL
欧莱德男用养发液,无,35321X0202019B,首页 > 其他可运输货物，金属制品、机械和设备除外 > 其他化学制品；人造纤维 > 肥皂、清洁用品、香水及盥洗用品 > 肥皂；做肥皂用的有机表面活性产品及制品；浸渍过、涂过或涂抹了肥皂或去垢剂的纸、填料、毛布和非纺织物,,0.01,kgCO2e,3,2019,每7mL
咖啡因养发液,无,35321X0212019B,首页 > 其他可运输货物，金属制品、机械和设备除外 > 其他化学制品；人造纤维 > 肥皂、清洁用品、香水及盥洗用品 > 肥皂；做肥皂用的有机表面活性产品及制品；浸渍过、涂过或涂抹了肥皂或去垢剂的纸、填料、毛布和非纺织物,,0.0086,kgCO2e,3,2019,每7mL
竹萃极致保湿护发包,无,35321X0222019B,首页 > 其他可运输货物，金属制品、机械和设备除外 > 其他化学制品；人造纤维 > 肥皂、清洁用品、香水及盥洗用品 > 肥皂；做肥皂用的有机表面活性产品及制品；浸渍过、涂过或涂抹了肥皂或去垢剂的纸、填料、毛布和非纺织物,,0.0286,kgCO2e,3,2019,每7mL
竹萃头皮油脂调理精华,无,35321X0232019B,首页 > 其他可运输货物，金属制品、机械和设备除外 > 其他化学制品；人造纤维 > 肥皂、清洁用品、香水及盥洗用品 > 肥皂；做肥皂用的有机表面活性产品及制品；浸渍过、涂过或涂抹了肥皂或去垢剂的纸、填料、毛布和非纺织物,,0.0286,kgCO2e,3,2019,每7mL
竹萃头皮滋养冻膜,无,35321X0242019B,首页 > 其他可运输货物，金属制品、机械和设备除外 > 其他化学制品；人造纤维 > 肥皂、清洁用品、香水及盥洗用品 > 肥皂；做肥皂用的有机表面活性产品及制品；浸渍过、涂过或涂抹了肥皂或去垢剂的纸、填料、毛布和非纺织物,,0.0286,kgCO2e,3,2019,每7mL
檸檬草按摩油,无,35321X0252019B,首页 > 其他可运输货物，金属制品、机械和设备除外 > 其他化学制品；人造纤维 > 肥皂、清洁用品、香水及盥洗用品 > 肥皂；做肥皂用的有机表面活性产品及制品；浸渍过、涂过或涂抹了肥皂或去垢剂的纸、填料、毛布和非纺织物,,0.0043,kgCO2e,3,2019,每7mL
枸杞赋活水凝萃化妆水,无,35321X0262019B,首页 > 其他可运输货物，金属制品、机械和设备除外 > 其他化学制品；人造纤维 > 肥皂、清洁用品、香水及盥洗用品 > 肥皂；做肥皂用的有机表面活性产品及制品；浸渍过、涂过或涂抹了肥皂或去垢剂的纸、填料、毛布和非纺织物,,0.005,kgCO2e,3,2019,每2mL
枸杞晶透活颜菁露,无,35321X0272019B,首页 > 其他可运输货物，金属制品、机械和设备除外 > 其他化学制品；人造纤维 > 肥皂、清洁用品、香水及盥洗用品 > 肥皂；做肥皂用的有机表面活性产品及制品；浸渍过、涂过或涂抹了肥皂或去垢剂的纸、填料、毛布和非纺织物,,0.02,kgCO2e,4,2019,每2mL
枸杞平衡净颜露,无,35321X0282019B,首页 > 其他可运输货物，金属制品、机械和设备除外 > 其他化学制品；人造纤维 > 肥皂、清洁用品、香水及盥洗用品 > 肥皂；做肥皂用的有机表面活性产品及制品；浸渍过、涂过或涂抹了肥皂或去垢剂的纸、填料、毛布和非纺织物,,0.005,kgCO2e,3,2019,每2mL
绿茶洗发精,无,35323X0012019B,首页 > 其他可运输货物，金属制品、机械和设备除外 > 其他化学制品；人造纤维 > 肥皂、清洁用品、香水及盥洗用品 > 香水及盥洗用品,,0.0271,kgCO2e,3,2019,每7mL
LV5011（100ml）香水礼盒,LV5011 (100ml) Perfume Gift Set,35323X1262024B,首页 > 其他可运输货物，金属制品、机械和设备除外 > 其他化学制品；人造纤维 > 肥皂、清洁用品、香水及盥洗用品 > 香水及盥洗用品,100ml,0.68,kgCO2e,5,2024,个
一次性外科口罩,Disposable surgical masks,35290X0032022A,首页 > 其他可运输货物，金属制品、机械和设备除外 > 其他化学制品；人造纤维 > 药品 > 其他医疗用品和内、外科用的制品,,0.0514,kgCO2e,4,2022,3000只
可重复使用的布口罩,Reusabke cotton mask,35290X0052022A,首页 > 其他可运输货物，金属制品、机械和设备除外 > 其他化学制品；人造纤维 > 药品 > 其他医疗用品和内、外科用的制品,,0.571,kgCO2e,4,2022,500只
可重复利用棉口罩,Reusable cotton mask,35290X0082022C,首页 > 其他可运输货物，金属制品、机械和设备除外 > 其他化学制品；人造纤维 > 药品 > 其他医疗用品和内、外科用的制品,,2.85485,kgCO2e,5,2022,FU(100个人在一个月内使用的口罩）
一次性医用口罩,disposable medical masks,35290X0072022C,首页 > 其他可运输货物，金属制品、机械和设备除外 > 其他化学制品；人造纤维 > 药品 > 其他医疗用品和内、外科用的制品,,1.28926,kgCO2e,5,2022,FU(100个人在一个月内使用的口罩）
一次性医用外科口罩,disposable surgical masks,35290X0062022C,首页 > 其他可运输货物，金属制品、机械和设备除外 > 其他化学制品；人造纤维 > 药品 > 其他医疗用品和内、外科用的制品,,1.54328,kgCO2e,5,2022,FU(100个人在一个月内使用的口罩）
一次性KN95口罩,disposable KN95 mask,35290X0092022C,首页 > 其他可运输货物，金属制品、机械和设备除外 > 其他化学制品；人造纤维 > 药品 > 其他医疗用品和内、外科用的制品,,6.4125,kgCO2e,5,2022,FU(100个人在一个月内使用的口罩）
手术衣,Surgical gown,35290X0102023B,首页 > 其他可运输货物，金属制品、机械和设备除外 > 其他化学制品；人造纤维 > 药品 > 其他医疗用品和内、外科用的制品,标准型，XL号，EO灭菌，含包布擦手纸,0.68,kgCO2e,4,2023,件
清解退热颗粒,antipyretic granules,35260X0012020B,首页 > 其他可运输货物，金属制品、机械和设备除外 > 其他化学制品；人造纤维 > 药品 > 用于治疗或预防的药物,5g/袋*12袋*150盒,137.05,kgCO2e,4,2020,件
粉尘螨滴剂,Dermatophagoides farinae drops,35260X0042022C,首页 > 其他可运输货物，金属制品、机械和设备除外 > 其他化学制品；人造纤维 > 药品 > 用于治疗或预防的药物,,0.345,kgCO2e,5,2022,瓶
PETG 功能性聚酯切片,PETG functional polyester slice,34800X0012021B,首页 > 其他可运输货物，金属制品、机械和设备除外 > 基础化学品 > 从油类中衍生出来的合成橡胶及油胶，以及其与天然橡胶和类似天然树胶的混炼胶，成原状或板状、片状或条状 > 从油类中衍生出来的合成橡胶及油胶，以及其与天然橡胶和类似天然树胶的混炼胶，成原状或板状、片状或条状,PETG 功能性聚酯切片,2.52,tCO2e,5,2021,公吨
塑料-PP,plastic-PP,34730B0012022A,首页 > 其他可运输货物，金属制品、机械和设备除外 > 基础化学品 > 原状塑料 > 其他原状卤化烯族烃聚合物,,3.43,kgCO2e,4,2022,kg
一般刚性塑料,Average plastic rigid,34730B0022021A,首页 > 其他可运输货物，金属制品、机械和设备除外 > 基础化学品 > 原状塑料 > 其他原状卤化烯族烃聚合物,,3.28,kgCO2e,4,2021,kg
聚对苯二甲酸乙二醇酯-PET,Polyethylene Terephthalate,34730B0032021A,首页 > 其他可运输货物，金属制品、机械和设备除外 > 基础化学品 > 原状塑料 > 其他原状卤化烯族烃聚合物,,4.03,kgCO2e,4,2021,kg
聚丙烯-PP,Polypropylene,34730B0042021A,首页 > 其他可运输货物，金属制品、机械和设备除外 > 基础化学品 > 原状塑料 > 其他原状卤化烯族烃聚合物,,3.1,kgCO2e,4,2021,kg
塑料,plastic,34790A0042015A,首页 > 其他可运输货物，金属制品、机械和设备除外 > 基础化学品 > 原状塑料 > 其他原状塑料,,4.177,kgCO2e,4,2015,吨
丙烯腈-苯乙烯-丁二烯共聚物,acrylonitrile butadiene styrene (ABS),34790A0012005A,首页 > 其他可运输货物，金属制品、机械和设备除外 > 基础化学品 > 原状塑料 > 其他原状塑料,,16600.57,kgCO2e,5,2005,公吨
聚丙烯,PP,34790A0022020A,首页 > 其他可运输货物，金属制品、机械和设备除外 > 基础化学品 > 原状塑料 > 其他原状塑料,,4.72,kgCO2e,4,2020,kg
聚碳酸亚丙酯,poly propylene,34790A0012010A,首页 > 其他可运输货物，金属制品、机械和设备除外 > 基础化学品 > 原状塑料 > 其他原状塑料,,4.521,tCO2e,4,2010,公吨
茶原聚合环保减塑粒料,Tea-Based Polymer Eco-Friendly Plastic Reduction Pellets,34790A0052024B,首页 > 其他可运输货物，金属制品、机械和设备除外 > 基础化学品 > 原状塑料 > 其他原状塑料,,4.5042,kgCO2e,5,2024,kg
塑料粒子,Plastic pellets,34790A0062023B,首页 > 其他可运输货物，金属制品、机械和设备除外 > 基础化学品 > 原状塑料 > 其他原状塑料,PP-H1333 RMO,1.85,kgCO2e,4,2023,kg
聚酯树脂,polyester resin,34740G0012019A,首页 > 其他可运输货物，金属制品、机械和设备除外 > 基础化学品 > 原状塑料 > 其他原状聚脂,,74.27884,kgCO2e,4,2019,kg
聚丙烯,polypropylene,34740G0022002A,首页 > 其他可运输货物，金属制品、机械和设备除外 > 基础化学品 > 原状塑料 > 其他原状聚脂,,5.98,tCO2e,5,2002,公吨
加氢石油树脂,Hydrogenated petroleum resins,34740G0112023B,首页 > 其他可运输货物，金属制品、机械和设备除外 > 基础化学品 > 原状塑料 > 其他原状聚脂,Luhorez HD 1120,2.24,kgCO2e,5,2023,kg
PBT（聚对苯二甲酸丁二酯）,Polybutylene Terephthalate,34740G0122020A,首页 > 其他可运输货物，金属制品、机械和设备除外 > 基础化学品 > 原状塑料 > 其他原状聚脂,,6.2,kgCO2e,4,2020,kg
ABS树脂,ABS resins,34740G0132022A,首页 > 其他可运输货物，金属制品、机械和设备除外 > 基础化学品 > 原状塑料 > 其他原状聚脂,,2.879,kgCO2e,3,2022,kg
低密度聚乙烯,LDPE,34710X0012020A,首页 > 其他可运输货物，金属制品、机械和设备除外 > 基础化学品 > 原状塑料 > 原状乙稀聚合物,,2.49,kgCO2e,4,2020,kg
高密度聚乙烯,HDPE,34710X0022020A,首页 > 其他可运输货物，金属制品、机械和设备除外 > 基础化学品 > 原状塑料 > 原状乙稀聚合物,,4.73,kgCO2e,4,2020,kg
聚乙烯,polyethylene,34710X0012008A,首页 > 其他可运输货物，金属制品、机械和设备除外 > 基础化学品 > 原状塑料 > 原状乙稀聚合物,,0.57,tCO2e,5,2008,公吨
塑料-PE,plastic-PE,34710X0032022A,首页 > 其他可运输货物，金属制品、机械和设备除外 > 基础化学品 > 原状塑料 > 原状乙稀聚合物,,4.72,kgCO2e,4,2022,kg
高密度聚乙烯,"HDPE, High Density Poly Ethylene",34710X0042021A,首页 > 其他可运输货物，金属制品、机械和设备除外 > 基础化学品 > 原状塑料 > 原状乙稀聚合物,,3.27,kgCO2e,4,2021,kg
低密度聚乙烯 LDPE,Low-density polyethylene,34710X0052021A,首页 > 其他可运输货物，金属制品、机械和设备除外 > 基础化学品 > 原状塑料 > 原状乙稀聚合物,,2.6,kgCO2e,4,2021,kg
低密度聚乙烯,low-density polyethylene,34710X0062000A,首页 > 其他可运输货物，金属制品、机械和设备除外 > 基础化学品 > 原状塑料 > 原状乙稀聚合物,,3.04,kgCO2e,4,2000,kg
聚乙烯树脂,polyethylene,34710X0072020A,首页 > 其他可运输货物，金属制品、机械和设备除外 > 基础化学品 > 原状塑料 > 原状乙稀聚合物,,3.43,kgCO2e,4,2020,kg
PS 线条（墙板）,Polystyrene lines (wall panels),34710X0112024B,首页 > 其他可运输货物，金属制品、机械和设备除外 > 基础化学品 > 原状塑料 > 原状乙稀聚合物,,2.0821,kgCO2e,5,2024,kg
高密度聚乙烯,High-Density Polyethylene,34710X0122025C,首页 > 其他可运输货物，金属制品、机械和设备除外 > 基础化学品 > 原状塑料 > 原状乙稀聚合物,,2.62,kgCO2e,5,2025,kg
低密度聚乙烯,Low-Density Polyethylene,34710X0132025C,首页 > 其他可运输货物，金属制品、机械和设备除外 > 基础化学品 > 原状塑料 > 原状乙稀聚合物,,2.81,kgCO2e,5,2025,kg
线性低密度聚乙烯,Linear Low-Density Polyethylene,34710X0142025C,首页 > 其他可运输货物，金属制品、机械和设备除外 > 基础化学品 > 原状塑料 > 原状乙稀聚合物,,1.99,kgCO2e,5,2025,kg
聚氯乙烯-电石法,PVC-Calcium Carbide method,34730A0032020A,首页 > 其他可运输货物，金属制品、机械和设备除外 > 基础化学品 > 原状塑料 > 原状氯乙烯聚合物,,5.67,kgCO2e,4,2020,kg
聚氯乙烯-乙烯法,PVC-Ethylene Method,34730A0042020A,首页 > 其他可运输货物，金属制品、机械和设备除外 > 基础化学品 > 原状塑料 > 原状氯乙烯聚合物,,4.79,kgCO2e,4,2020,kg
聚氯乙烯,polyvinyl chloride,34730A0012009A,首页 > 其他可运输货物，金属制品、机械和设备除外 > 基础化学品 > 原状塑料 > 原状氯乙烯聚合物,,1.77,tCO2e,5,2009,公吨
聚氯乙烯,"PVC, Polyvinyl chloride",34730A0032021A,首页 > 其他可运输货物，金属制品、机械和设备除外 > 基础化学品 > 原状塑料 > 原状氯乙烯聚合物,,3.41,kgCO2e,4,2021,kg
聚氯乙烯,polyvinyl chloride,34730A0052013A,首页 > 其他可运输货物，金属制品、机械和设备除外 > 基础化学品 > 原状塑料 > 原状氯乙烯聚合物,初级聚氯乙烯,2.82,kgCO2e,4,2013,kg
高密度聚乙烯,high-density polyethylene,34730A0062017A,首页 > 其他可运输货物，金属制品、机械和设备除外 > 基础化学品 > 原状塑料 > 原状氯乙烯聚合物,,2.5,kgCO2e,4,2017,kg
环氧树脂,Epoxy Resin,34740C0012023B,首页 > 其他可运输货物，金属制品、机械和设备除外 > 基础化学品 > 原状塑料 > 原状环氧树脂,TECHSTORM 190,6.0686,kgCO2e,5,2023,kg
炼化一体化聚丙烯,polypropylene,34740F0022021A,首页 > 其他可运输货物，金属制品、机械和设备除外 > 基础化学品 > 原状塑料 > 原状聚烯丙酯类,,968.54,kgCO2e,3,2021,公吨
MTO 聚丙烯,polypropylene,34740F0032021A,首页 > 其他可运输货物，金属制品、机械和设备除外 > 基础化学品 > 原状塑料 > 原状聚烯丙酯类,,5979.42,kgCO2e,3,2021,公吨
催化裂化聚丙烯,Catalytic Cracking Polypropylene,34740F0052021C,首页 > 其他可运输货物，金属制品、机械和设备除外 > 基础化学品 > 原状塑料 > 原状聚烯丙酯类,,611.4,kgCO2e,5,2021,公吨
聚丙烯,polypropylene,34740F0042021C,首页 > 其他可运输货物，金属制品、机械和设备除外 > 基础化学品 > 原状塑料 > 原状聚烯丙酯类,,1.587,kgCO2e,5,2021,kg
聚碳酸酯,polycarbonate,34740D0012019A,首页 > 其他可运输货物，金属制品、机械和设备除外 > 基础化学品 > 原状塑料 > 原状聚碳酸酯,,1370.5,kgCO2e,5,2019,公吨
碳酸丙烯酯,"1,2-Propanediol cyclic carbonate",34740D0022023B,首页 > 其他可运输货物，金属制品、机械和设备除外 > 基础化学品 > 原状塑料 > 原状聚碳酸酯,,3341.28,kgCO2e,5,2023,公吨
二甲苯,Xylene,34720X0022021A,首页 > 其他可运输货物，金属制品、机械和设备除外 > 基础化学品 > 原状塑料 > 原状苯乙烯聚合物,,1.2691,tCO2e,4,2021,公吨
聚苯乙烯,"PS, Polystyrene",34720X0032021A,首页 > 其他可运输货物，金属制品、机械和设备除外 > 基础化学品 > 原状塑料 > 原状苯乙烯聚合物,,3.78,kgCO2e,4,2021,kg
普通聚苯乙烯,Standard Polystyrene,34720X0042025C,首页 > 其他可运输货物，金属制品、机械和设备除外 > 基础化学品 > 原状塑料 > 原状苯乙烯聚合物,,4620,kgCO2e,5,2025,公吨
草制取生物质乙醇,Bioethanol obtained from grass,34131X0242013A,首页 > 其他可运输货物，金属制品、机械和设备除外 > 基础化学品 > 基础有机化学品 > 乙醇,,0.4304,kgCO2e,4,2013,kg
木材制取生物质乙醇,Bioethanol obtained from wood,34131X0252013A,首页 > 其他可运输货物，金属制品、机械和设备除外 > 基础化学品 > 基础有机化学品 > 乙醇,,0.4573,kgCO2e,4,2013,kg
土豆制取生物质乙醇,Bioethanol obtained from potato,34131X0262013A,首页 > 其他可运输货物，金属制品、机械和设备除外 > 基础化学品 > 基础有机化学品 > 乙醇,,2.2865,kgCO2e,4,2013,kg
玉米制取生物质乙醇,Bioethanol obtained from maize,34131X0272013A,首页 > 其他可运输货物，金属制品、机械和设备除外 > 基础化学品 > 基础有机化学品 > 乙醇,,1.9906,kgCO2e,4,2013,kg
甜高粱制取生物质乙醇,Bioethanol obtained from sorghum,34131X0282013A,首页 > 其他可运输货物，金属制品、机械和设备除外 > 基础化学品 > 基础有机化学品 > 乙醇,,0.538,kgCO2e,4,2013,kg
甘蔗制取生物质乙醇,Bioethanol obtained from sugarcane,34131X0292013A,首页 > 其他可运输货物，金属制品、机械和设备除外 > 基础化学品 > 基础有机化学品 > 乙醇,,0.3497,kgCO2e,4,2013,kg
大米制取生物质乙醇,Bioethanol obtained from rice,34131X0302013A,首页 > 其他可运输货物，金属制品、机械和设备除外 > 基础化学品 > 基础有机化学品 > 乙醇,,2.1789,kgCO2e,4,2013,kg
甜菜制取生物质乙醇,Bioethanol obtained from whey,34131X0312013A,首页 > 其他可运输货物，金属制品、机械和设备除外 > 基础化学品 > 基础有机化学品 > 乙醇,,0.7801,kgCO2e,4,2013,kg
以木材为原料的生物乙醇,bioethanol obtained from wood,34131X0012013A,首页 > 其他可运输货物，金属制品、机械和设备除外 > 基础化学品 > 基础有机化学品 > 乙醇,,0.586,kgCO2e,5,2013,kg
以草为原料的生物乙醇,bioethanol obtained from grass,34131X0102013A,首页 > 其他可运输货物，金属制品、机械和设备除外 > 基础化学品 > 基础有机化学品 > 乙醇,,0.562,kgCO2e,5,2013,千米
以乳清为原料的生物乙醇,bioethanol obtained from whey,34131X0112013A,首页 > 其他可运输货物，金属制品、机械和设备除外 > 基础化学品 > 基础有机化学品 > 乙醇,,0.384,kgCO2e,5,2013,kg
以甜菜为原料的生物乙醇,bioethanol obtained from sugar beet,34131X0122013A,首页 > 其他可运输货物，金属制品、机械和设备除外 > 基础化学品 > 基础有机化学品 > 乙醇,,0.884,kgCO2e,5,2013,kg
以甘蔗为原料的生物乙醇,bioethanol obtained from sugarcane,34131X0132013A,首页 > 其他可运输货物，金属制品、机械和设备除外 > 基础化学品 > 基础有机化学品 > 乙醇,,0.517,kgCO2e,5,2013,kg
以甜高粱为原料的生物乙醇,bioethanol obtained from sweet sorghum,34131X0142013A,首页 > 其他可运输货物，金属制品、机械和设备除外 > 基础化学品 > 基础有机化学品 > 乙醇,,0.806,kgCO2e,5,2013,kg
以玉米为原料的生物乙醇,bioethanol obtained from maize,34131X0152013A,首页 > 其他可运输货物，金属制品、机械和设备除外 > 基础化学品 > 基础有机化学品 > 乙醇,,2.211,kgCO2e,5,2013,kg
以土豆为原料的生物乙醇,bioethanol obtained from potato,34131X0162013A,首页 > 其他可运输货物，金属制品、机械和设备除外 > 基础化学品 > 基础有机化学品 > 乙醇,,2.334,kgCO2e,5,2013,kg
以水稻为原料的生物乙醇,bioethanol obtained from rice,34131X0172013A,首页 > 其他可运输货物，金属制品、机械和设备除外 > 基础化学品 > 基础有机化学品 > 乙醇,,2.3,kgCO2e,5,2013,kg
木薯燃料乙醇,cassava-based ethanol,34131X0182020A,首页 > 其他可运输货物，金属制品、机械和设备除外 > 基础化学品 > 基础有机化学品 > 乙醇,,3.2952,tCO2e,5,2020,公吨
玉米芯燃料乙醇,corncob-based ethanol,34131X0192020A,首页 > 其他可运输货物，金属制品、机械和设备除外 > 基础化学品 > 基础有机化学品 > 乙醇,,4.398,tCO2e,5,2020,公吨
部分氧化法生物质乙醇,partial oxidation ethanol production,34131X0202015A,首页 > 其他可运输货物，金属制品、机械和设备除外 > 基础化学品 > 基础有机化学品 > 乙醇,,0.187,kgCO2e,5,2015,kg
焦油优化法制生物质乙醇,tar reforming/reformer bioethanol production,34131X0212015A,首页 > 其他可运输货物，金属制品、机械和设备除外 > 基础化学品 > 基础有机化学品 > 乙醇,,0.158,kgCO2e,5,2015,kg
蒸汽甲烷重整法制生物质乙醇,steam methane reforming/reformer bioethanol production,34131X0222015A,首页 > 其他可运输货物，金属制品、机械和设备除外 > 基础化学品 > 基础有机化学品 > 乙醇,,0.204,kgCO2e,5,2015,kg
自热优化法制生物质乙醇,autothermal reforming/reformer bioethanol production,34131X0232015A,首页 > 其他可运输货物，金属制品、机械和设备除外 > 基础化学品 > 基础有机化学品 > 乙醇,,0.213,kgCO2e,5,2015,kg
生物乙醇（玉米）,corn-based ethanol,34131X0322019C,首页 > 其他可运输货物，金属制品、机械和设备除外 > 基础化学品 > 基础有机化学品 > 乙醇,,4.73,tCO2e,5,2019,公吨
以小麦为原料的生物乙醇,Bioethanol from wheat,34131X0332021C,首页 > 其他可运输货物，金属制品、机械和设备除外 > 基础化学品 > 基础有机化学品 > 乙醇,,6984,kgCO2e,5,2021,公吨
以玉米为原料的生物乙醇,Bioethanol from corn,34131X0342021C,首页 > 其他可运输货物，金属制品、机械和设备除外 > 基础化学品 > 基础有机化学品 > 乙醇,,3386,kgCO2e,5,2021,公吨
硼酸三丁酯,Tributyl borate,34180D0012020A,首页 > 其他可运输货物，金属制品、机械和设备除外 > 基础化学品 > 基础有机化学品 > 其他无机酸的酯(不包括氢卤化物的酯类）的盐类,,7.2218,kgCO2e,4,2020,kg
乙烯醋酸乙烯脂共聚合树脂：超塑烯®UE2828,Ethylene Vinyl Acetate UE2828,34180C0012022B,首页 > 其他可运输货物，金属制品、机械和设备除外 > 基础化学品 > 基础有机化学品 > 其他无机酸的酯类(不包括氢卤化物的酯类）,,2.96,kgCO2e,5,2022,kg
乙烯醋酸乙烯脂共聚合树脂：超塑烯®UE649-04,Ethylene Vinyl Acetate UE649-04,34180C0022022B,首页 > 其他可运输货物，金属制品、机械和设备除外 > 基础化学品 > 基础有机化学品 > 其他无机酸的酯类(不包括氢卤化物的酯类）,,2.82,kgCO2e,5,2022,kg
乙烯醋酸乙烯脂共聚合树脂：超塑烯®UE659,Ethylene Vinyl Acetate UE659,34180C0032022B,首页 > 其他可运输货物，金属制品、机械和设备除外 > 基础化学品 > 基础有机化学品 > 其他无机酸的酯类(不包括氢卤化物的酯类）,,2.91,kgCO2e,5,2022,kg
聚乳酸,Polylactide,34180C0052020B,首页 > 其他可运输货物，金属制品、机械和设备除外 > 基础化学品 > 基础有机化学品 > 其他无机酸的酯类(不包括氢卤化物的酯类）,,0.28,kgCO2e,4,2020,kg
对位酯,para-ester,34180C0062020B,首页 > 其他可运输货物，金属制品、机械和设备除外 > 基础化学品 > 基础有机化学品 > 其他无机酸的酯类(不包括氢卤化物的酯类）,,8.12,tCO2e,4,2020,公吨
醋酸,Acetic acid,34160B0022014A,首页 > 其他可运输货物，金属制品、机械和设备除外 > 基础化学品 > 基础有机化学品 > 其他有机无机化合物,,1.34,tCO2e,4,2014,公吨
制冷剂R-134a逸散,Refrigerant R-134a fugacity,34160B0032023A,首页 > 其他可运输货物，金属制品、机械和设备除外 > 基础化学品 > 基础有机化学品 > 其他有机无机化合物,,1315.9,kgCO2e,5,2023,kg
制冷剂R744,Refrigerant R744,34160B0042023A,首页 > 其他可运输货物，金属制品、机械和设备除外 > 基础化学品 > 基础有机化学品 > 其他有机无机化合物,,273,kgCO2e,5,2023,kg
硫酸亚铁,Ferrous Sulfate,34160B0052024A,首页 > 其他可运输货物，金属制品、机械和设备除外 > 基础化学品 > 基础有机化学品 > 其他有机无机化合物,,0.134,gCO2e,4,2024,kg
月桂酸（十二烷酸）,Dodecanoic acid ,34160B0062015A,首页 > 其他可运输货物，金属制品、机械和设备除外 > 基础化学品 > 基础有机化学品 > 其他有机无机化合物,,1.7,kgCO2e,4,2015,kg
增塑剂（DINP）,Diisononyl phthalate (DINP),34160B0072013A,首页 > 其他可运输货物，金属制品、机械和设备除外 > 基础化学品 > 基础有机化学品 > 其他有机无机化合物,,5.7,kgCO2e,5,2013,kg
邻苯二甲酸二(2-丙基庚)酯（DPHP）,Bis(2-propylheptyl) phthalate,34160B0102025B,首页 > 其他可运输货物，金属制品、机械和设备除外 > 基础化学品 > 基础有机化学品 > 其他有机无机化合物,,1.8,kgCO2e,4,2025,kg
邻苯二甲酸二(2-乙基己)酯（DEHP）,di-2-ethylhexyl phthalate,34160B0112021B,首页 > 其他可运输货物，金属制品、机械和设备除外 > 基础化学品 > 基础有机化学品 > 其他有机无机化合物,,3.48,kgCO2e,4,2021,kg
邻苯二甲酸二(2-乙基己)酯（DEHP）,Diethylhexyl phthalate,34160B0122020A,首页 > 其他可运输货物，金属制品、机械和设备除外 > 基础化学品 > 基础有机化学品 > 其他有机无机化合物,,2.81,kgCO2e,4,2020,kg
邻苯二甲酸二丁酯（DBP）,Dibutyl phthalate,34160B0132020A,首页 > 其他可运输货物，金属制品、机械和设备除外 > 基础化学品 > 基础有机化学品 > 其他有机无机化合物,,2.82,kgCO2e,5,2020,kg
邻苯二甲酸二异壬酯 （DINP）,Diisononyl phthalate,34160B0142020A,首页 > 其他可运输货物，金属制品、机械和设备除外 > 基础化学品 > 基础有机化学品 > 其他有机无机化合物,,3.01,kgCO2e,5,2020,kg
邻苯二甲酸二异癸酯（DPHP）,Diisodecyl phthalate,34160B0152020A,首页 > 其他可运输货物，金属制品、机械和设备除外 > 基础化学品 > 基础有机化学品 > 其他有机无机化合物,,2.29,kgCO2e,5,2020,kg
邻苯二甲酸二(2-乙基己)酯（DEHP）,Di(2-ethylhexyl) phthalate,34160B0162013A,首页 > 其他可运输货物，金属制品、机械和设备除外 > 基础化学品 > 基础有机化学品 > 其他有机无机化合物,,7.29,kgCO2e,4,2013,kg
邻苯二甲酸二(2-乙基己)酯（DEHP/DOP）,Diethylhexyl Phthalate,34160B0172024A,首页 > 其他可运输货物，金属制品、机械和设备除外 > 基础化学品 > 基础有机化学品 > 其他有机无机化合物,,3.71,kgCO2e,4,2024,kg
邻苯二甲酸二丁酯（DBP）, Dibutyl Phthalate,34160B0182024A,首页 > 其他可运输货物，金属制品、机械和设备除外 > 基础化学品 > 基础有机化学品 > 其他有机无机化合物,,2.72,kgCO2e,4,2024,kg
对苯二甲酸二辛酯（DOTP),Di-2-Ethylhexyl terephthalate,34160B0202024A,首页 > 其他可运输货物，金属制品、机械和设备除外 > 基础化学品 > 基础有机化学品 > 其他有机无机化合物,,2.51,kgCO2e,4,2024,kg
甲醇,Methanol,34139A0012014A,首页 > 其他可运输货物，金属制品、机械和设备除外 > 基础化学品 > 基础有机化学品 > 其他醇,,1.634147,tCO2e,5,2014,公吨
乙二醇,ethylene glycol,34139A0032012A,首页 > 其他可运输货物，金属制品、机械和设备除外 > 基础化学品 > 基础有机化学品 > 其他醇,,3.38,tCO2e,4,2012,公吨
生物质热解多元醇,Biomass pyrolysis polyol,34139A0042019A,首页 > 其他可运输货物，金属制品、机械和设备除外 > 基础化学品 > 基础有机化学品 > 其他醇,,51.16,tCO2e,4,2019,公吨
煤制甲醇,coal-to-methanol,34139A0052020A,首页 > 其他可运输货物，金属制品、机械和设备除外 > 基础化学品 > 基础有机化学品 > 其他醇,,3.47,tCO2e,4,2020,公吨
生物质制甲醇,biomass to methanol,34139A0062020A,首页 > 其他可运输货物，金属制品、机械和设备除外 > 基础化学品 > 基础有机化学品 > 其他醇,,-3.25,tCO2e,4,2020,公吨
传统聚醚多元醇,conventional polyether polyols,34139A0082014A,首页 > 其他可运输货物，金属制品、机械和设备除外 > 基础化学品 > 基础有机化学品 > 其他醇,,3.22,kgCO2e,3,2014,kg
芳香族聚酯多元醇,Aromatic Polyester Polyols (APP),34139A0092014A,首页 > 其他可运输货物，金属制品、机械和设备除外 > 基础化学品 > 基础有机化学品 > 其他醇,,1.82,kgCO2e,4,2014,kg
甲缩醛,methylal,34170F0012011A,首页 > 其他可运输货物，金属制品、机械和设备除外 > 基础化学品 > 基础有机化学品 > 半缩醛,,5.84,tCO2e,4,2011,公吨
玉米秸秆基乙酰丙酸乙酯,cornstalk-based ethyl levulinate,34170R0012016A,首页 > 其他可运输货物，金属制品、机械和设备除外 > 基础化学品 > 基础有机化学品 > 未另列明的有机化合物,,7.8,tCO2e,4,2016,公吨
己内酰胺,Caprolactam,34170R0032022A,首页 > 其他可运输货物，金属制品、机械和设备除外 > 基础化学品 > 基础有机化学品 > 未另列明的有机化合物,,12.485,tCO2e,3,2022,公吨
聚丙烯,polypropylene,34170R0042022A,首页 > 其他可运输货物，金属制品、机械和设备除外 > 基础化学品 > 基础有机化学品 > 未另列明的有机化合物,,0.93416,tCO2e,3,2022,公吨
丙酸,propionic acid,34170R0052020A,首页 > 其他可运输货物，金属制品、机械和设备除外 > 基础化学品 > 基础有机化学品 > 未另列明的有机化合物,,0.754,kgCO2e,5,2020,kg
多元醇,Polyol,34170R0062019A,首页 > 其他可运输货物，金属制品、机械和设备除外 > 基础化学品 > 基础有机化学品 > 未另列明的有机化合物,,49.71,gCO2e,4,2019,MJ
制冷剂R-12逸散,Refrigerant R-12 fugacity,34170R0072023A,首页 > 其他可运输货物，金属制品、机械和设备除外 > 基础化学品 > 基础有机化学品 > 未另列明的有机化合物,,10200,kgCO2e,5,2023,kg
纤维素,cellulose,34170R0082015A,首页 > 其他可运输货物，金属制品、机械和设备除外 > 基础化学品 > 基础有机化学品 > 未另列明的有机化合物,,0.72,kgCO2e,4,2015,kg
有机药品,Organic chemicals,34170R0102003A,首页 > 其他可运输货物，金属制品、机械和设备除外 > 基础化学品 > 基础有机化学品 > 未另列明的有机化合物,,9.27,tCO2e,4,2003,公吨
原料药,Active Pharmaceutical Ingredient,34170R0122021B,首页 > 其他可运输货物，金属制品、机械和设备除外 > 基础化学品 > 基础有机化学品 > 未另列明的有机化合物,原料药,0.033,tCO2e,5,2021,kg
制冷剂,Refrigerants,34170R0012021A,首页 > 其他可运输货物，金属制品、机械和设备除外 > 基础化学品 > 基础有机化学品 > 未另列明的有机化合物,,15.1,kgCO2e,3,2021,kg
 煤制聚丙烯（HDDMTO工艺）,Coal based polypropylene,34170R0142022C,首页 > 其他可运输货物，金属制品、机械和设备除外 > 基础化学品 > 基础有机化学品 > 未另列明的有机化合物,,7.95,tCO2e,5,2022,公吨
 煤制聚丙烯（GLLMTP工艺）,Coal based polypropylene（GLLMTP）,34170R0152022C,首页 > 其他可运输货物，金属制品、机械和设备除外 > 基础化学品 > 基础有机化学品 > 未另列明的有机化合物,,7.4,tCO2e,5,2022,公吨
二氟甲烷,difluoromethane,34170R0162022C,首页 > 其他可运输货物，金属制品、机械和设备除外 > 基础化学品 > 基础有机化学品 > 未另列明的有机化合物,R32,10.01,kgCO2e,5,2022,kg
聚丙烯,Polypropylene,34170R0172021A,首页 > 其他可运输货物，金属制品、机械和设备除外 > 基础化学品 > 基础有机化学品 > 未另列明的有机化合物,,1.58,kgCO2e,4,2021,kg
磷酸三丁酯,Tributyl phosphate,34170R0182013A,首页 > 其他可运输货物，金属制品、机械和设备除外 > 基础化学品 > 基础有机化学品 > 未另列明的有机化合物,,3.0099,kgCO2e,4,2013,kg
化石基聚丙烯酸钠,Fossil-based sodium polyacrylate,34170R0192016A,首页 > 其他可运输货物，金属制品、机械和设备除外 > 基础化学品 > 基础有机化学品 > 未另列明的有机化合物,,3.8,kgCO2e,4,2016,kg
尼龙6,Nylon 6,34170R0202021A,首页 > 其他可运输货物，金属制品、机械和设备除外 > 基础化学品 > 基础有机化学品 > 未另列明的有机化合物,,4.1,kgCO2e,3,2021,kg
抗氧剂 1010,antioxidant 1010,34170R0212017A,首页 > 其他可运输货物，金属制品、机械和设备除外 > 基础化学品 > 基础有机化学品 > 未另列明的有机化合物,"Pentaerythrityl Tetrak-is[β-(3.5 di-tert-butyl, 4-hydroxyphenyl)-propionate]，CAS No.6683-19-8",4.1768,kgCO2e,3,2017,kg
分散蓝,Disperse Blue（DB）,34170R0222023A,首页 > 其他可运输货物，金属制品、机械和设备除外 > 基础化学品 > 基础有机化学品 > 未另列明的有机化合物,分散蓝79，其英文全称是Disperse Blue 79 (DB,8.28,kgCO2e,5,2023,kg
石墨烯（化学氧化法-商业规模下Bangal 法）,Graphene,34170R0232021A,首页 > 其他可运输货物，金属制品、机械和设备除外 > 基础化学品 > 基础有机化学品 > 未另列明的有机化合物,,46,kgCO2e,4,2021,kg
葡醛内酯,Phenylglyoxal,34170R0242023B,首页 > 其他可运输货物，金属制品、机械和设备除外 > 基础化学品 > 基础有机化学品 > 未另列明的有机化合物,含量 ≥99%,2.88,kgCO2e,5,2023,kg
对二甲苯,Paraxylene,34110A0042022A,首页 > 其他可运输货物，金属制品、机械和设备除外 > 基础化学品 > 基础有机化学品 > 烃类,,0.82829,tCO2e,3,2022,公吨
对二甲苯,Paraxylene,34110A0062019A,首页 > 其他可运输货物，金属制品、机械和设备除外 > 基础化学品 > 基础有机化学品 > 烃类,,1.2691,tCO2e,5,2019,公吨
对二甲苯,Paraxylene,34110A0052019A,首页 > 其他可运输货物，金属制品、机械和设备除外 > 基础化学品 > 基础有机化学品 > 烃类,,1.2691,tCO2e,5,2019,公吨
粗苯,coal tar,34110A0062011A,首页 > 其他可运输货物，金属制品、机械和设备除外 > 基础化学品 > 基础有机化学品 > 烃类,,3.41,tCO2e,3,2011,公吨
对二甲苯（PX),paraxylene,34110A0072018C,首页 > 其他可运输货物，金属制品、机械和设备除外 > 基础化学品 > 基础有机化学品 > 烃类,,845.406,kgCO2e,5,2018,公吨
环氧乙烷,ethylene oxide,34170D0012018A,首页 > 其他可运输货物，金属制品、机械和设备除外 > 基础化学品 > 基础有机化学品 > 环氧化合物,,5.89,tCO2e,4,2018,公吨
衣康酸,Itaconic acid (IA),34150M0012022A,首页 > 其他可运输货物，金属制品、机械和设备除外 > 基础化学品 > 基础有机化学品 > 羟胺的有机衍生物,,14.33,kgCO2e,4,2022,kg
异辛酸,2-Ethylhexanoic acid,34150F0052023A,首页 > 其他可运输货物，金属制品、机械和设备除外 > 基础化学品 > 基础有机化学品 > 羧酸基化合物,,6.6561,kgCO2e,4,2023,kg
羧基丁苯胶乳,High-molecular-weight waterproof sheet,34150F0062024B,首页 > 其他可运输货物，金属制品、机械和设备除外 > 基础化学品 > 基础有机化学品 > 羧酸基化合物,,1.9275,kgCO2e,5,2024,kg
羧基丁苯胶乳,Carboxylated Styrene-Butadiene Latex,34150F0072023B,首页 > 其他可运输货物，金属制品、机械和设备除外 > 基础化学品 > 基础有机化学品 > 羧酸基化合物,,2.07,kgCO2e,5,2023,kg
甲酸,Formic acid,34140A0012014A,首页 > 其他可运输货物，金属制品、机械和设备除外 > 基础化学品 > 基础有机化学品 > 羧酸类,,50.686,kgCO2e,4,2014,kg
聚醚胺,Polyetheramine,34150A0012010A,首页 > 其他可运输货物，金属制品、机械和设备除外 > 基础化学品 > 基础有机化学品 > 胺基化合物,,7.8574,kgCO2e,4,2010,kg
酶制剂,Enzymes,34170P0012021B,首页 > 其他可运输货物，金属制品、机械和设备除外 > 基础化学品 > 基础有机化学品 > 酶类,,2589,kgCO2e,3,2021,公吨
酶制剂,Enzymic preparations,34170P0022019C,首页 > 其他可运输货物，金属制品、机械和设备除外 > 基础化学品 > 基础有机化学品 > 酶类,,3236,kgCO2e,5,2019,公吨
煤制二甲醚,coal derived DME,34170A0012007A,首页 > 其他可运输货物，金属制品、机械和设备除外 > 基础化学品 > 基础有机化学品 > 醚,,4.89,tCO2e,5,2007,公吨
聚甲醛,polyformaldehyde,34170M0012017A,首页 > 其他可运输货物，金属制品、机械和设备除外 > 基础化学品 > 基础有机化学品 > 醛基化合物,,4.855,kgCO2e,3,2017,kg
高性能减水剂,High Performance Water Reducer,34250E0012022B,首页 > 其他可运输货物，金属制品、机械和设备除外 > 基础化学品 > 未另列明的基础无机化学品 > 其他未另列明的无机化学品,,601,kgCO2e,3,2022,公吨
氨(焦炉煤气路线),Ammonia,34250E0032022C,首页 > 其他可运输货物，金属制品、机械和设备除外 > 基础化学品 > 未另列明的基础无机化学品 > 其他未另列明的无机化学品,,4.19,kgCO2e,5,2022,千克液氨
氨(天然气路线),Ammonia,34250E0042022C,首页 > 其他可运输货物，金属制品、机械和设备除外 > 基础化学品 > 未另列明的基础无机化学品 > 其他未另列明的无机化学品,,1.9,kgCO2e,5,2022,千克液氨
小苏打,Baking soda,34240B0012014A,首页 > 其他可运输货物，金属制品、机械和设备除外 > 基础化学品 > 未另列明的基础无机化学品 > 无机酸的盐类和过氧盐以及未另列明的金属盐和金属过氧盐,,2.010026,kgCO2e,5,2014,kg
纯碱,Sodium carbonate,34240B0022014A,首页 > 其他可运输货物，金属制品、机械和设备除外 > 基础化学品 > 未另列明的基础无机化学品 > 无机酸的盐类和过氧盐以及未另列明的金属盐和金属过氧盐,,1.875,kgCO2e,5,2014,kg
元明粉,Sodium sulphate,34240B0032014A,首页 > 其他可运输货物，金属制品、机械和设备除外 > 基础化学品 > 未另列明的基础无机化学品 > 无机酸的盐类和过氧盐以及未另列明的金属盐和金属过氧盐,,0.499,kgCO2e,5,2014,kg
碳酸钠或纯碱,Na2CO3,34240B0052025C,首页 > 其他可运输货物，金属制品、机械和设备除外 > 基础化学品 > 未另列明的基础无机化学品 > 无机酸的盐类和过氧盐以及未另列明的金属盐和金属过氧盐,,0.41492,kgCO2e,5,2025,kg
硼砂-碳碱法,Borax - Carbon Alkali Process,34240B0062012A,首页 > 其他可运输货物，金属制品、机械和设备除外 > 基础化学品 > 未另列明的基础无机化学品 > 无机酸的盐类和过氧盐以及未另列明的金属盐和金属过氧盐,,1374.7084,kgCO2e,5,2012,公吨
特戊酸,"2,2-Dimethylpropanoic acid",34231B0012014A,首页 > 其他可运输货物，金属制品、机械和设备除外 > 基础化学品 > 未另列明的基础无机化学品 > 无机酸，不包括硝酸和磺酸,,0.37554,kgCO2e,3,2014,kg
硼酸-两步法,boric acid,34231B0022012A,首页 > 其他可运输货物，金属制品、机械和设备除外 > 基础化学品 > 未另列明的基础无机化学品 > 无机酸，不包括硝酸和磺酸,,2036.9732,kgCO2e,5,2012,公吨
聚丙烯	,polypropylene,34210E0012023A,首页 > 其他可运输货物，金属制品、机械和设备除外 > 基础化学品 > 未另列明的基础无机化学品 > 未另列明的非金属无机氧化物,,0.868,kgCO2e,4,2023,公吨
煤制合成氨,Synthetic ammonia from coal,34280D0012020A,首页 > 其他可运输货物，金属制品、机械和设备除外 > 基础化学品 > 未另列明的基础无机化学品 > 氢化物,,3.81,kgCO2e,4,2020,kg
煤制合成氨,Synthetic ammonia from coal,34280D0022020A,首页 > 其他可运输货物，金属制品、机械和设备除外 > 基础化学品 > 未另列明的基础无机化学品 > 氢化物,,3.72,kgCO2e,4,2020,kg
煤制合成氨,Synthetic ammonia from coal,34280D0032020A,首页 > 其他可运输货物，金属制品、机械和设备除外 > 基础化学品 > 未另列明的基础无机化学品 > 氢化物,,4.04,kgCO2e,4,2020,kg
氨,Ammonia,34280D0042022C,首页 > 其他可运输货物，金属制品、机械和设备除外 > 基础化学品 > 未另列明的基础无机化学品 > 氢化物,,2.41,kgCO2e,5,2022,kg
氨（煤路线）,Ammonia,34280D0052022C,首页 > 其他可运输货物，金属制品、机械和设备除外 > 基础化学品 > 未另列明的基础无机化学品 > 氢化物,,2.41,kgCO2e,5,2022,千克液氨
烧碱（30%）,Caustic soda（30%）,34231H0012014A,首页 > 其他可运输货物，金属制品、机械和设备除外 > 基础化学品 > 未另列明的基础无机化学品 > 氢氧化钠,,11.555,kgCO2e,5,2014,kg
氢氧化钠,sodium hydroxide,34231H0022015A,首页 > 其他可运输货物，金属制品、机械和设备除外 > 基础化学品 > 未另列明的基础无机化学品 > 氢氧化钠,,1.59,kgCO2e,4,2015,kg
氧化锌,Zinc oxide,34220A0012020A,首页 > 其他可运输货物，金属制品、机械和设备除外 > 基础化学品 > 未另列明的基础无机化学品 > 氧化锌,,2.01,tCO2e,4,2020,公吨
汞,Refined mercury,34250G0012015A,首页 > 其他可运输货物，金属制品、机械和设备除外 > 基础化学品 > 未另列明的基础无机化学品 > 汞合金,,32.8,kgCO2e,4,2015,kg
锑白,Antimony white,34220H0012015A,首页 > 其他可运输货物，金属制品、机械和设备除外 > 基础化学品 > 未另列明的基础无机化学品 > 矿物颜料,,17.9,kgCO2e,4,2015,kg
颗粒硅,Granular polysilicon,34280G0022023B,首页 > 其他可运输货物，金属制品、机械和设备除外 > 基础化学品 > 未另列明的基础无机化学品 > 硅化物,,34.275,kgCO2e,4,2023,kg
二氧化硅,Silica,34231D0012020A,首页 > 其他可运输货物，金属制品、机械和设备除外 > 基础化学品 > 未另列明的基础无机化学品 > 硅的无机氧化物,,2.06,kgCO2e,5,2020,kg
硝酸,hydrogen nitrate,34233A0012005A,首页 > 其他可运输货物，金属制品、机械和设备除外 > 基础化学品 > 未另列明的基础无机化学品 > 硝酸,,1.445,tCO2e,4,2005,公吨
氧化镧,Lanthanum oxide,34290A0032018A,首页 > 其他可运输货物，金属制品、机械和设备除外 > 基础化学品 > 未另列明的基础无机化学品 > 稀土金属化合物,,7.26,tCO2e,3,2018,公吨
氧化铈,cerium oxide,34290A0042018A,首页 > 其他可运输货物，金属制品、机械和设备除外 > 基础化学品 > 未另列明的基础无机化学品 > 稀土金属化合物,,6.66,tCO2e,3,2018,公吨
氧化钕,Neodymium oxide,34290A0052018A,首页 > 其他可运输货物，金属制品、机械和设备除外 > 基础化学品 > 未另列明的基础无机化学品 > 稀土金属化合物,,8.93,tCO2e,4,2018,公吨
绿磷，CeO,Green Phosphor,34290A0062018A,首页 > 其他可运输货物，金属制品、机械和设备除外 > 基础化学品 > 未另列明的基础无机化学品 > 稀土金属化合物,,68.4,tCO2e,3,2018,公吨
蓝磷,Blue Phospho,34290A0072018A,首页 > 其他可运输货物，金属制品、机械和设备除外 > 基础化学品 > 未另列明的基础无机化学品 > 稀土金属化合物,,37.1,tCO2e,4,2018,公吨
氧化镨,Praseodymium oxide,34290A0082018A,首页 > 其他可运输货物，金属制品、机械和设备除外 > 基础化学品 > 未另列明的基础无机化学品 > 稀土金属化合物,,1.59,tCO2e,4,2018,公吨
镧,La,34290A0102019A,首页 > 其他可运输货物，金属制品、机械和设备除外 > 基础化学品 > 未另列明的基础无机化学品 > 稀土金属化合物,,0.87203,kgCO2e,4,2019,kg
镝-铁,Dy-Fe,34290A0112019A,首页 > 其他可运输货物，金属制品、机械和设备除外 > 基础化学品 > 未另列明的基础无机化学品 > 稀土金属化合物,,1.06191,kgCO2e,4,2019,kg
制冷剂,Refrigerant,34210D0012022A,首页 > 其他可运输货物，金属制品、机械和设备除外 > 基础化学品 > 未另列明的基础无机化学品 > 稀有气体,R134a,15897.73,kgCO2e,5,2022,公吨
双氧水,Hydrogen peroxide,34280A0022014A,首页 > 其他可运输货物，金属制品、机械和设备除外 > 基础化学品 > 未另列明的基础无机化学品 > 过氧化氢,,0.201,tCO2e,4,2014,公吨
氧化镁-LCM80-天然气生产,Magnesia-LCM80-Natural gas,34231I0012020A,首页 > 其他可运输货物，金属制品、机械和设备除外 > 基础化学品 > 未另列明的基础无机化学品 > 镁的氢氧化物,,1.44,kgCO2e,4,2020,kg
氧化镁-LCM80-燃煤生产,Magnesia-LCM80-Producer gas,34231I0022020A,首页 > 其他可运输货物，金属制品、机械和设备除外 > 基础化学品 > 未另列明的基础无机化学品 > 镁的氢氧化物,,1.782,kgCO2e,4,2020,kg
氧化镁-LCM85-天然气生产,Magnesia-LCM85-Natural gas,34231I0032020A,首页 > 其他可运输货物，金属制品、机械和设备除外 > 基础化学品 > 未另列明的基础无机化学品 > 镁的氢氧化物,,1.538,kgCO2e,4,2020,kg
氧化镁-LCM85-燃煤生产,Magnesia-LCM85-Producer gas,34231I0042020A,首页 > 其他可运输货物，金属制品、机械和设备除外 > 基础化学品 > 未另列明的基础无机化学品 > 镁的氢氧化物,,1.913,kgCO2e,4,2020,kg
氧化镁-LCM90-天然气生产,Magnesia-LCM90-Natural gas,34231I0052020A,首页 > 其他可运输货物，金属制品、机械和设备除外 > 基础化学品 > 未另列明的基础无机化学品 > 镁的氢氧化物,,1.482,kgCO2e,4,2020,kg
氧化镁-LCM90-燃煤生产,Magnesia-LCM90-Producer gas,34231I0062020A,首页 > 其他可运输货物，金属制品、机械和设备除外 > 基础化学品 > 未另列明的基础无机化学品 > 镁的氢氧化物,,1.889,kgCO2e,4,2020,kg
氧化镁-LCM92-天然气生产,Magnesia-LCM92-Natural gas,34231I0072020A,首页 > 其他可运输货物，金属制品、机械和设备除外 > 基础化学品 > 未另列明的基础无机化学品 > 镁的氢氧化物,,1.555,kgCO2e,4,2020,kg
氧化镁-LCM92-燃煤生产,Magnesia-LCM92-Producer gas,34231I0082020A,首页 > 其他可运输货物，金属制品、机械和设备除外 > 基础化学品 > 未另列明的基础无机化学品 > 镁的氢氧化物,,2.012,kgCO2e,4,2020,kg
氧化镁-LCM94-天然气生产,Magnesia-LCM94-Natural gas,34231I0092020A,首页 > 其他可运输货物，金属制品、机械和设备除外 > 基础化学品 > 未另列明的基础无机化学品 > 镁的氢氧化物,,1.722,kgCO2e,4,2020,kg
氧化镁-LCM94-燃煤生产,Magnesia-LCM94-Producer gas,34231I0102020A,首页 > 其他可运输货物，金属制品、机械和设备除外 > 基础化学品 > 未另列明的基础无机化学品 > 镁的氢氧化物,,2.211,kgCO2e,4,2020,kg
氧化镁-SM94-天然气生产,Magnesia-SM94-Natural gas,34231I0112020A,首页 > 其他可运输货物，金属制品、机械和设备除外 > 基础化学品 > 未另列明的基础无机化学品 > 镁的氢氧化物,,2.574,kgCO2e,4,2020,kg
氧化镁-SM94-燃煤生产,Magnesia-SM94-Producer gas,34231I0122020A,首页 > 其他可运输货物，金属制品、机械和设备除外 > 基础化学品 > 未另列明的基础无机化学品 > 镁的氢氧化物,,3.064,kgCO2e,4,2020,kg
氧化镁-SM97-天然气生产,Magnesia-SM97-Natural gas,34231I0132020A,首页 > 其他可运输货物，金属制品、机械和设备除外 > 基础化学品 > 未另列明的基础无机化学品 > 镁的氢氧化物,,2.304,kgCO2e,4,2020,kg
氧化镁-SM97-燃煤生产,Magnesia-SM97-Producer gas,34231I0142020A,首页 > 其他可运输货物，金属制品、机械和设备除外 > 基础化学品 > 未另列明的基础无机化学品 > 镁的氢氧化物,,2.809,kgCO2e,4,2020,kg
氧化镁-FM980(A)-天然气生产,Magnesia-FM980(A)-Natural gas,34231I0152020A,首页 > 其他可运输货物，金属制品、机械和设备除外 > 基础化学品 > 未另列明的基础无机化学品 > 镁的氢氧化物,,4.294,kgCO2e,4,2020,kg
氧化镁-FM980(A)-燃煤生产,Magnesia-FM980(A)-Producer gas,34231I0162020A,首页 > 其他可运输货物，金属制品、机械和设备除外 > 基础化学品 > 未另列明的基础无机化学品 > 镁的氢氧化物,,4.804,kgCO2e,4,2020,kg
氧化镁-FM980(B)-天然气生产,Magnesia-FM980(B)-Natural gas,34231I0172020A,首页 > 其他可运输货物，金属制品、机械和设备除外 > 基础化学品 > 未另列明的基础无机化学品 > 镁的氢氧化物,,3.937,kgCO2e,4,2020,kg
氧化镁-FM980(B)-燃煤生产,Magnesia-FM980(B)-Producer gas,34231I0182020A,首页 > 其他可运输货物，金属制品、机械和设备除外 > 基础化学品 > 未另列明的基础无机化学品 > 镁的氢氧化物,,3.937,kgCO2e,4,2020,kg
导热油,Heat Transfer Fluid (HTF),34550F0012017A,首页 > 其他可运输货物，金属制品、机械和设备除外 > 基础化学品 > 杂项基础化学品 > 不适宜食用的动物油脂的制品,,10.3497,kgCO2e,4,2017,kg
木炭块燃烧,Charcoal fuel combustion,34510X0012012A,首页 > 其他可运输货物，金属制品、机械和设备除外 > 基础化学品 > 杂项基础化学品 > 木炭,,2655.88,gCO2e,5,2012,kg
木炭块燃烧,Charcoal fuel combustion,34510X0022012A,首页 > 其他可运输货物，金属制品、机械和设备除外 > 基础化学品 > 杂项基础化学品 > 木炭,,2551.12,gCO2e,5,2012,kg
木炭块燃烧,Charcoal fuel combustion,34510X0032012A,首页 > 其他可运输货物，金属制品、机械和设备除外 > 基础化学品 > 杂项基础化学品 > 木炭,,2752.96,gCO2e,5,2012,kg
木炭,Charcoal,34510X0042025C,首页 > 其他可运输货物，金属制品、机械和设备除外 > 基础化学品 > 杂项基础化学品 > 木炭,,3.3,tCO2e,5,2025,公吨
硫磺,Sulfur,34520X0022020A,首页 > 其他可运输货物，金属制品、机械和设备除外 > 基础化学品 > 杂项基础化学品 > 硫磺（不包括升华的硫磺、沉淀的硫磺和胶质的硫磺）,,0.00709,kgCO2e,5,2020,kg
化肥产品-混合肥料-硝酸钾肥料,Fertilisers-Mixed fertilisers-Nitrates of potassium,34649X0072022A,首页 > 其他可运输货物，金属制品、机械和设备除外 > 基础化学品 > 肥料和杀虫剂 > 其他未另列明的至少同时含有两种营养物质(氮、磷、钾)的矿物或化学肥料,,1.88,tCO2e,5,2022,公吨
化肥产品-混合肥料-硫酸铵,Fertilisers-Mixed fertilisers-Ammonium sulphate,34649X0082022A,首页 > 其他可运输货物，金属制品、机械和设备除外 > 基础化学品 > 肥料和杀虫剂 > 其他未另列明的至少同时含有两种营养物质(氮、磷、钾)的矿物或化学肥料,,0.94,tCO2e,5,2022,公吨
化肥产品-混合肥料-硝酸钠,Fertilisers-Mixed fertilisers-Sodium nitrate,34649X0092022A,首页 > 其他可运输货物，金属制品、机械和设备除外 > 基础化学品 > 肥料和杀虫剂 > 其他未另列明的至少同时含有两种营养物质(氮、磷、钾)的矿物或化学肥料,,4.06,tCO2e,5,2022,公吨
化肥产品-混合肥料-其他含有氮、磷、钾两种或三种元素的肥料,"Fertilisers-Mixed fertilisers-Other mineral or chemical fertilisers containing two or three of the fertilising elements nitrogen, phosphorus and potassium",34649X0102022A,首页 > 其他可运输货物，金属制品、机械和设备除外 > 基础化学品 > 肥料和杀虫剂 > 其他未另列明的至少同时含有两种营养物质(氮、磷、钾)的矿物或化学肥料,,1.02,tCO2e,5,2022,公吨
袋装漂白剂,CO-OP SefterE with whitener,34669D0012016B,首页 > 其他可运输货物，金属制品、机械和设备除外 > 基础化学品 > 肥料和杀虫剂 > 其他消毒剂,-,5.24,kgCO2e,4,2016,袋（900g）
复混肥料,Compound fertilizer,34641X0012013A,首页 > 其他可运输货物，金属制品、机械和设备除外 > 基础化学品 > 肥料和杀虫剂 > 同时含氮、磷、钾的肥料,,2.47,tCO2e,4,2013,公吨
化肥产品-混合肥料-含有氮、磷、钾三种肥料元素的矿物肥料或化学肥料,"Fertilisers-Mixed fertilisers-Mineral or chemical fertilisers containing the three fertilising elements nitrogen, phosphorus and potassium",34641X0022022A,首页 > 其他可运输货物，金属制品、机械和设备除外 > 基础化学品 > 肥料和杀虫剂 > 同时含氮、磷、钾的肥料,,1.35,tCO2e,5,2022,公吨
化肥产品-混合肥料-磷酸二铵,Fertilisers-Mixed fertilisers-Diammonium hydrogenorthophosphate ,34644X0012022A,首页 > 其他可运输货物，金属制品、机械和设备除外 > 基础化学品 > 肥料和杀虫剂 > 同时含氮和磷的肥料,,0.75,tCO2e,5,2022,公吨
化肥产品-混合肥料-磷酸二氢铵及其与磷酸二铵的混合物,Fertilisers-Mixed fertilisers-Ammonium dihydrogenorthophosphate (monoammonium phosphate) and mixtures thereof with diammonium hydrogenorthophosphate (diammonium phosphate),34644X0022022A,首页 > 其他可运输货物，金属制品、机械和设备除外 > 基础化学品 > 肥料和杀虫剂 > 同时含氮和磷的肥料,,0.49,tCO2e,5,2022,公吨
化肥产品-混合肥料-其他含有氮和磷两种元素的矿物或化学肥料,Fertilisers-Mixed fertilisers-Other mineral or chemical fertilisers containing the two fertilising elements nitrogen and phosphorus,34644X0032022A,首页 > 其他可运输货物，金属制品、机械和设备除外 > 基础化学品 > 肥料和杀虫剂 > 同时含氮和磷的肥料,,1.4,tCO2e,5,2022,公吨
尿素,Urea,34611X0012005A,首页 > 其他可运输货物，金属制品、机械和设备除外 > 基础化学品 > 肥料和杀虫剂 > 尿素,,0.956,tCO2e,4,2005,公吨
化肥产品-混合肥料-尿素,Fertilisers-Mixed fertilisers-Urea,34611X0022022A,首页 > 其他可运输货物，金属制品、机械和设备除外 > 基础化学品 > 肥料和杀虫剂 > 尿素,不论是否为水溶液,1.9,tCO2e,5,2022,公吨
化肥产品-混合肥料-尿素和硝酸铵水溶液或氨溶液的混合物,Fertilisers-Mixed fertilisers-Mixtures of urea and ammonium nitrate in aqueous or ammoniacal solution,34616B0012022A,首页 > 其他可运输货物，金属制品、机械和设备除外 > 基础化学品 > 肥料和杀虫剂 > 尿素和硝酸铵在氨化溶液中的混合物,,1.34,tCO2e,5,2022,公吨
氨,Ammonia,34651X0012005A,首页 > 其他可运输货物，金属制品、机械和设备除外 > 基础化学品 > 肥料和杀虫剂 > 无水氨,,1.377,tCO2e,4,2005,公吨
煤制合成氨,Synthetic ammonia from coal,34651X0022020A,首页 > 其他可运输货物，金属制品、机械和设备除外 > 基础化学品 > 肥料和杀虫剂 > 无水氨,,4.17,kgCO2e,5,2020,kg
煤制合成氨,Synthetic ammonia from coal,34651X0032020A,首页 > 其他可运输货物，金属制品、机械和设备除外 > 基础化学品 > 肥料和杀虫剂 > 无水氨,,2.39,kgCO2e,5,2020,kg
煤制合成氨,Synthetic ammonia from coal,34651X0042015A,首页 > 其他可运输货物，金属制品、机械和设备除外 > 基础化学品 > 肥料和杀虫剂 > 无水氨,,5.94,kgCO2e,4,2015,kg
天然气制氨,synthetic ammonia from natural gas,34651X0052015A,首页 > 其他可运输货物，金属制品、机械和设备除外 > 基础化学品 > 肥料和杀虫剂 > 无水氨,,2.52,kgCO2e,4,2015,kg
天然气制氨,synthetic ammonia from natural gas,34651X0062020A,首页 > 其他可运输货物，金属制品、机械和设备除外 > 基础化学品 > 肥料和杀虫剂 > 无水氨,,1.897,kgCO2e,5,2020,kg
天然气制氨,synthetic ammonia from natural gas,34651X0072019A,首页 > 其他可运输货物，金属制品、机械和设备除外 > 基础化学品 > 肥料和杀虫剂 > 无水氨,,2.61,kgCO2e,4,2019,kg
氮肥,Nitrogen fertilizer,34619X0012014A,首页 > 其他可运输货物，金属制品、机械和设备除外 > 基础化学品 > 肥料和杀虫剂 > 未另列明的其他氮肥,,7.76,tCO2e,4,2014,公吨
氮肥,Nitrogen fertilizer,34619X0022009A,首页 > 其他可运输货物，金属制品、机械和设备除外 > 基础化学品 > 肥料和杀虫剂 > 未另列明的其他氮肥,,13.5,tCO2e,5,2009,公吨
碳酸氢铵,Ammonium Bicarbonate,34619X0042005A,首页 > 其他可运输货物，金属制品、机械和设备除外 > 基础化学品 > 肥料和杀虫剂 > 未另列明的其他氮肥,,0.341,tCO2e,4,2005,公吨
碳酸氢二铵,Diammonium Bicarbonate,34619X0052006A,首页 > 其他可运输货物，金属制品、机械和设备除外 > 基础化学品 > 肥料和杀虫剂 > 未另列明的其他氮肥,,4.07,tCO2e,4,2006,公吨
磷肥,Phosphate Fertilizer,34629X0012013A,首页 > 其他可运输货物，金属制品、机械和设备除外 > 基础化学品 > 肥料和杀虫剂 > 未另列明的其他磷肥,,2.33,tCO2e,4,2013,公吨
重过磷酸钙,Triple Superphosphate,34629X0022009A,首页 > 其他可运输货物，金属制品、机械和设备除外 > 基础化学品 > 肥料和杀虫剂 > 未另列明的其他磷肥,,0.215,tCO2e,4,2009,公吨
钙镁磷肥,fused calcium-magnesium phosphate,34629X0032009A,首页 > 其他可运输货物，金属制品、机械和设备除外 > 基础化学品 > 肥料和杀虫剂 > 未另列明的其他磷肥,,0.316,tCO2e,4,2009,公吨
花园垃圾堆肥,Compost derived from garden waste,34659X0012021A,首页 > 其他可运输货物，金属制品、机械和设备除外 > 基础化学品 > 肥料和杀虫剂 > 未另列明的肥料,,113.31,kgCO2e,4,2021,公吨
花园垃圾和食物堆肥,Compost derived from food and garden wastes,34659X0032021A,首页 > 其他可运输货物，金属制品、机械和设备除外 > 基础化学品 > 肥料和杀虫剂 > 未另列明的肥料,,116.13,kgCO2e,4,2021,公吨
化肥产品-混合肥料-其他混合肥料,Fertilisers-Mixed fertilisers-Other including mixtures not specified in the foregoing subheadings,34659X0052022A,首页 > 其他可运输货物，金属制品、机械和设备除外 > 基础化学品 > 肥料和杀虫剂 > 未另列明的肥料,,1.74,tCO2e,5,2022,公吨
化肥产品-混合肥料-含有两种或三种肥料元素氮、磷和钾的矿物或化学肥料（包装的毛重不超过 10 公斤）,Fertilisers-Mixed fertilisers-Goods in packages of a gross weight not exceeding 10 kg,34659X0062022A,首页 > 其他可运输货物，金属制品、机械和设备除外 > 基础化学品 > 肥料和杀虫剂 > 未另列明的肥料,,1.02,tCO2e,5,2022,公吨
钾肥,Potash fertilizer,34639C0012013A,首页 > 其他可运输货物，金属制品、机械和设备除外 > 基础化学品 > 肥料和杀虫剂 > 未另列明的钾肥,,0.66,tCO2e,4,2013,公吨
农药,pesticide,34661X0012015A,首页 > 其他可运输货物，金属制品、机械和设备除外 > 基础化学品 > 肥料和杀虫剂 > 杀虫剂,,13.5,kgCO2e,4,2015,kg
氯化钾,Potassium Chloride,34631X0012009A,首页 > 其他可运输货物，金属制品、机械和设备除外 > 基础化学品 > 肥料和杀虫剂 > 氯化钾(钾酸盐);,,0.101,tCO2e,4,2009,公吨
氯化铵,Ammonium Chloride,34653A0012005A,首页 > 其他可运输货物，金属制品、机械和设备除外 > 基础化学品 > 肥料和杀虫剂 > 氯化铵,,0.581,tCO2e,4,2005,公吨
猪粪便,Pig manure,34654A0012012A,首页 > 其他可运输货物，金属制品、机械和设备除外 > 基础化学品 > 肥料和杀虫剂 > 用作粪肥的动物排泄物,,518,kgCO2e,5,2012,kg
绵羊/山羊粪便,Sheep/goat manure,34654A0022012A,首页 > 其他可运输货物，金属制品、机械和设备除外 > 基础化学品 > 肥料和杀虫剂 > 用作粪肥的动物排泄物,,6.58,kgCO2e,5,2012,kg
水牛粪便,Buffalo excrement,34654A0032012A,首页 > 其他可运输货物，金属制品、机械和设备除外 > 基础化学品 > 肥料和杀虫剂 > 用作粪肥的动物排泄物,,140,kgCO2e,5,2012,kg
骡/驴/马粪便,Mule/donkey/horse dung,34654A0042012A,首页 > 其他可运输货物，金属制品、机械和设备除外 > 基础化学品 > 肥料和杀虫剂 > 用作粪肥的动物排泄物,,52.5,kgCO2e,5,2012,kg
家禽粪便,Poultry manure,34654A0052012A,首页 > 其他可运输货物，金属制品、机械和设备除外 > 基础化学品 > 肥料和杀虫剂 > 用作粪肥的动物排泄物,,1.27,kgCO2e,5,2012,kg
骆驼粪便,Camel dung,34654A0062012A,首页 > 其他可运输货物，金属制品、机械和设备除外 > 基础化学品 > 肥料和杀虫剂 > 用作粪肥的动物排泄物,,62.5,kgCO2e,5,2012,kg
硝酸铵,Ammonium Nitrate,34613X0012005A,首页 > 其他可运输货物，金属制品、机械和设备除外 > 基础化学品 > 肥料和杀虫剂 > 硝酸铵,,1.471,tCO2e,4,2005,公吨
化肥产品-铵态氮肥,Fertilisers-Ammonia,34615B0012022A,首页 > 其他可运输货物，金属制品、机械和设备除外 > 基础化学品 > 肥料和杀虫剂 > 硝酸铵与其他无机非肥料的混合物,,2.82,tCO2e,5,2022,公吨
化肥产品-混合肥料-硫酸铵和硝酸铵的复盐及混合物,Fertilisers-Mixed fertilisers-Double salts and mixtures of ammonium sulphate and ammonium nitrate,34615B0022022A,首页 > 其他可运输货物，金属制品、机械和设备除外 > 基础化学品 > 肥料和杀虫剂 > 硝酸铵与其他无机非肥料的混合物,,1.63,tCO2e,5,2022,公吨
化肥产品-混合肥料-硝酸铵,Fertilisers-Mixed fertilisers-Ammonium nitrate,34615B0032022A,首页 > 其他可运输货物，金属制品、机械和设备除外 > 基础化学品 > 肥料和杀虫剂 > 硝酸铵与其他无机非肥料的混合物,不论是否为水溶液,2.39,tCO2e,5,2022,公吨
化肥产品-混合肥料-硝酸铵与碳酸钙或其他无机非肥料物质的混合物,Fertilisers-Mixed fertilisers-Mixtures of ammonium nitrate with calcium carbonate or other inorganic non-fertilising substances,34615A0012022A,首页 > 其他可运输货物，金属制品、机械和设备除外 > 基础化学品 > 肥料和杀虫剂 > 硝酸铵与碳酸钙或其他无机非肥料的混合物,,1.84,tCO2e,5,2022,公吨
化肥产品-混合肥料-硝酸钙和硝酸铵的复盐及混合物,Fertilisers-Mixed fertilisers-Double salts and mixtures of calcium nitrate and ammonium nitrate,34615A0022022A,首页 > 其他可运输货物，金属制品、机械和设备除外 > 基础化学品 > 肥料和杀虫剂 > 硝酸铵与碳酸钙或其他无机非肥料的混合物,,1.95,tCO2e,5,2022,公吨
硫酸钾,Potassium Sulphate,34632X0012009A,首页 > 其他可运输货物，金属制品、机械和设备除外 > 基础化学品 > 肥料和杀虫剂 > 硫酸钾,,0.204,tCO2e,4,2009,公吨
磷酸一铵,monoammonium phosphate,34612X0012009A,首页 > 其他可运输货物，金属制品、机械和设备除外 > 基础化学品 > 肥料和杀虫剂 > 硫酸铵,,0.34,tCO2e,4,2009,公吨
磷酸二铵,diammonium phosphate,34642X0012009A,首页 > 其他可运输货物，金属制品、机械和设备除外 > 基础化学品 > 肥料和杀虫剂 > 磷酸氢二铵(磷酸二铵);,,0.499,tCO2e,4,2009,公吨
过磷酸钙,Superphosphate,34621X0012009A,首页 > 其他可运输货物，金属制品、机械和设备除外 > 基础化学品 > 肥料和杀虫剂 > 过磷酸钙,,0.031,tCO2e,4,2009,公吨
着色剂（偶氮类染料）,Azo Dye,34310A0022024A,首页 > 其他可运输货物，金属制品、机械和设备除外 > 基础化学品 > 鞣料及染料提取物；鞣料及其衍生物；未另列明的色料 > 合成有机色料,,13,kgCO2e,4,2024,kg
足球,football,38440X0012018A,首页 > 其他可运输货物，金属制品、机械和设备除外 > 家具；其他未另列明的可运输货物 > 体育用品 > 其他供运动或室外运动用的物及设备（包括运动手套、球类、高尔夫球棒、乒乓球设备、草地网球球拍）；游泳池及嬉水池,,3.4,kgCO2e,3,2018,个
篮球,basketball,38440X0022018A,首页 > 其他可运输货物，金属制品、机械和设备除外 > 家具；其他未另列明的可运输货物 > 体育用品 > 其他供运动或室外运动用的物及设备（包括运动手套、球类、高尔夫球棒、乒乓球设备、草地网球球拍）；游泳池及嬉水池,,3.6,kgCO2e,3,2018,个
网球拍,tennis racket,38440X0032018A,首页 > 其他可运输货物，金属制品、机械和设备除外 > 家具；其他未另列明的可运输货物 > 体育用品 > 其他供运动或室外运动用的物及设备（包括运动手套、球类、高尔夫球棒、乒乓球设备、草地网球球拍）；游泳池及嬉水池,,19,kgCO2e,3,2018,个
金属拉链,Metal zipper,38923X0012014A,首页 > 其他可运输货物，金属制品、机械和设备除外 > 家具；其他未另列明的可运输货物 > 其他未另列明的制成品 > 揿扣、按扣、饰扣及其零件；纽扣、拉链,,0.147,kgCO2e,5,2014,条
TPR 材料橡皮,TPR Material Rubber,38999X0012024B,首页 > 其他可运输货物，金属制品、机械和设备除外 > 家具；其他未另列明的可运输货物 > 其他未另列明的制成品 > 未另列明的物品（包括蜡烛、小蜡烛、带有羽毛的鸟皮、人造花、娱乐用品、手用细眼筛和手用粗眼筛、暖水瓶、成衣用假人、商店橱窗装饰用的活动陈列品及未另列明的零件）,,1.1274,kgCO2e,5,2024,kg
塑料纽扣,Plastic buttons-PVC-U,38924X0012014A,首页 > 其他可运输货物，金属制品、机械和设备除外 > 家具；其他未另列明的可运输货物 > 其他未另列明的制成品 > 纽扣模及其他纽扣零件；纽扣坯料；拉链的零件,-,18.146,kgCO2e,5,2014,kg
塑钢拉链,plastic steel zipper,38924X0022014A,首页 > 其他可运输货物，金属制品、机械和设备除外 > 家具；其他未另列明的可运输货物 > 其他未另列明的制成品 > 纽扣模及其他纽扣零件；纽扣坯料；拉链的零件,,0.101,kgCO2e,4,2014,kg
塑料纽扣（PVC-U）,plastic button,38924X0042014A,首页 > 其他可运输货物，金属制品、机械和设备除外 > 家具；其他未另列明的可运输货物 > 其他未另列明的制成品 > 纽扣模及其他纽扣零件；纽扣坯料；拉链的零件,（PVC-U）,18.146,kgCO2e,5,2014,kg
塑料纽扣（PE-X）,plastic buttons,38924X0052014A,首页 > 其他可运输货物，金属制品、机械和设备除外 > 家具；其他未另列明的可运输货物 > 其他未另列明的制成品 > 纽扣模及其他纽扣零件；纽扣坯料；拉链的零件,塑料纽扣（PE-X）,22.566,kgCO2e,5,2014,kg
塑料纽扣（PR-R）,plastic buttons,38924X0062014A,首页 > 其他可运输货物，金属制品、机械和设备除外 > 家具；其他未另列明的可运输货物 > 其他未另列明的制成品 > 纽扣模及其他纽扣零件；纽扣坯料；拉链的零件,塑料纽扣（PR-R）,19.696,kgCO2e,5,2014,kg
树脂纽扣,resin buttons,38924X0072014A,首页 > 其他可运输货物，金属制品、机械和设备除外 > 家具；其他未另列明的可运输货物 > 其他未另列明的制成品 > 纽扣模及其他纽扣零件；纽扣坯料；拉链的零件,树脂纽扣,23.806,kgCO2e,5,2014,kg
铜纽扣,copper buttons,38924X0082014A,首页 > 其他可运输货物，金属制品、机械和设备除外 > 家具；其他未另列明的可运输货物 > 其他未另列明的制成品 > 纽扣模及其他纽扣零件；纽扣坯料；拉链的零件,,17.586,kgCO2e,5,2014,kg
钢合金纽扣,steel alloy button,38924X0092014A,首页 > 其他可运输货物，金属制品、机械和设备除外 > 家具；其他未另列明的可运输货物 > 其他未另列明的制成品 > 纽扣模及其他纽扣零件；纽扣坯料；拉链的零件,,15.596,kgCO2e,5,2014,kg
铝合金纽扣,aluminum buttons,38924X0102014A,首页 > 其他可运输货物，金属制品、机械和设备除外 > 家具；其他未另列明的可运输货物 > 其他未另列明的制成品 > 纽扣模及其他纽扣零件；纽扣坯料；拉链的零件,,15.496,kgCO2e,5,2014,kg
木纽扣,wooden button,38924X0112014A,首页 > 其他可运输货物，金属制品、机械和设备除外 > 家具；其他未另列明的可运输货物 > 其他未另列明的制成品 > 纽扣模及其他纽扣零件；纽扣坯料；拉链的零件,,14.096,kgCO2e,5,2014,kg
尼龙拉链,Nylon zipper,38924X0122014A,首页 > 其他可运输货物，金属制品、机械和设备除外 > 家具；其他未另列明的可运输货物 > 其他未另列明的制成品 > 纽扣模及其他纽扣零件；纽扣坯料；拉链的零件,,0.077,kgCO2e,5,2014,kg
NO.996 ㄅㄆㄇ三角涂头铅笔(HB),B.B.E. triangle tip pencil(HB),38911X0042019A,首页 > 其他可运输货物，金属制品、机械和设备除外 > 家具；其他未另列明的可运输货物 > 其他未另列明的制成品 > 钢笔、复写铁笔、铅笔、钢笔杆、铅笔杆及类似笔杆及其零件；绘图粉笔、铅笔芯、蜡笔、绘图木炭笔及粉笔,NO.996ㄅㄆㄇ,26,gCO2e,4,2019,支 
NO.997ABC三角涂头铅笔(HB),ABC triangle tip pencil (HB),38911X0062019A,首页 > 其他可运输货物，金属制品、机械和设备除外 > 家具；其他未另列明的可运输货物 > 其他未另列明的制成品 > 钢笔、复写铁笔、铅笔、钢笔杆、铅笔杆及类似笔杆及其零件；绘图粉笔、铅笔芯、蜡笔、绘图木炭笔及粉笔,NO.997ABC,26,gCO2e,4,2019,支 
NO.167奶油狮好朋友三角涂头铅笔(黄色版)(HB),Butter Lion best friend triangle tip pencil (Yellow version) (HB),38911X0092019A,首页 > 其他可运输货物，金属制品、机械和设备除外 > 家具；其他未另列明的可运输货物 > 其他未另列明的制成品 > 钢笔、复写铁笔、铅笔、钢笔杆、铅笔杆及类似笔杆及其零件；绘图粉笔、铅笔芯、蜡笔、绘图木炭笔及粉笔,NO.167,26,gCO2e,4,2019,支 
NO.168 奶油狮好朋友三角涂头铅笔(蓝色版)(HB),Butter Lion best friend triangle tip pencil (Blue version) (HB),38911X0102019A,首页 > 其他可运输货物，金属制品、机械和设备除外 > 家具；其他未另列明的可运输货物 > 其他未另列明的制成品 > 钢笔、复写铁笔、铅笔、钢笔杆、铅笔杆及类似笔杆及其零件；绘图粉笔、铅笔芯、蜡笔、绘图木炭笔及粉笔,NO.168,26,gCO2e,4,2019,支 
NO.169奶油狮好朋友三角涂头铅笔(粉色版)(HB),Butter Lion best friend triangle tip pencil(pink version)(HB),38911X0112019A,首页 > 其他可运输货物，金属制品、机械和设备除外 > 家具；其他未另列明的可运输货物 > 其他未另列明的制成品 > 钢笔、复写铁笔、铅笔、钢笔杆、铅笔杆及类似笔杆及其零件；绘图粉笔、铅笔芯、蜡笔、绘图木炭笔及粉笔,NO.169,26,gCO2e,4,2019,支 
NO.170奶油狮好朋友三角涂头铅笔(红色版),Butter Lion best friend triangle tip pencil(red version)(HB),38911X0122019A,首页 > 其他可运输货物，金属制品、机械和设备除外 > 家具；其他未另列明的可运输货物 > 其他未另列明的制成品 > 钢笔、复写铁笔、铅笔、钢笔杆、铅笔杆及类似笔杆及其零件；绘图粉笔、铅笔芯、蜡笔、绘图木炭笔及粉笔,NO.170(紅色版),26,gCO2e,4,2019,支 
NO.112爱地球LOVE Earth圆杆涂头(2B)铅笔,LOVE Earth round barrel pencil with coated tip(2B),38911X0132019A,首页 > 其他可运输货物，金属制品、机械和设备除外 > 家具；其他未另列明的可运输货物 > 其他未另列明的制成品 > 钢笔、复写铁笔、铅笔、钢笔杆、铅笔杆及类似笔杆及其零件；绘图粉笔、铅笔芯、蜡笔、绘图木炭笔及粉笔,NO.112,26,gCO2e,4,2019,支 
奶油狮好朋友学龄前削尖涂头铅笔(2B),Butter Lion Best Friend sharpie tip pencil(2B),38911X0142019A,首页 > 其他可运输货物，金属制品、机械和设备除外 > 家具；其他未另列明的可运输货物 > 其他未另列明的制成品 > 钢笔、复写铁笔、铅笔、钢笔杆、铅笔杆及类似笔杆及其零件；绘图粉笔、铅笔芯、蜡笔、绘图木炭笔及粉笔,-,38,gCO2e,4,2019,支
奶油狮好朋友学龄前削尖皮头铅笔(2B),Butter Lion Best Friend sharpie leather tip pencil(2B),38911X0172019A,首页 > 其他可运输货物，金属制品、机械和设备除外 > 家具；其他未另列明的可运输货物 > 其他未另列明的制成品 > 钢笔、复写铁笔、铅笔、钢笔杆、铅笔杆及类似笔杆及其零件；绘图粉笔、铅笔芯、蜡笔、绘图木炭笔及粉笔,,70,gCO2e,4,2019,支
得力速干按动中性笔,Deli Quick-Drying Push-Button Ballpoint Pen,38911X0182025B,首页 > 其他可运输货物，金属制品、机械和设备除外 > 家具；其他未另列明的可运输货物 > 其他未另列明的制成品 > 钢笔、复写铁笔、铅笔、钢笔杆、铅笔杆及类似笔杆及其零件；绘图粉笔、铅笔芯、蜡笔、绘图木炭笔及粉笔,XL001；XL002；XL003 0.5mm 双珠 ST 头（黑）,0.2125,kgCO2e,5,2025,个
磁石玩具,Magnet toy,38560X0012014A,首页 > 其他可运输货物，金属制品、机械和设备除外 > 家具；其他未另列明的可运输货物 > 娱乐用具及玩具 > 其他玩具（包括玩具乐器）,,1.938,kgCO2e,4,2014,kg
塑料玩具（乐高砖块）,LEGO brick,38560X0012015A,首页 > 其他可运输货物，金属制品、机械和设备除外 > 家具；其他未另列明的可运输货物 > 娱乐用具及玩具 > 其他玩具（包括玩具乐器）,,22,gCO2e,5,2015,个
塑料玩具-芭比,Plastic toy(Barbie),38560X0022022A,首页 > 其他可运输货物，金属制品、机械和设备除外 > 家具；其他未另列明的可运输货物 > 娱乐用具及玩具 > 其他玩具（包括玩具乐器）,芭比娃娃（Fashionista 111）,0.6483,kgCO2e,3,2022,个
塑料玩具（50块）,Plastic toy,38560X0032022A,首页 > 其他可运输货物，金属制品、机械和设备除外 > 家具；其他未另列明的可运输货物 > 娱乐用具及玩具 > 其他玩具（包括玩具乐器）,Marble Frenzy 狂暴弹珠,1.1749,kgCO2e,3,2022,个
塑料玩具（691块）,Plastic toy,38560X0042022A,首页 > 其他可运输货物，金属制品、机械和设备除外 > 家具；其他未另列明的可运输货物 > 娱乐用具及玩具 > 其他玩具（包括玩具乐器）,Lego (Star Wars)  乐高星球大战玩具,1.5375,kgCO2e,3,2022,个
塑料玩具（206块）,Plastic toy,38560X0052022A,首页 > 其他可运输货物，金属制品、机械和设备除外 > 家具；其他未另列明的可运输货物 > 娱乐用具及玩具 > 其他玩具（包括玩具乐器）,Lego (Batgirl) 乐高蝙蝠女,0.3361,kgCO2e,3,2022,个
塑料玩具（139块）,Plastic toy,38560X0062022A,首页 > 其他可运输货物，金属制品、机械和设备除外 > 家具；其他未另列明的可运输货物 > 娱乐用具及玩具 > 其他玩具（包括玩具乐器）,Lego (Cat Woman) 乐高猫女,0.7554,kgCO2e,3,2022,个
毛绒娃娃,Plush Dolls,38520X0012011A,首页 > 其他可运输货物，金属制品、机械和设备除外 > 家具；其他未另列明的可运输货物 > 娱乐用具及玩具 > 玩偶,,0.298,kgCO2e,4,2011,件
桌子,table,38590X0012018A,首页 > 其他可运输货物，金属制品、机械和设备除外 > 家具；其他未另列明的可运输货物 > 娱乐用具及玩具 > 用于露天游乐场、桌子和室内游戏的其他设备（包括用于台球戏、弹球机、纸牌游戏及自动滚木球专用桌台的设备），不包括使用电视接收机的电视游戏,四人餐桌,15,kgCO2e,3,2018,个
木椅,wooden chair,38590X0022018A,首页 > 其他可运输货物，金属制品、机械和设备除外 > 家具；其他未另列明的可运输货物 > 娱乐用具及玩具 > 用于露天游乐场、桌子和室内游戏的其他设备（包括用于台球戏、弹球机、纸牌游戏及自动滚木球专用桌台的设备），不包括使用电视接收机的电视游戏,,4.9,kgCO2e,3,2018,个
塑料椅子,plastic chair,38590X0032018A,首页 > 其他可运输货物，金属制品、机械和设备除外 > 家具；其他未另列明的可运输货物 > 娱乐用具及玩具 > 用于露天游乐场、桌子和室内游戏的其他设备（包括用于台球戏、弹球机、纸牌游戏及自动滚木球专用桌台的设备），不包括使用电视接收机的电视游戏,,30,kgCO2e,3,2018,个
混合椅,hybrid chair,38590X0042018A,首页 > 其他可运输货物，金属制品、机械和设备除外 > 家具；其他未另列明的可运输货物 > 娱乐用具及玩具 > 用于露天游乐场、桌子和室内游戏的其他设备（包括用于台球戏、弹球机、纸牌游戏及自动滚木球专用桌台的设备），不包括使用电视接收机的电视游戏,,7.8,kgCO2e,3,2018,个
储藏柜,cabinet,38590X0052018A,首页 > 其他可运输货物，金属制品、机械和设备除外 > 家具；其他未另列明的可运输货物 > 娱乐用具及玩具 > 用于露天游乐场、桌子和室内游戏的其他设备（包括用于台球戏、弹球机、纸牌游戏及自动滚木球专用桌台的设备），不包括使用电视接收机的电视游戏,,553,kgCO2e,3,2018,个
Xbox Series S 家庭游戏机,Xbox Series S,38581X0012022B,首页 > 其他可运输货物，金属制品、机械和设备除外 > 家具；其他未另列明的可运输货物 > 娱乐用具及玩具 > 电视游戏机,Xbox Series S,559,kgCO2e,5,2022,台
Xbox One S 家庭游戏机,Xbox One S,38581X0022020B,首页 > 其他可运输货物，金属制品、机械和设备除外 > 家具；其他未另列明的可运输货物 > 娱乐用具及玩具 > 电视游戏机,Xbox One S,505,kgCO2e,5,2020,台
Xbox One X 家庭游戏机,Xbox One X,38581X0032020B,首页 > 其他可运输货物，金属制品、机械和设备除外 > 家具；其他未另列明的可运输货物 > 娱乐用具及玩具 > 电视游戏机,Xbox One X,745,kgCO2e,5,2020,台
汽车座椅,Automobile Seat,38119X0012023A,首页 > 其他可运输货物，金属制品、机械和设备除外 > 家具；其他未另列明的可运输货物 > 家具 > 其他座椅,,61.38,kgCO2e,4,2023,个
刨花板,particleboard,10160A0052016A,首页 > 其他可运输货物，金属制品、机械和设备除外 > 家具；其他未另列明的可运输货物 > 家具 > 办公室用的其他木制家具,,410.79,kgCO2e,4,2016,m3
嵌条板家具,melamine board furniture,10160A0062015A,首页 > 其他可运输货物，金属制品、机械和设备除外 > 家具；其他未另列明的可运输货物 > 家具 > 办公室用的其他木制家具,,101.33,kgCO2e,4,2015,件
拼板家具,veneer board furniture,10160A0072015A,首页 > 其他可运输货物，金属制品、机械和设备除外 > 家具；其他未另列明的可运输货物 > 家具 > 办公室用的其他木制家具,,90.97,kgCO2e,4,2015,件
木皮板家具,jointed board furniture,10160A0082015A,首页 > 其他可运输货物，金属制品、机械和设备除外 > 家具；其他未另列明的可运输货物 > 家具 > 办公室用的其他木制家具,,74.66,kgCO2e,4,2015,件
三聚氰胺板家具,slit plate furniture,10160A0092015A,首页 > 其他可运输货物，金属制品、机械和设备除外 > 家具；其他未另列明的可运输货物 > 家具 > 办公室用的其他木制家具,,55.87,kgCO2e,4,2015,件
木家具,Wooden furniture,38122X0162022B,首页 > 其他可运输货物，金属制品、机械和设备除外 > 家具；其他未另列明的可运输货物 > 家具 > 办公室用的其他木制家具,,246,kgCO2e,3,2022,m3
椅子,Stool with backrest,38122X0072022A,首页 > 其他可运输货物，金属制品、机械和设备除外 > 家具；其他未另列明的可运输货物 > 家具 > 办公室用的其他木制家具,CP20200200011-03,74.55,kgCO2e,5,2022,台
凳子,Stool,38122X0082022A,首页 > 其他可运输货物，金属制品、机械和设备除外 > 家具；其他未另列明的可运输货物 > 家具 > 办公室用的其他木制家具,CP20200200011-02,64.6,kgCO2e,4,2022,台
实木板书柜,Solid Wood Board Bookshelf,38122X0172025A,首页 > 其他可运输货物，金属制品、机械和设备除外 > 家具；其他未另列明的可运输货物 > 家具 > 办公室用的其他木制家具,,55.04,kgCO2e,5,2025,件
金属家具,Metallic furniture,38121X0022022B,首页 > 其他可运输货物，金属制品、机械和设备除外 > 家具；其他未另列明的可运输货物 > 家具 > 办公室用的其他金属制家具,,1290,kgCO2e,3,2022,m3
厨房橱柜,Kitchen Cabinet,38130X0012012A,首页 > 其他可运输货物，金属制品、机械和设备除外 > 家具；其他未另列明的可运输货物 > 家具 > 厨房用的其他木制家具,,139.08,kgCO2e,5,2012,个
竹质家具,Bamboo furniture,38130X0012014A,首页 > 其他可运输货物，金属制品、机械和设备除外 > 家具；其他未另列明的可运输货物 > 家具 > 厨房用的其他木制家具,,-1.27,tCO2e,4,2014,公吨
餐椅,Dining Chair ,38130X0012022A,首页 > 其他可运输货物，金属制品、机械和设备除外 > 家具；其他未另列明的可运输货物 > 家具 > 厨房用的其他木制家具,JR-AM-21001E,94,kgCO2e,4,2022,台
床垫,mattress,38150X0012018A,首页 > 其他可运输货物，金属制品、机械和设备除外 > 家具；其他未另列明的可运输货物 > 家具 > 床垫支撑架；装有弹簧或内部装填有或贴合有某种材料、或由泡沫橡胶或泡沫塑料制成的床垫，不论有无外罩,,262,kgCO2e,3,2018,个
弹簧床垫,spring mattress,38150X0022018A,首页 > 其他可运输货物，金属制品、机械和设备除外 > 家具；其他未另列明的可运输货物 > 家具 > 床垫支撑架；装有弹簧或内部装填有或贴合有某种材料、或由泡沫橡胶或泡沫塑料制成的床垫，不论有无外罩,,210,kgCO2e,3,2018,个
茶几,Tea Table,38140X0012012A,首页 > 其他可运输货物，金属制品、机械和设备除外 > 家具；其他未另列明的可运输货物 > 家具 > 未另列明的其他家具,,89.9,kgCO2e,5,2012,个
茶水柜,Tea Cabinet,38140X0022012A,首页 > 其他可运输货物，金属制品、机械和设备除外 > 家具；其他未另列明的可运输货物 > 家具 > 未另列明的其他家具,,160.018,kgCO2e,5,2012,个
多功能家具（三聚氰胺板）,Melamine board furniture,38140X0032015A,首页 > 其他可运输货物，金属制品、机械和设备除外 > 家具；其他未另列明的可运输货物 > 家具 > 未另列明的其他家具,,55.87,kgCO2e,5,2015,个
多功能家具（大皮板）,Wood veneer furniture,38140X0042015A,首页 > 其他可运输货物，金属制品、机械和设备除外 > 家具；其他未另列明的可运输货物 > 家具 > 未另列明的其他家具,,74.66,kgCO2e,5,2015,个
多功能家具（拼版）,Handmade furniture,38140X0052015A,首页 > 其他可运输货物，金属制品、机械和设备除外 > 家具；其他未另列明的可运输货物 > 家具 > 未另列明的其他家具,,90.97,kgCO2e,5,2015,个
多功能家具（嵌条板）,Panelled furniture,38140X0062015A,首页 > 其他可运输货物，金属制品、机械和设备除外 > 家具；其他未另列明的可运输货物 > 家具 > 未另列明的其他家具,,101.33,kgCO2e,5,2015,个
床架,bedstead,38140X0072018A,首页 > 其他可运输货物，金属制品、机械和设备除外 > 家具；其他未另列明的可运输货物 > 家具 > 未另列明的其他家具,,39,kgCO2e,3,2018,个
木制花园家具,wooden garden furniture,38140X0082018A,首页 > 其他可运输货物，金属制品、机械和设备除外 > 家具；其他未另列明的可运输货物 > 家具 > 未另列明的其他家具,,41,kgCO2e,3,2018,个
金属花园家具,metal garden furniture,38140X0092018A,首页 > 其他可运输货物，金属制品、机械和设备除外 > 家具；其他未另列明的可运输货物 > 家具 > 未另列明的其他家具,,181,kgCO2e,3,2018,个
树脂柳条花园家具,resin wicker garden furniture,38140X0102018A,首页 > 其他可运输货物，金属制品、机械和设备除外 > 家具；其他未另列明的可运输货物 > 家具 > 未另列明的其他家具,,196,kgCO2e,3,2018,个
布艺沙发,fabric sofa,38140X0112018A,首页 > 其他可运输货物，金属制品、机械和设备除外 > 家具；其他未另列明的可运输货物 > 家具 > 未另列明的其他家具,,104,kgCO2e,3,2018,个
真皮沙发,leather sofa,38140X0122018A,首页 > 其他可运输货物，金属制品、机械和设备除外 > 家具；其他未另列明的可运输货物 > 家具 > 未另列明的其他家具,,96,kgCO2e,3,2018,个
可转换沙发,convertible sofa,38140X0132018A,首页 > 其他可运输货物，金属制品、机械和设备除外 > 家具；其他未另列明的可运输货物 > 家具 > 未另列明的其他家具,,149,kgCO2e,3,2018,个
木质家具,Wooden furniture,38140X0012016A,首页 > 其他可运输货物，金属制品、机械和设备除外 > 家具；其他未另列明的可运输货物 > 家具 > 未另列明的其他家具,,-1.857,tCO2e,4,2016,公吨
竹质家具,Bamboo furniture,38140X0022001A,首页 > 其他可运输货物，金属制品、机械和设备除外 > 家具；其他未另列明的可运输货物 > 家具 > 未另列明的其他家具,,-1.582,tCO2e,4,2001,公吨
木家具,Wood furniture,38140X0012022B,首页 > 其他可运输货物，金属制品、机械和设备除外 > 家具；其他未另列明的可运输货物 > 家具 > 未另列明的其他家具,,509,kgCO2e,3,2022,m3
木家具,Wood furniture,38140X0102021B,首页 > 其他可运输货物，金属制品、机械和设备除外 > 家具；其他未另列明的可运输货物 > 家具 > 未另列明的其他家具,,234,kgCO2e,3,2021,m3
金属家具,Metal furniture,38140X0092021B,首页 > 其他可运输货物，金属制品、机械和设备除外 > 家具；其他未另列明的可运输货物 > 家具 > 未另列明的其他家具,,231,kgCO2e,3,2021,m3
软体家具,Upholstered furniture,38140X0112021B,首页 > 其他可运输货物，金属制品、机械和设备除外 > 家具；其他未另列明的可运输货物 > 家具 > 未另列明的其他家具,,10.2,kgCO2e,3,2021,m3
木家具,Wood furniture,38140X0132022B,首页 > 其他可运输货物，金属制品、机械和设备除外 > 家具；其他未另列明的可运输货物 > 家具 > 未另列明的其他家具,,19.7,kgCO2e,3,2022,m3
金属家具,Metal furniture,38140X0122022B,首页 > 其他可运输货物，金属制品、机械和设备除外 > 家具；其他未另列明的可运输货物 > 家具 > 未另列明的其他家具,,33.6,kgCO2e,3,2022,m3
木家具,Wooden furniture,38140X0162021B,首页 > 其他可运输货物，金属制品、机械和设备除外 > 家具；其他未另列明的可运输货物 > 家具 > 未另列明的其他家具,,683,kgCO2e,4,2021,m3
金属家具,Metallic furniture,38140X0192021B,首页 > 其他可运输货物，金属制品、机械和设备除外 > 家具；其他未另列明的可运输货物 > 家具 > 未另列明的其他家具,,151,kgCO2e,4,2021,m3
软体家具,Upholstered furniture,38140X0202021B,首页 > 其他可运输货物，金属制品、机械和设备除外 > 家具；其他未另列明的可运输货物 > 家具 > 未另列明的其他家具,,12200,kgCO2e,4,2021,m3
浙江欧义竹木制品有限公司竹地垫,"Bamboo Floor Mat - Zhejiang Ouyi Bamboo & Wood Products Co., Ltd.",38140X0282022B,首页 > 其他可运输货物，金属制品、机械和设备除外 > 家具；其他未另列明的可运输货物 > 家具 > 未另列明的其他家具,,0.22,kgCO2e,5,2022,kg
动物废料,Animal waste,39990X0012004A,首页 > 其他可运输货物，金属制品、机械和设备除外 > 废料或碎屑 > 其他废料与碎屑 > 其他未另列明的废弃物,,1.18,tCO2e,4,2004,公吨
亚硫酸盐废液（黑液）,Sulfite waste liquor (black liquor),39990X0022025C,首页 > 其他可运输货物，金属制品、机械和设备除外 > 废料或碎屑 > 其他废料与碎屑 > 其他未另列明的废弃物,,1.12,tCO2e,5,2025,公吨
填埋气体,Landfill gas,39990X0032025C,首页 > 其他可运输货物，金属制品、机械和设备除外 > 废料或碎屑 > 其他废料与碎屑 > 其他未另列明的废弃物,,2.75,tCO2e,5,2025,公吨
污泥气体,Sludge gas,39990X0042025C,首页 > 其他可运输货物，金属制品、机械和设备除外 > 废料或碎屑 > 其他废料与碎屑 > 其他未另列明的废弃物,,2.75,tCO2e,5,2025,公吨
其他生物气体,Other biogas,39990X0052025C,首页 > 其他可运输货物，金属制品、机械和设备除外 > 废料或碎屑 > 其他废料与碎屑 > 其他未另列明的废弃物,,2.75,tCO2e,5,2025,公吨
废油,Waste oil,39990X0062025C,首页 > 其他可运输货物，金属制品、机械和设备除外 > 废料或碎屑 > 其他废料与碎屑 > 其他未另列明的废弃物,,2.95,tCO2e,5,2025,公吨
煤矸石,gangue,39950X0012013A,首页 > 其他可运输货物，金属制品、机械和设备除外 > 废料或碎屑 > 其他废料与碎屑 > 化学工业及其配套工业的废弃物,,1.59,tCO2e,5,2013,公吨
拆除建筑废弃物,Demolition waste,39910X0012022A,首页 > 其他可运输货物，金属制品、机械和设备除外 > 废料或碎屑 > 其他废料与碎屑 > 城市废弃物,,0.2487,kgCO2e,5,2022,kg
城市废弃物（非生物量比例）,Urban waste (non-biomass fraction),39910X0022025C,首页 > 其他可运输货物，金属制品、机械和设备除外 > 废料或碎屑 > 其他废料与碎屑 > 城市废弃物,,0.92,tCO2e,5,2025,公吨
城市废弃物（生物量比例）,Urban waste (biomass fraction),39910X0032025C,首页 > 其他可运输货物，金属制品、机械和设备除外 > 废料或碎屑 > 其他废料与碎屑 > 城市废弃物,,1.16,tCO2e,5,2025,公吨
污泥处置-中温厌氧消化+脱水+填埋/土地利用,Medium temperature anaerobic digestion + dehydration + landfill/land use,39920X0012023A,首页 > 其他可运输货物，金属制品、机械和设备除外 > 废料或碎屑 > 其他废料与碎屑 > 污水污泥,,1410,kgCO2e,5,2023,公吨
污泥处置-脱水+填埋/焚烧,Dehydration + landfill/incineration,39920X0022023A,首页 > 其他可运输货物，金属制品、机械和设备除外 > 废料或碎屑 > 其他废料与碎屑 > 污水污泥,,1881,kgCO2e,5,2023,公吨
污泥处置-高温厌氧消化+脱水+农用,High temperature anaerobic digestion + dehydration + agricultural use,39920X0032023A,首页 > 其他可运输货物，金属制品、机械和设备除外 > 废料或碎屑 > 其他废料与碎屑 > 污水污泥,,471,kgCO2e,4,2023,公吨
污泥处置-中温厌氧消化+脱水+农用,Medium temperature anaerobic digestion + dehydration + agricultural use,39920X0042023A,首页 > 其他可运输货物，金属制品、机械和设备除外 > 废料或碎屑 > 其他废料与碎屑 > 污水污泥,,402,kgCO2e,5,2023,公吨
污泥处置-热水解+中温厌氧消化+脱水+农用,Thermal hydrolysis + medium temperature anaerobic digestion + dehydration + agricultural use,39920X0052023A,首页 > 其他可运输货物，金属制品、机械和设备除外 > 废料或碎屑 > 其他废料与碎屑 > 污水污泥,,405,kgCO2e,5,2023,公吨
木材/木材废弃物,Wood/Wood Waste,39283X0012025C,首页 > 其他可运输货物，金属制品、机械和设备除外 > 废料或碎屑 > 非金属废料或碎屑 > 不成块的木废料和碎屑,,1.74,tCO2e,5,2025,公吨
195/65R15的PCR轮胎,PCR tyre of model 195/65 R15,39260X0022020A,首页 > 其他可运输货物，金属制品、机械和设备除外 > 废料或碎屑 > 非金属废料或碎屑 > 使用过的橡胶充气轮胎,,47.032,kgCO2e,5,2020,kg
275/80R22.5的TBR轮胎,TBR tyre of model 275/80 R22.5,39260X0032020A,首页 > 其他可运输货物，金属制品、机械和设备除外 > 废料或碎屑 > 非金属废料或碎屑 > 使用过的橡胶充气轮胎,,2016.4,kgCO2e,5,2020,条
骨骼及其他产品（牛）,bones and other products（Cow）,39110X0012006A,首页 > 其他可运输货物，金属制品、机械和设备除外 > 废料或碎屑 > 食品工业和烟草工业的废料 > 不适于食用的未处理的下水（包括猪鬃、动物内脏、鸟皮、羽毛、骨、象牙）,,2,kgCO2e,4,2006,kg
工业原木,Insdustrial roundwood,31922X0012014A,首页 > 其他可运输货物，金属制品、机械和设备除外 > 木材、软木、秸秆及编结材料制品 > 其他木制品；软木、编结材料及稻草制品 > 天然软木制品；凝结软木及其制品,,-1.819,tCO2e,4,2014,公吨
强化木地板,laminate flooring,31921X0012014A,首页 > 其他可运输货物，金属制品、机械和设备除外 > 木材、软木、秸秆及编结材料制品 > 其他木制品；软木、编结材料及稻草制品 > 天然软木，略成正方形状、块状、板状、片状和条状、经碾碎，成粒状的或研磨的软木；废软木,,3.132,kgCO2e,5,2014,平方米
实木床头柜	,Solid wood bedside tables	,31911X0012016A,首页 > 其他可运输货物，金属制品、机械和设备除外 > 木材、软木、秸秆及编结材料制品 > 其他木制品；软木、编结材料及稻草制品 > 木制工具、工具的木制主体和把手，扫帚和刷子的木制主体和把手；木制靴楦、鞋楦,,16.5,kgCO2e,5,2016,个
人造板 (创花板),Wood-based panel (creative board),31700X0012020B,首页 > 其他可运输货物，金属制品、机械和设备除外 > 木材、软木、秸秆及编结材料制品 > 包装用木箱、木盒、板条箱、木鼓桶及类似包装容器；木制电缆盘；木制托盘、箱形托盘和其他负载木板；木制桶、琵琶桶、大缸、提桶、其他木桶及木制配件（包括桶板） > 包装用木箱、木盒、板条箱、木鼓桶及类似包装容器；木制电缆盘；木制托盘、箱形托盘和其他负载木板；木制桶、琵琶桶、大缸、提桶、其他木桶及木制配件（包括桶板）,,810,kgCO2e,3,2020,m3
板式床头柜	,Plate bedside tables,31700X0022016A,首页 > 其他可运输货物，金属制品、机械和设备除外 > 木材、软木、秸秆及编结材料制品 > 包装用木箱、木盒、板条箱、木鼓桶及类似包装容器；木制电缆盘；木制托盘、箱形托盘和其他负载木板；木制桶、琵琶桶、大缸、提桶、其他木桶及木制配件（包括桶板） > 包装用木箱、木盒、板条箱、木鼓桶及类似包装容器；木制电缆盘；木制托盘、箱形托盘和其他负载木板；木制桶、琵琶桶、大缸、提桶、其他木桶及木制配件（包括桶板）,,12.36,kgCO2e,5,2016,个
生物基托盘,Bio-based trays,31700X0032024B,首页 > 其他可运输货物，金属制品、机械和设备除外 > 木材、软木、秸秆及编结材料制品 > 包装用木箱、木盒、板条箱、木鼓桶及类似包装容器；木制电缆盘；木制托盘、箱形托盘和其他负载木板；木制桶、琵琶桶、大缸、提桶、其他木桶及木制配件（包括桶板） > 包装用木箱、木盒、板条箱、木鼓桶及类似包装容器；木制电缆盘；木制托盘、箱形托盘和其他负载木板；木制桶、琵琶桶、大缸、提桶、其他木桶及木制配件（包括桶板）,AD-11001100-93,1.8859,kgCO2e,5,2024,个
实木地板,Solid wood flooring,31600X0012007A,首页 > 其他可运输货物，金属制品、机械和设备除外 > 木材、软木、秸秆及编结材料制品 > 建筑用木器及细木器成品（包括格式木镶拼装好的席纹地板块、木瓦及盖屋板） > 建筑用木器及细木器成品（包括格式木镶拼装好的席纹地板块、木瓦及盖屋板）,,-1.455,tCO2e,4,2007,公吨
地板,Wood,31600X0022007A,首页 > 其他可运输货物，金属制品、机械和设备除外 > 木材、软木、秸秆及编结材料制品 > 建筑用木器及细木器成品（包括格式木镶拼装好的席纹地板块、木瓦及盖屋板） > 建筑用木器及细木器成品（包括格式木镶拼装好的席纹地板块、木瓦及盖屋板）,,100,tCO2e,4,2007,公吨
地板,Wood,31600X0032007A,首页 > 其他可运输货物，金属制品、机械和设备除外 > 木材、软木、秸秆及编结材料制品 > 建筑用木器及细木器成品（包括格式木镶拼装好的席纹地板块、木瓦及盖屋板） > 建筑用木器及细木器成品（包括格式木镶拼装好的席纹地板块、木瓦及盖屋板）,,-1.455,tCO2e,4,2007,公吨
纤维板,Fibreboard,31441X0012007A,首页 > 其他可运输货物，金属制品、机械和设备除外 > 木材、软木、秸秆及编结材料制品 > 木板和板条 > 中密度纤维板,,-1.378,tCO2e,4,2007,公吨
胶合板,plywood,10160A0042016A,首页 > 其他可运输货物，金属制品、机械和设备除外 > 木材、软木、秸秆及编结材料制品 > 木板和板条 > 仅用薄针叶木片制成的胶合板,,312.08,kgCO2e,4,2016,m3
单板,Veneer Sheets,31439X0012007A,首页 > 其他可运输货物，金属制品、机械和设备除外 > 木材、软木、秸秆及编结材料制品 > 木板和板条 > 其他木质材料制成的板,,-1.819,tCO2e,4,2007,公吨
竹材地板	,Bamboo Scrimber Flooring,31439X0022019A,首页 > 其他可运输货物，金属制品、机械和设备除外 > 木材、软木、秸秆及编结材料制品 > 木板和板条 > 其他木质材料制成的板,,-14.89,kgCO2e,5,2019,m3
碳纤维拉挤板材,Carbon fiber pultruded sheet,31439X0032022B,首页 > 其他可运输货物，金属制品、机械和设备除外 > 木材、软木、秸秆及编结材料制品 > 木板和板条 > 其他木质材料制成的板,100.9*5mm,3.775,kgCO2e,5,2022,米
茶甡-PrZence 茶基复合建筑板材,Chazence-PrZence Tea-based composite building board,31439X0042024B,首页 > 其他可运输货物，金属制品、机械和设备除外 > 木材、软木、秸秆及编结材料制品 > 木板和板条 > 其他木质材料制成的板,,0.8912,kgCO2e,5,2024,kg
纤维板,Fibreboard,31449X0012019A,首页 > 其他可运输货物，金属制品、机械和设备除外 > 木材、软木、秸秆及编结材料制品 > 木板和板条 > 其他纤维板,,708.74,kgCO2e,5,2019,m3
纤维板,fiberboard,10160A0032016A,首页 > 其他可运输货物，金属制品、机械和设备除外 > 木材、软木、秸秆及编结材料制品 > 木板和板条 > 其他纤维板,,708.74,kgCO2e,4,2016,m3
纤维板,Fibreboard,31449X0012007A,首页 > 其他可运输货物，金属制品、机械和设备除外 > 木材、软木、秸秆及编结材料制品 > 木板和板条 > 其他纤维板,,-1.449,tCO2e,4,2007,公吨
人造板-纤维板, fibreboard,31449X0042018C,首页 > 其他可运输货物，金属制品、机械和设备除外 > 木材、软木、秸秆及编结材料制品 > 木板和板条 > 其他纤维板,,708.74,kgCO2e,5,2018,m3
刨花板,Particle board,31432X0012010A,首页 > 其他可运输货物，金属制品、机械和设备除外 > 木材、软木、秸秆及编结材料制品 > 木板和板条 > 定向刨花板,,-1.376,tCO2e,4,2010,公吨
刨花板,Particle board,31432X0022007A,首页 > 其他可运输货物，金属制品、机械和设备除外 > 木材、软木、秸秆及编结材料制品 > 木板和板条 > 定向刨花板,,-1.515,tCO2e,4,2007,公吨
人造板-刨花板,particleboard,31432X0042018C,首页 > 其他可运输货物，金属制品、机械和设备除外 > 木材、软木、秸秆及编结材料制品 > 木板和板条 > 定向刨花板,,410.79,kgCO2e,5,2018,m3
刨花板,chipboard,31431X0012019A,首页 > 其他可运输货物，金属制品、机械和设备除外 > 木材、软木、秸秆及编结材料制品 > 木板和板条 > 碎料板,,410.79,kgCO2e,5,2019,m3
胶合板,plywood,31450X0012019A,首页 > 其他可运输货物，金属制品、机械和设备除外 > 木材、软木、秸秆及编结材料制品 > 木板和板条 > 胶合板、胶合镶板和类似的层压胶合竹板,,312.08,kgCO2e,5,2019,m3
人造板-木胶合板,Wood-based Panels-Plywood,31450X0012016A,首页 > 其他可运输货物，金属制品、机械和设备除外 > 木材、软木、秸秆及编结材料制品 > 木板和板条 > 胶合板、胶合镶板和类似的层压胶合竹板,,-1.025,tCO2e,4,2016,公吨
人造板-竹胶合板,Wood-based Panels-Plybamboo,31450X0022016A,首页 > 其他可运输货物，金属制品、机械和设备除外 > 木材、软木、秸秆及编结材料制品 > 木板和板条 > 胶合板、胶合镶板和类似的层压胶合竹板,,-1.367,tCO2e,4,2016,公吨
竹木纤维集成墙面,Bamboo and wood fiber integrated wall covering,31450X0062022B,首页 > 其他可运输货物，金属制品、机械和设备除外 > 木材、软木、秸秆及编结材料制品 > 木板和板条 > 胶合板、胶合镶板和类似的层压胶合竹板,,948,kgCO2e,3,2022,m3
竹展开砧板, flattened bamboo chopping board,31450X0132012A,首页 > 其他可运输货物，金属制品、机械和设备除外 > 木材、软木、秸秆及编结材料制品 > 木板和板条 > 胶合板、胶合镶板和类似的层压胶合竹板,,0.1683,kgCO2e,4,2012,块
胶合木,Glued Laminated Timber,31450X0122021B,首页 > 其他可运输货物，金属制品、机械和设备除外 > 木材、软木、秸秆及编结材料制品 > 木板和板条 > 胶合板、胶合镶板和类似的层压胶合竹板,,246,kgCO2e,3,2021,m3
人造板-胶合板, Panels-Plywood,31450X0282018C,首页 > 其他可运输货物，金属制品、机械和设备除外 > 木材、软木、秸秆及编结材料制品 > 木板和板条 > 胶合板、胶合镶板和类似的层压胶合竹板,,312.08,kgCO2e,5,2018,m3
木粒,Wood particle,31220X0012007A,首页 > 其他可运输货物，金属制品、机械和设备除外 > 木材、软木、秸秆及编结材料制品 > 沿其边或面连续成形的木材；木丝、木粉；木片或小木块 > 木丝或木粉,,-1.819,tCO2e,4,2007,公吨
木片,Wood chips,31230X0012007A,首页 > 其他可运输货物，金属制品、机械和设备除外 > 木材、软木、秸秆及编结材料制品 > 沿其边或面连续成形的木材；木丝、木粉；木片或小木块 > 木片或小木块,,-1.546,tCO2e,4,2007,公吨
木片,Wood chips,31230X0022007A,首页 > 其他可运输货物，金属制品、机械和设备除外 > 木材、软木、秸秆及编结材料制品 > 沿其边或面连续成形的木材；木丝、木粉；木片或小木块 > 木片或小木块,,-1.546,tCO2e,4,2007,公吨
重组竹地板,Recombinant bamboo flooring,31212X0012015A,首页 > 其他可运输货物，金属制品、机械和设备除外 > 木材、软木、秸秆及编结材料制品 > 沿其边或面连续成形的木材；木丝、木粉；木片或小木块 > 竹材（沿边或面连续成形的竹材，包括用于镶木地板而未装配的拼花小板条和横饰带，及带珠状缘饰与线脚）,,3.73,kgCO2e,5,2015,m3
重组竹,Bamboo scrimber,31212X0032021B,首页 > 其他可运输货物，金属制品、机械和设备除外 > 木材、软木、秸秆及编结材料制品 > 沿其边或面连续成形的木材；木丝、木粉；木片或小木块 > 竹材（沿边或面连续成形的竹材，包括用于镶木地板而未装配的拼花小板条和横饰带，及带珠状缘饰与线脚）,,2230,kgCO2e,5,2021,m3
重组竹地板,Bamboo scrimber flooring,31212X0022021B,首页 > 其他可运输货物，金属制品、机械和设备除外 > 木材、软木、秸秆及编结材料制品 > 沿其边或面连续成形的木材；木丝、木粉；木片或小木块 > 竹材（沿边或面连续成形的竹材，包括用于镶木地板而未装配的拼花小板条和横饰带，及带珠状缘饰与线脚）,,2800,kgCO2e,5,2021,m3
瓷质砖,Porcelain tile,36910X0072020B,首页 > 其他可运输货物，金属制品、机械和设备除外 > 橡胶和塑料制品 > 其他塑料制品 > 卷状或瓷砖形铺地板用塑料；贴墙或顶棚用塑料,,31.1,kgCO2e,3,2020,平方米
高分子防水卷材(塑料类),Polymer waterproof membrane (plastic),36910X0062020B,首页 > 其他可运输货物，金属制品、机械和设备除外 > 橡胶和塑料制品 > 其他塑料制品 > 卷状或瓷砖形铺地板用塑料；贴墙或顶棚用塑料,,4.12,kgCO2e,3,2020,平方米
高分子防水卷材,Polymer waterproof membrane,36910X0052022B,首页 > 其他可运输货物，金属制品、机械和设备除外 > 橡胶和塑料制品 > 其他塑料制品 > 卷状或瓷砖形铺地板用塑料；贴墙或顶棚用塑料,,4.1,kgCO2e,3,2022,平方米
高分子防水卷材,Polymer waterproof membrane,36910X0042022B,首页 > 其他可运输货物，金属制品、机械和设备除外 > 橡胶和塑料制品 > 其他塑料制品 > 卷状或瓷砖形铺地板用塑料；贴墙或顶棚用塑料,,0.899,kgCO2e,3,2022,平方米
瓷质砖,Porcelain tile,36910X0152020B,首页 > 其他可运输货物，金属制品、机械和设备除外 > 橡胶和塑料制品 > 其他塑料制品 > 卷状或瓷砖形铺地板用塑料；贴墙或顶棚用塑料,,20.3,kgCO2e,3,2020,平方米
塑料地板,FLOOR TILE,36910X0082013A,首页 > 其他可运输货物，金属制品、机械和设备除外 > 橡胶和塑料制品 > 其他塑料制品 > 卷状或瓷砖形铺地板用塑料；贴墙或顶棚用塑料,,22,kgCO2e,4,2013,平方米
塑料地板,Floor tile ,36910X0092020A,首页 > 其他可运输货物，金属制品、机械和设备除外 > 橡胶和塑料制品 > 其他塑料制品 > 卷状或瓷砖形铺地板用塑料；贴墙或顶棚用塑料,IS-900,19,kgCO2e,4,2020,平方米
茶甡随行杯,Chazence Traveling Cup,36940X0012024B,首页 > 其他可运输货物，金属制品、机械和设备除外 > 橡胶和塑料制品 > 其他塑料制品 > 塑料餐具、厨房用具、其他家用器具及盥洗室用品,580ml，110.7g,0.5043,kgCO2e,5,2024,个
透明胶带,Scotch Tape,36990X0272011A,首页 > 其他可运输货物，金属制品、机械和设备除外 > 橡胶和塑料制品 > 其他塑料制品 > 未另列明的塑料制品,,2.765,kgCO2e,4,2011,kg
塑料管材,plastics pipe,36990X0252014A,首页 > 其他可运输货物，金属制品、机械和设备除外 > 橡胶和塑料制品 > 其他塑料制品 > 未另列明的塑料制品,PP-Ｒ,3.4389,kgCO2e,4,2014,kg
聚氯乙烯树脂,polyvinyl chloride resin（PVC),36990X0012020A,首页 > 其他可运输货物，金属制品、机械和设备除外 > 橡胶和塑料制品 > 其他塑料制品 > 未另列明的塑料制品,,4.79,kgCO2e,4,2020,kg
聚丙烯树脂,polypropylene（PP）,36990X0022020A,首页 > 其他可运输货物，金属制品、机械和设备除外 > 橡胶和塑料制品 > 其他塑料制品 > 未另列明的塑料制品,,4.72,kgCO2e,4,2020,kg
高密度聚乙烯树脂,high-density polyethylene resin（HDPE）,36990X0032020A,首页 > 其他可运输货物，金属制品、机械和设备除外 > 橡胶和塑料制品 > 其他塑料制品 > 未另列明的塑料制品,,4.73,kgCO2e,4,2020,kg
低密度聚乙烯树脂,low-density polyethylene resin（LDPE）,36990X0042020A,首页 > 其他可运输货物，金属制品、机械和设备除外 > 橡胶和塑料制品 > 其他塑料制品 > 未另列明的塑料制品,,2.49,kgCO2e,4,2020,kg
农膜,Agricultural Film,36990X0052019A,首页 > 其他可运输货物，金属制品、机械和设备除外 > 橡胶和塑料制品 > 其他塑料制品 > 未另列明的塑料制品,,2.49,kgCO2e,4,2019,kg
普通塑料,Average plastics,36990X0052021A,首页 > 其他可运输货物，金属制品、机械和设备除外 > 橡胶和塑料制品 > 其他塑料制品 > 未另列明的塑料制品,,3.12,kgCO2e,4,2021,kg
聚氯乙烯,PVC,36990X0062020A,首页 > 其他可运输货物，金属制品、机械和设备除外 > 橡胶和塑料制品 > 其他塑料制品 > 未另列明的塑料制品,,4.79,kgCO2e,4,2020,kg
带表皮挤塑聚苯乙烯泡沫塑料,Polystyrene foam with skinextruded ,36990X0032022B,首页 > 其他可运输货物，金属制品、机械和设备除外 > 橡胶和塑料制品 > 其他塑料制品 > 未另列明的塑料制品,,141,kgCO2e,3,2022,m3
高分子防水卷材 （塑料类）,Polymer waterproof membrane (plastic),36990X0042022B,首页 > 其他可运输货物，金属制品、机械和设备除外 > 橡胶和塑料制品 > 其他塑料制品 > 未另列明的塑料制品,,4.29,kgCO2e,3,2022,平方米
带表皮挤塑聚苯乙烯泡沫塑料-XPS挤塑板,Extruded polystyrene foam with skin-XPS extruded plastic board,36990X0232021B,首页 > 其他可运输货物，金属制品、机械和设备除外 > 橡胶和塑料制品 > 其他塑料制品 > 未另列明的塑料制品,,46,kgCO2e,3,2021,m3
带表皮挤塑聚苯乙烯泡沫塑料-石墨挤塑板,Extruded polystyrene foam with skin-Extruded graphite board,36990X0072021B,首页 > 其他可运输货物，金属制品、机械和设备除外 > 橡胶和塑料制品 > 其他塑料制品 > 未另列明的塑料制品,,38.2,kgCO2e,3,2021,m3
带表皮挤塑聚苯乙烯泡沫塑料-XPS挤塑板,Extruded polystyrene foam with skin-XPS extruded plastic board,36990X0222022B,首页 > 其他可运输货物，金属制品、机械和设备除外 > 橡胶和塑料制品 > 其他塑料制品 > 未另列明的塑料制品,,46,kgCO2e,3,2022,m3
带表皮挤塑聚苯乙烯泡沫塑料-石墨挤塑板,Extruded polystyrene foam with skin-Extruded graphite board,36990X0212022B,首页 > 其他可运输货物，金属制品、机械和设备除外 > 橡胶和塑料制品 > 其他塑料制品 > 未另列明的塑料制品,,38.3,kgCO2e,3,2022,m3
塑料（平均）,Plastic (average),36990X0082023A,首页 > 其他可运输货物，金属制品、机械和设备除外 > 橡胶和塑料制品 > 其他塑料制品 > 未另列明的塑料制品,,3.102,kgCO2e,5,2023,kg
动力滚筒（塑料）,Power drum,36990X0092013A,首页 > 其他可运输货物，金属制品、机械和设备除外 > 橡胶和塑料制品 > 其他塑料制品 > 未另列明的塑料制品,PL-200-AW,75,kgCO2e,4,2013,个
塑料桶（聚氯乙烯）,Plastic bucket (polyvinyl chloride),36990X0102013A,首页 > 其他可运输货物，金属制品、机械和设备除外 > 橡胶和塑料制品 > 其他塑料制品 > 未另列明的塑料制品,Jerrican KM-342,6,kgCO2e,4,2013,个
再生塑料托盘（0.289kg）,Recycle PET tray（0.289kg）,36990X0112015A,首页 > 其他可运输货物，金属制品、机械和设备除外 > 橡胶和塑料制品 > 其他塑料制品 > 未另列明的塑料制品,RPT-3257,27,kgCO2e,4,2015,个
一般再生塑料成型产品,Recycled plastic molding,36990X0122020A,首页 > 其他可运输货物，金属制品、机械和设备除外 > 橡胶和塑料制品 > 其他塑料制品 > 未另列明的塑料制品,NPY/JPRA,2.6,kgCO2e,4,2020,kg
容量为20升的柴油塑料桶,20-liter Plastic Jerrican for diesel fuel with UN approval,36990X0132020A,首页 > 其他可运输货物，金属制品、机械和设备除外 > 橡胶和塑料制品 > 其他塑料制品 > 未另列明的塑料制品,KH-235,10.17,kgCO2e,4,2020,个
透明胶带（快递封装用）,Tape,36990X0262013C,首页 > 其他可运输货物，金属制品、机械和设备除外 > 橡胶和塑料制品 > 其他塑料制品 > 未另列明的塑料制品,,2.765,kgCO2e,5,2013,kg
OPP胶带,OPP tape,36990X0282024C,首页 > 其他可运输货物，金属制品、机械和设备除外 > 橡胶和塑料制品 > 其他塑料制品 > 未另列明的塑料制品,703B904（厚宽长0.037mm*48mm*80M）,1.8,kgCO2e,5,2024,卷（宽长48mm*80M）
透明胶带,transparent tape,36990X0292014A,首页 > 其他可运输货物，金属制品、机械和设备除外 > 橡胶和塑料制品 > 其他塑料制品 > 未另列明的塑料制品,,2.765,kgCO2e,3,2014,kg
IBC桶,Intermediate Bulk Container (IBC),36990X0302015A,首页 > 其他可运输货物，金属制品、机械和设备除外 > 橡胶和塑料制品 > 其他塑料制品 > 未另列明的塑料制品,IBC  275,134.17,kgCO2e,5,2015,kg
茶原聚合回收环保粒料,Tea Polymer Recycling Eco-Friendly Granules,36990X0312025B,首页 > 其他可运输货物，金属制品、机械和设备除外 > 橡胶和塑料制品 > 其他塑料制品 > 未另列明的塑料制品,,2.6718,kgCO2e,5,2025,kg
无规共聚聚丙烯管,Random copolymer polypropylene pipe,36990X0322025C,首页 > 其他可运输货物，金属制品、机械和设备除外 > 橡胶和塑料制品 > 其他塑料制品 > 未另列明的塑料制品,,3.72,kgCO2e,5,2025,kg
聚乙烯管,Polyethylene pipes,36990X0332025C,首页 > 其他可运输货物，金属制品、机械和设备除外 > 橡胶和塑料制品 > 其他塑料制品 > 未另列明的塑料制品,,3.6,kgCO2e,5,2025,kg
硬聚氯乙烯管,Rigid polyvinyl chloride pipes,36990X0342025C,首页 > 其他可运输货物，金属制品、机械和设备除外 > 橡胶和塑料制品 > 其他塑料制品 > 未另列明的塑料制品,,7.93,kgCO2e,5,2025,kg
聚苯乙烯泡沫,"Expanded Polystyrene, EPS",36950X0022010A,首页 > 其他可运输货物，金属制品、机械和设备除外 > 橡胶和塑料制品 > 其他塑料制品 > 未另列明的塑料建筑用器具,,8.43,kgCO2e,5,2010,kg
热塑性塑料,Thermoplastic,36950X0012021A,首页 > 其他可运输货物，金属制品、机械和设备除外 > 橡胶和塑料制品 > 其他塑料制品 > 未另列明的塑料建筑用器具,,3.96,kgCO2e,3,2021,kg
普通塑料薄膜,Average plastic film,36920X0022021A,首页 > 其他可运输货物，金属制品、机械和设备除外 > 橡胶和塑料制品 > 其他塑料制品 > 自行粘合的塑料板、片、薄膜、箔、带、条及其他塑料平板,,2.57,kgCO2e,4,2021,kg
柔性泡沫橡塑板,Flexible foam rubber sheet,36920X0022022B,首页 > 其他可运输货物，金属制品、机械和设备除外 > 橡胶和塑料制品 > 其他塑料制品 > 自行粘合的塑料板、片、薄膜、箔、带、条及其他塑料平板,,188,kgCO2e,3,2022,m3
微波炉用保鲜膜 22cm*55m,Plastic wrap available for microwave oven use 22cm×55m,36920X0032016A,首页 > 其他可运输货物，金属制品、机械和设备除外 > 橡胶和塑料制品 > 其他塑料制品 > 自行粘合的塑料板、片、薄膜、箔、带、条及其他塑料平板,,0.96,kgCO2e,4,2016,个
微波炉用保鲜膜 30cm*20m,Plastic wrap available for microwave oven use  30cm×20m,36920X0042016A,首页 > 其他可运输货物，金属制品、机械和设备除外 > 橡胶和塑料制品 > 其他塑料制品 > 自行粘合的塑料板、片、薄膜、箔、带、条及其他塑料平板,,0.522,kgCO2e,4,2016,个
微波炉用保鲜膜 22cm*20m,Plastic wrap available for microwave oven use 22cm×20m,36920X0052016A,首页 > 其他可运输货物，金属制品、机械和设备除外 > 橡胶和塑料制品 > 其他塑料制品 > 自行粘合的塑料板、片、薄膜、箔、带、条及其他塑料平板,,0.413,kgCO2e,4,2016,个
非洲灰聚酯纤维吸音板,African Grey Polyester Fiber Acoustic Panel,36920X0132023B,首页 > 其他可运输货物，金属制品、机械和设备除外 > 橡胶和塑料制品 > 其他塑料制品 > 自行粘合的塑料板、片、薄膜、箔、带、条及其他塑料平板,2440*1220*9mm,11.6,kgCO2e,5,2023,平方米
硬泡聚氨酯板,Rigid Polyurethane Foam Boards,36920X0142025C,首页 > 其他可运输货物，金属制品、机械和设备除外 > 橡胶和塑料制品 > 其他塑料制品 > 自行粘合的塑料板、片、薄膜、箔、带、条及其他塑料平板,,5220,kgCO2e,5,2025,公吨
憎水性硬质保温板,Hydrophobic Rigid Insulation Boards,36920X0152025C,首页 > 其他可运输货物，金属制品、机械和设备除外 > 橡胶和塑料制品 > 其他塑料制品 > 自行粘合的塑料板、片、薄膜、箔、带、条及其他塑料平板,,277.2,kgCO2e,5,2025,m3
XPS 聚苯乙烯挤塑板,XPS (Extruded Polystyrene) Boards,36920X0162025C,首页 > 其他可运输货物，金属制品、机械和设备除外 > 橡胶和塑料制品 > 其他塑料制品 > 自行粘合的塑料板、片、薄膜、箔、带、条及其他塑料平板,,227.3,kgCO2e,5,2025,m3
TBR通用轮胎（河北）,Recycled rubber products,36210X0012018A,首页 > 其他可运输货物，金属制品、机械和设备除外 > 橡胶和塑料制品 > 其他橡胶制品 > 再生橡胶,275/80R22.5,2320.95,kgCO2e,4,2018,条
TBR节能轮胎（河北）,Recycled rubber products,36210X0022018A,首页 > 其他可运输货物，金属制品、机械和设备除外 > 橡胶和塑料制品 > 其他橡胶制品 > 再生橡胶,275/80R22.5,1883.6,kgCO2e,4,2018,条
再生胶,Reclaimed rubber,36210X0032011A,首页 > 其他可运输货物，金属制品、机械和设备除外 > 橡胶和塑料制品 > 其他橡胶制品 > 再生橡胶,,0.5562,kgCO2e,4,2011,kg
合成橡胶,Synthetic rubber,36220X0012010A,首页 > 其他可运输货物，金属制品、机械和设备除外 > 橡胶和塑料制品 > 其他橡胶制品 > 原状或板状、片状或条状的未硫化合成橡胶；除了原状或板状、片状、条状的未硫化橡胶（翻新橡胶轮胎的轮胎表面补胎料条除外）；未硫化橡胶的制品；硫化橡胶的丝、线、板、片、条、棒及异型制品，硬质胶除外,,2.4,kgCO2e,4,2010,kg
柔性泡沫橡塑绝热制品,Preformed flexible elastomeric foam thermal insulation,36220X0012022B,首页 > 其他可运输货物，金属制品、机械和设备除外 > 橡胶和塑料制品 > 其他橡胶制品 > 原状或板状、片状或条状的未硫化合成橡胶；除了原状或板状、片状、条状的未硫化橡胶（翻新橡胶轮胎的轮胎表面补胎料条除外）；未硫化橡胶的制品；硫化橡胶的丝、线、板、片、条、棒及异型制品，硬质胶除外,,92.2,kgCO2e,3,2022,m3
岩棉绝热制品,Rock wool thermal insulation products,36220X0022021B,首页 > 其他可运输货物，金属制品、机械和设备除外 > 橡胶和塑料制品 > 其他橡胶制品 > 原状或板状、片状或条状的未硫化合成橡胶；除了原状或板状、片状、条状的未硫化橡胶（翻新橡胶轮胎的轮胎表面补胎料条除外）；未硫化橡胶的制品；硫化橡胶的丝、线、板、片、条、棒及异型制品，硬质胶除外,,1390,kgCO2e,3,2021,公吨
PLA容器,PLA clamshell container,36490X0012009A,首页 > 其他可运输货物，金属制品、机械和设备除外 > 橡胶和塑料制品 > 塑料包装品 > 其他货物运输或包装用塑料制品；塑料制的塞子、盖、帽及其他封闭物,,0.171,kgCO2e,4,2009,1000只（容积0.45kg）
PS容器,PS clamshell containers,36490X0022009A,首页 > 其他可运输货物，金属制品、机械和设备除外 > 橡胶和塑料制品 > 塑料包装品 > 其他货物运输或包装用塑料制品；塑料制的塞子、盖、帽及其他封闭物,,0.165,kgCO2e,4,2009,1000只（容积0.45kg）
PET容器,PET clamshell containers,36490X0032009A,首页 > 其他可运输货物，金属制品、机械和设备除外 > 橡胶和塑料制品 > 塑料包装品 > 其他货物运输或包装用塑料制品；塑料制的塞子、盖、帽及其他封闭物,,0.198,kgCO2e,4,2009,1000只（容积0.45kg）
聚丙烯一次性外卖餐盒,Polypropylene disposable takeaway lunch box,36490X0042022A,首页 > 其他可运输货物，金属制品、机械和设备除外 > 橡胶和塑料制品 > 塑料包装品 > 其他货物运输或包装用塑料制品；塑料制的塞子、盖、帽及其他封闭物,PP,0.18618,kgCO2e,5,2022,个
聚乳酸一次性外卖餐盒,Polylactic acid disposable takeaway meal boxes,36490X0052022A,首页 > 其他可运输货物，金属制品、机械和设备除外 > 橡胶和塑料制品 > 塑料包装品 > 其他货物运输或包装用塑料制品；塑料制的塞子、盖、帽及其他封闭物,PLA,0.13793,kgCO2e,5,2022,个
热塑性淀粉一次性外卖餐盒,Thermoplastic starch disposable takeaway meal boxes,36490X0062022A,首页 > 其他可运输货物，金属制品、机械和设备除外 > 橡胶和塑料制品 > 塑料包装品 > 其他货物运输或包装用塑料制品；塑料制的塞子、盖、帽及其他封闭物,TPS,0.09884,kgCO2e,5,2022,个
TBA Edge LC 30 plant-based 1000mL,TBA Edge LC 30 plant-based 1000mL,36490X0312019B,首页 > 其他可运输货物，金属制品、机械和设备除外 > 橡胶和塑料制品 > 塑料包装品 > 其他货物运输或包装用塑料制品；塑料制的塞子、盖、帽及其他封闭物,TBA Edge LC 30 plant-based 1000mL,42.88,kgCO2e,4,2019,1000L
塑胶栈板（PP）,Plastic pallets,36490X0322023A,首页 > 其他可运输货物，金属制品、机械和设备除外 > 橡胶和塑料制品 > 塑料包装品 > 其他货物运输或包装用塑料制品；塑料制的塞子、盖、帽及其他封闭物,,75,kgCO2e,5,2023,个
塑胶栈板（PP）,Plastic pallets,36490X0332023A,首页 > 其他可运输货物，金属制品、机械和设备除外 > 橡胶和塑料制品 > 塑料包装品 > 其他货物运输或包装用塑料制品；塑料制的塞子、盖、帽及其他封闭物,,40,kgCO2e,5,2023,个
塑胶栈板（PP）,Plastic pallets,36490X0342023A,首页 > 其他可运输货物，金属制品、机械和设备除外 > 橡胶和塑料制品 > 塑料包装品 > 其他货物运输或包装用塑料制品；塑料制的塞子、盖、帽及其他封闭物,SCJ-130110-150FP,22,kgCO2e,5,2023,个
PET 薄膜,PET film,36490X1242021A,首页 > 其他可运输货物，金属制品、机械和设备除外 > 橡胶和塑料制品 > 塑料包装品 > 其他货物运输或包装用塑料制品；塑料制的塞子、盖、帽及其他封闭物,,4.5,kgCO2e,3,2021,kg
塑料薄膜包装袋,Plastic Film Packing Bag,36410X0052011A,首页 > 其他可运输货物，金属制品、机械和设备除外 > 橡胶和塑料制品 > 塑料包装品 > 塑料编织袋及塑料袋,,3.24,kgCO2e,4,2011,kg
塑料编制布包装袋,Woven Plastic Packing Bag,36410X0062011A,首页 > 其他可运输货物，金属制品、机械和设备除外 > 橡胶和塑料制品 > 塑料包装品 > 塑料编织袋及塑料袋,,2.507,kgCO2e,4,2011,kg
塑料薄膜包装袋（快递封装用）,Plastic film bag（Dedicated for express packaging）,36410X0012014C,首页 > 其他可运输货物，金属制品、机械和设备除外 > 橡胶和塑料制品 > 塑料包装品 > 塑料编织袋及塑料袋,,3.24,kgCO2e,5,2014,kg
塑料编织布包装袋（快递封装用）,Plastic woven cloth bag（Dedicated for express packaging）,36410X0022013C,首页 > 其他可运输货物，金属制品、机械和设备除外 > 橡胶和塑料制品 > 塑料包装品 > 塑料编织袋及塑料袋,,2.507,kgCO2e,5,2013,kg
聚对苯二甲酸-己二酸丁二醇酯（PBAT）包装袋,PBAT plastic bags,36410X0072021A,首页 > 其他可运输货物，金属制品、机械和设备除外 > 橡胶和塑料制品 > 塑料包装品 > 塑料编织袋及塑料袋,,9.01,kgCO2e,3,2021,kg
PBAT/淀粉共混包装袋,PBAT/starch plastic bags,36410X0082021A,首页 > 其他可运输货物，金属制品、机械和设备除外 > 橡胶和塑料制品 > 塑料包装品 > 塑料编织袋及塑料袋,,7.7,kgCO2e,3,2021,kg
生物降解塑料袋的生物降解处理,Anaerobic digestion of biodegradable plastic bags,36410X0092023A,首页 > 其他可运输货物，金属制品、机械和设备除外 > 橡胶和塑料制品 > 塑料包装品 > 塑料编织袋及塑料袋,,0.909511,kgCO2e,4,2023,kg
EVA膜,EVA film,36410X0102021A,首页 > 其他可运输货物，金属制品、机械和设备除外 > 橡胶和塑料制品 > 塑料包装品 > 塑料编织袋及塑料袋,,2.97,kgCO2e,4,2021,kg
浙江耀竹科技有限公司竹纤维膜袋-本色,"Bamboo Fiber Film Bags-Original Color - Zhejiang Yaozhu Technology Co., Ltd.",36410X0112024B,首页 > 其他可运输货物，金属制品、机械和设备除外 > 橡胶和塑料制品 > 塑料包装品 > 塑料编织袋及塑料袋,,1.0889,kgCO2e,5,2024,kg
浙江耀竹科技有限公司竹纤维膜袋-炭化,"Bamboo Fiber Film Bags-Carbonized - Zhejiang Yaozhu Technology Co., Ltd.",36410X0122024B,首页 > 其他可运输货物，金属制品、机械和设备除外 > 橡胶和塑料制品 > 塑料包装品 > 塑料编织袋及塑料袋,,1.8963,kgCO2e,5,2024,kg
聚甲醛,Polyoxymethylene（POM）,36390X0022020A,首页 > 其他可运输货物，金属制品、机械和设备除外 > 橡胶和塑料制品 > 塑料半成品 > 其他塑料板、片、薄膜、箔及条,POM-h (均聚物),6.23,kgCO2e,4,2020,kg
高密度聚乙烯,high density polyethylene,36320X0022020A,首页 > 其他可运输货物，金属制品、机械和设备除外 > 橡胶和塑料制品 > 塑料半成品 > 塑料管、导管、软管及其零件,,2.480544,kgCO2e,4,2020,件
卡车用轮胎（TBR）,Tyre for truck (TBR),36111X0012020A,首页 > 其他可运输货物，金属制品、机械和设备除外 > 橡胶和塑料制品 > 橡胶轮胎及内胎 > 全新橡胶充气轮胎（汽车）,275/80  R22.5,2196.4025,kgCO2e,5,2020,条
轿车用轮胎（PCR）,Tyre for Car (PCR),36111X0022020A,首页 > 其他可运输货物，金属制品、机械和设备除外 > 橡胶和塑料制品 > 橡胶轮胎及内胎 > 全新橡胶充气轮胎（汽车）,195/65 R15,404.4801,kgCO2e,5,2020,条
子午线轮胎（195/65/R15）,Radial tire（195/65/R15）,36111X0052020C,首页 > 其他可运输货物，金属制品、机械和设备除外 > 橡胶和塑料制品 > 橡胶轮胎及内胎 > 全新橡胶充气轮胎（汽车）,,404.4801,kgCO2e,5,2020,条
子午线轮胎（275/80R22.5）,Radial tire（275/80R22.5）,36111X0062020C,首页 > 其他可运输货物，金属制品、机械和设备除外 > 橡胶和塑料制品 > 橡胶轮胎及内胎 > 全新橡胶充气轮胎（汽车）,,2196.4025,kgCO2e,5,2020,条
半钢子午线轮胎（215/45R17）,Semi steel radial tire (215/45R17),36111X0072023C,首页 > 其他可运输货物，金属制品、机械和设备除外 > 橡胶和塑料制品 > 橡胶轮胎及内胎 > 全新橡胶充气轮胎（汽车）,,708.33,kgCO2e,5,2023,条
自行车轮胎,Bicycle tire,36112X0012019A,首页 > 其他可运输货物，金属制品、机械和设备除外 > 橡胶和塑料制品 > 橡胶轮胎及内胎 > 全新橡胶全新充气轮胎（摩托车或自行车）,,2.92,kgCO2e,5,2019,kg
轮胎,Tyres,36114X0012021A,首页 > 其他可运输货物，金属制品、机械和设备除外 > 橡胶和塑料制品 > 橡胶轮胎及内胎 > 橡胶制的内胎、实心轮胎或半实心轮胎、轮胎花纹、轮胎衬带,,3335.57,kgCO2e,4,2021,公吨
热固性塑料,Thermosets,36114X0032021A,首页 > 其他可运输货物，金属制品、机械和设备除外 > 橡胶和塑料制品 > 橡胶轮胎及内胎 > 橡胶制的内胎、实心轮胎或半实心轮胎、轮胎花纹、轮胎衬带,,4.57,kgCO2e,3,2021,kg
橡胶,Rubber,36114X0022021A,首页 > 其他可运输货物，金属制品、机械和设备除外 > 橡胶和塑料制品 > 橡胶轮胎及内胎 > 橡胶制的内胎、实心轮胎或半实心轮胎、轮胎花纹、轮胎衬带,,3.08,kgCO2e,3,2021,kg
轮胎,Tire,36114X0032021C,首页 > 其他可运输货物，金属制品、机械和设备除外 > 橡胶和塑料制品 > 橡胶轮胎及内胎 > 橡胶制的内胎、实心轮胎或半实心轮胎、轮胎花纹、轮胎衬带,,2330,kgCO2e,5,2021,公吨
炼焦油,Coal Tar,33200X0022011A,首页 > 其他可运输货物，金属制品、机械和设备除外 > 炼焦炉制品；精炼石油制品；核燃料 > 从煤、褐煤或泥煤干馏得到的焦油及其他矿物焦油 > 焦油及其他矿物焦油（从煤、褐煤或泥煤干馏得到）,,2.6446,tCO2e,4,2011,公吨
沥青混合料,Asphalt mixture,33500J0012017A,首页 > 其他可运输货物，金属制品、机械和设备除外 > 炼焦炉制品；精炼石油制品；核燃料 > 凡士林、石蜡、微晶蜡、含油蜡、天然地蜡、褐煤石蜡、泥煤石蜡、其他矿蜡及类似产品；石油焦、石油沥青及其他石油残渣或从含沥青矿物中提出的油类残渣 > 石油沥青,,169.437,kgCO2e,5,2017,m3
石油沥青,Asphaltum,33500J0022014A,首页 > 其他可运输货物，金属制品、机械和设备除外 > 炼焦炉制品；精炼石油制品；核燃料 > 凡士林、石蜡、微晶蜡、含油蜡、天然地蜡、褐煤石蜡、泥煤石蜡、其他矿蜡及类似产品；石油焦、石油沥青及其他石油残渣或从含沥青矿物中提出的油类残渣 > 石油沥青,,2.9575,tCO2e,5,2014,公吨
沥青,Asphalt,33500J0032014C,首页 > 其他可运输货物，金属制品、机械和设备除外 > 炼焦炉制品；精炼石油制品；核燃料 > 凡士林、石蜡、微晶蜡、含油蜡、天然地蜡、褐煤石蜡、泥煤石蜡、其他矿蜡及类似产品；石油焦、石油沥青及其他石油残渣或从含沥青矿物中提出的油类残渣 > 石油沥青,沥青组分为渣油（75%）、脱油沥青（20%）、抽出油（5%）和油浆（含量极少）。,2.9575,tCO2e,5,2014,公吨
石油焦,Petroleum Coke,33500I0012007A,首页 > 其他可运输货物，金属制品、机械和设备除外 > 炼焦炉制品；精炼石油制品；核燃料 > 凡士林、石蜡、微晶蜡、含油蜡、天然地蜡、褐煤石蜡、泥煤石蜡、其他矿蜡及类似产品；石油焦、石油沥青及其他石油残渣或从含沥青矿物中提出的油类残渣 > 石油焦,,4.04,tCO2e,5,2007,公吨
石油焦,Petroleum Coke,33500I0022014A,首页 > 其他可运输货物，金属制品、机械和设备除外 > 炼焦炉制品；精炼石油制品；核燃料 > 凡士林、石蜡、微晶蜡、含油蜡、天然地蜡、褐煤石蜡、泥煤石蜡、其他矿蜡及类似产品；石油焦、石油沥青及其他石油残渣或从含沥青矿物中提出的油类残渣 > 石油焦,,3.16,tCO2e,5,2014,公吨
石油焦,Petroleum coke,33500I0032025C,首页 > 其他可运输货物，金属制品、机械和设备除外 > 炼焦炉制品；精炼石油制品；核燃料 > 凡士林、石蜡、微晶蜡、含油蜡、天然地蜡、褐煤石蜡、泥煤石蜡、其他矿蜡及类似产品；石油焦、石油沥青及其他石油残渣或从含沥青矿物中提出的油类残渣 > 石油焦,,97.5,kgCO2e,5,2025,吉焦
石蜡,Paraffin wax,33500B0012015A,首页 > 其他可运输货物，金属制品、机械和设备除外 > 炼焦炉制品；精炼石油制品；核燃料 > 凡士林、石蜡、微晶蜡、含油蜡、天然地蜡、褐煤石蜡、泥煤石蜡、其他矿蜡及类似产品；石油焦、石油沥青及其他石油残渣或从含沥青矿物中提出的油类残渣 > 石蜡,,1.92,tCO2e,5,2015,公吨
焦炭-IPCC,Coke-IPCC,33100X0022006A,首页 > 其他可运输货物，金属制品、机械和设备除外 > 炼焦炉制品；精炼石油制品；核燃料 > 煤、褐煤或泥煤制的焦炭和半焦；甑碳 > 煤、褐煤或泥煤制的焦炭和半焦；甑碳,,3.043,kgCO2e,4,2006,kg
焦炭-WSA,Coke-WSA,33100X0032014A,首页 > 其他可运输货物，金属制品、机械和设备除外 > 炼焦炉制品；精炼石油制品；核燃料 > 煤、褐煤或泥煤制的焦炭和半焦；甑碳 > 煤、褐煤或泥煤制的焦炭和半焦；甑碳,,3.257,kgCO2e,4,2014,kg
焦炭-国标,Coke-GB,33100X0042015A,首页 > 其他可运输货物，金属制品、机械和设备除外 > 炼焦炉制品；精炼石油制品；核燃料 > 煤、褐煤或泥煤制的焦炭和半焦；甑碳 > 煤、褐煤或泥煤制的焦炭和半焦；甑碳,,3.076,kgCO2e,3,2015,kg
焦炭-指南,Coke-Guidelines,33100X0052013A,首页 > 其他可运输货物，金属制品、机械和设备除外 > 炼焦炉制品；精炼石油制品；核燃料 > 煤、褐煤或泥煤制的焦炭和半焦；甑碳 > 煤、褐煤或泥煤制的焦炭和半焦；甑碳,,2.862,kgCO2e,3,2013,kg
焦炭制气,Coke gas,33100X0062020A,首页 > 其他可运输货物，金属制品、机械和设备除外 > 炼焦炉制品；精炼石油制品；核燃料 > 煤、褐煤或泥煤制的焦炭和半焦；甑碳 > 煤、褐煤或泥煤制的焦炭和半焦；甑碳,,0.37,tCO2e,3,2020,公吨
煤矸石砖,Coal gangue brick,33100X0072021B,首页 > 其他可运输货物，金属制品、机械和设备除外 > 炼焦炉制品；精炼石油制品；核燃料 > 煤、褐煤或泥煤制的焦炭和半焦；甑碳 > 煤、褐煤或泥煤制的焦炭和半焦；甑碳,,326,kgCO2e,3,2021,公吨
炼焦煤,Coking coal,33100X0082025C,首页 > 其他可运输货物，金属制品、机械和设备除外 > 炼焦炉制品；精炼石油制品；核燃料 > 煤、褐煤或泥煤制的焦炭和半焦；甑碳 > 煤、褐煤或泥煤制的焦炭和半焦；甑碳,,94.6,kgCO2e,5,2025,吉焦
焦炭,Coke,33100X0092025C,首页 > 其他可运输货物，金属制品、机械和设备除外 > 炼焦炉制品；精炼石油制品；核燃料 > 煤、褐煤或泥煤制的焦炭和半焦；甑碳 > 煤、褐煤或泥煤制的焦炭和半焦；甑碳,,107.1,kgCO2e,5,2025,吉焦
其他焦化产品,Other Coking Products,33100X0102025C,首页 > 其他可运输货物，金属制品、机械和设备除外 > 炼焦炉制品；精炼石油制品；核燃料 > 煤、褐煤或泥煤制的焦炭和半焦；甑碳 > 煤、褐煤或泥煤制的焦炭和半焦；甑碳,,29.5,kgCO2e,5,2025,吉焦
石化原料油,Petrochemical feedstock oil,33390X0012025C,首页 > 其他可运输货物，金属制品、机械和设备除外 > 炼焦炉制品；精炼石油制品；核燃料 > 石油及自含沥青矿物中提出的油，原油除外；未另列明的含有70％或70％以上重的石油及自含沥青矿物中提出的油的制品，上述油料是该制品的基础成分 > 其他未另列明的石油,,2.8,kgCO2e,5,2025,kg
其他油品,Other oils,33390X0022025C,首页 > 其他可运输货物，金属制品、机械和设备除外 > 炼焦炉制品；精炼石油制品；核燃料 > 石油及自含沥青矿物中提出的油，原油除外；未另列明的含有70％或70％以上重的石油及自含沥青矿物中提出的油的制品，上述油料是该制品的基础成分 > 其他未另列明的石油,,2.8,kgCO2e,5,2025,kg
航空煤油,aviation fuel,33349X0012022A,首页 > 其他可运输货物，金属制品、机械和设备除外 > 炼焦炉制品；精炼石油制品；核燃料 > 石油及自含沥青矿物中提出的油，原油除外；未另列明的含有70％或70％以上重的石油及自含沥青矿物中提出的油的制品，上述油料是该制品的基础成分 > 其他煤油,,0.298132,tCO2e,4,2022,公吨
其他煤制油,Other coal-to-liquids,33349X0012013A,首页 > 其他可运输货物，金属制品、机械和设备除外 > 炼焦炉制品；精炼石油制品；核燃料 > 石油及自含沥青矿物中提出的油，原油除外；未另列明的含有70％或70％以上重的石油及自含沥青矿物中提出的油的制品，上述油料是该制品的基础成分 > 其他煤油,,22916.974,kgCO2e,5,2013,公吨
灯用煤油,Lamp Kerosene,33349X0022015A,首页 > 其他可运输货物，金属制品、机械和设备除外 > 炼焦炉制品；精炼石油制品；核燃料 > 石油及自含沥青矿物中提出的油，原油除外；未另列明的含有70％或70％以上重的石油及自含沥青矿物中提出的油的制品，上述油料是该制品的基础成分 > 其他煤油,,2.09,kgCO2e,5,2015,kg
一般煤油,General kerosene,33349X0072025C,首页 > 其他可运输货物，金属制品、机械和设备除外 > 炼焦炉制品；精炼石油制品；核燃料 > 石油及自含沥青矿物中提出的油，原油除外；未另列明的含有70％或70％以上重的石油及自含沥青矿物中提出的油的制品，上述油料是该制品的基础成分 > 其他煤油,,71.9,kgCO2e,5,2025,吉焦
木薯燃料乙醇,Cassava fuel ethanol,33370X0012012A,首页 > 其他可运输货物，金属制品、机械和设备除外 > 炼焦炉制品；精炼石油制品；核燃料 > 石油及自含沥青矿物中提出的油，原油除外；未另列明的含有70％或70％以上重的石油及自含沥青矿物中提出的油的制品，上述油料是该制品的基础成分 > 未另列明的燃料油,,1.42,kgCO2e,4,2012,L
甜高粱燃料乙醇,Sweet sorghum fuel ethanol,33370X0012011A,首页 > 其他可运输货物，金属制品、机械和设备除外 > 炼焦炉制品；精炼石油制品；核燃料 > 石油及自含沥青矿物中提出的油，原油除外；未另列明的含有70％或70％以上重的石油及自含沥青矿物中提出的油的制品，上述油料是该制品的基础成分 > 未另列明的燃料油,,3.13,kgCO2e,5,2011,L
玉米燃料乙醇,Corn fuel ethanol,33370X0022011A,首页 > 其他可运输货物，金属制品、机械和设备除外 > 炼焦炉制品；精炼石油制品；核燃料 > 石油及自含沥青矿物中提出的油，原油除外；未另列明的含有70％或70％以上重的石油及自含沥青矿物中提出的油的制品，上述油料是该制品的基础成分 > 未另列明的燃料油,,2.83,kgCO2e,5,2011,L
生物燃料,E85,33370X0032016A,首页 > 其他可运输货物，金属制品、机械和设备除外 > 炼焦炉制品；精炼石油制品；核燃料 > 石油及自含沥青矿物中提出的油，原油除外；未另列明的含有70％或70％以上重的石油及自含沥青矿物中提出的油的制品，上述油料是该制品的基础成分 > 未另列明的燃料油,,0.1,kgCO2e,4,2016,千米
工业燃料油,Industrial fuel oil,33370X0022012A,首页 > 其他可运输货物，金属制品、机械和设备除外 > 炼焦炉制品；精炼石油制品；核燃料 > 石油及自含沥青矿物中提出的油，原油除外；未另列明的含有70％或70％以上重的石油及自含沥青矿物中提出的油的制品，上述油料是该制品的基础成分 > 未另列明的燃料油,,5.25,tCO2e,5,2012,公吨
燃料油,Fuel Oil,33370X0062025C,首页 > 其他可运输货物，金属制品、机械和设备除外 > 炼焦炉制品；精炼石油制品；核燃料 > 石油及自含沥青矿物中提出的油，原油除外；未另列明的含有70％或70％以上重的石油及自含沥青矿物中提出的油的制品，上述油料是该制品的基础成分 > 未另列明的燃料油,,77.4,kgCO2e,5,2025,吉焦
柴油,Diesel oil,33360X0012015A,首页 > 其他可运输货物，金属制品、机械和设备除外 > 炼焦炉制品；精炼石油制品；核燃料 > 石油及自含沥青矿物中提出的油，原油除外；未另列明的含有70％或70％以上重的石油及自含沥青矿物中提出的油的制品，上述油料是该制品的基础成分 > 柴油,,3.797,tCO2e,4,2015,公吨
柴油,diesel oil,33360X0012022C,首页 > 其他可运输货物，金属制品、机械和设备除外 > 炼焦炉制品；精炼石油制品；核燃料 > 石油及自含沥青矿物中提出的油，原油除外；未另列明的含有70％或70％以上重的石油及自含沥青矿物中提出的油的制品，上述油料是该制品的基础成分 > 柴油,,0.6369,kgCO2e,5,2022,kg
柴油,Diesel,33360X0022025C,首页 > 其他可运输货物，金属制品、机械和设备除外 > 炼焦炉制品；精炼石油制品；核燃料 > 石油及自含沥青矿物中提出的油，原油除外；未另列明的含有70％或70％以上重的石油及自含沥青矿物中提出的油的制品，上述油料是该制品的基础成分 > 柴油,,74.1,kgCO2e,5,2025,吉焦
润滑油,Lubricating oil,33380X0012015A,首页 > 其他可运输货物，金属制品、机械和设备除外 > 炼焦炉制品；精炼石油制品；核燃料 > 石油及自含沥青矿物中提出的油，原油除外；未另列明的含有70％或70％以上重的石油及自含沥青矿物中提出的油的制品，上述油料是该制品的基础成分 > 润滑油,,5.26,kgCO2e,5,2015,kg
润滑剂,Lubricant,33380X0012021A,首页 > 其他可运输货物，金属制品、机械和设备除外 > 炼焦炉制品；精炼石油制品；核燃料 > 石油及自含沥青矿物中提出的油，原油除外；未另列明的含有70％或70％以上重的石油及自含沥青矿物中提出的油的制品，上述油料是该制品的基础成分 > 润滑油,,1.2,kgCO2e,3,2021,kg
复合磺酸钙润滑脂,calcium sulfonate complex lubricating grease,33380X0032023C,首页 > 其他可运输货物，金属制品、机械和设备除外 > 炼焦炉制品；精炼石油制品；核燃料 > 石油及自含沥青矿物中提出的油，原油除外；未另列明的含有70％或70％以上重的石油及自含沥青矿物中提出的油的制品，上述油料是该制品的基础成分 > 润滑油,无,1.6786,kgCO2e,5,2023,kg
蓖麻油（人工采收）,Castor oil,33380X0022020A,首页 > 其他可运输货物，金属制品、机械和设备除外 > 炼焦炉制品；精炼石油制品；核燃料 > 石油及自含沥青矿物中提出的油，原油除外；未另列明的含有70％或70％以上重的石油及自含沥青矿物中提出的油的制品，上述油料是该制品的基础成分 > 润滑油,C-856品种，人工收割（仅将压榨饼掺入土壤，其他副产品出售）,8.14,kgCO2e,4,2020,kg
润滑油,Lubricant,33380X0042025C,首页 > 其他可运输货物，金属制品、机械和设备除外 > 炼焦炉制品；精炼石油制品；核燃料 > 石油及自含沥青矿物中提出的油，原油除外；未另列明的含有70％或70％以上重的石油及自含沥青矿物中提出的油的制品，上述油料是该制品的基础成分 > 润滑油,,73.3,kgCO2e,5,2025,吉焦
航空煤油,aviation fuel,33342X0012019A,首页 > 其他可运输货物，金属制品、机械和设备除外 > 炼焦炉制品；精炼石油制品；核燃料 > 石油及自含沥青矿物中提出的油，原油除外；未另列明的含有70％或70％以上重的石油及自含沥青矿物中提出的油的制品，上述油料是该制品的基础成分 > 煤油型喷气燃料,,3329.548,kgCO2e,4,2019,公吨
航煤,Aviation kerosene,33342X0022021A,首页 > 其他可运输货物，金属制品、机械和设备除外 > 炼焦炉制品；精炼石油制品；核燃料 > 石油及自含沥青矿物中提出的油，原油除外；未另列明的含有70％或70％以上重的石油及自含沥青矿物中提出的油的制品，上述油料是该制品的基础成分 > 煤油型喷气燃料,,3329.55,kgCO2e,5,2021,公吨
直接液化煤制油,Direct-liquefied coal-to-liquids,33342X0032020A,首页 > 其他可运输货物，金属制品、机械和设备除外 > 炼焦炉制品；精炼石油制品；核燃料 > 石油及自含沥青矿物中提出的油，原油除外；未另列明的含有70％或70％以上重的石油及自含沥青矿物中提出的油的制品，上述油料是该制品的基础成分 > 煤油型喷气燃料,,5.8,tCO2e,5,2020,公吨
间接液化煤制油,Indirectly liquefied coal-to-liquids,33342X0042020A,首页 > 其他可运输货物，金属制品、机械和设备除外 > 炼焦炉制品；精炼石油制品；核燃料 > 石油及自含沥青矿物中提出的油，原油除外；未另列明的含有70％或70％以上重的石油及自含沥青矿物中提出的油的制品，上述油料是该制品的基础成分 > 煤油型喷气燃料,,6.35,tCO2e,4,2020,公吨
航空煤油,Aviation kerosene,33342X0012015A,首页 > 其他可运输货物，金属制品、机械和设备除外 > 炼焦炉制品；精炼石油制品；核燃料 > 石油及自含沥青矿物中提出的油，原油除外；未另列明的含有70％或70％以上重的石油及自含沥青矿物中提出的油的制品，上述油料是该制品的基础成分 > 煤油型喷气燃料,,4.41,kgCO2e,5,2015,kg
航空煤油,aviation fuel,33342X0062019C,首页 > 其他可运输货物，金属制品、机械和设备除外 > 炼焦炉制品；精炼石油制品；核燃料 > 石油及自含沥青矿物中提出的油，原油除外；未另列明的含有70％或70％以上重的石油及自含沥青矿物中提出的油的制品，上述油料是该制品的基础成分 > 煤油型喷气燃料,,3.494,tCO2e,5,2019,公吨
喷气煤油,Jet kerosene,33342X0072025C,首页 > 其他可运输货物，金属制品、机械和设备除外 > 炼焦炉制品；精炼石油制品；核燃料 > 石油及自含沥青矿物中提出的油，原油除外；未另列明的含有70％或70％以上重的石油及自含沥青矿物中提出的油的制品，上述油料是该制品的基础成分 > 煤油型喷气燃料,,71.5,kgCO2e,5,2025,吉焦
石脑油,Naphtha,33330X0012012A,首页 > 其他可运输货物，金属制品、机械和设备除外 > 炼焦炉制品；精炼石油制品；核燃料 > 石油及自含沥青矿物中提出的油，原油除外；未另列明的含有70％或70％以上重的石油及自含沥青矿物中提出的油的制品，上述油料是该制品的基础成分 > 石脑油,,6.02,tCO2e,5,2012,公吨
石脑油,Naphtha,33330X0022012A,首页 > 其他可运输货物，金属制品、机械和设备除外 > 炼焦炉制品；精炼石油制品；核燃料 > 石油及自含沥青矿物中提出的油，原油除外；未另列明的含有70％或70％以上重的石油及自含沥青矿物中提出的油的制品，上述油料是该制品的基础成分 > 石脑油,,3.3,tCO2e,5,2012,公吨
石脑油,Naphtha,33330X0032025C,首页 > 其他可运输货物，金属制品、机械和设备除外 > 炼焦炉制品；精炼石油制品；核燃料 > 石油及自含沥青矿物中提出的油，原油除外；未另列明的含有70％或70％以上重的石油及自含沥青矿物中提出的油的制品，上述油料是该制品的基础成分 > 石脑油,,73.3,kgCO2e,5,2025,吉焦
航空汽油,Aviation gasoline,33312X0012015A,首页 > 其他可运输货物，金属制品、机械和设备除外 > 炼焦炉制品；精炼石油制品；核燃料 > 石油及自含沥青矿物中提出的油，原油除外；未另列明的含有70％或70％以上重的石油及自含沥青矿物中提出的油的制品，上述油料是该制品的基础成分 > 航空汽油,,4.02,tCO2e,4,2015,公吨
玉米秸秆费托工艺航空燃油，余热供汽,"orn stalk Fischer-Tropsch process jet fuel, waste heat for steam",33312X0022023C,首页 > 其他可运输货物，金属制品、机械和设备除外 > 炼焦炉制品；精炼石油制品；核燃料 > 石油及自含沥青矿物中提出的油，原油除外；未另列明的含有70％或70％以上重的石油及自含沥青矿物中提出的油的制品，上述油料是该制品的基础成分 > 航空汽油,SAF-FTJ-1,19.713,kgCO2e,5,2023,kJ
玉米秸秆费托工艺航空燃油，余热发电,"Corn stalk Fischer-Tropsch process jet fuel, waste heat power generation",33312X0032023C,首页 > 其他可运输货物，金属制品、机械和设备除外 > 炼焦炉制品；精炼石油制品；核燃料 > 石油及自含沥青矿物中提出的油，原油除外；未另列明的含有70％或70％以上重的石油及自含沥青矿物中提出的油的制品，上述油料是该制品的基础成分 > 航空汽油,FTJ-2,-3.795,kgCO2e,5,2023,kJ
玉米秸秆费托合成—烯烃齐聚耦合制航空燃料,Aviation fuel from corn stalk Fischer-olefin oligomerization coupling,33312X0042023C,首页 > 其他可运输货物，金属制品、机械和设备除外 > 炼焦炉制品；精炼石油制品；核燃料 > 石油及自含沥青矿物中提出的油，原油除外；未另列明的含有70％或70％以上重的石油及自含沥青矿物中提出的油的制品，上述油料是该制品的基础成分 > 航空汽油,PYJ,17.815,kgCO2e,5,2023,kJ
玉米秸秆费托工艺航空燃油，余热供汽，考虑生物炭固碳,"Corn straw Fischer-Tropsch process jet fuel, waste heat for steam, considering biochar carbon fixation",33312X0052023C,首页 > 其他可运输货物，金属制品、机械和设备除外 > 炼焦炉制品；精炼石油制品；核燃料 > 石油及自含沥青矿物中提出的油，原油除外；未另列明的含有70％或70％以上重的石油及自含沥青矿物中提出的油的制品，上述油料是该制品的基础成分 > 航空汽油,FTJ-1-BC,-22.975001,kgCO2e,5,2023,kJ
玉米秸秆费托工艺航空燃油，余热发电，考虑生物炭固碳,"Corn straw Fischer-Tropsch process jet fuel, waste heat power generation, considering biochar carbon fixation",33312X0062023C,首页 > 其他可运输货物，金属制品、机械和设备除外 > 炼焦炉制品；精炼石油制品；核燃料 > 石油及自含沥青矿物中提出的油，原油除外；未另列明的含有70％或70％以上重的石油及自含沥青矿物中提出的油的制品，上述油料是该制品的基础成分 > 航空汽油,FTJ-2-BC,-46.483,kgCO2e,5,2023,kJ
玉米秸秆费托合成—烯烃齐聚耦合制航空燃料，考虑生物炭固碳,"Corn straw Fischer-olefin oligomerization coupling to produce aviation fuel, considering biochar carbon sequestration",33312X0072023C,首页 > 其他可运输货物，金属制品、机械和设备除外 > 炼焦炉制品；精炼石油制品；核燃料 > 石油及自含沥青矿物中提出的油，原油除外；未另列明的含有70％或70％以上重的石油及自含沥青矿物中提出的油的制品，上述油料是该制品的基础成分 > 航空汽油,PYJ-BC,-24.873,kgCO2e,5,2023,kJ
汽油产品,Gasoline product,33311X0012018A,首页 > 其他可运输货物，金属制品、机械和设备除外 > 炼焦炉制品；精炼石油制品；核燃料 > 石油及自含沥青矿物中提出的油，原油除外；未另列明的含有70％或70％以上重的石油及自含沥青矿物中提出的油的制品，上述油料是该制品的基础成分 > 车用汽油,,3.7437,tCO2e,5,2018,公吨
汽油,gasoline,33311X0022018A,首页 > 其他可运输货物，金属制品、机械和设备除外 > 炼焦炉制品；精炼石油制品；核燃料 > 石油及自含沥青矿物中提出的油，原油除外；未另列明的含有70％或70％以上重的石油及自含沥青矿物中提出的油的制品，上述油料是该制品的基础成分 > 车用汽油,,3.743911,kgCO2e,4,2018,kg
汽油,gasoline,33311X0012018C,首页 > 其他可运输货物，金属制品、机械和设备除外 > 炼焦炉制品；精炼石油制品；核燃料 > 石油及自含沥青矿物中提出的油，原油除外；未另列明的含有70％或70％以上重的石油及自含沥青矿物中提出的油的制品，上述油料是该制品的基础成分 > 车用汽油,,0.7027,kgCO2e,5,2018,kg
汽油,Gasoline,33311X0032025C,首页 > 其他可运输货物，金属制品、机械和设备除外 > 炼焦炉制品；精炼石油制品；核燃料 > 石油及自含沥青矿物中提出的油，原油除外；未另列明的含有70％或70％以上重的石油及自含沥青矿物中提出的油的制品，上述油料是该制品的基础成分 > 车用汽油,,69.3,kgCO2e,5,2025,吉焦
丁二烯,Butadiene,33421D0052014A,首页 > 其他可运输货物，金属制品、机械和设备除外 > 炼焦炉制品；精炼石油制品；核燃料 > 石油气和其他气态烃（天然气除外） > 丁二烯,,11.9975,kgCO2e,5,2014,kg
聚异丁烯,polyisobutylene,33421C0012023A,首页 > 其他可运输货物，金属制品、机械和设备除外 > 炼焦炉制品；精炼石油制品；核燃料 > 石油气和其他气态烃（天然气除外） > 丁烯,,2.86,kgCO2e,4,2023,kg
石脑油制乙烯,Oil TO Ethylene,33421A0012021A,首页 > 其他可运输货物，金属制品、机械和设备除外 > 炼焦炉制品；精炼石油制品；核燃料 > 石油气和其他气态烃（天然气除外） > 乙烯,,1.98,tCO2e,5,2021,公吨
生物基乙醇制乙烯,Bio-Ethanol-To Ethylene,33421A0022021A,首页 > 其他可运输货物，金属制品、机械和设备除外 > 炼焦炉制品；精炼石油制品；核燃料 > 石油气和其他气态烃（天然气除外） > 乙烯,,6.38,tCO2e,5,2021,公吨
天然气基乙烷制乙烯,Natural gas-Ethane To Ethylene,33421A0032021A,首页 > 其他可运输货物，金属制品、机械和设备除外 > 炼焦炉制品；精炼石油制品；核燃料 > 石油气和其他气态烃（天然气除外） > 乙烯,,2.67,tCO2e,5,2021,公吨
煤基甲醇制乙烯,Coal-Methanol To Ethylene,33421A0042021A,首页 > 其他可运输货物，金属制品、机械和设备除外 > 炼焦炉制品；精炼石油制品；核燃料 > 石油气和其他气态烃（天然气除外） > 乙烯,,7.23,tCO2e,5,2021,公吨
焦炉气,Coke Oven Gas,33429B0012008A,首页 > 其他可运输货物，金属制品、机械和设备除外 > 炼焦炉制品；精炼石油制品；核燃料 > 石油气和其他气态烃（天然气除外） > 其他气态烃（天然气除外）,,1.183,tCO2e,4,2008,公吨
炼厂煤气,Liquefied petroleum gas,33429B0022011A,首页 > 其他可运输货物，金属制品、机械和设备除外 > 炼焦炉制品；精炼石油制品；核燃料 > 石油气和其他气态烃（天然气除外） > 其他气态烃（天然气除外）,,3.04,tCO2e,4,2011,m3
炼厂干气,Refinery dry gas,33429B0032025C,首页 > 其他可运输货物，金属制品、机械和设备除外 > 炼焦炉制品；精炼石油制品；核燃料 > 石油气和其他气态烃（天然气除外） > 其他气态烃（天然气除外）,,57.6,kgCO2e,5,2025,吉焦
LPG液化石油气,Liquefied petroleum gas (LPG),33429A0012025C,首页 > 其他可运输货物，金属制品、机械和设备除外 > 炼焦炉制品；精炼石油制品；核燃料 > 石油气和其他气态烃（天然气除外） > 其他石油气（天然气除外）,,63.1,kgCO2e,5,2025,吉焦
增碳剂,Carburan,37950X0022020A,首页 > 其他可运输货物，金属制品、机械和设备除外 > 玻璃和玻璃制品及其他未另列明的非金属制品 > 其他未另列明的非金属矿物制品 > 人造石墨；胶态或半胶态石墨；以石墨或其他半成品状态的碳为基料的制品,,3.483,tCO2e,5,2020,公吨
人造石墨,Artificial graphite,37950X0022015A,首页 > 其他可运输货物，金属制品、机械和设备除外 > 玻璃和玻璃制品及其他未另列明的非金属制品 > 其他未另列明的非金属矿物制品 > 人造石墨；胶态或半胶态石墨；以石墨或其他半成品状态的碳为基料的制品,,3.1,kgCO2e,4,2015,kg
建筑陶瓷,architectural ceramics,37910X0022014A,首页 > 其他可运输货物，金属制品、机械和设备除外 > 玻璃和玻璃制品及其他未另列明的非金属制品 > 其他未另列明的非金属矿物制品 > 以天然石料、凝集的天然或人造研磨料或陶瓷料制成的无框架磨盘、磨石、磨轮及类似品及其部分天然或以织物、纸、及其他材料为底板的人造研磨料粉或粒,,0.9413,kgCO2e,4,2014,kg
石塑集成墙面,Stone-plastic integrated wall,37910X0022021B,首页 > 其他可运输货物，金属制品、机械和设备除外 > 玻璃和玻璃制品及其他未另列明的非金属制品 > 其他未另列明的非金属矿物制品 > 以天然石料、凝集的天然或人造研磨料或陶瓷料制成的无框架磨盘、磨石、磨轮及类似品及其部分天然或以织物、纸、及其他材料为底板的人造研磨料粉或粒,,1150,kgCO2e,3,2021,m3
中间相碳微球（共缩聚法）,Mesophase carbon microspheres（co-condensation）,37990X0012007A,首页 > 其他可运输货物，金属制品、机械和设备除外 > 玻璃和玻璃制品及其他未另列明的非金属制品 > 其他未另列明的非金属矿物制品 > 未另列明的非金属矿物制品（包括矿物棉、膨胀矿物原料、加工的云母、云母制品、石墨或其他碳的非电气制品及泥炭制品）,,11824.61,kgCO2e,4,2007,公吨
黑碳化硅产品,black silicon carbide,37990X0022012A,首页 > 其他可运输货物，金属制品、机械和设备除外 > 玻璃和玻璃制品及其他未另列明的非金属制品 > 其他未另列明的非金属矿物制品 > 未另列明的非金属矿物制品（包括矿物棉、膨胀矿物原料、加工的云母、云母制品、石墨或其他碳的非电气制品及泥炭制品）,,15968.85,kgCO2e,4,2012,公吨
泥炭及泥炭产物,Peat,37990X0011995A,首页 > 其他可运输货物，金属制品、机械和设备除外 > 玻璃和玻璃制品及其他未另列明的非金属制品 > 其他未另列明的非金属矿物制品 > 未另列明的非金属矿物制品（包括矿物棉、膨胀矿物原料、加工的云母、云母制品、石墨或其他碳的非电气制品及泥炭制品）,,200,kgCO2e,4,1995,平方米
其他非金属矿,Other non-metallic minerals,37990X0022013A,首页 > 其他可运输货物，金属制品、机械和设备除外 > 玻璃和玻璃制品及其他未另列明的非金属制品 > 其他未另列明的非金属矿物制品 > 未另列明的非金属矿物制品（包括矿物棉、膨胀矿物原料、加工的云母、云母制品、石墨或其他碳的非电气制品及泥炭制品）,,4,kgCO2e,4,2013,kg
岩棉绝热制品,Rock wool thermal insulation products,37990X0022021B,首页 > 其他可运输货物，金属制品、机械和设备除外 > 玻璃和玻璃制品及其他未另列明的非金属制品 > 其他未另列明的非金属矿物制品 > 未另列明的非金属矿物制品（包括矿物棉、膨胀矿物原料、加工的云母、云母制品、石墨或其他碳的非电气制品及泥炭制品）,,2020,kgCO2e,3,2021,公吨
岩棉绝热制品,Rock wool thermal insulation products,37990X0042022B,首页 > 其他可运输货物，金属制品、机械和设备除外 > 玻璃和玻璃制品及其他未另列明的非金属制品 > 其他未另列明的非金属矿物制品 > 未另列明的非金属矿物制品（包括矿物棉、膨胀矿物原料、加工的云母、云母制品、石墨或其他碳的非电气制品及泥炭制品）,,2210,kgCO2e,3,2022,公吨
岩棉绝热制品,Rock wool thermal insulation products,37990X0052021B,首页 > 其他可运输货物，金属制品、机械和设备除外 > 玻璃和玻璃制品及其他未另列明的非金属制品 > 其他未另列明的非金属矿物制品 > 未另列明的非金属矿物制品（包括矿物棉、膨胀矿物原料、加工的云母、云母制品、石墨或其他碳的非电气制品及泥炭制品）,,2140,kgCO2e,3,2021,公吨
玻璃棉制品,Glass wool product,37990X0062021B,首页 > 其他可运输货物，金属制品、机械和设备除外 > 玻璃和玻璃制品及其他未另列明的非金属制品 > 其他未另列明的非金属矿物制品 > 未另列明的非金属矿物制品（包括矿物棉、膨胀矿物原料、加工的云母、云母制品、石墨或其他碳的非电气制品及泥炭制品）,,809,kgCO2e,3,2021,公吨
玻璃棉制品,Glass wool product,37990X0072022B,首页 > 其他可运输货物，金属制品、机械和设备除外 > 玻璃和玻璃制品及其他未另列明的非金属制品 > 其他未另列明的非金属矿物制品 > 未另列明的非金属矿物制品（包括矿物棉、膨胀矿物原料、加工的云母、云母制品、石墨或其他碳的非电气制品及泥炭制品）,,908,kgCO2e,3,2022,公吨
碳粉,toner (laser printing),37990X0392025C,首页 > 其他可运输货物，金属制品、机械和设备除外 > 玻璃和玻璃制品及其他未另列明的非金属制品 > 其他未另列明的非金属矿物制品 > 未另列明的非金属矿物制品（包括矿物棉、膨胀矿物原料、加工的云母、云母制品、石墨或其他碳的非电气制品及泥炭制品）,,3.6642,kgCO2e,5,2025,kg
改性沥青基防水卷材,waterproof roll,37930X0012014A,首页 > 其他可运输货物，金属制品、机械和设备除外 > 玻璃和玻璃制品及其他未另列明的非金属制品 > 其他未另列明的非金属矿物制品 > 沥青或类似材料的制品,,4.283,kgCO2e,4,2014,平方米
沥青基防水卷材（有胎改性类）,Asphalt-based waterproof membrane (with tire modification),37930X0162021B,首页 > 其他可运输货物，金属制品、机械和设备除外 > 玻璃和玻璃制品及其他未另列明的非金属制品 > 其他未另列明的非金属矿物制品 > 沥青或类似材料的制品,,4.22,kgCO2e,3,2021,平方米
沥青基防水卷材（有胎改性类）,Asphalt-based waterproofing membrane (modified with tire),37930X0132021B,首页 > 其他可运输货物，金属制品、机械和设备除外 > 玻璃和玻璃制品及其他未另列明的非金属制品 > 其他未另列明的非金属矿物制品 > 沥青或类似材料的制品,,7.51,kgCO2e,3,2021,平方米
沥青基防水卷材(无胎改性类),Asphalt-based waterproof membrane (tireless modified type),37930X0102020B,首页 > 其他可运输货物，金属制品、机械和设备除外 > 玻璃和玻璃制品及其他未另列明的非金属制品 > 其他未另列明的非金属矿物制品 > 沥青或类似材料的制品,,6.08,kgCO2e,3,2020,平方米
沥青基防水卷材（有胎改性类）,Asphalt-based waterproof membrane (with tire modification),37930X0072020B,首页 > 其他可运输货物，金属制品、机械和设备除外 > 玻璃和玻璃制品及其他未另列明的非金属制品 > 其他未另列明的非金属矿物制品 > 沥青或类似材料的制品,,2.92,kgCO2e,3,2020,平方米
沥青基防水卷材,Bitumen-based waterproofing membrane,37930X0092021B,首页 > 其他可运输货物，金属制品、机械和设备除外 > 玻璃和玻璃制品及其他未另列明的非金属制品 > 其他未另列明的非金属矿物制品 > 沥青或类似材料的制品,,562,kgCO2e,3,2021,平方米
沥青基防水卷材,Bitumen-based waterproofing membrane,37930X0082022B,首页 > 其他可运输货物，金属制品、机械和设备除外 > 玻璃和玻璃制品及其他未另列明的非金属制品 > 其他未另列明的非金属矿物制品 > 沥青或类似材料的制品,,3.45,kgCO2e,3,2022,平方米
沥青基防水卷材（无胎改性类）,Asphalt-based waterproof membrane (tireless modified type),37930X0142022B,首页 > 其他可运输货物，金属制品、机械和设备除外 > 玻璃和玻璃制品及其他未另列明的非金属制品 > 其他未另列明的非金属矿物制品 > 沥青或类似材料的制品,,4.29,kgCO2e,3,2022,平方米
沥青基防水卷材,Bituminous waterproof sheet,37930X0152022B,首页 > 其他可运输货物，金属制品、机械和设备除外 > 玻璃和玻璃制品及其他未另列明的非金属制品 > 其他未另列明的非金属矿物制品 > 沥青或类似材料的制品,,2.47,kgCO2e,3,2022,平方米
沥青,Asphalt,37930X0172025C,首页 > 其他可运输货物，金属制品、机械和设备除外 > 玻璃和玻璃制品及其他未另列明的非金属制品 > 其他未另列明的非金属矿物制品 > 沥青或类似材料的制品,,80.7,kgCO2e,5,2025,吉焦
改性沥青基防水卷材,Modified Bitumen Waterproofing Membranes,37930X0182025C,首页 > 其他可运输货物，金属制品、机械和设备除外 > 玻璃和玻璃制品及其他未另列明的非金属制品 > 其他未另列明的非金属矿物制品 > 沥青或类似材料的制品,,13.25,kgCO2e,5,2025,平方米
隔热板,Insulation,37920X0012021A,首页 > 其他可运输货物，金属制品、机械和设备除外 > 玻璃和玻璃制品及其他未另列明的非金属制品 > 其他未另列明的非金属矿物制品 > 经制作的石棉纤维；以石棉为主要成分或以石棉及碳酸镁为主要成分的混合物；这类混合物或石棉的制品,,1861.76,kgCO2e,4,2021,公吨
水泥熟料,Cement clinker,37430X0022015A,首页 > 其他可运输货物，金属制品、机械和设备除外 > 玻璃和玻璃制品及其他未另列明的非金属制品 > 水泥、石灰和石膏 > 水泥熟料,,0.87,kgCO2e,4,2015,kg
42.5级普通硅酸盐水泥,Ordinary Portland cement,37430X0192021B,首页 > 其他可运输货物，金属制品、机械和设备除外 > 玻璃和玻璃制品及其他未另列明的非金属制品 > 水泥、石灰和石膏 > 水泥熟料,,752.03,kgCO2e,4,2021,公吨
硅酸盐水泥熟料,Portland cement clinker,37430X0562020B,首页 > 其他可运输货物，金属制品、机械和设备除外 > 玻璃和玻璃制品及其他未另列明的非金属制品 > 水泥、石灰和石膏 > 水泥熟料,,916,kgCO2e,3,2020,公吨
硅酸盐水泥熟料,Portland cement clinker,37430X0762020B,首页 > 其他可运输货物，金属制品、机械和设备除外 > 玻璃和玻璃制品及其他未另列明的非金属制品 > 水泥、石灰和石膏 > 水泥熟料,,884,kgCO2e,3,2020,公吨
硅酸盐水泥熟料,Portland cement clinker,37430X0752022B,首页 > 其他可运输货物，金属制品、机械和设备除外 > 玻璃和玻璃制品及其他未另列明的非金属制品 > 水泥、石灰和石膏 > 水泥熟料,,900,kgCO2e,3,2022,公吨
硅酸盐水泥熟料,Portland cement clinker,37430X0692021B,首页 > 其他可运输货物，金属制品、机械和设备除外 > 玻璃和玻璃制品及其他未另列明的非金属制品 > 水泥、石灰和石膏 > 水泥熟料,,975,kgCO2e,3,2021,公吨
硅酸盐水泥熟料,Portland cement clinker,37430X0682021B,首页 > 其他可运输货物，金属制品、机械和设备除外 > 玻璃和玻璃制品及其他未另列明的非金属制品 > 水泥、石灰和石膏 > 水泥熟料,,947,kgCO2e,3,2021,公吨
42.5级 普通硅酸盐水泥,Grade 42.5 ordinary Portland cement,37430X0672020B,首页 > 其他可运输货物，金属制品、机械和设备除外 > 玻璃和玻璃制品及其他未另列明的非金属制品 > 水泥、石灰和石膏 > 水泥熟料,,835,kgCO2e,3,2020,公吨
硅酸盐水泥熟料,Portland cement clinker,37430X0662022B,首页 > 其他可运输货物，金属制品、机械和设备除外 > 玻璃和玻璃制品及其他未另列明的非金属制品 > 水泥、石灰和石膏 > 水泥熟料,,908,kgCO2e,3,2022,公吨
42.5级普通硅酸盐水泥,Grade 42.5 ordinary Portland cement,37430X0602020B,首页 > 其他可运输货物，金属制品、机械和设备除外 > 玻璃和玻璃制品及其他未另列明的非金属制品 > 水泥、石灰和石膏 > 水泥熟料,,711,kgCO2e,3,2020,公吨
32.5级A型矿渣硅酸盐水泥,Grade 32.5 Type A slag Portland cement,37430X0612021B,首页 > 其他可运输货物，金属制品、机械和设备除外 > 玻璃和玻璃制品及其他未另列明的非金属制品 > 水泥、石灰和石膏 > 水泥熟料,,516,kgCO2e,3,2021,公吨
硅酸盐水泥熟料,Portland cement clinker,37430X0622021B,首页 > 其他可运输货物，金属制品、机械和设备除外 > 玻璃和玻璃制品及其他未另列明的非金属制品 > 水泥、石灰和石膏 > 水泥熟料,,884,kgCO2e,3,2021,公吨
42.5级 复合硅酸盐水泥,42.5 grade composite Portland cement,37430X0522020B,首页 > 其他可运输货物，金属制品、机械和设备除外 > 玻璃和玻璃制品及其他未另列明的非金属制品 > 水泥、石灰和石膏 > 水泥熟料,,698,kgCO2e,3,2020,公吨
硅酸盐水泥熟料,Portland cement clinker,37430X0512020B,首页 > 其他可运输货物，金属制品、机械和设备除外 > 玻璃和玻璃制品及其他未另列明的非金属制品 > 水泥、石灰和石膏 > 水泥熟料,,907,kgCO2e,3,2020,公吨
42.5级 普通硅酸盐水泥,Grade 42.5 ordinary Portland cement,37430X0502020B,首页 > 其他可运输货物，金属制品、机械和设备除外 > 玻璃和玻璃制品及其他未另列明的非金属制品 > 水泥、石灰和石膏 > 水泥熟料,,728,kgCO2e,3,2020,公吨
硅酸盐水泥熟料,Portland cement clinker,37430X0492020B,首页 > 其他可运输货物，金属制品、机械和设备除外 > 玻璃和玻璃制品及其他未另列明的非金属制品 > 水泥、石灰和石膏 > 水泥熟料,,827,kgCO2e,3,2020,公吨
32.5级 矿渣硅酸盐水泥,Grade 32.5 slag Portland cement,37430X0482020B,首页 > 其他可运输货物，金属制品、机械和设备除外 > 玻璃和玻璃制品及其他未另列明的非金属制品 > 水泥、石灰和石膏 > 水泥熟料,,547,kgCO2e,3,2020,公吨
42.5级 普通硅酸盐水泥,Grade 42.5 ordinary Portland cement,37430X0472020B,首页 > 其他可运输货物，金属制品、机械和设备除外 > 玻璃和玻璃制品及其他未另列明的非金属制品 > 水泥、石灰和石膏 > 水泥熟料,,699,kgCO2e,3,2020,公吨
硅酸盐水泥熟料,Portland cement clinker,37430X0592020B,首页 > 其他可运输货物，金属制品、机械和设备除外 > 玻璃和玻璃制品及其他未另列明的非金属制品 > 水泥、石灰和石膏 > 水泥熟料,,897,kgCO2e,3,2020,公吨
P.O 52.5水泥,P.O52.5 Cement,37430X0582020B,首页 > 其他可运输货物，金属制品、机械和设备除外 > 玻璃和玻璃制品及其他未另列明的非金属制品 > 水泥、石灰和石膏 > 水泥熟料,,832,kgCO2e,3,2020,公吨
硅酸盐水泥熟料,Portland cement clinker,37430X0442021B,首页 > 其他可运输货物，金属制品、机械和设备除外 > 玻璃和玻璃制品及其他未另列明的非金属制品 > 水泥、石灰和石膏 > 水泥熟料,,881,kgCO2e,3,2021,公吨
硅酸盐水泥熟料,Portland cement clinker,37430X0452022B,首页 > 其他可运输货物，金属制品、机械和设备除外 > 玻璃和玻璃制品及其他未另列明的非金属制品 > 水泥、石灰和石膏 > 水泥熟料,,854,kgCO2e,3,2022,公吨
硅酸盐水泥熟料,Portland cement clinker,37430X0722021B,首页 > 其他可运输货物，金属制品、机械和设备除外 > 玻璃和玻璃制品及其他未另列明的非金属制品 > 水泥、石灰和石膏 > 水泥熟料,,951,kgCO2e,3,2021,公吨
硅酸盐水泥熟料,Portland Cement Clinker,37430X0732022B,首页 > 其他可运输货物，金属制品、机械和设备除外 > 玻璃和玻璃制品及其他未另列明的非金属制品 > 水泥、石灰和石膏 > 水泥熟料,,853,kgCO2e,3,2022,公吨
水泥熟料,clinker,37430X0772019A,首页 > 其他可运输货物，金属制品、机械和设备除外 > 玻璃和玻璃制品及其他未另列明的非金属制品 > 水泥、石灰和石膏 > 水泥熟料,,0.7784,tCO2e,4,2019,公吨
硅酸盐水泥熟料,Silicate cement clinker,37430X0782025C,首页 > 其他可运输货物，金属制品、机械和设备除外 > 玻璃和玻璃制品及其他未另列明的非金属制品 > 水泥、石灰和石膏 > 水泥熟料,,535,kgCO2e,5,2025,公吨
白色硅酸盐水泥熟料,White silicate cement clinker,37430X0792025C,首页 > 其他可运输货物，金属制品、机械和设备除外 > 玻璃和玻璃制品及其他未另列明的非金属制品 > 水泥、石灰和石膏 > 水泥熟料,,550,kgCO2e,5,2025,公吨
水泥产品-水泥熟料,Cement-Cement clinker,37430X0802022A,首页 > 其他可运输货物，金属制品、机械和设备除外 > 玻璃和玻璃制品及其他未另列明的非金属制品 > 水泥、石灰和石膏 > 水泥熟料,,0.87,tCO2e,5,2022,公吨
硅酸盐水泥熟料,Portland cement clinker,37430X0812022A,首页 > 其他可运输货物，金属制品、机械和设备除外 > 玻璃和玻璃制品及其他未另列明的非金属制品 > 水泥、石灰和石膏 > 水泥熟料,,842.6,kgCO2e,4,2022,公吨
高贝利特硫铝酸盐水泥,Cement,37440X0062022A,首页 > 其他可运输货物，金属制品、机械和设备除外 > 玻璃和玻璃制品及其他未另列明的非金属制品 > 水泥、石灰和石膏 > 波特兰水泥、高铝水泥、矿渣水泥及类似的水硬性水泥，不包括熟料态的水泥,,551.17,kgCO2e,4,2022,公吨
普通硅酸盐水泥,Cement,37440X0072022A,首页 > 其他可运输货物，金属制品、机械和设备除外 > 玻璃和玻璃制品及其他未另列明的非金属制品 > 水泥、石灰和石膏 > 波特兰水泥、高铝水泥、矿渣水泥及类似的水硬性水泥，不包括熟料态的水泥,,1029.86,kgCO2e,4,2022,公吨
硫铝酸盐水泥,Cement,37440X0082022A,首页 > 其他可运输货物，金属制品、机械和设备除外 > 玻璃和玻璃制品及其他未另列明的非金属制品 > 水泥、石灰和石膏 > 波特兰水泥、高铝水泥、矿渣水泥及类似的水硬性水泥，不包括熟料态的水泥,,712.15,kgCO2e,4,2022,公吨
水泥熟料,Portland cement clinker,37440X0032016A,首页 > 其他可运输货物，金属制品、机械和设备除外 > 玻璃和玻璃制品及其他未另列明的非金属制品 > 水泥、石灰和石膏 > 波特兰水泥、高铝水泥、矿渣水泥及类似的水硬性水泥，不包括熟料态的水泥,,761,kgCO2e,4,2016,公吨
42.5级 普通硅酸盐水泥,42.5 grade ordinary portland cement,37440X1172022B,首页 > 其他可运输货物，金属制品、机械和设备除外 > 玻璃和玻璃制品及其他未另列明的非金属制品 > 水泥、石灰和石膏 > 波特兰水泥、高铝水泥、矿渣水泥及类似的水硬性水泥，不包括熟料态的水泥,,799,kgCO2e,3,2022,公吨
硅酸盐水泥熟料,Portland cement clinker,37440X0132021B,首页 > 其他可运输货物，金属制品、机械和设备除外 > 玻璃和玻璃制品及其他未另列明的非金属制品 > 水泥、石灰和石膏 > 波特兰水泥、高铝水泥、矿渣水泥及类似的水硬性水泥，不包括熟料态的水泥,,932,kgCO2e,3,2021,公吨
42.5级普通硅酸盐水泥,Grade 42.5 ordinary Portland cement,37440X1162021B,首页 > 其他可运输货物，金属制品、机械和设备除外 > 玻璃和玻璃制品及其他未另列明的非金属制品 > 水泥、石灰和石膏 > 波特兰水泥、高铝水泥、矿渣水泥及类似的水硬性水泥，不包括熟料态的水泥,,767,kgCO2e,3,2021,公吨
42.5级复合硅酸盐水泥,42.5 grade composite Portland cement,37440X1152021B,首页 > 其他可运输货物，金属制品、机械和设备除外 > 玻璃和玻璃制品及其他未另列明的非金属制品 > 水泥、石灰和石膏 > 波特兰水泥、高铝水泥、矿渣水泥及类似的水硬性水泥，不包括熟料态的水泥,,734,kgCO2e,3,2021,公吨
42.5级普通硅酸盐水泥,Grade 42.5 ordinary Portland cement,37440X1142022B,首页 > 其他可运输货物，金属制品、机械和设备除外 > 玻璃和玻璃制品及其他未另列明的非金属制品 > 水泥、石灰和石膏 > 波特兰水泥、高铝水泥、矿渣水泥及类似的水硬性水泥，不包括熟料态的水泥,,793,kgCO2e,3,2022,公吨
42.5级复合硅酸盐水泥,42.5 grade composite Portland cement,37440X1132022B,首页 > 其他可运输货物，金属制品、机械和设备除外 > 玻璃和玻璃制品及其他未另列明的非金属制品 > 水泥、石灰和石膏 > 波特兰水泥、高铝水泥、矿渣水泥及类似的水硬性水泥，不包括熟料态的水泥,,747,kgCO2e,3,2022,公吨
32.5级 砌筑水泥,32.5 Masonry cement,37440X0122021B,首页 > 其他可运输货物，金属制品、机械和设备除外 > 玻璃和玻璃制品及其他未另列明的非金属制品 > 水泥、石灰和石膏 > 波特兰水泥、高铝水泥、矿渣水泥及类似的水硬性水泥，不包括熟料态的水泥,,530,kgCO2e,4,2021,公吨
P.O42.5水泥,P.O42.5 Cement,37440X0252021B,首页 > 其他可运输货物，金属制品、机械和设备除外 > 玻璃和玻璃制品及其他未另列明的非金属制品 > 水泥、石灰和石膏 > 波特兰水泥、高铝水泥、矿渣水泥及类似的水硬性水泥，不包括熟料态的水泥,P.O42.5,793,kgCO2e,3,2021,公吨
M32.5水泥,M32.5 Cement,37440X0242021B,首页 > 其他可运输货物，金属制品、机械和设备除外 > 玻璃和玻璃制品及其他未另列明的非金属制品 > 水泥、石灰和石膏 > 波特兰水泥、高铝水泥、矿渣水泥及类似的水硬性水泥，不包括熟料态的水泥,M32.5,615,kgCO2e,3,2021,公吨
42.5级 普通硅酸盐水泥,Grade 42.5 ordinary Portland cement,37440X0222020B,首页 > 其他可运输货物，金属制品、机械和设备除外 > 玻璃和玻璃制品及其他未另列明的非金属制品 > 水泥、石灰和石膏 > 波特兰水泥、高铝水泥、矿渣水泥及类似的水硬性水泥，不包括熟料态的水泥,,774,kgCO2e,3,2020,公吨
P.O42.5R水泥,P.O42.5R Cement,37440X0162021B,首页 > 其他可运输货物，金属制品、机械和设备除外 > 玻璃和玻璃制品及其他未另列明的非金属制品 > 水泥、石灰和石膏 > 波特兰水泥、高铝水泥、矿渣水泥及类似的水硬性水泥，不包括熟料态的水泥,,835,kgCO2e,4,2021,公吨
M32.5水泥,M32.5 Cement,37440X0172021B,首页 > 其他可运输货物，金属制品、机械和设备除外 > 玻璃和玻璃制品及其他未另列明的非金属制品 > 水泥、石灰和石膏 > 波特兰水泥、高铝水泥、矿渣水泥及类似的水硬性水泥，不包括熟料态的水泥,,681,kgCO2e,4,2021,公吨
42.5级复合硅酸盐水泥,42.5 Composite silicate cement,37440X0232021B,首页 > 其他可运输货物，金属制品、机械和设备除外 > 玻璃和玻璃制品及其他未另列明的非金属制品 > 水泥、石灰和石膏 > 波特兰水泥、高铝水泥、矿渣水泥及类似的水硬性水泥，不包括熟料态的水泥,,558,kgCO2e,3,2021,公吨
42.5级复合硅酸盐水泥,42.5 Composite silicate cement,37440X0192022B,首页 > 其他可运输货物，金属制品、机械和设备除外 > 玻璃和玻璃制品及其他未另列明的非金属制品 > 水泥、石灰和石膏 > 波特兰水泥、高铝水泥、矿渣水泥及类似的水硬性水泥，不包括熟料态的水泥,,554,kgCO2e,3,2022,公吨
42.5级普通硅酸盐水泥,42.5 General silicate cement,37440X0202021B,首页 > 其他可运输货物，金属制品、机械和设备除外 > 玻璃和玻璃制品及其他未另列明的非金属制品 > 水泥、石灰和石膏 > 波特兰水泥、高铝水泥、矿渣水泥及类似的水硬性水泥，不包括熟料态的水泥,,611,kgCO2e,3,2021,公吨
42.5级普通硅酸盐水泥,42.5 grade ordinary Portland cement,37440X0212022B,首页 > 其他可运输货物，金属制品、机械和设备除外 > 玻璃和玻璃制品及其他未另列明的非金属制品 > 水泥、石灰和石膏 > 波特兰水泥、高铝水泥、矿渣水泥及类似的水硬性水泥，不包括熟料态的水泥,,627,kgCO2e,3,2022,公吨
52.5级普通硅酸盐水泥,52.5 General silicate cement,37440X0262021B,首页 > 其他可运输货物，金属制品、机械和设备除外 > 玻璃和玻璃制品及其他未另列明的非金属制品 > 水泥、石灰和石膏 > 波特兰水泥、高铝水泥、矿渣水泥及类似的水硬性水泥，不包括熟料态的水泥,,875,kgCO2e,3,2021,公吨
42.5级普通硅酸盐水泥,42.5 grade general silicate cement,37440X0272021B,首页 > 其他可运输货物，金属制品、机械和设备除外 > 玻璃和玻璃制品及其他未另列明的非金属制品 > 水泥、石灰和石膏 > 波特兰水泥、高铝水泥、矿渣水泥及类似的水硬性水泥，不包括熟料态的水泥,,788,kgCO2e,3,2021,公吨
42.5级普通硅酸盐水泥,42.5 Grade Ordinary Portland cement,37440X0282021B,首页 > 其他可运输货物，金属制品、机械和设备除外 > 玻璃和玻璃制品及其他未另列明的非金属制品 > 水泥、石灰和石膏 > 波特兰水泥、高铝水泥、矿渣水泥及类似的水硬性水泥，不包括熟料态的水泥,,783,kgCO2e,3,2021,公吨
32.5级 砌筑水泥,M32.5 Masonry Cement,37440X1122021B,首页 > 其他可运输货物，金属制品、机械和设备除外 > 玻璃和玻璃制品及其他未另列明的非金属制品 > 水泥、石灰和石膏 > 波特兰水泥、高铝水泥、矿渣水泥及类似的水硬性水泥，不包括熟料态的水泥,,590,kgCO2e,3,2021,公吨
42.5级普通硅酸盐水泥,42.5 Grade Ordinary Portland cement,37440X1112021B,首页 > 其他可运输货物，金属制品、机械和设备除外 > 玻璃和玻璃制品及其他未另列明的非金属制品 > 水泥、石灰和石膏 > 波特兰水泥、高铝水泥、矿渣水泥及类似的水硬性水泥，不包括熟料态的水泥,,742,kgCO2e,3,2021,公吨
32.5级 砌筑水泥,M32.5 Masonry Cement,37440X1102021B,首页 > 其他可运输货物，金属制品、机械和设备除外 > 玻璃和玻璃制品及其他未另列明的非金属制品 > 水泥、石灰和石膏 > 波特兰水泥、高铝水泥、矿渣水泥及类似的水硬性水泥，不包括熟料态的水泥,,580,kgCO2e,3,2021,公吨
42.5级普通硅酸盐水泥,42.5 Grade Ordinary Portland cement,37440X1092022B,首页 > 其他可运输货物，金属制品、机械和设备除外 > 玻璃和玻璃制品及其他未另列明的非金属制品 > 水泥、石灰和石膏 > 波特兰水泥、高铝水泥、矿渣水泥及类似的水硬性水泥，不包括熟料态的水泥,,688,kgCO2e,3,2022,公吨
32.5级 砌筑水泥,M32.5 Masonry Cement,37440X1082022B,首页 > 其他可运输货物，金属制品、机械和设备除外 > 玻璃和玻璃制品及其他未另列明的非金属制品 > 水泥、石灰和石膏 > 波特兰水泥、高铝水泥、矿渣水泥及类似的水硬性水泥，不包括熟料态的水泥,,536,kgCO2e,3,2022,公吨
预拌混凝土,Ready-mixed concrete,37440X1072021B,首页 > 其他可运输货物，金属制品、机械和设备除外 > 玻璃和玻璃制品及其他未另列明的非金属制品 > 水泥、石灰和石膏 > 波特兰水泥、高铝水泥、矿渣水泥及类似的水硬性水泥，不包括熟料态的水泥,,314,kgCO2e,3,2021,m3
预拌混凝土,Ready-mix concrete,37440X0302019B,首页 > 其他可运输货物，金属制品、机械和设备除外 > 玻璃和玻璃制品及其他未另列明的非金属制品 > 水泥、石灰和石膏 > 波特兰水泥、高铝水泥、矿渣水泥及类似的水硬性水泥，不包括熟料态的水泥,,342.65,kgCO2e,4,2019,m3
普通硅酸盐水泥,ordinary portland cement,37440X0292019C,首页 > 其他可运输货物，金属制品、机械和设备除外 > 玻璃和玻璃制品及其他未另列明的非金属制品 > 水泥、石灰和石膏 > 波特兰水泥、高铝水泥、矿渣水泥及类似的水硬性水泥，不包括熟料态的水泥,,735,kgCO2e,5,2019,公吨
水泥-以工业固废为原料,Cement - from industrial solid waste,37440X1182021A,首页 > 其他可运输货物，金属制品、机械和设备除外 > 玻璃和玻璃制品及其他未另列明的非金属制品 > 水泥、石灰和石膏 > 波特兰水泥、高铝水泥、矿渣水泥及类似的水硬性水泥，不包括熟料态的水泥,,146,kgCO2e,5,2021,公吨
水泥-以工业固废为原料,Cement - from industrial solid waste,37440X1192022A,首页 > 其他可运输货物，金属制品、机械和设备除外 > 玻璃和玻璃制品及其他未另列明的非金属制品 > 水泥、石灰和石膏 > 波特兰水泥、高铝水泥、矿渣水泥及类似的水硬性水泥，不包括熟料态的水泥,,879.524,kgCO2e,5,2022,公吨
水泥-以天然矿物为原料,Cement - from natural minerals,37440X1202022A,首页 > 其他可运输货物，金属制品、机械和设备除外 > 玻璃和玻璃制品及其他未另列明的非金属制品 > 水泥、石灰和石膏 > 波特兰水泥、高铝水泥、矿渣水泥及类似的水硬性水泥，不包括熟料态的水泥,,886.919,kgCO2e,5,2022,公吨
普通硅酸盐水泥熟料,Ordinary silicate cement clinker,37440X1212022A,首页 > 其他可运输货物，金属制品、机械和设备除外 > 玻璃和玻璃制品及其他未另列明的非金属制品 > 水泥、石灰和石膏 > 波特兰水泥、高铝水泥、矿渣水泥及类似的水硬性水泥，不包括熟料态的水泥,,885.97,kgCO2e,5,2022,公吨
二次固废复合水泥熟料,Secondary solid waste composite cement clinker,37440X1222022A,首页 > 其他可运输货物，金属制品、机械和设备除外 > 玻璃和玻璃制品及其他未另列明的非金属制品 > 水泥、石灰和石膏 > 波特兰水泥、高铝水泥、矿渣水泥及类似的水硬性水泥，不包括熟料态的水泥,,870.99,kgCO2e,5,2022,公吨
硅酸盐水泥熟料-原料含3.5%钢渣,Silicate cement clinker - with 3.5% steel slag in raw material ,37440X1232022A,首页 > 其他可运输货物，金属制品、机械和设备除外 > 玻璃和玻璃制品及其他未另列明的非金属制品 > 水泥、石灰和石膏 > 波特兰水泥、高铝水泥、矿渣水泥及类似的水硬性水泥，不包括熟料态的水泥,,511.591,kgCO2e,5,2022,公吨
硅酸盐水泥熟料-原料含5%钢渣,Silicate cement clinker - with 5% steel slag in raw material ,37440X1242022A,首页 > 其他可运输货物，金属制品、机械和设备除外 > 玻璃和玻璃制品及其他未另列明的非金属制品 > 水泥、石灰和石膏 > 波特兰水泥、高铝水泥、矿渣水泥及类似的水硬性水泥，不包括熟料态的水泥,,503.502,kgCO2e,5,2022,公吨
水泥-基础生产（未采用碳捕集）,Cement-Base Production,37440X1252019A,首页 > 其他可运输货物，金属制品、机械和设备除外 > 玻璃和玻璃制品及其他未另列明的非金属制品 > 水泥、石灰和石膏 > 波特兰水泥、高铝水泥、矿渣水泥及类似的水硬性水泥，不包括熟料态的水泥,,728.4,kgCO2e,5,2019,公吨
水泥-采用燃烧后的碳捕集技术,Cement- with CO2 capture of post-combustion,37440X1262019A,首页 > 其他可运输货物，金属制品、机械和设备除外 > 玻璃和玻璃制品及其他未另列明的非金属制品 > 水泥、石灰和石膏 > 波特兰水泥、高铝水泥、矿渣水泥及类似的水硬性水泥，不包括熟料态的水泥,,188.42,kgCO2e,5,2019,公吨
水泥-采用富氧燃烧后的碳捕集技术,Cement- with CO2 capture of oxy-combustion,37440X1272019A,首页 > 其他可运输货物，金属制品、机械和设备除外 > 玻璃和玻璃制品及其他未另列明的非金属制品 > 水泥、石灰和石膏 > 波特兰水泥、高铝水泥、矿渣水泥及类似的水硬性水泥，不包括熟料态的水泥,,282.85,kgCO2e,5,2019,公吨
混合水泥-含改性粒状铜渣,Blended Cement - with Modified Granulated Copper Slag (MGCS),37440X1282022A,首页 > 其他可运输货物，金属制品、机械和设备除外 > 玻璃和玻璃制品及其他未另列明的非金属制品 > 水泥、石灰和石膏 > 波特兰水泥、高铝水泥、矿渣水泥及类似的水硬性水泥，不包括熟料态的水泥,,481.3,kgCO2e,5,2022,公吨
水泥产品-白色硅酸盐水泥,Cement-White Portland cement,37440X1292022A,首页 > 其他可运输货物，金属制品、机械和设备除外 > 玻璃和玻璃制品及其他未另列明的非金属制品 > 水泥、石灰和石膏 > 波特兰水泥、高铝水泥、矿渣水泥及类似的水硬性水泥，不包括熟料态的水泥,无论是否人工着色,1.26,tCO2e,5,2022,公吨
水泥产品-其他硅酸盐水泥,Cement-Other Portland cement,37440X1302022A,首页 > 其他可运输货物，金属制品、机械和设备除外 > 玻璃和玻璃制品及其他未另列明的非金属制品 > 水泥、石灰和石膏 > 波特兰水泥、高铝水泥、矿渣水泥及类似的水硬性水泥，不包括熟料态的水泥,,0.87,tCO2e,5,2022,公吨
水泥产品-其他水硬性水泥,Cement-Other hydraulic cements,37440X1312022A,首页 > 其他可运输货物，金属制品、机械和设备除外 > 玻璃和玻璃制品及其他未另列明的非金属制品 > 水泥、石灰和石膏 > 波特兰水泥、高铝水泥、矿渣水泥及类似的水硬性水泥，不包括熟料态的水泥,,0.63,tCO2e,5,2022,公吨
水泥产品-铝酸盐水泥,Cement-Aluminous cement,37440X1322022A,首页 > 其他可运输货物，金属制品、机械和设备除外 > 玻璃和玻璃制品及其他未另列明的非金属制品 > 水泥、石灰和石膏 > 波特兰水泥、高铝水泥、矿渣水泥及类似的水硬性水泥，不包括熟料态的水泥,,1.9,tCO2e,5,2022,公吨
硅酸盐水泥,Portland cement,37440X1332025C,首页 > 其他可运输货物，金属制品、机械和设备除外 > 玻璃和玻璃制品及其他未另列明的非金属制品 > 水泥、石灰和石膏 > 波特兰水泥、高铝水泥、矿渣水泥及类似的水硬性水泥，不包括熟料态的水泥,,679.29,kgCO2e,5,2025,公吨
普通硅酸盐水泥,Ordinary Portland cement,37440X1342025C,首页 > 其他可运输货物，金属制品、机械和设备除外 > 玻璃和玻璃制品及其他未另列明的非金属制品 > 水泥、石灰和石膏 > 波特兰水泥、高铝水泥、矿渣水泥及类似的水硬性水泥，不包括熟料态的水泥,,762.31,kgCO2e,5,2025,公吨
矿渣硅酸盐水泥,Slag silicate cement,37440X1352025C,首页 > 其他可运输货物，金属制品、机械和设备除外 > 玻璃和玻璃制品及其他未另列明的非金属制品 > 水泥、石灰和石膏 > 波特兰水泥、高铝水泥、矿渣水泥及类似的水硬性水泥，不包括熟料态的水泥,,694.33,kgCO2e,5,2025,公吨
复合硅酸盐水泥,Composite Portland Cement,37440X1362025C,首页 > 其他可运输货物，金属制品、机械和设备除外 > 玻璃和玻璃制品及其他未另列明的非金属制品 > 水泥、石灰和石膏 > 波特兰水泥、高铝水泥、矿渣水泥及类似的水硬性水泥，不包括熟料态的水泥,,673,kgCO2e,5,2025,公吨
粉煤灰硅酸盐水泥,Fly ash Portland cement,37440X1372025C,首页 > 其他可运输货物，金属制品、机械和设备除外 > 玻璃和玻璃制品及其他未另列明的非金属制品 > 水泥、石灰和石膏 > 波特兰水泥、高铝水泥、矿渣水泥及类似的水硬性水泥，不包括熟料态的水泥,,676.5,kgCO2e,5,2025,公吨
石膏板,Plasterboard,37410X0022021A,首页 > 其他可运输货物，金属制品、机械和设备除外 > 玻璃和玻璃制品及其他未另列明的非金属制品 > 水泥、石灰和石膏 > 石膏,,120.05,kgCO2e,4,2021,公吨
石膏粉-工业副产物,Gypsum powder - industrial by-product,37410X0032021A,首页 > 其他可运输货物，金属制品、机械和设备除外 > 玻璃和玻璃制品及其他未另列明的非金属制品 > 水泥、石灰和石膏 > 石膏,,0.2,kgCO2e,4,2021,kg
自流平石膏,Self retaining gypsum,37410X0042010A,首页 > 其他可运输货物，金属制品、机械和设备除外 > 玻璃和玻璃制品及其他未另列明的非金属制品 > 水泥、石灰和石膏 > 石膏,,0.19,kgCO2e,4,2010,kg
非烧结类砌体材料,Non-sintered masonry materials,37520X0052022B,首页 > 其他可运输货物，金属制品、机械和设备除外 > 玻璃和玻璃制品及其他未另列明的非金属制品 > 混凝土、水泥及石膏的制品 > 以植物纤维、禾杆或废木与胶合性矿物胶结而成的板、砌块及类似制品,,231,kgCO2e,3,2022,m3
非烧结类砌体材料,Non-sintered masonry materials,37520X0042022B,首页 > 其他可运输货物，金属制品、机械和设备除外 > 玻璃和玻璃制品及其他未另列明的非金属制品 > 混凝土、水泥及石膏的制品 > 以植物纤维、禾杆或废木与胶合性矿物胶结而成的板、砌块及类似制品,,96.1,kgCO2e,3,2022,m3
非烧结类砌体材料（蒸压养护）,Non-sintered masonry materials (autoclaved curing),37520X0032022B,首页 > 其他可运输货物，金属制品、机械和设备除外 > 玻璃和玻璃制品及其他未另列明的非金属制品 > 混凝土、水泥及石膏的制品 > 以植物纤维、禾杆或废木与胶合性矿物胶结而成的板、砌块及类似制品,,106,kgCO2e,3,2022,m3
泡沫轻质土,Foamed lightweight soil,37560X0012020A,首页 > 其他可运输货物，金属制品、机械和设备除外 > 玻璃和玻璃制品及其他未另列明的非金属制品 > 混凝土、水泥及石膏的制品 > 其他水泥、混凝土或人造石料制品,,152.19,kgCO2e,4,2020,m3
硅酸盐水泥熟料；42.5R级 普通硅酸盐水泥,Portland cement clinker; 42.5R grade ordinary Portland cement,37560X0012021B,首页 > 其他可运输货物，金属制品、机械和设备除外 > 玻璃和玻璃制品及其他未另列明的非金属制品 > 混凝土、水泥及石膏的制品 > 其他水泥、混凝土或人造石料制品,,921,kgCO2e,3,2021,公吨
硅酸盐水泥熟料,Portland cement clinker,37560X0042022B,首页 > 其他可运输货物，金属制品、机械和设备除外 > 玻璃和玻璃制品及其他未另列明的非金属制品 > 混凝土、水泥及石膏的制品 > 其他水泥、混凝土或人造石料制品,,951,kgCO2e,3,2022,公吨
预拌混凝土,premixed concrete,37560X0032022B,首页 > 其他可运输货物，金属制品、机械和设备除外 > 玻璃和玻璃制品及其他未另列明的非金属制品 > 混凝土、水泥及石膏的制品 > 其他水泥、混凝土或人造石料制品,,246,kgCO2e,3,2022,m3
预拌混凝土,Ready-mixed concrete,37560X0102022B,首页 > 其他可运输货物，金属制品、机械和设备除外 > 玻璃和玻璃制品及其他未另列明的非金属制品 > 混凝土、水泥及石膏的制品 > 其他水泥、混凝土或人造石料制品,,235,kgCO2e,3,2022,m3
42.5级 普通硅酸盐水泥,Grade 42.5 ordinary Portland cement,37560X0082022B,首页 > 其他可运输货物，金属制品、机械和设备除外 > 玻璃和玻璃制品及其他未另列明的非金属制品 > 混凝土、水泥及石膏的制品 > 其他水泥、混凝土或人造石料制品,,786,kgCO2e,3,2022,公吨
32.5级 砌筑水泥,Grade 32.5 masonry cement,37560X0072022B,首页 > 其他可运输货物，金属制品、机械和设备除外 > 玻璃和玻璃制品及其他未另列明的非金属制品 > 混凝土、水泥及石膏的制品 > 其他水泥、混凝土或人造石料制品,,508,kgCO2e,3,2022,公吨
32.5级砌筑水泥,Grade 32.5 masonry cement,37560X0062021B,首页 > 其他可运输货物，金属制品、机械和设备除外 > 玻璃和玻璃制品及其他未另列明的非金属制品 > 混凝土、水泥及石膏的制品 > 其他水泥、混凝土或人造石料制品,,537,kgCO2e,3,2021,公吨
P.O 42.5水泥,P.O 42.5 Cement,37560X0052020B,首页 > 其他可运输货物，金属制品、机械和设备除外 > 玻璃和玻璃制品及其他未另列明的非金属制品 > 混凝土、水泥及石膏的制品 > 其他水泥、混凝土或人造石料制品,,741,kgCO2e,3,2020,公吨
预拌混凝土,Ready-mixed concrete,37560X0092021B,首页 > 其他可运输货物，金属制品、机械和设备除外 > 玻璃和玻璃制品及其他未另列明的非金属制品 > 混凝土、水泥及石膏的制品 > 其他水泥、混凝土或人造石料制品,,252,kgCO2e,3,2021,m3
C40普通混凝土,C40 ordinary concrete,37560X0112023C,首页 > 其他可运输货物，金属制品、机械和设备除外 > 玻璃和玻璃制品及其他未另列明的非金属制品 > 混凝土、水泥及石膏的制品 > 其他水泥、混凝土或人造石料制品,,321.8,kgCO2e,5,2023,m3
粒化高炉矿渣粉,Granulated blast furnace slag powder,37560X0122025C,首页 > 其他可运输货物，金属制品、机械和设备除外 > 玻璃和玻璃制品及其他未另列明的非金属制品 > 混凝土、水泥及石膏的制品 > 其他水泥、混凝土或人造石料制品,,74.71,kgCO2e,5,2025,公吨
钢渣粉,Steel slag powder,37560X0132025C,首页 > 其他可运输货物，金属制品、机械和设备除外 > 玻璃和玻璃制品及其他未另列明的非金属制品 > 混凝土、水泥及石膏的制品 > 其他水泥、混凝土或人造石料制品,,88.47,kgCO2e,5,2025,公吨
发泡水泥保温板,Foamed Cement Insulation Boards,37560X0142025C,首页 > 其他可运输货物，金属制品、机械和设备除外 > 玻璃和玻璃制品及其他未另列明的非金属制品 > 混凝土、水泥及石膏的制品 > 其他水泥、混凝土或人造石料制品,,150.69,kgCO2e,5,2025,m3
水泥基渗透结晶型防水材料,Cement-Based Penetrating Crystalline Waterproofing Materials,37560X0152025C,首页 > 其他可运输货物，金属制品、机械和设备除外 > 玻璃和玻璃制品及其他未另列明的非金属制品 > 混凝土、水泥及石膏的制品 > 其他水泥、混凝土或人造石料制品,,413,kgCO2e,5,2025,公吨
混凝土,Concrete,37540X0012021A,首页 > 其他可运输货物，金属制品、机械和设备除外 > 玻璃和玻璃制品及其他未另列明的非金属制品 > 混凝土、水泥及石膏的制品 > 水泥、混凝土或人造石料的瓦、石板、方砖及类似品,,1331.76,kgCO2e,4,2021,公吨
混凝土砌块,Concrete block,37540X0012004A,首页 > 其他可运输货物，金属制品、机械和设备除外 > 玻璃和玻璃制品及其他未另列明的非金属制品 > 混凝土、水泥及石膏的制品 > 水泥、混凝土或人造石料的瓦、石板、方砖及类似品,,0.1,tCO2e,4,2004,公吨
加气混凝土,aerated concrete,37540X0022015A,首页 > 其他可运输货物，金属制品、机械和设备除外 > 玻璃和玻璃制品及其他未另列明的非金属制品 > 混凝土、水泥及石膏的制品 > 水泥、混凝土或人造石料的瓦、石板、方砖及类似品,B05,1369.35,kgCO2e,4,2015,m3
粘土砖,Clay brick,37540X0022004A,首页 > 其他可运输货物，金属制品、机械和设备除外 > 玻璃和玻璃制品及其他未另列明的非金属制品 > 混凝土、水泥及石膏的制品 > 水泥、混凝土或人造石料的瓦、石板、方砖及类似品,,0.2,tCO2e,3,2004,公吨
蒸压粉煤灰标砖,Autoclaved fly ash standard brick,37540X0032012A,首页 > 其他可运输货物，金属制品、机械和设备除外 > 玻璃和玻璃制品及其他未另列明的非金属制品 > 混凝土、水泥及石膏的制品 > 水泥、混凝土或人造石料的瓦、石板、方砖及类似品,,0.1818,tCO2e,4,2012,公吨
烧结多孔砖,Sintered porous brick,37540X0042020B,首页 > 其他可运输货物，金属制品、机械和设备除外 > 玻璃和玻璃制品及其他未另列明的非金属制品 > 混凝土、水泥及石膏的制品 > 水泥、混凝土或人造石料的瓦、石板、方砖及类似品,,152,kgCO2e,3,2020,m3
炻质砖,Stoneware brick,37540X0092022B,首页 > 其他可运输货物，金属制品、机械和设备除外 > 玻璃和玻璃制品及其他未另列明的非金属制品 > 混凝土、水泥及石膏的制品 > 水泥、混凝土或人造石料的瓦、石板、方砖及类似品,,16.8,kgCO2e,3,2022,平方米
预拌混凝土,Ready-mixed concrete,37540X0182022B,首页 > 其他可运输货物，金属制品、机械和设备除外 > 玻璃和玻璃制品及其他未另列明的非金属制品 > 混凝土、水泥及石膏的制品 > 水泥、混凝土或人造石料的瓦、石板、方砖及类似品,,248,kgCO2e,3,2022,m3
预拌混凝土,Ready-mixed concrete,37540X0192021B,首页 > 其他可运输货物，金属制品、机械和设备除外 > 玻璃和玻璃制品及其他未另列明的非金属制品 > 混凝土、水泥及石膏的制品 > 水泥、混凝土或人造石料的瓦、石板、方砖及类似品,,261,kgCO2e,3,2021,m3
预拌混凝土,Ready-mixed concrete,37540X0172021B,首页 > 其他可运输货物，金属制品、机械和设备除外 > 玻璃和玻璃制品及其他未另列明的非金属制品 > 混凝土、水泥及石膏的制品 > 水泥、混凝土或人造石料的瓦、石板、方砖及类似品,,297,kgCO2e,3,2021,m3
预拌混凝土,Ready-mixed concrete,37540X0162021B,首页 > 其他可运输货物，金属制品、机械和设备除外 > 玻璃和玻璃制品及其他未另列明的非金属制品 > 混凝土、水泥及石膏的制品 > 水泥、混凝土或人造石料的瓦、石板、方砖及类似品,,255,kgCO2e,4,2021,m3
预拌混凝土,Ready-mixed concrete,37540X0222022B,首页 > 其他可运输货物，金属制品、机械和设备除外 > 玻璃和玻璃制品及其他未另列明的非金属制品 > 混凝土、水泥及石膏的制品 > 水泥、混凝土或人造石料的瓦、石板、方砖及类似品,,270,kgCO2e,3,2022,m3
混凝土,concrete,37540X0252018B,首页 > 其他可运输货物，金属制品、机械和设备除外 > 玻璃和玻璃制品及其他未另列明的非金属制品 > 混凝土、水泥及石膏的制品 > 水泥、混凝土或人造石料的瓦、石板、方砖及类似品,,455.87,kgCO2e,4,2018,m3
C30混凝土,C30 concrete,37540X0232019C,首页 > 其他可运输货物，金属制品、机械和设备除外 > 玻璃和玻璃制品及其他未另列明的非金属制品 > 混凝土、水泥及石膏的制品 > 水泥、混凝土或人造石料的瓦、石板、方砖及类似品,C30,295,kgCO2e,5,2019,公吨
蒸压粉煤灰砖,Autoclaved fly ash standard brick,37540X0262019C,首页 > 其他可运输货物，金属制品、机械和设备除外 > 玻璃和玻璃制品及其他未另列明的非金属制品 > 混凝土、水泥及石膏的制品 > 水泥、混凝土或人造石料的瓦、石板、方砖及类似品,240mm×115mm×53mm,341,kgCO2e,5,2019,m3
C30 混凝土,C30 concrete,37540X0272025C,首页 > 其他可运输货物，金属制品、机械和设备除外 > 玻璃和玻璃制品及其他未另列明的非金属制品 > 混凝土、水泥及石膏的制品 > 水泥、混凝土或人造石料的瓦、石板、方砖及类似品,,273.1,kgCO2e,5,2025,m3
C50 混凝土,C50 concrete,37540X0282025C,首页 > 其他可运输货物，金属制品、机械和设备除外 > 玻璃和玻璃制品及其他未另列明的非金属制品 > 混凝土、水泥及石膏的制品 > 水泥、混凝土或人造石料的瓦、石板、方砖及类似品,,356.4,kgCO2e,5,2025,m3
C70 混凝土,C70 concrete,37540X0292025C,首页 > 其他可运输货物，金属制品、机械和设备除外 > 玻璃和玻璃制品及其他未另列明的非金属制品 > 混凝土、水泥及石膏的制品 > 水泥、混凝土或人造石料的瓦、石板、方砖及类似品,,414.7,kgCO2e,5,2025,m3
蒸压砂加气混凝土砌块,autoclaved aerated concrete block,37550X0012017A,首页 > 其他可运输货物，金属制品、机械和设备除外 > 玻璃和玻璃制品及其他未另列明的非金属制品 > 混凝土、水泥及石膏的制品 > 用于建筑或土木工程的水泥、混凝土或人造石料的预制构件,"B04,A2.0",285.13,kgCO2e,5,2017,m3
预拌混凝土,Ready-mixed concrete,37550X0022011A,首页 > 其他可运输货物，金属制品、机械和设备除外 > 玻璃和玻璃制品及其他未另列明的非金属制品 > 混凝土、水泥及石膏的制品 > 用于建筑或土木工程的水泥、混凝土或人造石料的预制构件,,239.19,kgCO2e,4,2011,平方米
预制构件,Prefab,37550X0222022B,首页 > 其他可运输货物，金属制品、机械和设备除外 > 玻璃和玻璃制品及其他未另列明的非金属制品 > 混凝土、水泥及石膏的制品 > 用于建筑或土木工程的水泥、混凝土或人造石料的预制构件,,508,kgCO2e,3,2022,m3
预制构件,Precast concrete,37550X0012022B,首页 > 其他可运输货物，金属制品、机械和设备除外 > 玻璃和玻璃制品及其他未另列明的非金属制品 > 混凝土、水泥及石膏的制品 > 用于建筑或土木工程的水泥、混凝土或人造石料的预制构件,,415,kgCO2e,5,2022,基准单位（将消耗1立方米预拌混凝土生产出的预制构件定义为基准单位）
预制构件,Precast concrete,37550X0022022B,首页 > 其他可运输货物，金属制品、机械和设备除外 > 玻璃和玻璃制品及其他未另列明的非金属制品 > 混凝土、水泥及石膏的制品 > 用于建筑或土木工程的水泥、混凝土或人造石料的预制构件,,897,kgCO2e,3,2022,m3
预制构件,Precast concrete,37550X0032022B,首页 > 其他可运输货物，金属制品、机械和设备除外 > 玻璃和玻璃制品及其他未另列明的非金属制品 > 混凝土、水泥及石膏的制品 > 用于建筑或土木工程的水泥、混凝土或人造石料的预制构件,,153,kgCO2e,3,2022,基准单位（将消耗1立方米预拌混凝土生产出的预制构件定义为基准单位）
C50混凝土,Concrete,37550X0042019C,首页 > 其他可运输货物，金属制品、机械和设备除外 > 玻璃和玻璃制品及其他未另列明的非金属制品 > 混凝土、水泥及石膏的制品 > 用于建筑或土木工程的水泥、混凝土或人造石料的预制构件,C50,385,kgCO2e,5,2019,m3
混凝土砖,concrete block,00000X0012019C,首页 > 其他可运输货物，金属制品、机械和设备除外 > 玻璃和玻璃制品及其他未另列明的非金属制品 > 混凝土、水泥及石膏的制品 > 用于建筑或土木工程的水泥、混凝土或人造石料的预制构件,,336,kgCO2e,5,2019,m3
石棉,Asbestos,37570X0012021A,首页 > 其他可运输货物，金属制品、机械和设备除外 > 玻璃和玻璃制品及其他未另列明的非金属制品 > 混凝土、水泥及石膏的制品 > 石棉水泥制品、纤维水泥制品或类似制品,,27,kgCO2e,4,2021,公吨
轻质混凝土,lightweight concrete block,37510X0012015A,首页 > 其他可运输货物，金属制品、机械和设备除外 > 玻璃和玻璃制品及其他未另列明的非金属制品 > 混凝土、水泥及石膏的制品 > 非耐火泥浆和混凝土,,0.47,kgCO2e,4,2015,kg
预拌混凝土,ready-mixed concrete,37510X0162021B,首页 > 其他可运输货物，金属制品、机械和设备除外 > 玻璃和玻璃制品及其他未另列明的非金属制品 > 混凝土、水泥及石膏的制品 > 非耐火泥浆和混凝土,,262,kgCO2e,3,2021,m3
预拌混凝土,ready-mixed concrete,37510X0152021B,首页 > 其他可运输货物，金属制品、机械和设备除外 > 玻璃和玻璃制品及其他未另列明的非金属制品 > 混凝土、水泥及石膏的制品 > 非耐火泥浆和混凝土,,232,kgCO2e,3,2021,m3
预拌混凝土,ready-mixed concrete,37510X0142020B,首页 > 其他可运输货物，金属制品、机械和设备除外 > 玻璃和玻璃制品及其他未另列明的非金属制品 > 混凝土、水泥及石膏的制品 > 非耐火泥浆和混凝土,,316.999999,kgCO2e,3,2020,m3
汽车钢化玻璃,Automotive Tempered Glass,37115X0012021A,首页 > 其他可运输货物，金属制品、机械和设备除外 > 玻璃和玻璃制品及其他未另列明的非金属制品 > 玻璃和玻璃制品 > 安全玻璃,,18.46,kgCO2e,3,2021,平方米
汽车钢化玻璃,Automotive Tempered Glas,37115X0022021A,首页 > 其他可运输货物，金属制品、机械和设备除外 > 玻璃和玻璃制品及其他未另列明的非金属制品 > 玻璃和玻璃制品 > 安全玻璃,,24.27,kgCO2e,3,2021,平方米
钢化玻璃,Tempered glass,37115X0032014A,首页 > 其他可运输货物，金属制品、机械和设备除外 > 玻璃和玻璃制品及其他未另列明的非金属制品 > 玻璃和玻璃制品 > 安全玻璃,,1.5294,kgCO2e,4,2014,kg
夹层玻璃,sandwich glass,37115X0042014A,首页 > 其他可运输货物，金属制品、机械和设备除外 > 玻璃和玻璃制品及其他未另列明的非金属制品 > 玻璃和玻璃制品 > 安全玻璃,,1.2787,kgCO2e,4,2014,kg
汽车钢化玻璃,Automotive Tempered Glass,37115X0052022A,首页 > 其他可运输货物，金属制品、机械和设备除外 > 玻璃和玻璃制品及其他未另列明的非金属制品 > 玻璃和玻璃制品 > 安全玻璃,5 mm GT,24.27,kgCO2e,4,2022,平方米（1平方米）
汽车钢化玻璃,Automotive Tempered Glass,37115X0062022A,首页 > 其他可运输货物，金属制品、机械和设备除外 > 玻璃和玻璃制品及其他未另列明的非金属制品 > 玻璃和玻璃制品 > 安全玻璃,5 mm BT,18.46,kgCO2e,4,2022,平方米（1平方米）
汽车BT钢化玻璃（5mm）,Automobile BT tempered glass（5mm）,37115X0072021A,首页 > 其他可运输货物，金属制品、机械和设备除外 > 玻璃和玻璃制品及其他未另列明的非金属制品 > 玻璃和玻璃制品 > 安全玻璃,,18.46,kgCO2e,4,2021,平方米
汽车GT钢化玻璃（5mm）,Automobile GT tempered glass（5mm）,37115X0082021A,首页 > 其他可运输货物，金属制品、机械和设备除外 > 玻璃和玻璃制品及其他未另列明的非金属制品 > 玻璃和玻璃制品 > 安全玻璃,,24.27,kgCO2e,4,2021,平方米
玻璃,glass,37115X0092021A,首页 > 其他可运输货物，金属制品、机械和设备除外 > 玻璃和玻璃制品及其他未另列明的非金属制品 > 玻璃和玻璃制品 > 安全玻璃,,1.4,kgCO2e,4,2021,kg
GT汽车钢化玻璃（5mm）,GT Automotive tempered glass（5mm）,37115X0172021C,首页 > 其他可运输货物，金属制品、机械和设备除外 > 玻璃和玻璃制品及其他未另列明的非金属制品 > 玻璃和玻璃制品 > 安全玻璃,厚度 5mm,24.27,kgCO2e,5,2021,平方米
BT汽车钢化玻璃（5mm）,BT Automotive tempered glass（5mm）,37115X0182021C,首页 > 其他可运输货物，金属制品、机械和设备除外 > 玻璃和玻璃制品及其他未另列明的非金属制品 > 玻璃和玻璃制品 > 安全玻璃,厚度 5mm,18.46,kgCO2e,5,2021,平方米
钢化玻璃,Tempered Glass,37115X0192025C,首页 > 其他可运输货物，金属制品、机械和设备除外 > 玻璃和玻璃制品及其他未另列明的非金属制品 > 玻璃和玻璃制品 > 安全玻璃,,1581.7,kgCO2e,5,2025,公吨
浮法玻璃,Float glass,37113X0012022B,首页 > 其他可运输货物，金属制品、机械和设备除外 > 玻璃和玻璃制品及其他未另列明的非金属制品 > 玻璃和玻璃制品 > 平板玻璃（浮法玻璃及表面经研磨或抛光）,,1.36,kgCO2e,3,2022,kg
平板玻璃,Flat Glass,37113X0022025C,首页 > 其他可运输货物，金属制品、机械和设备除外 > 玻璃和玻璃制品及其他未另列明的非金属制品 > 玻璃和玻璃制品 > 平板玻璃（浮法玻璃及表面经研磨或抛光）,,1353,kgCO2e,5,2025,公吨
超白玻璃,Ultra-clear Glass,37113X0032025C,首页 > 其他可运输货物，金属制品、机械和设备除外 > 玻璃和玻璃制品及其他未另列明的非金属制品 > 玻璃和玻璃制品 > 平板玻璃（浮法玻璃及表面经研磨或抛光）,,3592.5,kgCO2e,5,2025,m3
平板玻璃,flat glass,37112X0012018C,首页 > 其他可运输货物，金属制品、机械和设备除外 > 玻璃和玻璃制品及其他未另列明的非金属制品 > 玻璃和玻璃制品 > 平板玻璃（粗压铸、压延、拉延或吹制）,,1130,kgCO2e,5,2018,公吨
玻璃纤维,Fiberglass,37129X0012021A,首页 > 其他可运输货物，金属制品、机械和设备除外 > 玻璃和玻璃制品及其他未另列明的非金属制品 > 玻璃和玻璃制品 > 玻璃纤维巴里纱、网、毡片、垫、板及其他玻璃纤维制品，机织织物除外,,8.91,kgCO2e,3,2021,kg
玻璃纤维,Glass fiber,37129X0022023C,首页 > 其他可运输货物，金属制品、机械和设备除外 > 玻璃和玻璃制品及其他未另列明的非金属制品 > 玻璃和玻璃制品 > 玻璃纤维巴里纱、网、毡片、垫、板及其他玻璃纤维制品，机织织物除外,单丝直径小于9μm,2250,kgCO2e,5,2023,公吨
建筑玻璃,Architectural glass,37117X0012004A,首页 > 其他可运输货物，金属制品、机械和设备除外 > 玻璃和玻璃制品及其他未另列明的非金属制品 > 玻璃和玻璃制品 > 用于建筑的压制玻璃或模制玻璃的炉底砖、砖、花砖及其他制品；花饰铅条窗及类似品；块状、板状或类似形状的多格或泡沫玻璃,,1.4,tCO2e,3,2004,公吨
平板玻璃,plate glass,37117X0022014A,首页 > 其他可运输货物，金属制品、机械和设备除外 > 玻璃和玻璃制品及其他未另列明的非金属制品 > 玻璃和玻璃制品 > 用于建筑的压制玻璃或模制玻璃的炉底砖、砖、花砖及其他制品；花饰铅条窗及类似品；块状、板状或类似形状的多格或泡沫玻璃,,1.107,kgCO2e,5,2014,kg
钢化玻璃,Tempered glass,37117X0032014A,首页 > 其他可运输货物，金属制品、机械和设备除外 > 玻璃和玻璃制品及其他未另列明的非金属制品 > 玻璃和玻璃制品 > 用于建筑的压制玻璃或模制玻璃的炉底砖、砖、花砖及其他制品；花饰铅条窗及类似品；块状、板状或类似形状的多格或泡沫玻璃,,1.475,kgCO2e,5,2014,kg
瓷质砖,Porcelain tile,37117X0022022B,首页 > 其他可运输货物，金属制品、机械和设备除外 > 玻璃和玻璃制品及其他未另列明的非金属制品 > 玻璃和玻璃制品 > 用于建筑的压制玻璃或模制玻璃的炉底砖、砖、花砖及其他制品；花饰铅条窗及类似品；块状、板状或类似形状的多格或泡沫玻璃,,17.4,kgCO2e,3,2022,平方米
光电显示玻璃基板,Photoelectric display glass substrate,37192X0012022B,首页 > 其他可运输货物，金属制品、机械和设备除外 > 玻璃和玻璃制品及其他未另列明的非金属制品 > 玻璃和玻璃制品 > 用于电灯、阴极射线管或类似品的玻璃壳、开口及其玻璃配件,,10.76,kgCO2e,4,2022,kg
夹层玻璃,sandwich glass,37114X0012013A,首页 > 其他可运输货物，金属制品、机械和设备除外 > 玻璃和玻璃制品及其他未另列明的非金属制品 > 玻璃和玻璃制品 > 经弯形、磨边、刻花、钻孔、涂搪或其他加工、但未镶框等平板玻璃,夹层玻璃,1.28,tCO2e,5,2013,公吨
平板玻璃,plate glass,37114X0012014A,首页 > 其他可运输货物，金属制品、机械和设备除外 > 玻璃和玻璃制品及其他未另列明的非金属制品 > 玻璃和玻璃制品 > 经弯形、磨边、刻花、钻孔、涂搪或其他加工、但未镶框等平板玻璃,,1.1253,kgCO2e,4,2014,kg
啤酒玻璃瓶-智利,Beer glass bottle-Chile,37191X0012012A,首页 > 其他可运输货物，金属制品、机械和设备除外 > 玻璃和玻璃制品及其他未另列明的非金属制品 > 玻璃和玻璃制品 > 装运或包装用的玻璃瓶、玻璃罐、小玻璃瓶及其他容器，玻璃细颈瓶除外，玻璃瓶塞、瓶盖及其他封闭物,,1.78,kgCO2e,5,2012,kg
玻璃容器,Glass container,37191X0122018A,首页 > 其他可运输货物，金属制品、机械和设备除外 > 玻璃和玻璃制品及其他未另列明的非金属制品 > 玻璃和玻璃制品 > 装运或包装用的玻璃瓶、玻璃罐、小玻璃瓶及其他容器，玻璃细颈瓶除外，玻璃瓶塞、瓶盖及其他封闭物,,1.2798,kgCO2e,4,2018,kg
瓷质砖,Porcelain tile,37610X0052021B,首页 > 其他可运输货物，金属制品、机械和设备除外 > 玻璃和玻璃制品及其他未另列明的非金属制品 > 碑塔或建筑用石料及其制品 > 已加工的大理石、石灰华及雪花石膏及其制品（不包括铺路用的小石方、路缘石、铺路石板、砖、立方体及类似品）；人造彩色的大理石、石灰华及雪花石膏的颗粒、碎屑及粉末,,22.6,kgCO2e,3,2021,平方米
瓷质砖,Porcelain tile,37610X0042022B,首页 > 其他可运输货物，金属制品、机械和设备除外 > 玻璃和玻璃制品及其他未另列明的非金属制品 > 碑塔或建筑用石料及其制品 > 已加工的大理石、石灰华及雪花石膏及其制品（不包括铺路用的小石方、路缘石、铺路石板、砖、立方体及类似品）；人造彩色的大理石、石灰华及雪花石膏的颗粒、碎屑及粉末,,18.2,kgCO2e,3,2022,平方米
陶质砖,Ceramic tile,37610X0032022B,首页 > 其他可运输货物，金属制品、机械和设备除外 > 玻璃和玻璃制品及其他未另列明的非金属制品 > 碑塔或建筑用石料及其制品 > 已加工的大理石、石灰华及雪花石膏及其制品（不包括铺路用的小石方、路缘石、铺路石板、砖、立方体及类似品）；人造彩色的大理石、石灰华及雪花石膏的颗粒、碎屑及粉末,,14.9,kgCO2e,3,2022,平方米
瓷质砖,Porcelain tile,37610X0082022B,首页 > 其他可运输货物，金属制品、机械和设备除外 > 玻璃和玻璃制品及其他未另列明的非金属制品 > 碑塔或建筑用石料及其制品 > 已加工的大理石、石灰华及雪花石膏及其制品（不包括铺路用的小石方、路缘石、铺路石板、砖、立方体及类似品）；人造彩色的大理石、石灰华及雪花石膏的颗粒、碎屑及粉末,,13.2,kgCO2e,3,2022,平方米
陶质砖,Ceramic tile,37610X0072022B,首页 > 其他可运输货物，金属制品、机械和设备除外 > 玻璃和玻璃制品及其他未另列明的非金属制品 > 碑塔或建筑用石料及其制品 > 已加工的大理石、石灰华及雪花石膏及其制品（不包括铺路用的小石方、路缘石、铺路石板、砖、立方体及类似品）；人造彩色的大理石、石灰华及雪花石膏的颗粒、碎屑及粉末,,10.9,kgCO2e,3,2022,平方米
煤矸石空心砖,coal gangue brick,37610X0092019C,首页 > 其他可运输货物，金属制品、机械和设备除外 > 玻璃和玻璃制品及其他未另列明的非金属制品 > 碑塔或建筑用石料及其制品 > 已加工的大理石、石灰华及雪花石膏及其制品（不包括铺路用的小石方、路缘石、铺路石板、砖、立方体及类似品）；人造彩色的大理石、石灰华及雪花石膏的颗粒、碎屑及粉末,"240mm×115mm×53mm, 90%掺入量",16,kgCO2e,5,2019,m3
花岗石板,Granite slabs,37610X0102025C,首页 > 其他可运输货物，金属制品、机械和设备除外 > 玻璃和玻璃制品及其他未另列明的非金属制品 > 碑塔或建筑用石料及其制品 > 已加工的大理石、石灰华及雪花石膏及其制品（不包括铺路用的小石方、路缘石、铺路石板、砖、立方体及类似品）；人造彩色的大理石、石灰华及雪花石膏的颗粒、碎屑及粉末,,11.24,kgCO2e,5,2025,公吨
非烧结类砌体材料,Non-sintered masonry materials,37340X0052021B,首页 > 其他可运输货物，金属制品、机械和设备除外 > 玻璃和玻璃制品及其他未另列明的非金属制品 > 耐火制品及建筑用非耐火粘土制品 > 未烧制的耐火制品；其他耐火陶瓷,,186,kgCO2e,3,2021,m3
非烧结类砌体材料,Non-sintered masonry materials,37340X0062022B,首页 > 其他可运输货物，金属制品、机械和设备除外 > 玻璃和玻璃制品及其他未另列明的非金属制品 > 耐火制品及建筑用非耐火粘土制品 > 未烧制的耐火制品；其他耐火陶瓷,,451,kgCO2e,3,2022,m3
砖,Bricks,37310X0032021A,首页 > 其他可运输货物，金属制品、机械和设备除外 > 玻璃和玻璃制品及其他未另列明的非金属制品 > 耐火制品及建筑用非耐火粘土制品 > 砖、砌块、瓦及其他硅质土的陶瓷制品,,241.76,kgCO2e,4,2021,公吨
再生混凝土路面砖,Recycled Concrete Pavement Brick,37310X0062013A,首页 > 其他可运输货物，金属制品、机械和设备除外 > 玻璃和玻璃制品及其他未另列明的非金属制品 > 耐火制品及建筑用非耐火粘土制品 > 砖、砌块、瓦及其他硅质土的陶瓷制品,C30,317.53,kgCO2e,4,2013,m3
生物污泥陶粒加气混凝土砌块,Biological sludge ceramsite aerated concrete block,37310X0032017A,首页 > 其他可运输货物，金属制品、机械和设备除外 > 玻璃和玻璃制品及其他未另列明的非金属制品 > 耐火制品及建筑用非耐火粘土制品 > 砖、砌块、瓦及其他硅质土的陶瓷制品,"Ａ３.５,Ｂ06",440.61,kgCO2e,5,2017,m3
抛光砖,Polishing brick,37310X0072012A,首页 > 其他可运输货物，金属制品、机械和设备除外 > 玻璃和玻璃制品及其他未另列明的非金属制品 > 耐火制品及建筑用非耐火粘土制品 > 砖、砌块、瓦及其他硅质土的陶瓷制品,,16.8,kgCO2e,4,2012,平方米
非烧结类砌体材料（蒸压养护）,Non-sintered masonry materials （autoclaving curing）,37310X0142021B,首页 > 其他可运输货物，金属制品、机械和设备除外 > 玻璃和玻璃制品及其他未另列明的非金属制品 > 耐火制品及建筑用非耐火粘土制品 > 砖、砌块、瓦及其他硅质土的陶瓷制品,,66.5,kgCO2e,3,2021,m3
非烧结类砌体材料（蒸压养护）,Non-sintered masonry materials （autoclaving curing）,37310X0162021B,首页 > 其他可运输货物，金属制品、机械和设备除外 > 玻璃和玻璃制品及其他未另列明的非金属制品 > 耐火制品及建筑用非耐火粘土制品 > 砖、砌块、瓦及其他硅质土的陶瓷制品,,185,kgCO2e,3,2021,m3
非烧结类砌体材料（蒸压养护）,Non-sintered masonry materials （autoclaving curing）,37310X0152021B,首页 > 其他可运输货物，金属制品、机械和设备除外 > 玻璃和玻璃制品及其他未另列明的非金属制品 > 耐火制品及建筑用非耐火粘土制品 > 砖、砌块、瓦及其他硅质土的陶瓷制品,,85.3,kgCO2e,3,2021,m3
陶质砖,ceramic tile,37310X0182020B,首页 > 其他可运输货物，金属制品、机械和设备除外 > 玻璃和玻璃制品及其他未另列明的非金属制品 > 耐火制品及建筑用非耐火粘土制品 > 砖、砌块、瓦及其他硅质土的陶瓷制品,,17.8,kgCO2e,3,2020,平方米
蒸压粉煤灰砖,autoclaved fly ash brick,37310X0192019C,首页 > 其他可运输货物，金属制品、机械和设备除外 > 玻璃和玻璃制品及其他未另列明的非金属制品 > 耐火制品及建筑用非耐火粘土制品 > 砖、砌块、瓦及其他硅质土的陶瓷制品,240mmx115mmx53mm,341,kgCO2e,5,2019,m3
陶瓷砖,ceramic tile,37310X0462018C,首页 > 其他可运输货物，金属制品、机械和设备除外 > 玻璃和玻璃制品及其他未另列明的非金属制品 > 耐火制品及建筑用非耐火粘土制品 > 砖、砌块、瓦及其他硅质土的陶瓷制品,瓷质砖（吸水率E≤0.5%）,17.2,kgCO2e,5,2018,平方米
陶瓷砖,ceramic tile,37310X0472018C,首页 > 其他可运输货物，金属制品、机械和设备除外 > 玻璃和玻璃制品及其他未另列明的非金属制品 > 耐火制品及建筑用非耐火粘土制品 > 砖、砌块、瓦及其他硅质土的陶瓷制品,瓷质砖（吸水率E≤0.5%）,10.8,kgCO2e,5,2018,平方米
普通砖,Standard bricks,37310X0482025C,首页 > 其他可运输货物，金属制品、机械和设备除外 > 玻璃和玻璃制品及其他未另列明的非金属制品 > 耐火制品及建筑用非耐火粘土制品 > 砖、砌块、瓦及其他硅质土的陶瓷制品,,167.1,kgCO2e,5,2025,公吨
普通空心砖,Hollow standard bricks,37310X0492025C,首页 > 其他可运输货物，金属制品、机械和设备除外 > 玻璃和玻璃制品及其他未另列明的非金属制品 > 耐火制品及建筑用非耐火粘土制品 > 砖、砌块、瓦及其他硅质土的陶瓷制品,,30,kgCO2e,5,2025,公吨
多孔砖,Perforated bricks,37310X0502025C,首页 > 其他可运输货物，金属制品、机械和设备除外 > 玻璃和玻璃制品及其他未另列明的非金属制品 > 耐火制品及建筑用非耐火粘土制品 > 砖、砌块、瓦及其他硅质土的陶瓷制品,,75,kgCO2e,5,2025,公吨
混凝土砖,Concrete bricks,37310X0512025C,首页 > 其他可运输货物，金属制品、机械和设备除外 > 玻璃和玻璃制品及其他未另列明的非金属制品 > 耐火制品及建筑用非耐火粘土制品 > 砖、砌块、瓦及其他硅质土的陶瓷制品,,83,kgCO2e,5,2025,公吨
蒸压粉煤灰多孔砖,Autoclaved fly ash perforated bricks,37310X0522025C,首页 > 其他可运输货物，金属制品、机械和设备除外 > 玻璃和玻璃制品及其他未另列明的非金属制品 > 耐火制品及建筑用非耐火粘土制品 > 砖、砌块、瓦及其他硅质土的陶瓷制品,,180,kgCO2e,5,2025,公吨
蒸压灰砂多孔砖,Autoclaved sand-ash perforated bricks,37310X0532025C,首页 > 其他可运输货物，金属制品、机械和设备除外 > 玻璃和玻璃制品及其他未另列明的非金属制品 > 耐火制品及建筑用非耐火粘土制品 > 砖、砌块、瓦及其他硅质土的陶瓷制品,,341,kgCO2e,5,2025,m3
麦草砖,Straw bricks,37310X0542025C,首页 > 其他可运输货物，金属制品、机械和设备除外 > 玻璃和玻璃制品及其他未另列明的非金属制品 > 耐火制品及建筑用非耐火粘土制品 > 砖、砌块、瓦及其他硅质土的陶瓷制品,,0.0144,kgCO2e,5,2025,m3
复合砖,Composite bricks,37310X0552025C,首页 > 其他可运输货物，金属制品、机械和设备除外 > 玻璃和玻璃制品及其他未另列明的非金属制品 > 耐火制品及建筑用非耐火粘土制品 > 砖、砌块、瓦及其他硅质土的陶瓷制品,,332.22,kgCO2e,5,2025,m3
生土砖,Raw earth bricks,37310X0562025C,首页 > 其他可运输货物，金属制品、机械和设备除外 > 玻璃和玻璃制品及其他未另列明的非金属制品 > 耐火制品及建筑用非耐火粘土制品 > 砖、砌块、瓦及其他硅质土的陶瓷制品,,14.66,kgCO2e,5,2025,m3
陶瓷砖,Ceramic tiles,37310X0572025C,首页 > 其他可运输货物，金属制品、机械和设备除外 > 玻璃和玻璃制品及其他未另列明的非金属制品 > 耐火制品及建筑用非耐火粘土制品 > 砖、砌块、瓦及其他硅质土的陶瓷制品,,818.28,kgCO2e,5,2025,公吨
坡化微珠保温砂浆,Sloping micro bead thermal insulation mortar,37330X0042017A,首页 > 其他可运输货物，金属制品、机械和设备除外 > 玻璃和玻璃制品及其他未另列明的非金属制品 > 耐火制品及建筑用非耐火粘土制品 > 耐火水泥、砂浆、混凝土及未另列明的类似合成物料,Ｉ型,164.25,kgCO2e,5,2017,m3
预拌混凝土,Ready-mixed concrete,37330X1672021B,首页 > 其他可运输货物，金属制品、机械和设备除外 > 玻璃和玻璃制品及其他未另列明的非金属制品 > 耐火制品及建筑用非耐火粘土制品 > 耐火水泥、砂浆、混凝土及未另列明的类似合成物料,,2.91,kgCO2e,4,2021,m3
预拌混凝土,Ready-mixed concrete,37330X1712021B,首页 > 其他可运输货物，金属制品、机械和设备除外 > 玻璃和玻璃制品及其他未另列明的非金属制品 > 耐火制品及建筑用非耐火粘土制品 > 耐火水泥、砂浆、混凝土及未另列明的类似合成物料,,243,kgCO2e,3,2021,m3
预拌混凝土,Ready-mixed concrete,37330X1722020B,首页 > 其他可运输货物，金属制品、机械和设备除外 > 玻璃和玻璃制品及其他未另列明的非金属制品 > 耐火制品及建筑用非耐火粘土制品 > 耐火水泥、砂浆、混凝土及未另列明的类似合成物料,,333,kgCO2e,4,2020,m3
预拌混凝土,Ready-mixed concrete,37330X1682021B,首页 > 其他可运输货物，金属制品、机械和设备除外 > 玻璃和玻璃制品及其他未另列明的非金属制品 > 耐火制品及建筑用非耐火粘土制品 > 耐火水泥、砂浆、混凝土及未另列明的类似合成物料,,211,kgCO2e,3,2021,m3
预拌混凝土,Ready-mixed concrete,37330X1732021B,首页 > 其他可运输货物，金属制品、机械和设备除外 > 玻璃和玻璃制品及其他未另列明的非金属制品 > 耐火制品及建筑用非耐火粘土制品 > 耐火水泥、砂浆、混凝土及未另列明的类似合成物料,,219,kgCO2e,3,2021,m3
预拌混凝土,Ready-mixed concrete,37330X1702021B,首页 > 其他可运输货物，金属制品、机械和设备除外 > 玻璃和玻璃制品及其他未另列明的非金属制品 > 耐火制品及建筑用非耐火粘土制品 > 耐火水泥、砂浆、混凝土及未另列明的类似合成物料,,261,kgCO2e,3,2021,m3
预拌混凝土,Ready-mixed concrete,37330X0332021B,首页 > 其他可运输货物，金属制品、机械和设备除外 > 玻璃和玻璃制品及其他未另列明的非金属制品 > 耐火制品及建筑用非耐火粘土制品 > 耐火水泥、砂浆、混凝土及未另列明的类似合成物料,,256,kgCO2e,3,2021,m3
预拌混凝土,Ready-mixed concrete,37330X0362021B,首页 > 其他可运输货物，金属制品、机械和设备除外 > 玻璃和玻璃制品及其他未另列明的非金属制品 > 耐火制品及建筑用非耐火粘土制品 > 耐火水泥、砂浆、混凝土及未另列明的类似合成物料,,269,kgCO2e,3,2021,m3
普通干混砂浆,Ordinary dry mix mortar,37330X0352020B,首页 > 其他可运输货物，金属制品、机械和设备除外 > 玻璃和玻璃制品及其他未另列明的非金属制品 > 耐火制品及建筑用非耐火粘土制品 > 耐火水泥、砂浆、混凝土及未另列明的类似合成物料,,159,kgCO2e,3,2020,公吨
干混砂浆（普通砂浆）；石膏砂浆,Dry-mixed mortar (ordinary mortar); gypsum mortar,37330X0342021B,首页 > 其他可运输货物，金属制品、机械和设备除外 > 玻璃和玻璃制品及其他未另列明的非金属制品 > 耐火制品及建筑用非耐火粘土制品 > 耐火水泥、砂浆、混凝土及未另列明的类似合成物料,,78.8,kgCO2e,3,2021,公吨
预拌混凝土,Ready-mixed concrete,37330X0812021B,首页 > 其他可运输货物，金属制品、机械和设备除外 > 玻璃和玻璃制品及其他未另列明的非金属制品 > 耐火制品及建筑用非耐火粘土制品 > 耐火水泥、砂浆、混凝土及未另列明的类似合成物料,,249,kgCO2e,3,2021,m3
预拌混凝土,Ready-mixed concrete,37330X0452022B,首页 > 其他可运输货物，金属制品、机械和设备除外 > 玻璃和玻璃制品及其他未另列明的非金属制品 > 耐火制品及建筑用非耐火粘土制品 > 耐火水泥、砂浆、混凝土及未另列明的类似合成物料,,286,kgCO2e,3,2022,m3
预拌混凝土,Ready-mixed concrete,37330X0802021B,首页 > 其他可运输货物，金属制品、机械和设备除外 > 玻璃和玻璃制品及其他未另列明的非金属制品 > 耐火制品及建筑用非耐火粘土制品 > 耐火水泥、砂浆、混凝土及未另列明的类似合成物料,,224,kgCO2e,3,2021,m3
预拌混凝土,Ready-mixed concrete,37330X0792021B,首页 > 其他可运输货物，金属制品、机械和设备除外 > 玻璃和玻璃制品及其他未另列明的非金属制品 > 耐火制品及建筑用非耐火粘土制品 > 耐火水泥、砂浆、混凝土及未另列明的类似合成物料,,237,kgCO2e,3,2021,m3
预拌混凝土,Ready-mixed concrete,37330X0782021B,首页 > 其他可运输货物，金属制品、机械和设备除外 > 玻璃和玻璃制品及其他未另列明的非金属制品 > 耐火制品及建筑用非耐火粘土制品 > 耐火水泥、砂浆、混凝土及未另列明的类似合成物料,,291.18,kgCO2e,4,2021,m3
预拌混凝土,Ready-mixed concrete,37330X0772022B,首页 > 其他可运输货物，金属制品、机械和设备除外 > 玻璃和玻璃制品及其他未另列明的非金属制品 > 耐火制品及建筑用非耐火粘土制品 > 耐火水泥、砂浆、混凝土及未另列明的类似合成物料,,291,kgCO2e,3,2022,m3
干混砂浆（普通砂浆）,Dry-mixed mortar (ordinary mortar),37330X0472022B,首页 > 其他可运输货物，金属制品、机械和设备除外 > 玻璃和玻璃制品及其他未另列明的非金属制品 > 耐火制品及建筑用非耐火粘土制品 > 耐火水泥、砂浆、混凝土及未另列明的类似合成物料,,219,kgCO2e,3,2022,公吨
干混砂浆（特种砂浆）,Dry-mixed mortar (special mortar),37330X0462022B,首页 > 其他可运输货物，金属制品、机械和设备除外 > 玻璃和玻璃制品及其他未另列明的非金属制品 > 耐火制品及建筑用非耐火粘土制品 > 耐火水泥、砂浆、混凝土及未另列明的类似合成物料,,192,kgCO2e,3,2022,公吨
42.5级 普通硅酸盐水泥,42.5 grade ordinary portland cement,37330X0762022B,首页 > 其他可运输货物，金属制品、机械和设备除外 > 玻璃和玻璃制品及其他未另列明的非金属制品 > 耐火制品及建筑用非耐火粘土制品 > 耐火水泥、砂浆、混凝土及未另列明的类似合成物料,,817,kgCO2e,3,2022,公吨
32.5级 粉煤灰硅酸盐水泥,32.5 grade fly ash portland cement,37330X0752022B,首页 > 其他可运输货物，金属制品、机械和设备除外 > 玻璃和玻璃制品及其他未另列明的非金属制品 > 耐火制品及建筑用非耐火粘土制品 > 耐火水泥、砂浆、混凝土及未另列明的类似合成物料,,699,kgCO2e,3,2022,公吨
蒸压加气混凝土砌块,Autoclaved aerated concrete block,37330X0742022B,首页 > 其他可运输货物，金属制品、机械和设备除外 > 玻璃和玻璃制品及其他未另列明的非金属制品 > 耐火制品及建筑用非耐火粘土制品 > 耐火水泥、砂浆、混凝土及未另列明的类似合成物料,,35,kgCO2e,3,2022,m3
预拌混凝土,Ready-mixed concrete,37330X0732021B,首页 > 其他可运输货物，金属制品、机械和设备除外 > 玻璃和玻璃制品及其他未另列明的非金属制品 > 耐火制品及建筑用非耐火粘土制品 > 耐火水泥、砂浆、混凝土及未另列明的类似合成物料,,275,kgCO2e,3,2021,m3
预拌混凝土,Ready-mixed concrete,37330X0722022B,首页 > 其他可运输货物，金属制品、机械和设备除外 > 玻璃和玻璃制品及其他未另列明的非金属制品 > 耐火制品及建筑用非耐火粘土制品 > 耐火水泥、砂浆、混凝土及未另列明的类似合成物料,,231,kgCO2e,3,2022,m3
预拌混凝土,Ready-mixed concrete,37330X0712022B,首页 > 其他可运输货物，金属制品、机械和设备除外 > 玻璃和玻璃制品及其他未另列明的非金属制品 > 耐火制品及建筑用非耐火粘土制品 > 耐火水泥、砂浆、混凝土及未另列明的类似合成物料,,259,kgCO2e,3,2022,m3
预拌混凝土,Ready-mixed concrete,37330X0702021B,首页 > 其他可运输货物，金属制品、机械和设备除外 > 玻璃和玻璃制品及其他未另列明的非金属制品 > 耐火制品及建筑用非耐火粘土制品 > 耐火水泥、砂浆、混凝土及未另列明的类似合成物料,,252,kgCO2e,3,2021,m3
预拌混凝土,Ready-mixed concrete,37330X0692022B,首页 > 其他可运输货物，金属制品、机械和设备除外 > 玻璃和玻璃制品及其他未另列明的非金属制品 > 耐火制品及建筑用非耐火粘土制品 > 耐火水泥、砂浆、混凝土及未另列明的类似合成物料,,239,kgCO2e,3,2022,m3
预拌混凝土,Ready-mixed concrete,37330X1692021B,首页 > 其他可运输货物，金属制品、机械和设备除外 > 玻璃和玻璃制品及其他未另列明的非金属制品 > 耐火制品及建筑用非耐火粘土制品 > 耐火水泥、砂浆、混凝土及未另列明的类似合成物料,,295,kgCO2e,3,2021,m3
预拌混凝土,Ready-mixed concrete,37330X1662021B,首页 > 其他可运输货物，金属制品、机械和设备除外 > 玻璃和玻璃制品及其他未另列明的非金属制品 > 耐火制品及建筑用非耐火粘土制品 > 耐火水泥、砂浆、混凝土及未另列明的类似合成物料,,286,kgCO2e,3,2021,m3
预拌混凝土,Ready-mixed concrete,37330X1652022B,首页 > 其他可运输货物，金属制品、机械和设备除外 > 玻璃和玻璃制品及其他未另列明的非金属制品 > 耐火制品及建筑用非耐火粘土制品 > 耐火水泥、砂浆、混凝土及未另列明的类似合成物料,,298,kgCO2e,3,2022,m3
预拌混凝土,Ready-mixed concrete,37330X1642022B,首页 > 其他可运输货物，金属制品、机械和设备除外 > 玻璃和玻璃制品及其他未另列明的非金属制品 > 耐火制品及建筑用非耐火粘土制品 > 耐火水泥、砂浆、混凝土及未另列明的类似合成物料,,222,kgCO2e,3,2022,m3
预拌混凝土,Ready-mixed concrete,37330X1632022B,首页 > 其他可运输货物，金属制品、机械和设备除外 > 玻璃和玻璃制品及其他未另列明的非金属制品 > 耐火制品及建筑用非耐火粘土制品 > 耐火水泥、砂浆、混凝土及未另列明的类似合成物料,,268,kgCO2e,3,2022,m3
硅酸盐水泥熟料,Portland cement clinker,37330X0632022B,首页 > 其他可运输货物，金属制品、机械和设备除外 > 玻璃和玻璃制品及其他未另列明的非金属制品 > 耐火制品及建筑用非耐火粘土制品 > 耐火水泥、砂浆、混凝土及未另列明的类似合成物料,,934,kgCO2e,3,2022,公吨
42.5级 普通硅酸盐水泥,42.5 grade ordinary portland cement,37330X1162022B,首页 > 其他可运输货物，金属制品、机械和设备除外 > 玻璃和玻璃制品及其他未另列明的非金属制品 > 耐火制品及建筑用非耐火粘土制品 > 耐火水泥、砂浆、混凝土及未另列明的类似合成物料,,838,kgCO2e,3,2022,公吨
预拌混凝土,Ready-mixed concrete,37330X1152022B,首页 > 其他可运输货物，金属制品、机械和设备除外 > 玻璃和玻璃制品及其他未另列明的非金属制品 > 耐火制品及建筑用非耐火粘土制品 > 耐火水泥、砂浆、混凝土及未另列明的类似合成物料,,250,kgCO2e,3,2022,m3
预拌混凝土,Ready-mixed concrete,37330X1142022B,首页 > 其他可运输货物，金属制品、机械和设备除外 > 玻璃和玻璃制品及其他未另列明的非金属制品 > 耐火制品及建筑用非耐火粘土制品 > 耐火水泥、砂浆、混凝土及未另列明的类似合成物料,,253,kgCO2e,3,2022,m3
预拌混凝土,Ready-mixed concrete,37330X1122022B,首页 > 其他可运输货物，金属制品、机械和设备除外 > 玻璃和玻璃制品及其他未另列明的非金属制品 > 耐火制品及建筑用非耐火粘土制品 > 耐火水泥、砂浆、混凝土及未另列明的类似合成物料,,242,kgCO2e,3,2022,m3
硅酸盐水泥熟料,Portland cement clinker,37330X1072022B,首页 > 其他可运输货物，金属制品、机械和设备除外 > 玻璃和玻璃制品及其他未另列明的非金属制品 > 耐火制品及建筑用非耐火粘土制品 > 耐火水泥、砂浆、混凝土及未另列明的类似合成物料,,895,kgCO2e,3,2022,公吨
预拌混凝土,Ready-mixed concrete,37330X1062022B,首页 > 其他可运输货物，金属制品、机械和设备除外 > 玻璃和玻璃制品及其他未另列明的非金属制品 > 耐火制品及建筑用非耐火粘土制品 > 耐火水泥、砂浆、混凝土及未另列明的类似合成物料,,290,kgCO2e,3,2022,m3
预拌混凝土,Ready-mixed concrete,37330X1042022B,首页 > 其他可运输货物，金属制品、机械和设备除外 > 玻璃和玻璃制品及其他未另列明的非金属制品 > 耐火制品及建筑用非耐火粘土制品 > 耐火水泥、砂浆、混凝土及未另列明的类似合成物料,,257,kgCO2e,3,2022,m3
预拌混凝土,Ready-mixed concrete,37330X1022022B,首页 > 其他可运输货物，金属制品、机械和设备除外 > 玻璃和玻璃制品及其他未另列明的非金属制品 > 耐火制品及建筑用非耐火粘土制品 > 耐火水泥、砂浆、混凝土及未另列明的类似合成物料,,242,kgCO2e,3,2022,m3
预拌混凝土,Ready-mixed concrete,37330X1622021B,首页 > 其他可运输货物，金属制品、机械和设备除外 > 玻璃和玻璃制品及其他未另列明的非金属制品 > 耐火制品及建筑用非耐火粘土制品 > 耐火水泥、砂浆、混凝土及未另列明的类似合成物料,,276,kgCO2e,4,2021,m3
预拌混凝土,Ready-mixed concrete,37330X1612021B,首页 > 其他可运输货物，金属制品、机械和设备除外 > 玻璃和玻璃制品及其他未另列明的非金属制品 > 耐火制品及建筑用非耐火粘土制品 > 耐火水泥、砂浆、混凝土及未另列明的类似合成物料,,276,kgCO2e,3,2021,m3
干混砂浆（特种砂浆）,Dry mortar (Special mortar),37330X1242021B,首页 > 其他可运输货物，金属制品、机械和设备除外 > 玻璃和玻璃制品及其他未另列明的非金属制品 > 耐火制品及建筑用非耐火粘土制品 > 耐火水泥、砂浆、混凝土及未另列明的类似合成物料,,365,kgCO2e,5,2021,公吨
干混砂浆（特种砂浆）,Dry mortar (Special mortar),37330X1232021B,首页 > 其他可运输货物，金属制品、机械和设备除外 > 玻璃和玻璃制品及其他未另列明的非金属制品 > 耐火制品及建筑用非耐火粘土制品 > 耐火水泥、砂浆、混凝土及未另列明的类似合成物料,,418,kgCO2e,5,2021,公吨
干混砂浆（特种砂浆）,Dry mortar (Special mortar),37330X1522021B,首页 > 其他可运输货物，金属制品、机械和设备除外 > 玻璃和玻璃制品及其他未另列明的非金属制品 > 耐火制品及建筑用非耐火粘土制品 > 耐火水泥、砂浆、混凝土及未另列明的类似合成物料,,337,kgCO2e,3,2021,公吨
干混砂浆（特种砂浆）,Dry mortar (Special mortar),37330X1512021B,首页 > 其他可运输货物，金属制品、机械和设备除外 > 玻璃和玻璃制品及其他未另列明的非金属制品 > 耐火制品及建筑用非耐火粘土制品 > 耐火水泥、砂浆、混凝土及未另列明的类似合成物料,,409,kgCO2e,3,2021,公吨
干混砂浆（特种砂浆）,Dry mortar (Special mortar),37330X1502021B,首页 > 其他可运输货物，金属制品、机械和设备除外 > 玻璃和玻璃制品及其他未另列明的非金属制品 > 耐火制品及建筑用非耐火粘土制品 > 耐火水泥、砂浆、混凝土及未另列明的类似合成物料,,339,kgCO2e,3,2021,公吨
干混砂浆（特种砂浆）,Dry mortar (Special mortar),37330X1492021B,首页 > 其他可运输货物，金属制品、机械和设备除外 > 玻璃和玻璃制品及其他未另列明的非金属制品 > 耐火制品及建筑用非耐火粘土制品 > 耐火水泥、砂浆、混凝土及未另列明的类似合成物料,,398,kgCO2e,3,2021,公吨
干混砂浆（特种砂浆）,Dry mortar (Special mortar),37330X1352021B,首页 > 其他可运输货物，金属制品、机械和设备除外 > 玻璃和玻璃制品及其他未另列明的非金属制品 > 耐火制品及建筑用非耐火粘土制品 > 耐火水泥、砂浆、混凝土及未另列明的类似合成物料,,352,kgCO2e,3,2021,公吨
干混砂浆（特种砂浆）,Dry mortar (Special mortar),37330X1392021B,首页 > 其他可运输货物，金属制品、机械和设备除外 > 玻璃和玻璃制品及其他未另列明的非金属制品 > 耐火制品及建筑用非耐火粘土制品 > 耐火水泥、砂浆、混凝土及未另列明的类似合成物料,,328,kgCO2e,3,2021,公吨
干混砂浆（特种砂浆）,Dry mortar (Special mortar),37330X1532021B,首页 > 其他可运输货物，金属制品、机械和设备除外 > 玻璃和玻璃制品及其他未另列明的非金属制品 > 耐火制品及建筑用非耐火粘土制品 > 耐火水泥、砂浆、混凝土及未另列明的类似合成物料,,326,kgCO2e,3,2021,公吨
干混砂浆（特种砂浆）,Dry mortar (Special mortar),37330X1382021B,首页 > 其他可运输货物，金属制品、机械和设备除外 > 玻璃和玻璃制品及其他未另列明的非金属制品 > 耐火制品及建筑用非耐火粘土制品 > 耐火水泥、砂浆、混凝土及未另列明的类似合成物料,,363,kgCO2e,3,2021,公吨
干混砂浆（特种砂浆）,Dry mortar (Special mortar),37330X1602021B,首页 > 其他可运输货物，金属制品、机械和设备除外 > 玻璃和玻璃制品及其他未另列明的非金属制品 > 耐火制品及建筑用非耐火粘土制品 > 耐火水泥、砂浆、混凝土及未另列明的类似合成物料,,322,kgCO2e,3,2021,公吨
干混砂浆（特种砂浆）,Dry mortar (Special mortar),37330X1592021B,首页 > 其他可运输货物，金属制品、机械和设备除外 > 玻璃和玻璃制品及其他未另列明的非金属制品 > 耐火制品及建筑用非耐火粘土制品 > 耐火水泥、砂浆、混凝土及未另列明的类似合成物料,,372,kgCO2e,3,2021,公吨
干混砂浆（特种砂浆）,Dry mortar (Special mortar),37330X1562021B,首页 > 其他可运输货物，金属制品、机械和设备除外 > 玻璃和玻璃制品及其他未另列明的非金属制品 > 耐火制品及建筑用非耐火粘土制品 > 耐火水泥、砂浆、混凝土及未另列明的类似合成物料,,392,kgCO2e,3,2021,公吨
干混砂浆（特种砂浆）,Dry mortar (Special mortar),37330X1572021B,首页 > 其他可运输货物，金属制品、机械和设备除外 > 玻璃和玻璃制品及其他未另列明的非金属制品 > 耐火制品及建筑用非耐火粘土制品 > 耐火水泥、砂浆、混凝土及未另列明的类似合成物料,,422,kgCO2e,3,2021,公吨
干混砂浆（普通砂浆）,Dry mortar (General mortar),37330X1582021B,首页 > 其他可运输货物，金属制品、机械和设备除外 > 玻璃和玻璃制品及其他未另列明的非金属制品 > 耐火制品及建筑用非耐火粘土制品 > 耐火水泥、砂浆、混凝土及未另列明的类似合成物料,,154,kgCO2e,3,2021,公吨
LC40页岩陶粒轻骨料混凝土,LC40 shale ceramic lightweight aggregate concrete,37330X1742023C,首页 > 其他可运输货物，金属制品、机械和设备除外 > 玻璃和玻璃制品及其他未另列明的非金属制品 > 耐火制品及建筑用非耐火粘土制品 > 耐火水泥、砂浆、混凝土及未另列明的类似合成物料,,521.27,kgCO2e,5,2023,m3
干混砂浆（特种砂浆）,Dry-mixed mortar (special mortar),37330X1752023C,首页 > 其他可运输货物，金属制品、机械和设备除外 > 玻璃和玻璃制品及其他未另列明的非金属制品 > 耐火制品及建筑用非耐火粘土制品 > 耐火水泥、砂浆、混凝土及未另列明的类似合成物料,,322.57,kgCO2e,5,2023,公吨
石膏砂浆,gypsum mortar,37330X1762023C,首页 > 其他可运输货物，金属制品、机械和设备除外 > 玻璃和玻璃制品及其他未另列明的非金属制品 > 耐火制品及建筑用非耐火粘土制品 > 耐火水泥、砂浆、混凝土及未另列明的类似合成物料,,169.78,kgCO2e,5,2023,公吨
硅灰,silica fume,37330X1772025C,首页 > 其他可运输货物，金属制品、机械和设备除外 > 玻璃和玻璃制品及其他未另列明的非金属制品 > 耐火制品及建筑用非耐火粘土制品 > 耐火水泥、砂浆、混凝土及未另列明的类似合成物料,,7.63,kgCO2e,5,2025,公吨
水泥砂浆 1:1,Cement mortar 1:1,37330X1782025C,首页 > 其他可运输货物，金属制品、机械和设备除外 > 玻璃和玻璃制品及其他未另列明的非金属制品 > 耐火制品及建筑用非耐火粘土制品 > 耐火水泥、砂浆、混凝土及未另列明的类似合成物料,,365,kgCO2e,5,2025,公吨
水泥砂浆 1:2,Cement mortar 1:2,37330X1792025C,首页 > 其他可运输货物，金属制品、机械和设备除外 > 玻璃和玻璃制品及其他未另列明的非金属制品 > 耐火制品及建筑用非耐火粘土制品 > 耐火水泥、砂浆、混凝土及未另列明的类似合成物料,,266,kgCO2e,5,2025,公吨
水泥砂浆 1:3,Cement mortar 1:3,37330X1802025C,首页 > 其他可运输货物，金属制品、机械和设备除外 > 玻璃和玻璃制品及其他未另列明的非金属制品 > 耐火制品及建筑用非耐火粘土制品 > 耐火水泥、砂浆、混凝土及未另列明的类似合成物料,,197,kgCO2e,5,2025,公吨
混合砂浆 1:1:6,Mixed mortar 1:1:6,37330X1812025C,首页 > 其他可运输货物，金属制品、机械和设备除外 > 玻璃和玻璃制品及其他未另列明的非金属制品 > 耐火制品及建筑用非耐火粘土制品 > 耐火水泥、砂浆、混凝土及未另列明的类似合成物料,,154,kgCO2e,5,2025,公吨
烧结页岩多孔保温砖,Sintered shale porous insulating brick,37320X0022017A,首页 > 其他可运输货物，金属制品、机械和设备除外 > 玻璃和玻璃制品及其他未另列明的非金属制品 > 耐火制品及建筑用非耐火粘土制品 > 耐火砖、砌块、瓦及类似耐火陶瓷建筑材料，不包括硅质土的陶瓷制品,240ｍｍ*115ｍｍ*53ｍｍ（标准砖）,0.5,kgCO2e,5,2017,标砖（240ｍｍ*115ｍｍ*53ｍｍ）
烧结页岩空心砌块,Sintered shale hollow block,37320X0032017A,首页 > 其他可运输货物，金属制品、机械和设备除外 > 玻璃和玻璃制品及其他未另列明的非金属制品 > 耐火制品及建筑用非耐火粘土制品 > 耐火砖、砌块、瓦及类似耐火陶瓷建筑材料，不包括硅质土的陶瓷制品,,49,kgCO2e,4,2017,公吨
烧结类砌体材料,Sintered masonry materials,37320X0242021B,首页 > 其他可运输货物，金属制品、机械和设备除外 > 玻璃和玻璃制品及其他未另列明的非金属制品 > 耐火制品及建筑用非耐火粘土制品 > 耐火砖、砌块、瓦及类似耐火陶瓷建筑材料，不包括硅质土的陶瓷制品,,181,kgCO2e,3,2021,m3
非烧结类砌体材料,Non-sintered masonry materials,37320X0042021B,首页 > 其他可运输货物，金属制品、机械和设备除外 > 玻璃和玻璃制品及其他未另列明的非金属制品 > 耐火制品及建筑用非耐火粘土制品 > 耐火砖、砌块、瓦及类似耐火陶瓷建筑材料，不包括硅质土的陶瓷制品,,93.2,kgCO2e,3,2021,m3
瓷质砖,Porcelain tile,37320X0232021B,首页 > 其他可运输货物，金属制品、机械和设备除外 > 玻璃和玻璃制品及其他未另列明的非金属制品 > 耐火制品及建筑用非耐火粘土制品 > 耐火砖、砌块、瓦及类似耐火陶瓷建筑材料，不包括硅质土的陶瓷制品,,37.3,kgCO2e,3,2021,平方米
瓷质砖,Porcelain tile,37320X0222022B,首页 > 其他可运输货物，金属制品、机械和设备除外 > 玻璃和玻璃制品及其他未另列明的非金属制品 > 耐火制品及建筑用非耐火粘土制品 > 耐火砖、砌块、瓦及类似耐火陶瓷建筑材料，不包括硅质土的陶瓷制品,,17.6,kgCO2e,3,2022,平方米
卫生陶瓷,Sanitary Ceramics,37320X0072021B,首页 > 其他可运输货物，金属制品、机械和设备除外 > 玻璃和玻璃制品及其他未另列明的非金属制品 > 耐火制品及建筑用非耐火粘土制品 > 耐火砖、砌块、瓦及类似耐火陶瓷建筑材料，不包括硅质土的陶瓷制品,,1140,kgCO2e,3,2021,公吨
瓷质砖,Porcelain tile,37320X0182021B,首页 > 其他可运输货物，金属制品、机械和设备除外 > 玻璃和玻璃制品及其他未另列明的非金属制品 > 耐火制品及建筑用非耐火粘土制品 > 耐火砖、砌块、瓦及类似耐火陶瓷建筑材料，不包括硅质土的陶瓷制品,,21.8,kgCO2e,3,2021,平方米
炻瓷砖,Stoneware tiles,37320X0122021B,首页 > 其他可运输货物，金属制品、机械和设备除外 > 玻璃和玻璃制品及其他未另列明的非金属制品 > 耐火制品及建筑用非耐火粘土制品 > 耐火砖、砌块、瓦及类似耐火陶瓷建筑材料，不包括硅质土的陶瓷制品,,21.7,kgCO2e,3,2021,平方米
炻瓷砖,Stoneware tiles,37320X0132022B,首页 > 其他可运输货物，金属制品、机械和设备除外 > 玻璃和玻璃制品及其他未另列明的非金属制品 > 耐火制品及建筑用非耐火粘土制品 > 耐火砖、砌块、瓦及类似耐火陶瓷建筑材料，不包括硅质土的陶瓷制品,,20.5,kgCO2e,3,2022,平方米
瓷质砖,Porcelain,37320X0142021B,首页 > 其他可运输货物，金属制品、机械和设备除外 > 玻璃和玻璃制品及其他未另列明的非金属制品 > 耐火制品及建筑用非耐火粘土制品 > 耐火砖、砌块、瓦及类似耐火陶瓷建筑材料，不包括硅质土的陶瓷制品,,28.2,kgCO2e,3,2021,平方米
瓷质砖,Porcelain,37320X0152022B,首页 > 其他可运输货物，金属制品、机械和设备除外 > 玻璃和玻璃制品及其他未另列明的非金属制品 > 耐火制品及建筑用非耐火粘土制品 > 耐火砖、砌块、瓦及类似耐火陶瓷建筑材料，不包括硅质土的陶瓷制品,,18.9,kgCO2e,3,2022,平方米
炻瓷砖,Stoneware tiles,37320X0162021B,首页 > 其他可运输货物，金属制品、机械和设备除外 > 玻璃和玻璃制品及其他未另列明的非金属制品 > 耐火制品及建筑用非耐火粘土制品 > 耐火砖、砌块、瓦及类似耐火陶瓷建筑材料，不包括硅质土的陶瓷制品,,21.6,kgCO2e,3,2021,平方米
炻瓷砖,Stoneware tiles,37320X0172022B,首页 > 其他可运输货物，金属制品、机械和设备除外 > 玻璃和玻璃制品及其他未另列明的非金属制品 > 耐火制品及建筑用非耐火粘土制品 > 耐火砖、砌块、瓦及类似耐火陶瓷建筑材料，不包括硅质土的陶瓷制品,,17.8,kgCO2e,3,2022,平方米
卫生陶瓷,Sanitary ceramics,37320X0212020B,首页 > 其他可运输货物，金属制品、机械和设备除外 > 玻璃和玻璃制品及其他未另列明的非金属制品 > 耐火制品及建筑用非耐火粘土制品 > 耐火砖、砌块、瓦及类似耐火陶瓷建筑材料，不包括硅质土的陶瓷制品,,1190.77,kgCO2e,4,2020,公吨
页岩实心砖,Solid shale bricks,37320X0192019C,首页 > 其他可运输货物，金属制品、机械和设备除外 > 玻璃和玻璃制品及其他未另列明的非金属制品 > 耐火制品及建筑用非耐火粘土制品 > 耐火砖、砌块、瓦及类似耐火陶瓷建筑材料，不包括硅质土的陶瓷制品,240mmX115mmX53mm,292,kgCO2e,5,2019,m3
页岩空心砖,Shale hollow bricks,37320X0202019C,首页 > 其他可运输货物，金属制品、机械和设备除外 > 玻璃和玻璃制品及其他未另列明的非金属制品 > 耐火制品及建筑用非耐火粘土制品 > 耐火砖、砌块、瓦及类似耐火陶瓷建筑材料，不包括硅质土的陶瓷制品,240mmx115mmx53mm,204,kgCO2e,5,2019,m3
建筑陶瓷,Building ceramics - ceramic tiles - wet milling process,37350X0012018A,首页 > 其他可运输货物，金属制品、机械和设备除外 > 玻璃和玻璃制品及其他未另列明的非金属制品 > 耐火制品及建筑用非耐火粘土制品 > 非耐火陶瓷建筑砖、铺地砖、支撑用或填充用方砖、屋瓦、烟囱罩、通风帽、烟囱衬面、建筑装饰品及其他建筑陶瓷制品,,17.2,kgCO2e,5,2018,平方米
建筑陶瓷,Architectural ceramics,37350X0022013A,首页 > 其他可运输货物，金属制品、机械和设备除外 > 玻璃和玻璃制品及其他未另列明的非金属制品 > 耐火制品及建筑用非耐火粘土制品 > 非耐火陶瓷建筑砖、铺地砖、支撑用或填充用方砖、屋瓦、烟囱罩、通风帽、烟囱衬面、建筑装饰品及其他建筑陶瓷制品,建筑陶瓷,0.9413,tCO2e,4,2013,公吨
卫生陶瓷,Sanitary Ceramics,37299X0012021B,首页 > 其他可运输货物，金属制品、机械和设备除外 > 玻璃和玻璃制品及其他未另列明的非金属制品 > 非建筑用陶瓷制品 > 未另列明的其他非建筑用陶瓷制品,,1140,kgCO2e,3,2021,公吨
陶瓷/玻璃,Ceramics and Glass,37299X0022021A,首页 > 其他可运输货物，金属制品、机械和设备除外 > 玻璃和玻璃制品及其他未另列明的非金属制品 > 非建筑用陶瓷制品 > 未另列明的其他非建筑用陶瓷制品,,0.95,kgCO2e,3,2021,kg
卫生陶瓷,Sanitary Ceramics,37299X0042022C,首页 > 其他可运输货物，金属制品、机械和设备除外 > 玻璃和玻璃制品及其他未另列明的非金属制品 > 非建筑用陶瓷制品 > 未另列明的其他非建筑用陶瓷制品,,1240,kgCO2e,5,2022,公吨
建筑陶瓷,Architectural ceramics,37210X0012008A,首页 > 其他可运输货物，金属制品、机械和设备除外 > 玻璃和玻璃制品及其他未另列明的非金属制品 > 非建筑用陶瓷制品 > 陶瓷水槽、浴缸、坐便器、冲洗水箱及类似卫生装置,VWH002NP,16.635,kgCO2e,5,2008,m3
建筑卫生陶瓷,Building sanitary ceramics,37210X0022004A,首页 > 其他可运输货物，金属制品、机械和设备除外 > 玻璃和玻璃制品及其他未另列明的非金属制品 > 非建筑用陶瓷制品 > 陶瓷水槽、浴缸、坐便器、冲洗水箱及类似卫生装置,建筑卫生陶瓷,1.4,tCO2e,3,2004,公吨
卫生陶瓷,Sanitary ceramics,37210X0032013A,首页 > 其他可运输货物，金属制品、机械和设备除外 > 玻璃和玻璃制品及其他未另列明的非金属制品 > 非建筑用陶瓷制品 > 陶瓷水槽、浴缸、坐便器、冲洗水箱及类似卫生装置,卫生陶瓷,1.78,tCO2e,5,2013,公吨
卫生陶瓷,Ceramic,37210X0012014A,首页 > 其他可运输货物，金属制品、机械和设备除外 > 玻璃和玻璃制品及其他未另列明的非金属制品 > 非建筑用陶瓷制品 > 陶瓷水槽、浴缸、坐便器、冲洗水箱及类似卫生装置,卫生陶瓷,1.7765,kgCO2e,4,2014,kg
坐便器,Toilet pan,37210X0072022B,首页 > 其他可运输货物，金属制品、机械和设备除外 > 玻璃和玻璃制品及其他未另列明的非金属制品 > 非建筑用陶瓷制品 > 陶瓷水槽、浴缸、坐便器、冲洗水箱及类似卫生装置,,1530,kgCO2e,3,2022,公吨
洗面器,Wash-basin,37210X0062022B,首页 > 其他可运输货物，金属制品、机械和设备除外 > 玻璃和玻璃制品及其他未另列明的非金属制品 > 非建筑用陶瓷制品 > 陶瓷水槽、浴缸、坐便器、冲洗水箱及类似卫生装置,,1750,kgCO2e,3,2022,公吨
小便器,Urinal,37210X0052022B,首页 > 其他可运输货物，金属制品、机械和设备除外 > 玻璃和玻璃制品及其他未另列明的非金属制品 > 非建筑用陶瓷制品 > 陶瓷水槽、浴缸、坐便器、冲洗水箱及类似卫生装置,,1630,kgCO2e,3,2022,公吨
蹲便器,Squatting toilet,37210X0042022B,首页 > 其他可运输货物，金属制品、机械和设备除外 > 玻璃和玻璃制品及其他未另列明的非金属制品 > 非建筑用陶瓷制品 > 陶瓷水槽、浴缸、坐便器、冲洗水箱及类似卫生装置,,1700,kgCO2e,3,2022,公吨
智能坐便器,Intelligent toilet,37210X0082022C,首页 > 其他可运输货物，金属制品、机械和设备除外 > 玻璃和玻璃制品及其他未另列明的非金属制品 > 非建筑用陶瓷制品 > 陶瓷水槽、浴缸、坐便器、冲洗水箱及类似卫生装置,,2.142,kgCO2e,5,2022,台
卫生陶瓷品（如碗）,Sanitary ceramics (such as bowls),37221X0022016A,首页 > 其他可运输货物，金属制品、机械和设备除外 > 玻璃和玻璃制品及其他未另列明的非金属制品 > 非建筑用陶瓷制品 > 陶瓷餐具、厨房用陶瓷器皿、其他家庭用具及盥洗室用器皿,,793.4,kgCO2e,5,2016,公吨
得力 XL108 点点胶,Deli XL108 Dot Glue,32700X0012025B,首页 > 其他可运输货物，金属制品、机械和设备除外 > 纸浆、纸和纸制品；印刷品及有关物品 > 登记簿、账簿、笔记本、信笺簿、日记本及类似物品，纸或纸板制的吸墨纸本、硬书夹、卷宗封面，各种表格及其他文具物品 > 登记簿、账簿、笔记本、信笺簿、日记本及类似物品，纸或纸板制的吸墨纸本、硬书夹、卷宗封面，各种表格及其他文具物品,XL108 6mm*8m,0.1627,kgCO2e,5,2025,个
得力 XL112 省力修正带,Deli XL112 Effortless Correction Tape,32700X0022025B,首页 > 其他可运输货物，金属制品、机械和设备除外 > 纸浆、纸和纸制品；印刷品及有关物品 > 登记簿、账簿、笔记本、信笺簿、日记本及类似物品，纸或纸板制的吸墨纸本、硬书夹、卷宗封面，各种表格及其他文具物品 > 登记簿、账簿、笔记本、信笺簿、日记本及类似物品，纸或纸板制的吸墨纸本、硬书夹、卷宗封面，各种表格及其他文具物品,XL112 5mm*12m,0.1648,kgCO2e,5,2025,个
得力 XL110 套尺,Deli XL110 Set of Rulers,32700X0032025B,首页 > 其他可运输货物，金属制品、机械和设备除外 > 纸浆、纸和纸制品；印刷品及有关物品 > 登记簿、账簿、笔记本、信笺簿、日记本及类似物品，纸或纸板制的吸墨纸本、硬书夹、卷宗封面，各种表格及其他文具物品 > 登记簿、账簿、笔记本、信笺簿、日记本及类似物品，纸或纸板制的吸墨纸本、硬书夹、卷宗封面，各种表格及其他文具物品,XL110,0.2283,kgCO2e,5,2025,个
得力 XL111 套尺,Deli XL111 Set of Rulers,32700X0042025B,首页 > 其他可运输货物，金属制品、机械和设备除外 > 纸浆、纸和纸制品；印刷品及有关物品 > 登记簿、账簿、笔记本、信笺簿、日记本及类似物品，纸或纸板制的吸墨纸本、硬书夹、卷宗封面，各种表格及其他文具物品 > 登记簿、账簿、笔记本、信笺簿、日记本及类似物品，纸或纸板制的吸墨纸本、硬书夹、卷宗封面，各种表格及其他文具物品,XL111,0.0652,kgCO2e,5,2025,个
得力 XL052 自由翻活页本,Deli XL052 Free-Flipping Loose-Leaf Notebook,32700X0052025B,首页 > 其他可运输货物，金属制品、机械和设备除外 > 纸浆、纸和纸制品；印刷品及有关物品 > 登记簿、账簿、笔记本、信笺簿、日记本及类似物品，纸或纸板制的吸墨纸本、硬书夹、卷宗封面，各种表格及其他文具物品 > 登记簿、账簿、笔记本、信笺簿、日记本及类似物品，纸或纸板制的吸墨纸本、硬书夹、卷宗封面，各种表格及其他文具物品,XL052 272*198*18*0.65mm,1.942,kgCO2e,5,2025,个
A5 纸面线圈本,A5 Spiral-Bound Notebook,32700X0062024B,首页 > 其他可运输货物，金属制品、机械和设备除外 > 纸浆、纸和纸制品；印刷品及有关物品 > 登记簿、账簿、笔记本、信笺簿、日记本及类似物品，纸或纸板制的吸墨纸本、硬书夹、卷宗封面，各种表格及其他文具物品 > 登记簿、账簿、笔记本、信笺簿、日记本及类似物品，纸或纸板制的吸墨纸本、硬书夹、卷宗封面，各种表格及其他文具物品,A5 规格，内含 80 张 80G 纸张,0.8721,kgCO2e,5,2024,个
A5 纸面包本,A5 Paper Notebook,32700X0072024B,首页 > 其他可运输货物，金属制品、机械和设备除外 > 纸浆、纸和纸制品；印刷品及有关物品 > 登记簿、账簿、笔记本、信笺簿、日记本及类似物品，纸或纸板制的吸墨纸本、硬书夹、卷宗封面，各种表格及其他文具物品 > 登记簿、账簿、笔记本、信笺簿、日记本及类似物品，纸或纸板制的吸墨纸本、硬书夹、卷宗封面，各种表格及其他文具物品,A5 规格，内含 192 张 70G 纸张,1.475,kgCO2e,5,2024,个
再生A5 纸面线圈本,Recycled A5 Spiral-Bound Notebook,32700X0082024B,首页 > 其他可运输货物，金属制品、机械和设备除外 > 纸浆、纸和纸制品；印刷品及有关物品 > 登记簿、账簿、笔记本、信笺簿、日记本及类似物品，纸或纸板制的吸墨纸本、硬书夹、卷宗封面，各种表格及其他文具物品 > 登记簿、账簿、笔记本、信笺簿、日记本及类似物品，纸或纸板制的吸墨纸本、硬书夹、卷宗封面，各种表格及其他文具物品,A5 规格，内含 80 张 80G 再生纸张,0.6469,kgCO2e,5,2024,个
再生A5 纸面包本,Recycled A5 Paper Notebook,32700X0092024B,首页 > 其他可运输货物，金属制品、机械和设备除外 > 纸浆、纸和纸制品；印刷品及有关物品 > 登记簿、账簿、笔记本、信笺簿、日记本及类似物品，纸或纸板制的吸墨纸本、硬书夹、卷宗封面，各种表格及其他文具物品 > 登记簿、账簿、笔记本、信笺簿、日记本及类似物品，纸或纸板制的吸墨纸本、硬书夹、卷宗封面，各种表格及其他文具物品,A5 规格，内含 192 张 70G 再生纸张,1.475,kgCO2e,5,2024,个
快递封套,Courier Envelope,32136X0042011A,首页 > 其他可运输货物，金属制品、机械和设备除外 > 纸浆、纸和纸制品；印刷品及有关物品 > 纸浆、纸及纸板 > 亚硫酸脂包装纸，滤纸和纸板、毡纸及其他纸和纸板；没有切成一定尺寸或成册状或卷状的卷烟纸,,2.528,kgCO2e,4,2011,kg
纸塑铝包装,Al-PE-Pa Complex Package,32136X0022011A,首页 > 其他可运输货物，金属制品、机械和设备除外 > 纸浆、纸和纸制品；印刷品及有关物品 > 纸浆、纸及纸板 > 亚硫酸脂包装纸，滤纸和纸板、毡纸及其他纸和纸板；没有切成一定尺寸或成册状或卷状的卷烟纸,,0.886,kgCO2e,4,2011,平方米
包装纸,Wrapping Paper,32136X0012014A,首页 > 其他可运输货物，金属制品、机械和设备除外 > 纸浆、纸和纸制品；印刷品及有关物品 > 纸浆、纸及纸板 > 亚硫酸脂包装纸，滤纸和纸板、毡纸及其他纸和纸板；没有切成一定尺寸或成册状或卷状的卷烟纸,,141.56,gCO2e,4,2014,kg
快递封套（快递封装用）,Express envelope（Dedicated for express packaging）,32136X0032013C,首页 > 其他可运输货物，金属制品、机械和设备除外 > 纸浆、纸和纸制品；印刷品及有关物品 > 纸浆、纸及纸板 > 亚硫酸脂包装纸，滤纸和纸板、毡纸及其他纸和纸板；没有切成一定尺寸或成册状或卷状的卷烟纸,,2.528,kgCO2e,5,2013,kg
铝膜包装,Aluminum foil packaging,32136X0052015A,首页 > 其他可运输货物，金属制品、机械和设备除外 > 纸浆、纸和纸制品；印刷品及有关物品 > 纸浆、纸及纸板 > 亚硫酸脂包装纸，滤纸和纸板、毡纸及其他纸和纸板；没有切成一定尺寸或成册状或卷状的卷烟纸,厚度约为7-9 µm,0.382,kgCO2e,4,2015,平方米
碳纤维预浸布,Carbon Fiber Prepreg,32149X0022023B,首页 > 其他可运输货物，金属制品、机械和设备除外 > 纸浆、纸和纸制品；印刷品及有关物品 > 纸浆、纸及纸板 > 其他或成卷或成张的、已涂料、浸渍、染面、饰面或印面的纸、纸板、纤维素填絮和纤维素纤维网,L，尺 寸26*32*12cm,4.86,kgCO2e,5,2023,平方米
一次性纸杯,Disposable paper cup,32199X0012022A,首页 > 其他可运输货物，金属制品、机械和设备除外 > 纸浆、纸和纸制品；印刷品及有关物品 > 纸浆、纸及纸板 > 切成一定尺寸或形状的其他纸、纸板、纤维填絮和纤维素纤维网；册状或管状或宽度不超过5厘米的卷筒状卷烟纸；其他纸浆、纸板、纤维填絮和纤维素纤维网制品,,39.7,kgCO2e,3,2022,人·年
运单,Waybill,32191X0082011A,首页 > 其他可运输货物，金属制品、机械和设备除外 > 纸浆、纸和纸制品；印刷品及有关物品 > 纸浆、纸及纸板 > 切成一定尺寸的碳复写纸、自动复写纸和其他复写纸或转印纸；复印机纸制版和纸制胶版；涂上胶或粘合剂的纸,,1.872,kgCO2e,4,2011,kg
复印纸,Copy Paper,32191X0012011A,首页 > 其他可运输货物，金属制品、机械和设备除外 > 纸浆、纸和纸制品；印刷品及有关物品 > 纸浆、纸及纸板 > 切成一定尺寸的碳复写纸、自动复写纸和其他复写纸或转印纸；复印机纸制版和纸制胶版；涂上胶或粘合剂的纸,,1756.18,kgCO2e,5,2011,公吨
打印纸（A4，80g）,printing paper（A4，80g）,32191X0012020A,首页 > 其他可运输货物，金属制品、机械和设备除外 > 纸浆、纸和纸制品；印刷品及有关物品 > 纸浆、纸及纸板 > 切成一定尺寸的碳复写纸、自动复写纸和其他复写纸或转印纸；复印机纸制版和纸制胶版；涂上胶或粘合剂的纸,,3.8,kgCO2e,4,2020,包
双胶纸,Offset paper,32191X0062014C,首页 > 其他可运输货物，金属制品、机械和设备除外 > 纸浆、纸和纸制品；印刷品及有关物品 > 纸浆、纸及纸板 > 切成一定尺寸的碳复写纸、自动复写纸和其他复写纸或转印纸；复印机纸制版和纸制胶版；涂上胶或粘合剂的纸,,2072.5,kgCO2e,4,2014,公吨
涂布白卡纸,Coated card board,32191X0072016C,首页 > 其他可运输货物，金属制品、机械和设备除外 > 纸浆、纸和纸制品；印刷品及有关物品 > 纸浆、纸及纸板 > 切成一定尺寸的碳复写纸、自动复写纸和其他复写纸或转印纸；复印机纸制版和纸制胶版；涂上胶或粘合剂的纸,,888,kgCO2e,5,2016,公吨
蒲公英环保抽取式擦手纸巾,Extractable Hand Towel,32131X0062022C,首页 > 其他可运输货物，金属制品、机械和设备除外 > 纸浆、纸和纸制品；印刷品及有关物品 > 纸浆、纸及纸板 > 卫生纸或面巾纸、纸巾或餐巾纸及类似的纸、纤维素填絮和纤维素纤维网,抽取式擦手纸（200抽；每张尺寸230mm*210mm、单层）,750,gCO2e,5,2022,包
春风抽取式卫生纸,Withdrawable Tissue Paper,32131X0072022C,首页 > 其他可运输货物，金属制品、机械和设备除外 > 纸浆、纸和纸制品；印刷品及有关物品 > 纸浆、纸及纸板 > 卫生纸或面巾纸、纸巾或餐巾纸及类似的纸、纤维素填絮和纤维素纤维网,连续抽取式花纹卫生纸,360,gCO2e,5,2022,包
白纸板,White Board,32142X0012014A,首页 > 其他可运输货物，金属制品、机械和设备除外 > 纸浆、纸和纸制品；印刷品及有关物品 > 纸浆、纸及纸板 > 未另列明的皱纹的、压纹的、压花或穿孔的纸和纸板,,117.41,gCO2e,4,2014,kg
快递包装箱,Express Package Box,32151X0142011A,首页 > 其他可运输货物，金属制品、机械和设备除外 > 纸浆、纸和纸制品；印刷品及有关物品 > 纸浆、纸及纸板 > 瓦楞纸及纸板,,1.137,kgCO2e,4,2011,kg
瓦楞纸箱,Corrugated Box,32151X0012011A,首页 > 其他可运输货物，金属制品、机械和设备除外 > 纸浆、纸和纸制品；印刷品及有关物品 > 纸浆、纸及纸板 > 瓦楞纸及纸板,,1.605,kgCO2e,5,2011,kg
瓦楞原纸,corrugated paper,32151X0022014A,首页 > 其他可运输货物，金属制品、机械和设备除外 > 纸浆、纸和纸制品；印刷品及有关物品 > 纸浆、纸及纸板 > 瓦楞纸及纸板,,1.948,kgCO2e,5,2014,kg
瓦楞原纸,Corrugating medium,32151X0062019A,首页 > 其他可运输货物，金属制品、机械和设备除外 > 纸浆、纸和纸制品；印刷品及有关物品 > 纸浆、纸及纸板 > 瓦楞纸及纸板,,1226.79,kgCO2e,5,2019,公吨
瓦楞纸,Corrugated Medium,32151X0012019C,首页 > 其他可运输货物，金属制品、机械和设备除外 > 纸浆、纸和纸制品；印刷品及有关物品 > 纸浆、纸及纸板 > 瓦楞纸及纸板,无,1641.555,kgCO2e,5,2019,公吨
瓦楞纸箱,Corrugated box,32151X0022012C,首页 > 其他可运输货物，金属制品、机械和设备除外 > 纸浆、纸和纸制品；印刷品及有关物品 > 纸浆、纸及纸板 > 瓦楞纸及纸板,CB楞,0.813,kgCO2e,5,2012,kg
瓦楞纸箱,Corrugated box,32151X0032012C,首页 > 其他可运输货物，金属制品、机械和设备除外 > 纸浆、纸和纸制品；印刷品及有关物品 > 纸浆、纸及纸板 > 瓦楞纸及纸板,CB楞-开机车速60m/min,1.605,kgCO2e,5,2012,kg
瓦楞纸箱,Corrugated box,32151X0042012C,首页 > 其他可运输货物，金属制品、机械和设备除外 > 纸浆、纸和纸制品；印刷品及有关物品 > 纸浆、纸及纸板 > 瓦楞纸及纸板,B楞（B-140/110/170）,1.185,kgCO2e,5,2012,kg
瓦楞纸箱,Corrugated box,32151X0052012C,首页 > 其他可运输货物，金属制品、机械和设备除外 > 纸浆、纸和纸制品；印刷品及有关物品 > 纸浆、纸及纸板 > 瓦楞纸及纸板,B楞（B-250/140/175）,0.819,kgCO2e,5,2012,kg
快递包装箱（快递封装用）,Express packaging box（Dedicated for express packaging）,32151X0062013C,首页 > 其他可运输货物，金属制品、机械和设备除外 > 纸浆、纸和纸制品；印刷品及有关物品 > 纸浆、纸及纸板 > 瓦楞纸及纸板,,1.137,kgCO2e,5,2013,kg
瓦楞原纸产品	,Corrugated base paper products	,32151X0132016A,首页 > 其他可运输货物，金属制品、机械和设备除外 > 纸浆、纸和纸制品；印刷品及有关物品 > 纸浆、纸及纸板 > 瓦楞纸及纸板,,1226.79,kgCO2e,5,2016,公吨
瓦楞纸,Indented board,32134X0012021A,首页 > 其他可运输货物，金属制品、机械和设备除外 > 纸浆、纸和纸制品；印刷品及有关物品 > 纸浆、纸及纸板 > 瓦楞纸，包括表面无涂层的半化学瓦楞纸,,1213.22,kgCO2e,5,2021,公吨
办公用纸,Office Paper,32153X0012012A,首页 > 其他可运输货物，金属制品、机械和设备除外 > 纸浆、纸和纸制品；印刷品及有关物品 > 纸浆、纸及纸板 > 纸、纸板、纤维素填絮或纤维素纤维网制的大箱、小箱、盒、袋、唱片套及其他包装容器（纸袋除外）；办公室、商店或类似场所用的纸或纸板制的文件盒、信盘及类似品,,4.64,gCO2e,4,2012,张
白卡纸,White cardboard,32153X0022014A,首页 > 其他可运输货物，金属制品、机械和设备除外 > 纸浆、纸和纸制品；印刷品及有关物品 > 纸浆、纸及纸板 > 纸、纸板、纤维素填絮或纤维素纤维网制的大箱、小箱、盒、袋、唱片套及其他包装容器（纸袋除外）；办公室、商店或类似场所用的纸或纸板制的文件盒、信盘及类似品,,1.7,kgCO2e,5,2014,kg
涂布白板纸,coated whiteboard,32153X0032014A,首页 > 其他可运输货物，金属制品、机械和设备除外 > 纸浆、纸和纸制品；印刷品及有关物品 > 纸浆、纸及纸板 > 纸、纸板、纤维素填絮或纤维素纤维网制的大箱、小箱、盒、袋、唱片套及其他包装容器（纸袋除外）；办公室、商店或类似场所用的纸或纸板制的文件盒、信盘及类似品,,2.279,kgCO2e,5,2014,kg
Tetra Recart 390mL,Tetra Recart 390mL,32153X0012019B,首页 > 其他可运输货物，金属制品、机械和设备除外 > 纸浆、纸和纸制品；印刷品及有关物品 > 纸浆、纸及纸板 > 纸、纸板、纤维素填絮或纤维素纤维网制的大箱、小箱、盒、袋、唱片套及其他包装容器（纸袋除外）；办公室、商店或类似场所用的纸或纸板制的文件盒、信盘及类似品,Tetra Recart 390mL,97.16,kgCO2e,4,2019,1000L
箱纸板,Linerboard,32153X2652021C,首页 > 其他可运输货物，金属制品、机械和设备除外 > 纸浆、纸和纸制品；印刷品及有关物品 > 纸浆、纸及纸板 > 纸、纸板、纤维素填絮或纤维素纤维网制的大箱、小箱、盒、袋、唱片套及其他包装容器（纸袋除外）；办公室、商店或类似场所用的纸或纸板制的文件盒、信盘及类似品,,0.418,tCO2e,5,2021,公吨
纸浆模塑产品（可降解植物纤维环保餐具）,Pulp-molded products (biodegradable plant fiber eco-friendly tableware),32193X0012023B,首页 > 其他可运输货物，金属制品、机械和设备除外 > 纸浆、纸和纸制品；印刷品及有关物品 > 纸浆、纸及纸板 > 纸浆、纸、纤维填絮或纤维素纤维网制的卫生纸、手帕纸、纸巾、餐巾纸、婴儿餐巾纸、塞伤口用的纸塞及类似的家庭、卫生或医院用品和服装纸制用品,纸浆模塑产品（可降解植物纤维环保餐具）,10256.23,kgCO2e,5,2023,公吨
浙江峰晖竹木制品有限公司竹勺餐具,"Bamboo Spoon Tableware - Zhejiang Fenghui Bamboo and Wood Products Co., Ltd.",32193X0022022B,首页 > 其他可运输货物，金属制品、机械和设备除外 > 纸浆、纸和纸制品；印刷品及有关物品 > 纸浆、纸及纸板 > 纸浆、纸、纤维填絮或纤维素纤维网制的卫生纸、手帕纸、纸巾、餐巾纸、婴儿餐巾纸、塞伤口用的纸塞及类似的家庭、卫生或医院用品和服装纸制用品,,1.1967,kgCO2e,5,2022,kg
礼品纸袋（甘蔗纸）,Gift Paper Bag (Sugarcane Paper),32152X0152024B,首页 > 其他可运输货物，金属制品、机械和设备除外 > 纸浆、纸和纸制品；印刷品及有关物品 > 纸浆、纸及纸板 > 纸袋及纸包,甘蔗纸，型号L，尺寸26*32*12cm，货号：HXA002L-2、1033L、81050,0.1202,kgCO2e,5,2024,个
礼品纸袋（甘蔗纸）,Gift Paper Bag (Sugarcane Paper),32152X0162024B,首页 > 其他可运输货物，金属制品、机械和设备除外 > 纸浆、纸和纸制品；印刷品及有关物品 > 纸浆、纸及纸板 > 纸袋及纸包,甘蔗纸，型号L，尺寸26*32*12cm，货号：HXA002L-2、1033L、81050,0.1202,kgCO2e,5,2024,个
礼品纸袋（白卡纸）,Gift Paper Bag (White Paper),32152X0172024B,首页 > 其他可运输货物，金属制品、机械和设备除外 > 纸浆、纸和纸制品；印刷品及有关物品 > 纸浆、纸及纸板 > 纸袋及纸包,白卡纸，型号L，尺寸26*32*12cm，货号：0071-0340、0071-0342、1050545,0.15,kgCO2e,5,2024,个
礼品纸袋（白卡纸）,Gift Paper Bag (White Paper),32152X0182024B,首页 > 其他可运输货物，金属制品、机械和设备除外 > 纸浆、纸和纸制品；印刷品及有关物品 > 纸浆、纸及纸板 > 纸袋及纸包,L，尺 寸26*32*12cm,0.1509,kgCO2e,5,2024,个
食品包装用牛皮纸袋,Food Packaging Kraft Paper Bags,32152X0192022B,首页 > 其他可运输货物，金属制品、机械和设备除外 > 纸浆、纸和纸制品；印刷品及有关物品 > 纸浆、纸及纸板 > 纸袋及纸包,1 条重量为 229 克的食品包装用牛皮纸袋,0.242,kgCO2e,4,2022,条
牛皮纸,Brown paper,32132X0012014A,首页 > 其他可运输货物，金属制品、机械和设备除外 > 纸浆、纸和纸制品；印刷品及有关物品 > 纸浆、纸及纸板 > 表面无涂层的牛皮纸,,2.528,kgCO2e,5,2014,kg
牛皮纸,kraft paper,32132X0022014A,首页 > 其他可运输货物，金属制品、机械和设备除外 > 纸浆、纸和纸制品；印刷品及有关物品 > 纸浆、纸及纸板 > 表面无涂层的牛皮纸,,2.528,kgCO2e,5,2014,kg
商业印刷册,Commercial book,32620X0062019A,首页 > 其他可运输货物，金属制品、机械和设备除外 > 纸浆、纸和纸制品；印刷品及有关物品 > 邮票、支票、钞票、股票、明信片、贺卡、广告印刷品、图片和其他印刷品 > 商业广告印刷品，商品目录及其类似品,,440,gCO2e,4,2019,册（A4）
商业宣传册印刷品,Printed business brochures ,32620X0052015A,首页 > 其他可运输货物，金属制品、机械和设备除外 > 纸浆、纸和纸制品；印刷品及有关物品 > 邮票、支票、钞票、股票、明信片、贺卡、广告印刷品、图片和其他印刷品 > 商业广告印刷品，商品目录及其类似品,,0.1564,kgCO2e,3,2015,册
商业印刷册,Commercial book,32620X0032016A,首页 > 其他可运输货物，金属制品、机械和设备除外 > 纸浆、纸和纸制品；印刷品及有关物品 > 邮票、支票、钞票、股票、明信片、贺卡、广告印刷品、图片和其他印刷品 > 商业广告印刷品，商品目录及其类似品,,0.1957,kgCO2e,4,2016,册
商业印刷册,Commercial book,32620X0042019A,首页 > 其他可运输货物，金属制品、机械和设备除外 > 纸浆、纸和纸制品；印刷品及有关物品 > 邮票、支票、钞票、股票、明信片、贺卡、广告印刷品、图片和其他印刷品 > 商业广告印刷品，商品目录及其类似品,,0.72,kgCO2e,4,2019,册
商业印刷册,Commercial book,32620X0022019A,首页 > 其他可运输货物，金属制品、机械和设备除外 > 纸浆、纸和纸制品；印刷品及有关物品 > 邮票、支票、钞票、股票、明信片、贺卡、广告印刷品、图片和其他印刷品 > 商业广告印刷品，商品目录及其类似品,,1.21,kgCO2e,4,2019,册
新闻纸,Newspaper,32490X0012011A,首页 > 其他可运输货物，金属制品、机械和设备除外 > 纸浆、纸和纸制品；印刷品及有关物品 > 非每日出版的报纸、杂志 > 其他报纸/杂志（非每日出版）,,1667.32,kgCO2e,5,2011,公吨
扁豆-澳大利亚,Lentil-Australia,01704X0012009A,首页 > 农业、林业和水产品 > 农业、园艺和商品园艺产品 > 干制豆类 > 干小扁豆,,1,kgCO2e,4,2009,kg
扁豆-全球平均,Lentil-global-average,01704X0022011A,首页 > 农业、林业和水产品 > 农业、园艺和商品园艺产品 > 干制豆类 > 干小扁豆,,1.06,kgCO2e,4,2011,kg
扁豆-英国,Lentil-UK,01704X0032011A,首页 > 农业、林业和水产品 > 农业、园艺和商品园艺产品 > 干制豆类 > 干小扁豆,,1.06,kgCO2e,4,2011,kg
扁豆-国内外部分研究均值,hyacinth bean-global average,01704X0012015A,首页 > 农业、林业和水产品 > 农业、园艺和商品园艺产品 > 干制豆类 > 干小扁豆,,1.03,tCO2e,4,2015,公吨
蚕豆浓缩蛋白-德国,fata bean protein concentrate,01702X0012017A,首页 > 农业、林业和水产品 > 农业、园艺和商品园艺产品 > 干制豆类 > 干蚕豆,,0.23,kgCO2e,4,2017,kg
蚕豆浓缩蛋白-西班牙,fata bean protein concentrate,01702X0022017A,首页 > 农业、林业和水产品 > 农业、园艺和商品园艺产品 > 干制豆类 > 干蚕豆,,0.58,kgCO2e,4,2017,kg
豇豆-荷兰,Cowpea-Netherlands,01706X0012006A,首页 > 农业、林业和水产品 > 农业、园艺和商品园艺产品 > 干制豆类 > 干豇豆,,0.55,kgCO2e,4,2006,kg
豇豆-全球平均,Cowpea-global-average,01706X0022006A,首页 > 农业、林业和水产品 > 农业、园艺和商品园艺产品 > 干制豆类 > 干豇豆,,0.66,kgCO2e,4,2006,kg
豇豆-瑞典,Cowpea-Sweden,01706X0032006A,首页 > 农业、林业和水产品 > 农业、园艺和商品园艺产品 > 干制豆类 > 干豇豆,,0.42,kgCO2e,4,2006,kg
豇豆-国内外部分研究均值,Cowpea-global average,01706X0012015A,首页 > 农业、林业和水产品 > 农业、园艺和商品园艺产品 > 干制豆类 > 干豇豆,,0.49,tCO2e,4,2015,公吨
鹰嘴豆-美国,Chickpea-USA,01703X0012006A,首页 > 农业、林业和水产品 > 农业、园艺和商品园艺产品 > 干制豆类 > 干鹰嘴豆,,0.45,kgCO2e,4,2006,kg
鹰嘴豆-世界,Chickpeas-Word,01703X0022005A,首页 > 农业、林业和水产品 > 农业、园艺和商品园艺产品 > 干制豆类 > 干鹰嘴豆,,0.8,kgCO2e,4,2005,kg
豆类-中国,Pulses-China,01709X0012023A,首页 > 农业、林业和水产品 > 农业、园艺和商品园艺产品 > 干制豆类 > 未另列明的豆类,,0.62,kgCO2e,4,2023,kg
豆类（不含豌豆）,Pulses excl.peas,01709X0012018A,首页 > 农业、林业和水产品 > 农业、园艺和商品园艺产品 > 干制豆类 > 未另列明的豆类,,8,kgCO2e,5,2018,百克蛋白质
豆荚-全球平均,Bean-global-average,01709X0022017A,首页 > 农业、林业和水产品 > 农业、园艺和商品园艺产品 > 干制豆类 > 未另列明的豆类,,1.21,kgCO2e,4,2017,kg
豆荚-希腊,Bean-Greece,01709X0032013A,首页 > 农业、林业和水产品 > 农业、园艺和商品园艺产品 > 干制豆类 > 未另列明的豆类,,0.26,kgCO2e,4,2013,kg
豆荚-英国,Bean-UK,01709X0042008A,首页 > 农业、林业和水产品 > 农业、园艺和商品园艺产品 > 干制豆类 > 未另列明的豆类,,1.55,kgCO2e,4,2008,kg
豆荚-中国,Bean-China,01709X0052017A,首页 > 农业、林业和水产品 > 农业、园艺和商品园艺产品 > 干制豆类 > 未另列明的豆类,,1.21,kgCO2e,4,2017,kg
糖类作物,Sugar crops,01809X0012009A,首页 > 农业、林业和水产品 > 农业、园艺和商品园艺产品 > 榨糖用植物 > 其他未另列明的制糖作物,,0.5,kgCO2e,5,2009,kg
甘蔗,Sugarcane,01802X0012015A,首页 > 农业、林业和水产品 > 农业、园艺和商品园艺产品 > 榨糖用植物 > 甘蔗,中国甘蔗,0.02,kgCO2e,4,2015,kg
花生（阿根廷）,peanut (Argentina),01379X0062013A,首页 > 农业、林业和水产品 > 农业、园艺和商品园艺产品 > 水果和坚果 > 其他带壳坚果（野生食用坚果和花生除外）,通用,237,kgCO2e,4,2013,公吨
坚果,Nuts,01379X0012010A,首页 > 农业、林业和水产品 > 农业、园艺和商品园艺产品 > 水果和坚果 > 其他带壳坚果（野生食用坚果和花生除外）,,3,kgCO2e,5,2010,百克蛋白质（100g protein）
荔枝-中国广州,Lychee-Guangzhou of China,01359X0012018A,首页 > 农业、林业和水产品 > 农业、园艺和商品园艺产品 > 水果和坚果 > 其他未另列明的水果,,0.491,tCO2e,4,2018,公吨
西瓜,watermelon,01359X0022010A,首页 > 农业、林业和水产品 > 农业、园艺和商品园艺产品 > 水果和坚果 > 其他未另列明的水果,澳大利亚西瓜,0.38,kgCO2e,4,2010,kg
西瓜,watermelon,01359X0032017A,首页 > 农业、林业和水产品 > 农业、园艺和商品园艺产品 > 水果和坚果 > 其他未另列明的水果,西瓜-国内外部分研究均值,0.32,kgCO2e,4,2017,kg
甜瓜,cantelope,01359X0042017A,首页 > 农业、林业和水产品 > 农业、园艺和商品园艺产品 > 水果和坚果 > 其他未另列明的水果,国内外部分研究均值,0.25,kgCO2e,4,2017,kg
葫芦科瓜类,Fruit of the gourd family,01359X0052017A,首页 > 农业、林业和水产品 > 农业、园艺和商品园艺产品 > 水果和坚果 > 其他未另列明的水果,葫芦科水果，包括黄瓜、小黄瓜、西葫芦、木瓜、瓜类等,0.34,kgCO2e,4,2017,kg
瓜类,melon,01359X0062017A,首页 > 农业、林业和水产品 > 农业、园艺和商品园艺产品 > 水果和坚果 > 其他未另列明的水果,国内外部分研究均值,0.88,kgCO2e,4,2017,kg
甜瓜,melons,01359X0072012A,首页 > 农业、林业和水产品 > 农业、园艺和商品园艺产品 > 水果和坚果 > 其他未另列明的水果,意大利,1.49,kgCO2e,4,2012,kg
桃、杏、李-国内外部分研究均值,Peach，apricot，plum-global average,01359X0012017A,首页 > 农业、林业和水产品 > 农业、园艺和商品园艺产品 > 水果和坚果 > 其他未另列明的水果,,0.45,kgCO2e,3,2017,kg
醋栗,currant,01359X0082014A,首页 > 农业、林业和水产品 > 农业、园艺和商品园艺产品 > 水果和坚果 > 其他未另列明的水果,,0.64,kgCO2e,4,2014,kg
榴莲,durian,01359X0012019A,首页 > 农业、林业和水产品 > 农业、园艺和商品园艺产品 > 水果和坚果 > 其他未另列明的水果,,2.29168,kgCO2e,5,2019,kg
杭州御贵飞农业科技有限公司火龙果,"Dragon Fruit - Hangzhou Yugui Fei Agricultural Technology Co., Ltd.",01319X0012024B,首页 > 农业、林业和水产品 > 农业、园艺和商品园艺产品 > 水果和坚果 > 其他未另列明的热带水果和亚热带水果,,0.2729,kgCO2e,5,2024,kg
花生-荷兰,peanut-Netherlands,01349X0011998A,首页 > 农业、林业和水产品 > 农业、园艺和商品园艺产品 > 水果和坚果 > 其他核果和仁果,,1.33,kgCO2e,4,1998,kg
棕榈坚果-全球平均,palmnut-global-average,01349X0022005A,首页 > 农业、林业和水产品 > 农业、园艺和商品园艺产品 > 水果和坚果 > 其他核果和仁果,,2.23,kgCO2e,4,2005,kg
椰枣-全球平均,dates-global-average,01349X0042005A,首页 > 农业、林业和水产品 > 农业、园艺和商品园艺产品 > 水果和坚果 > 其他核果和仁果,,0.88,kgCO2e,4,2005,kg
椰枣-英国,dates-UK,01349X0052005A,首页 > 农业、林业和水产品 > 农业、园艺和商品园艺产品 > 水果和坚果 > 其他核果和仁果,,0.32,kgCO2e,4,2005,kg
蓝莓,Blueberry,01355X0012013A,首页 > 农业、林业和水产品 > 农业、园艺和商品园艺产品 > 水果和坚果 > 其他莓果和越橘属水果,意大利 “Delizie del Bosco di Piemonte”品牌用扁篮子装着的蓝莓,0.44,kgCO2e,5,2013,125g
蓝莓,blueberry,01355X0022007A,首页 > 农业、林业和水产品 > 农业、园艺和商品园艺产品 > 水果和坚果 > 其他莓果和越橘属水果,美国产地,0.73,kgCO2e,4,2007,kg
蓝莓,blueberry,01355X0032013A,首页 > 农业、林业和水产品 > 农业、园艺和商品园艺产品 > 水果和坚果 > 其他莓果和越橘属水果,智利产地,0.69,kgCO2e,4,2013,kg
蓝莓,blueberry,01355X0042005A,首页 > 农业、林业和水产品 > 农业、园艺和商品园艺产品 > 水果和坚果 > 其他莓果和越橘属水果,英国产地,0.84,kgCO2e,3,2005,kg
倾盆子,raspberry,01355X0052005A,首页 > 农业、林业和水产品 > 农业、园艺和商品园艺产品 > 水果和坚果 > 其他莓果和越橘属水果,英国产地,0.84,kgCO2e,3,2005,kg
倾盆子,raspberry,01355X0062005A,首页 > 农业、林业和水产品 > 农业、园艺和商品园艺产品 > 水果和坚果 > 其他莓果和越橘属水果,欧洲产地,0.95,kgCO2e,3,2005,kg
倾盆子,raspberry,01355X0072005A,首页 > 农业、林业和水产品 > 农业、园艺和商品园艺产品 > 水果和坚果 > 其他莓果和越橘属水果,全球产地,1.41,kgCO2e,3,2005,kg
倾盆子,raspberry,01355X0082009A,首页 > 农业、林业和水产品 > 农业、园艺和商品园艺产品 > 水果和坚果 > 其他莓果和越橘属水果,5、7、11月份英国产地,7.47,kgCO2e,4,2009,kg
浆果,Berries,01355X0012010A,首页 > 农业、林业和水产品 > 农业、园艺和商品园艺产品 > 水果和坚果 > 其他莓果和越橘属水果,全球平均,1.5,kgCO2e,4,2010,kg
水果和浆果,exotic-fruit and berries,01355X0022012A,首页 > 农业、林业和水产品 > 农业、园艺和商品园艺产品 > 水果和坚果 > 其他莓果和越橘属水果,加温温室水果-混合水果,2.31,kgCO2e,4,2012,kg
红醋栗,Red currants,01351X0012013A,首页 > 农业、林业和水产品 > 农业、园艺和商品园艺产品 > 水果和坚果 > 加仑子和醋栗,意大利 “Delizie del Bosco di Piemonte”品牌用扁篮子装着的醋栗,0.44,kgCO2e,5,2013,125g
醋栗,Currants and gooseberries,01351X0032005A,首页 > 农业、林业和水产品 > 农业、园艺和商品园艺产品 > 水果和坚果 > 加仑子和醋栗,英国种植销售的醋栗,0.84,kgCO2e,3,2005,kg
醋栗,currant,01351X0042005A,首页 > 农业、林业和水产品 > 农业、园艺和商品园艺产品 > 水果和坚果 > 加仑子和醋栗,英国产地,0.84,kgCO2e,3,2005,kg
猕猴桃,kiwi,01352X0012017A,首页 > 农业、林业和水产品 > 农业、园艺和商品园艺产品 > 水果和坚果 > 奇异果/猕猴桃,全球平均,0.47,kgCO2e,4,2017,kg
猕猴桃,kiwi,01352X0022012A,首页 > 农业、林业和水产品 > 农业、园艺和商品园艺产品 > 水果和坚果 > 奇异果/猕猴桃,瑞士猕猴桃,0.85,kgCO2e,4,2012,kg
猕猴桃,kiwi,01352X0032015A,首页 > 农业、林业和水产品 > 农业、园艺和商品园艺产品 > 水果和坚果 > 奇异果/猕猴桃,新西兰猕猴桃,0.175,kgCO2e,4,2015,kg
猕猴桃,kiwi,01352X0042009A,首页 > 农业、林业和水产品 > 农业、园艺和商品园艺产品 > 水果和坚果 > 奇异果/猕猴桃,英国猕猴桃,0.88,kgCO2e,3,2009,kg
开心果-希腊,pistachio-Greece,01375X0012015A,首页 > 农业、林业和水产品 > 农业、园艺和商品园艺产品 > 水果和坚果 > 带壳开心果,,2.119,kgCO2e,4,2015,kg
开心果-全球平均,pistachio-global-average,01375X0022015A,首页 > 农业、林业和水产品 > 农业、园艺和商品园艺产品 > 水果和坚果 > 带壳开心果,,2.17,kgCO2e,5,2015,kg
杏树,Almonds,01371X0012006A,首页 > 农业、林业和水产品 > 农业、园艺和商品园艺产品 > 水果和坚果 > 带壳杏仁,,2.47,kgCO2e,4,2006,kg
杏仁-西班牙,almond-Spain,01371X0032012A,首页 > 农业、林业和水产品 > 农业、园艺和商品园艺产品 > 水果和坚果 > 带壳杏仁,,1.11,kgCO2e,4,2012,kg
杏仁-希腊,almond-Greece,01371X0042015A,首页 > 农业、林业和水产品 > 农业、园艺和商品园艺产品 > 水果和坚果 > 带壳杏仁,,2.009,kgCO2e,4,2015,kg
杏仁-全球平均,almond-global-average,01371X0052015A,首页 > 农业、林业和水产品 > 农业、园艺和商品园艺产品 > 水果和坚果 > 带壳杏仁,,2.26,kgCO2e,5,2015,kg
杏仁-美国,almond-USA,01371X0062014A,首页 > 农业、林业和水产品 > 农业、园艺和商品园艺产品 > 水果和坚果 > 带壳杏仁,,2.61,kgCO2e,5,2014,kg
栗子-葡萄牙,chestnut-Portugal,01373X0012014A,首页 > 农业、林业和水产品 > 农业、园艺和商品园艺产品 > 水果和坚果 > 带壳栗子,,1.04,kgCO2e,4,2014,kg
栗子-全球平均,chestnut-global-average,01373X0022014A,首页 > 农业、林业和水产品 > 农业、园艺和商品园艺产品 > 水果和坚果 > 带壳栗子,,1.04,kgCO2e,4,2014,kg
核桃,Walnuts,01376X0012005A,首页 > 农业、林业和水产品 > 农业、园艺和商品园艺产品 > 水果和坚果 > 带壳核桃,,0.49,kgCO2e,4,2005,kg
核桃-荷兰,walnut-Netherlands,01376X0031998A,首页 > 农业、林业和水产品 > 农业、园艺和商品园艺产品 > 水果和坚果 > 带壳核桃,,2.13,kgCO2e,4,1998,kg
核桃-全球平均,walnut-global-average,01376X0042014A,首页 > 农业、林业和水产品 > 农业、园艺和商品园艺产品 > 水果和坚果 > 带壳核桃,,0.89,kgCO2e,5,2014,kg
核桃-美国,walnut-USA,01376X0052014A,首页 > 农业、林业和水产品 > 农业、园艺和商品园艺产品 > 水果和坚果 > 带壳核桃,,0.89,kgCO2e,5,2014,kg
榛子-全球平均,hazelnut-global-average,01374X0012012A,首页 > 农业、林业和水产品 > 农业、园艺和商品园艺产品 > 水果和坚果 > 带壳榛子,,1.2,kgCO2e,5,2012,kg
榛子-西班牙,hazelnut-Spain,01374X0022005A,首页 > 农业、林业和水产品 > 农业、园艺和商品园艺产品 > 水果和坚果 > 带壳榛子,,1.11,kgCO2e,5,2005,kg
腰果-加纳,cashew-nut-Ghana,01372X0012016A,首页 > 农业、林业和水产品 > 农业、园艺和商品园艺产品 > 水果和坚果 > 带壳腰果,,0.38,kgCO2e,5,2016,kg
腰果-全球平均,cashew-nut-global-average,01372X0022016A,首页 > 农业、林业和水产品 > 农业、园艺和商品园艺产品 > 水果和坚果 > 带壳腰果,,0.37,kgCO2e,5,2016,kg
果园水果-无花果-全球平均,openfield-fruit-fig-global-average,01315X0022012A,首页 > 农业、林业和水产品 > 农业、园艺和商品园艺产品 > 水果和坚果 > 无花果,,0.246,kgCO2e,4,2012,kg
无花果,fig,01315X0012012A,首页 > 农业、林业和水产品 > 农业、园艺和商品园艺产品 > 水果和坚果 > 无花果,,0.25,kgCO2e,4,2012,kg
果园水果-杏-西班牙,openfield-fruit-apricot-Spain,01343X0012012A,首页 > 农业、林业和水产品 > 农业、园艺和商品园艺产品 > 水果和坚果 > 杏,,0.246,kgCO2e,4,2012,kg
杏-国内外部分研究均值,Apricot-global average,01343X0022017A,首页 > 农业、林业和水产品 > 农业、园艺和商品园艺产品 > 水果和坚果 > 杏,,0.43,kgCO2e,3,2017,kg
枣-国内外部分研究均值,Chinese date-global average,01314X0012017A,首页 > 农业、林业和水产品 > 农业、园艺和商品园艺产品 > 水果和坚果 > 枣,,0.32,kgCO2e,3,2017,kg
果园水果-柚子-欧洲,openfield-fruit-pomelo-RoE,01321X0012009A,首页 > 农业、林业和水产品 > 农业、园艺和商品园艺产品 > 水果和坚果 > 柚子和西柚,,0.51,kgCO2e,3,2009,kg
黑莓,Blackberry,01353X0012013A,首页 > 农业、林业和水产品 > 农业、园艺和商品园艺产品 > 水果和坚果 > 树莓，黑莓，桑葚，罗甘莓,意大利 “Delizie del Bosco di Piemonte”品牌用扁篮子装着的黑莓,0.424,kgCO2e,5,2013,125g
树莓,raspberry,01353X0022013A,首页 > 农业、林业和水产品 > 农业、园艺和商品园艺产品 > 水果和坚果 > 树莓，黑莓，桑葚，罗甘莓,意大利 “Delizie del Bosco di Piemonte”品牌用扁篮子装着的树莓,0.424,kgCO2e,5,2013,125g
桃子,Peaches,01345X0012017A,首页 > 农业、林业和水产品 > 农业、园艺和商品园艺产品 > 水果和坚果 > 桃和油桃,,0.381,kgCO2e,4,2017,kg
果园水果-桃子-西班牙,openfield-fruit-peach-Spain,01345X0022012A,首页 > 农业、林业和水产品 > 农业、园艺和商品园艺产品 > 水果和坚果 > 桃和油桃,,0.246,kgCO2e,4,2012,kg
桃-国内外部分研究均值,Peach-global average,01345X0032017A,首页 > 农业、林业和水产品 > 农业、园艺和商品园艺产品 > 水果和坚果 > 桃和油桃,,0.43,kgCO2e,3,2017,kg
李子,Plums,01346X0012019A,首页 > 农业、林业和水产品 > 农业、园艺和商品园艺产品 > 水果和坚果 > 梅和黑刺李,,0.88,kgCO2e,4,2019,kg
果园水果-梅子-全球平均,openfield-fruit-plum-global-average,01346X0022012A,首页 > 农业、林业和水产品 > 农业、园艺和商品园艺产品 > 水果和坚果 > 梅和黑刺李,,0.246,kgCO2e,4,2012,kg
果园水果-梅子-西班牙,openfield-fruit-plum-Spain,01346X0032012A,首页 > 农业、林业和水产品 > 农业、园艺和商品园艺产品 > 水果和坚果 > 梅和黑刺李,,0.246,kgCO2e,4,2012,kg
果园水果-梅子-英国,openfield-fruit-plum-UK,01346X0042009A,首页 > 农业、林业和水产品 > 农业、园艺和商品园艺产品 > 水果和坚果 > 梅和黑刺李,,0.32,kgCO2e,3,2009,kg
梨,Pear,01342X0012012A,首页 > 农业、林业和水产品 > 农业、园艺和商品园艺产品 > 水果和坚果 > 梨和榅桲,,0.63,kgCO2e,5,2012,kg
梨,Pear,01342X0022012A,首页 > 农业、林业和水产品 > 农业、园艺和商品园艺产品 > 水果和坚果 > 梨和榅桲,,0.25,kgCO2e,5,2012,kg
梨和榅桲,Pears and quinces,01342X0032005A,首页 > 农业、林业和水产品 > 农业、园艺和商品园艺产品 > 水果和坚果 > 梨和榅桲,,0.32,kgCO2e,3,2005,kg
梨和榅桲,Pears and quinces,01342X0042005A,首页 > 农业、林业和水产品 > 农业、园艺和商品园艺产品 > 水果和坚果 > 梨和榅桲,,0.43,kgCO2e,3,2005,kg
梨和榅桲,Pears and quinces,01342X0052005A,首页 > 农业、林业和水产品 > 农业、园艺和商品园艺产品 > 水果和坚果 > 梨和榅桲,,0.88,kgCO2e,3,2005,kg
梨,Pear,01342X0062010A,首页 > 农业、林业和水产品 > 农业、园艺和商品园艺产品 > 水果和坚果 > 梨和榅桲,,162.8,kgCO2e,5,2010,公吨
梨,Pear,01342X0072010A,首页 > 农业、林业和水产品 > 农业、园艺和商品园艺产品 > 水果和坚果 > 梨和榅桲,,373.4,kgCO2e,5,2010,公吨
梨,Pear,01342X0082010A,首页 > 农业、林业和水产品 > 农业、园艺和商品园艺产品 > 水果和坚果 > 梨和榅桲,,492.3,kgCO2e,5,2010,公吨
梨,Pear,01342X0092010A,首页 > 农业、林业和水产品 > 农业、园艺和商品园艺产品 > 水果和坚果 > 梨和榅桲,,89.4,kgCO2e,5,2010,公吨
梨,Pear,01342X0102010A,首页 > 农业、林业和水产品 > 农业、园艺和商品园艺产品 > 水果和坚果 > 梨和榅桲,,307.8,kgCO2e,5,2010,公吨
梨,Pear,01342X0112015A,首页 > 农业、林业和水产品 > 农业、园艺和商品园艺产品 > 水果和坚果 > 梨和榅桲,,0.31,kgCO2e,5,2015,kg
梨-中国,Pear - China,01342X0012011A,首页 > 农业、林业和水产品 > 农业、园艺和商品园艺产品 > 水果和坚果 > 梨和榅桲,,0.22,kgCO2e,5,2011,kg
角豆,carob,01356X0012012A,首页 > 农业、林业和水产品 > 农业、园艺和商品园艺产品 > 水果和坚果 > 槐豆，角豆,西班牙产地,1.1,kgCO2e,4,2012,kg
樱桃,cherry,01344X0012009A,首页 > 农业、林业和水产品 > 农业、园艺和商品园艺产品 > 水果和坚果 > 樱桃/车厘子,,0.26,kgCO2e,4,2009,kg
樱桃,cherry,01344X0012005A,首页 > 农业、林业和水产品 > 农业、园艺和商品园艺产品 > 水果和坚果 > 樱桃/车厘子,英国产地,0.32,kgCO2e,3,2005,kg
樱桃,cherry,01344X0022005A,首页 > 农业、林业和水产品 > 农业、园艺和商品园艺产品 > 水果和坚果 > 樱桃/车厘子,欧洲产地,0.43,kgCO2e,3,2005,kg
樱桃,cherry,01344X0032005A,首页 > 农业、林业和水产品 > 农业、园艺和商品园艺产品 > 水果和坚果 > 樱桃/车厘子,全球产地,0.88,kgCO2e,3,2005,kg
樱桃,Sweet cherries,01344X0042019A,首页 > 农业、林业和水产品 > 农业、园艺和商品园艺产品 > 水果和坚果 > 樱桃/车厘子,,0.64,kgCO2e,4,2019,kg
甜樱桃,sweet cherry,01344X0022015A,首页 > 农业、林业和水产品 > 农业、园艺和商品园艺产品 > 水果和坚果 > 樱桃/车厘子,,0.41,kgCO2e,5,2015,kg
樱桃,cherry,01344X0032017A,首页 > 农业、林业和水产品 > 农业、园艺和商品园艺产品 > 水果和坚果 > 樱桃/车厘子,,0.48,kgCO2e,4,2017,kg
酒浸樱桃,Cherries in alcohol,01344X0052017A,首页 > 农业、林业和水产品 > 农业、园艺和商品园艺产品 > 水果和坚果 > 樱桃/车厘子,,556.1,kgCO2e,4,2017,kg
酒浸去核樱桃,Cherries destoned in alcohol,01344X0062017A,首页 > 农业、林业和水产品 > 农业、园艺和商品园艺产品 > 水果和坚果 > 樱桃/车厘子,,725.7,kgCO2e,4,2017,kg
柑橘,citrus-Spain- organic cropping,01324X0022015A,首页 > 农业、林业和水产品 > 农业、园艺和商品园艺产品 > 水果和坚果 > 橘子，柑橘,,83,gCO2e,4,2015,kg
柑橘,citrus- Spanish-conventional cropping,01324X0032015A,首页 > 农业、林业和水产品 > 农业、园艺和商品园艺产品 > 水果和坚果 > 橘子，柑橘,,147,gCO2e,4,2015,kg
柑橘,citrus,01324X0012012A,首页 > 农业、林业和水产品 > 农业、园艺和商品园艺产品 > 水果和坚果 > 橘子，柑橘,瑞士柑橘,0.33,kgCO2e,4,2012,kg
柑橘,citrus,01324X0022006A,首页 > 农业、林业和水产品 > 农业、园艺和商品园艺产品 > 水果和坚果 > 橘子，柑橘,西班牙柑橘,0.147,kgCO2e,4,2006,kg
橘子,orange,01324X0032008A,首页 > 农业、林业和水产品 > 农业、园艺和商品园艺产品 > 水果和坚果 > 橘子，柑橘,意大利橘子,0.13,kgCO2e,4,2008,kg
橘子,orange,01324X0042013A,首页 > 农业、林业和水产品 > 农业、园艺和商品园艺产品 > 水果和坚果 > 橘子，柑橘,中国橘子,0.175,kgCO2e,4,2013,kg
柑橘,Citrus,01324X0052015A,首页 > 农业、林业和水产品 > 农业、园艺和商品园艺产品 > 水果和坚果 > 橘子，柑橘,全球平均,0.35,kgCO2e,4,2015,kg
橘子,orange,01324X0062016A,首页 > 农业、林业和水产品 > 农业、园艺和商品园艺产品 > 水果和坚果 > 橘子，柑橘,欧洲橘子,0.269,kgCO2e,4,2016,kg
柑橘,citrus,01324X0072018A,首页 > 农业、林业和水产品 > 农业、园艺和商品园艺产品 > 水果和坚果 > 橘子，柑橘,全球平均,0.4,kgCO2e,4,2018,kg
鳄梨/牛油果,Avocado,01311X0012005A,首页 > 农业、林业和水产品 > 农业、园艺和商品园艺产品 > 水果和坚果 > 牛油果/鳄梨,,0.43,kgCO2e,4,2005,kg
鳄梨/牛油果,Avocado,01311X0022005A,首页 > 农业、林业和水产品 > 农业、园艺和商品园艺产品 > 水果和坚果 > 牛油果/鳄梨,,0.88,kgCO2e,4,2005,kg
鳄梨/牛油果,Avocado,01311X0032019A,首页 > 农业、林业和水产品 > 农业、园艺和商品园艺产品 > 水果和坚果 > 牛油果/鳄梨,,1.38,kgCO2e,4,2019,kg
鳄梨/牛油果,Avocado,01311X0042007A,首页 > 农业、林业和水产品 > 农业、园艺和商品园艺产品 > 水果和坚果 > 牛油果/鳄梨,,1.9,kgCO2e,5,2007,kg
牛油果,Avocado,01311X0052018A,首页 > 农业、林业和水产品 > 农业、园艺和商品园艺产品 > 水果和坚果 > 牛油果/鳄梨,,1.38,kgCO2e,3,2018,kg
鳄梨-全球平均,Avocado-global average,01311X0012012A,首页 > 农业、林业和水产品 > 农业、园艺和商品园艺产品 > 水果和坚果 > 牛油果/鳄梨,,0.66,kgCO2e,5,2012,kg
芒果,Brazilian mango,01316X0012017A,首页 > 农业、林业和水产品 > 农业、园艺和商品园艺产品 > 水果和坚果 > 芒果，番石榴，山竹,,0.13,kgCO2e,4,2017,kg
芒果,openfield-fruit-mango-Brazil,01316X0022018A,首页 > 农业、林业和水产品 > 农业、园艺和商品园艺产品 > 水果和坚果 > 芒果，番石榴，山竹,,0.13,kgCO2e,5,2018,kg
石榴,pomegranate,01316X0012014A,首页 > 农业、林业和水产品 > 农业、园艺和商品园艺产品 > 水果和坚果 > 芒果，番石榴，山竹,秘鲁石榴,1.84,kgCO2e,4,2014,kg
石榴,pomegranate,01316X0022015A,首页 > 农业、林业和水产品 > 农业、园艺和商品园艺产品 > 水果和坚果 > 芒果，番石榴，山竹,伊朗石榴,0.38,kgCO2e,4,2015,kg
番石榴,Guavas,01316X0032017A,首页 > 农业、林业和水产品 > 农业、园艺和商品园艺产品 > 水果和坚果 > 芒果，番石榴，山竹,国内外部分研究均值,0.28,kgCO2e,4,2017,kg
山竹-泰国,mangosteen-Thailand,01316X0042013A,首页 > 农业、林业和水产品 > 农业、园艺和商品园艺产品 > 水果和坚果 > 芒果，番石榴，山竹,,0.65,kgCO2e,5,2013,kg
芒果,mango,01316X0042012A,首页 > 农业、林业和水产品 > 农业、园艺和商品园艺产品 > 水果和坚果 > 芒果，番石榴，山竹,,0.27,kgCO2e,4,2012,kg
芒果,mango,01316X0052012A,首页 > 农业、林业和水产品 > 农业、园艺和商品园艺产品 > 水果和坚果 > 芒果，番石榴，山竹,,0.35,kgCO2e,4,2012,kg
芒果,Mango,01316X0102021C,首页 > 农业、林业和水产品 > 农业、园艺和商品园艺产品 > 水果和坚果 > 芒果，番石榴，山竹,,19720,kgCO2e,5,2021,公顷
苹果,Apple-Spain,01341X0012017A,首页 > 农业、林业和水产品 > 农业、园艺和商品园艺产品 > 水果和坚果 > 苹果,,0.302,kgCO2e,4,2017,kg
花牛苹果,Huaniu  apple,01341X0022021A,首页 > 农业、林业和水产品 > 农业、园艺和商品园艺产品 > 水果和坚果 > 苹果,,0.256,kgCO2e,4,2021,kg
苹果,apple,01341X0032007A,首页 > 农业、林业和水产品 > 农业、园艺和商品园艺产品 > 水果和坚果 > 苹果,富士苹果,0.18,kgCO2e,4,2007,kg
苹果,apple,01341X0042001A,首页 > 农业、林业和水产品 > 农业、园艺和商品园艺产品 > 水果和坚果 > 苹果,青苹,0.11,kgCO2e,4,2001,kg
苹果,apple,01341X0012009A,首页 > 农业、林业和水产品 > 农业、园艺和商品园艺产品 > 水果和坚果 > 苹果,,0.21,kgCO2e,4,2009,kg
苹果,apple,01341X0022008A,首页 > 农业、林业和水产品 > 农业、园艺和商品园艺产品 > 水果和坚果 > 苹果,,0.4,kgCO2e,4,2008,kg
苹果,apple,01341X0032008A,首页 > 农业、林业和水产品 > 农业、园艺和商品园艺产品 > 水果和坚果 > 苹果,,0.24,kgCO2e,3,2008,kg
苹果,apple,01341X0042005A,首页 > 农业、林业和水产品 > 农业、园艺和商品园艺产品 > 水果和坚果 > 苹果,,0.23,kgCO2e,4,2005,kg
苹果,apple,01341X0052008A,首页 > 农业、林业和水产品 > 农业、园艺和商品园艺产品 > 水果和坚果 > 苹果,,0.17,kgCO2e,3,2008,kg
苹果,apple,01341X0062013A,首页 > 农业、林业和水产品 > 农业、园艺和商品园艺产品 > 水果和坚果 > 苹果,,0.26,kgCO2e,4,2013,kg
苹果,Apple,01341X0072018A,首页 > 农业、林业和水产品 > 农业、园艺和商品园艺产品 > 水果和坚果 > 苹果,,0.4,kgCO2e,4,2018,kg
苹果,Apple,01341X0082016A,首页 > 农业、林业和水产品 > 农业、园艺和商品园艺产品 > 水果和坚果 > 苹果,,0.55,kgCO2e,4,2016,kg
苹果,Apple,01341X0092013A,首页 > 农业、林业和水产品 > 农业、园艺和商品园艺产品 > 水果和坚果 > 苹果,,0.28,tCO2e,4,2013,公吨
苹果,Apple,01341X0102015A,首页 > 农业、林业和水产品 > 农业、园艺和商品园艺产品 > 水果和坚果 > 苹果,,0.29,tCO2e,4,2015,公吨
苹果,apple,01341X0152019C,首页 > 农业、林业和水产品 > 农业、园艺和商品园艺产品 > 水果和坚果 > 苹果,,0.069826,kgCO2e,5,2019,kg
草莓,strawberry,01354X0012013A,首页 > 农业、林业和水产品 > 农业、园艺和商品园艺产品 > 水果和坚果 > 草莓,意大利 “Delizie del Bosco di Piemonte”品牌用扁篮子装着的草莓,0.552,kgCO2e,5,2013,250g
加温温室草莓-荷兰,Heated greenhouse strawberry - Netherlands,01354X0012010A,首页 > 农业、林业和水产品 > 农业、园艺和商品园艺产品 > 水果和坚果 > 草莓,,2.4,kgCO2e,4,2010,kg
加温温室草莓-日本,Heated greenhouse strawberries - Japan,01354X0022003A,首页 > 农业、林业和水产品 > 农业、园艺和商品园艺产品 > 水果和坚果 > 草莓,,5.35,kgCO2e,4,2003,kg
草莓-全球平均,Strawberry-global average,01354X0032015A,首页 > 农业、林业和水产品 > 农业、园艺和商品园艺产品 > 水果和坚果 > 草莓,,0.58,tCO2e,4,2015,公吨
加热温室草莓-全球平均,Heated greenhouse strawberries - global average,01354X0042015A,首页 > 农业、林业和水产品 > 农业、园艺和商品园艺产品 > 水果和坚果 > 草莓,,1.64,tCO2e,4,2015,公吨
塑料大棚草莓-福建省,Plastic greenhouse strawberries - Fujian Province of China,01354X0052021A,首页 > 农业、林业和水产品 > 农业、园艺和商品园艺产品 > 水果和坚果 > 草莓,,0.26,tCO2e,4,2021,公吨
草莓,Strawberry,01354X0022006A,首页 > 农业、林业和水产品 > 农业、园艺和商品园艺产品 > 水果和坚果 > 草莓,,0.23,kgCO2e,4,2006,kg
凤梨,Pineapples(fresh-packed),01318X0012020A,首页 > 农业、林业和水产品 > 农业、园艺和商品园艺产品 > 水果和坚果 > 菠萝,,0.47,kgCO2e,4,2020,kg
菠萝-全球平均,Pineapple-global average,01318X0012015A,首页 > 农业、林业和水产品 > 农业、园艺和商品园艺产品 > 水果和坚果 > 菠萝,,0.45,tCO2e,4,2015,公吨
进口菠萝-哥斯达黎加,imported pineapple-Costa Rica,01318X0022009A,首页 > 农业、林业和水产品 > 农业、园艺和商品园艺产品 > 水果和坚果 > 菠萝,,0.56,kgCO2e,5,2009,份（165g）
进口菠萝-瑞士,imported pineapple-Switzerland,01318X0032012A,首页 > 农业、林业和水产品 > 农业、园艺和商品园艺产品 > 水果和坚果 > 菠萝,,0.4,kgCO2e,4,2012,kg
进口菠萝-全球平均,imported pineapple-Global average,01318X0042005A,首页 > 农业、林业和水产品 > 农业、园艺和商品园艺产品 > 水果和坚果 > 菠萝,,1.78,kgCO2e,3,2005,kg
葡萄,grape,01330X0012012A,首页 > 农业、林业和水产品 > 农业、园艺和商品园艺产品 > 水果和坚果 > 葡萄,葡萄-新疆-塑料大棚生产,0.283,kgCO2e,5,2012,kg
无核葡萄,Raisin Grapes,01330X0022006A,首页 > 农业、林业和水产品 > 农业、园艺和商品园艺产品 > 水果和坚果 > 葡萄,无核白葡萄,0.67,kgCO2e,4,2006,kg
葡萄-鲜食葡萄品种,Soultanina,01330X0032017A,首页 > 农业、林业和水产品 > 农业、园艺和商品园艺产品 > 水果和坚果 > 葡萄,,0.846,kgCO2e,4,2017,kg
葡萄-葡萄酒品种,Cabernet Sauvignon,01330X0042017A,首页 > 农业、林业和水产品 > 农业、园艺和商品园艺产品 > 水果和坚果 > 葡萄,,0.556,kgCO2e,4,2017,kg
葡萄-葡萄酒本土品种,Cabernet Sauvignon,01330X0052017A,首页 > 农业、林业和水产品 > 农业、园艺和商品园艺产品 > 水果和坚果 > 葡萄,,0.283,kgCO2e,4,2017,kg
葡萄-意大利,grape-taly,01330X0012019A,首页 > 农业、林业和水产品 > 农业、园艺和商品园艺产品 > 水果和坚果 > 葡萄,,0.39,kgCO2e,4,2019,kg
葡萄-日本,grape-Japan,01330X0022003A,首页 > 农业、林业和水产品 > 农业、园艺和商品园艺产品 > 水果和坚果 > 葡萄,,1,kgCO2e,3,2003,kg
葡萄-西班牙,grape-Spain,01330X0032014A,首页 > 农业、林业和水产品 > 农业、园艺和商品园艺产品 > 水果和坚果 > 葡萄,,158,gCO2e,4,2014,kg
葡萄-国内外部分研究均值,Grape-global average,01330X0042015A,首页 > 农业、林业和水产品 > 农业、园艺和商品园艺产品 > 水果和坚果 > 葡萄,,0.41,kgCO2e,4,2015,kg
葡萄-美国,Grapes-USA,01330X0052012A,首页 > 农业、林业和水产品 > 农业、园艺和商品园艺产品 > 水果和坚果 > 葡萄,,0.33,kgCO2e,5,2012,kg
白葡萄,Italian Riesling,01330X0012021A,首页 > 农业、林业和水产品 > 农业、园艺和商品园艺产品 > 水果和坚果 > 葡萄,贵人香,3458.42,kgCO2e,5,2021,公顷
酿酒红葡萄,Petit Verdot,01330X0022021A,首页 > 农业、林业和水产品 > 农业、园艺和商品园艺产品 > 水果和坚果 > 葡萄,小味尔多,3354.62,kgCO2e,5,2021,公顷
酿酒红葡萄,Cabernet Sauvignon,01330X0032021A,首页 > 农业、林业和水产品 > 农业、园艺和商品园艺产品 > 水果和坚果 > 葡萄,赤霞珠,3133.65,kgCO2e,5,2021,公顷
香芽蕉,Cavendish Banana,01312X0012014A,首页 > 农业、林业和水产品 > 农业、园艺和商品园艺产品 > 水果和坚果 > 香蕉,,0.537,kgCO2e,4,2014,kg
普拉塔香蕉,Prata Banana,01312X0022014A,首页 > 农业、林业和水产品 > 农业、园艺和商品园艺产品 > 水果和坚果 > 香蕉,,0.423,kgCO2e,4,2014,kg
香蕉,Banana,01312X0032011A,首页 > 农业、林业和水产品 > 农业、园艺和商品园艺产品 > 水果和坚果 > 香蕉,厄瓜多尔优质出口香蕉,0.48,kgCO2e,5,2011,kg
香蕉,Banana,01312X0052010A,首页 > 农业、林业和水产品 > 农业、园艺和商品园艺产品 > 水果和坚果 > 香蕉,进口到西欧国家的香蕉,0.9,kgCO2e,4,2010,kg
香蕉,Banana,01312X0062013A,首页 > 农业、林业和水产品 > 农业、园艺和商品园艺产品 > 水果和坚果 > 香蕉,哥斯达黎加进口到挪威奥斯陆销售的香蕉,1.37,kgCO2e,5,2013,kg
香蕉,Bananas,01312X0072014A,首页 > 农业、林业和水产品 > 农业、园艺和商品园艺产品 > 水果和坚果 > 香蕉,香蕉-国内外部分研究均值 （Banana-global average）,0.72,kgCO2e,4,2014,kg
油料作物,Oil crops,01449X0012016A,首页 > 农业、林业和水产品 > 农业、园艺和商品园艺产品 > 油籽和含油果实 > 其他未另列明的含油种子,,0.79,kgCO2e,5,2016,kg
太阳花油,Sunflower Oil,01449X0012012A,首页 > 农业、林业和水产品 > 农业、园艺和商品园艺产品 > 油籽和含油果实 > 其他未另列明的含油种子,,1.03,kgCO2e,4,2012,kg
椰子,Coconut,01460X0012015A,首页 > 农业、林业和水产品 > 农业、园艺和商品园艺产品 > 油籽和含油果实 > 带壳椰子,,0.45,kgCO2e,5,2015,kg
椰子,Coconut,01460X0022005A,首页 > 农业、林业和水产品 > 农业、园艺和商品园艺产品 > 油籽和含油果实 > 带壳椰子,,1.78,kgCO2e,4,2005,kg
椰子,Coconut,01460X0032005A,首页 > 农业、林业和水产品 > 农业、园艺和商品园艺产品 > 油籽和含油果实 > 带壳椰子,,1.78,kgCO2e,4,2005,kg
橄榄,olives,01450X0012009A,首页 > 农业、林业和水产品 > 农业、园艺和商品园艺产品 > 油籽和含油果实 > 橄榄,意大利橄榄,0.09,kgCO2e,4,2009,kg
橄榄,olives,01450X0022017A,首页 > 农业、林业和水产品 > 农业、园艺和商品园艺产品 > 油籽和含油果实 > 橄榄,全球橄榄均值,0.56,kgCO2e,4,2017,kg
油菜籽（中国）,rapeseed (China),01443X0032015A,首页 > 农业、林业和水产品 > 农业、园艺和商品园艺产品 > 油籽和含油果实 > 油菜籽,通用,1,kgCO2e,4,2015,kg
油菜籽-澳大利亚,Rapeseed - Australia,01443X0012011A,首页 > 农业、林业和水产品 > 农业、园艺和商品园艺产品 > 油籽和含油果实 > 油菜籽,,0.29,kgCO2e,5,2011,kg
油菜,Rape,01443X0052023C,首页 > 农业、林业和水产品 > 农业、园艺和商品园艺产品 > 油籽和含油果实 > 油菜籽,,1.046,kgCO2e,5,2023,kg
芝麻,Sesame,01444X0012015A,首页 > 农业、林业和水产品 > 农业、园艺和商品园艺产品 > 油籽和含油果实 > 芝麻,,0.88,kgCO2e,4,2015,kg
花生,Peanut,01421X0012015A,首页 > 农业、林业和水产品 > 农业、园艺和商品园艺产品 > 油籽和含油果实 > 花生种子,,0.83,kgCO2e,4,2015,kg
花生,Groundnut,01422X0012010A,首页 > 农业、林业和水产品 > 农业、园艺和商品园艺产品 > 油籽和含油果实 > 花生，其他（食物）,,0.012,kgCO2e,4,2010,100g蛋白质
花生,Peanut,01422X0022023C,首页 > 农业、林业和水产品 > 农业、园艺和商品园艺产品 > 油籽和含油果实 > 花生，其他（食物）,,0.487,kgCO2e,5,2023,kg
油菜,Brassicas,01219X0012010A,首页 > 农业、林业和水产品 > 农业、园艺和商品园艺产品 > 蔬菜 > 其他叶菜或茎菜,,0.5,kgCO2e,4,2010,kg
莴苣,Lettuce,01219X0022009A,首页 > 农业、林业和水产品 > 农业、园艺和商品园艺产品 > 蔬菜 > 其他叶菜或茎菜,,0.19,kgCO2e,4,2009,kg
龙须菜-美国,asparagus-USA,01219X0012009A,首页 > 农业、林业和水产品 > 农业、园艺和商品园艺产品 > 蔬菜 > 其他叶菜或茎菜,,0.81,kgCO2e,4,2009,kg
龙须菜-全球平均,asparagus-global-average,01219X0052009A,首页 > 农业、林业和水产品 > 农业、园艺和商品园艺产品 > 蔬菜 > 其他叶菜或茎菜,,0.81,kgCO2e,4,2009,kg
龙须菜-瑞士,asparagus-Switzerland,01219X0032009A,首页 > 农业、林业和水产品 > 农业、园艺和商品园艺产品 > 蔬菜 > 其他叶菜或茎菜,,0.51,kgCO2e,4,2009,kg
龙须菜-西班牙,asparagus-Spain,01219X0042009A,首页 > 农业、林业和水产品 > 农业、园艺和商品园艺产品 > 蔬菜 > 其他叶菜或茎菜,,0.75,kgCO2e,4,2009,kg
韭菜,Leeks,01219X0052010A,首页 > 农业、林业和水产品 > 农业、园艺和商品园艺产品 > 蔬菜 > 其他叶菜或茎菜,,0.5,kgCO2e,4,2010,kg
龙须菜-德国,asparagus-Germany,01219X0062008A,首页 > 农业、林业和水产品 > 农业、园艺和商品园艺产品 > 蔬菜 > 其他叶菜或茎菜,,0.4,kgCO2e,4,2008,kg
大头菜-瑞典,rutabaga- Sweden,01259X0012016A,首页 > 农业、林业和水产品 > 农业、园艺和商品园艺产品 > 蔬菜 > 其他根茎、鳞茎、块茎类蔬菜,,0.29,kgCO2e,4,2016,kg
大头菜-全球平均,rutabaga-global,01259X0022016A,首页 > 农业、林业和水产品 > 农业、园艺和商品园艺产品 > 蔬菜 > 其他根茎、鳞茎、块茎类蔬菜,,0.29,kgCO2e,4,2016,kg
根茎类蔬菜,Root vegetables,01259X0032010A,首页 > 农业、林业和水产品 > 农业、园艺和商品园艺产品 > 蔬菜 > 其他根茎、鳞茎、块茎类蔬菜,,0.4,kgCO2e,4,2010,千卡
甜菜根-全球平均,sugar beets-global average,01259X0042015A,首页 > 农业、林业和水产品 > 农业、园艺和商品园艺产品 > 蔬菜 > 其他根茎、鳞茎、块茎类蔬菜,,0.18,kgCO2e,4,2015,kg
甜菜根-瑞士,beetroot-Switzerland,01259X0052009A,首页 > 农业、林业和水产品 > 农业、园艺和商品园艺产品 > 蔬菜 > 其他根茎、鳞茎、块茎类蔬菜,,0.11,kgCO2e,4,2009,kg
甜菜根-澳大利亚,beetroot-Australia,01259X0062010A,首页 > 农业、林业和水产品 > 农业、园艺和商品园艺产品 > 蔬菜 > 其他根茎、鳞茎、块茎类蔬菜,,0.24,kgCO2e,4,2010,kg
芹菜,celery,01259X0082009A,首页 > 农业、林业和水产品 > 农业、园艺和商品园艺产品 > 蔬菜 > 其他根茎、鳞茎、块茎类蔬菜,,0.18,kgCO2e,4,2009,kg
果蔬,garden stuff,01239X0012021A,首页 > 农业、林业和水产品 > 农业、园艺和商品园艺产品 > 蔬菜 > 其他水果蔬菜,,0.098212,kgCO2e,5,2021,kg
四季豆,Green beans,01249X0012008A,首页 > 农业、林业和水产品 > 农业、园艺和商品园艺产品 > 蔬菜 > 其他鲜豆类蔬菜,,1.55,kgCO2e,5,2008,kg
四季豆,Green bean,01249X0022013A,首页 > 农业、林业和水产品 > 农业、园艺和商品园艺产品 > 蔬菜 > 其他鲜豆类蔬菜,,0.1,kgCO2e,5,2013,kg
豆荚类-国内外部分研究均值,Legume-global average,01249X0012015A,首页 > 农业、林业和水产品 > 农业、园艺和商品园艺产品 > 蔬菜 > 其他鲜豆类蔬菜,,0.31,tCO2e,4,2015,公吨
南瓜,pumpkin,01235X0012017A,首页 > 农业、林业和水产品 > 农业、园艺和商品园艺产品 > 蔬菜 > 南瓜，葫芦，西葫芦,,0.33,kgCO2e,4,2017,kg
南瓜,Pupkins,01235X0042010A,首页 > 农业、林业和水产品 > 农业、园艺和商品园艺产品 > 蔬菜 > 南瓜，葫芦，西葫芦,澳大利亚,0.39,kgCO2e,5,2010,kg
西葫芦-意大利,zucchini-Italy,01235X0012012A,首页 > 农业、林业和水产品 > 农业、园艺和商品园艺产品 > 蔬菜 > 南瓜，葫芦，西葫芦,,1.94,kgCO2e,4,2012,kg
西葫芦-瑞士,zucchini-Switzerland,01235X0022011A,首页 > 农业、林业和水产品 > 农业、园艺和商品园艺产品 > 蔬菜 > 南瓜，葫芦，西葫芦,,1.35,kgCO2e,4,2011,kg
南瓜,pumpkin,01235X0052012A,首页 > 农业、林业和水产品 > 农业、园艺和商品园艺产品 > 蔬菜 > 南瓜，葫芦，西葫芦,,240,kgCO2e,4,2012,公顷
南瓜,pumpkin,01235X0062012A,首页 > 农业、林业和水产品 > 农业、园艺和商品园艺产品 > 蔬菜 > 南瓜，葫芦，西葫芦,,448,kgCO2e,5,2012,公顷
卷心菜,Chinese cabbage,01212X0042013A,首页 > 农业、林业和水产品 > 农业、园艺和商品园艺产品 > 蔬菜 > 卷心菜，圆白菜,,47.96,gCO2e,4,2013,kg
卷心菜,cabbage-global,01212X0052005A,首页 > 农业、林业和水产品 > 农业、园艺和商品园艺产品 > 蔬菜 > 卷心菜，圆白菜,,0.23,kgCO2e,4,2005,kg
抱子甘蓝,Brussel sprouts,01212X0062016A,首页 > 农业、林业和水产品 > 农业、园艺和商品园艺产品 > 蔬菜 > 卷心菜，圆白菜,,687.2,kgCO2e,4,2016,公吨
卷心菜,cabbage,01212X0072009A,首页 > 农业、林业和水产品 > 农业、园艺和商品园艺产品 > 蔬菜 > 卷心菜，圆白菜,,0.22,kgCO2e,4,2009,kg
卷心菜,Cabbage,01212X0082008A,首页 > 农业、林业和水产品 > 农业、园艺和商品园艺产品 > 蔬菜 > 卷心菜，圆白菜,日本,0.37,kgCO2e,5,2008,kg
卷心菜,Cabbage,01212X0092016A,首页 > 农业、林业和水产品 > 农业、园艺和商品园艺产品 > 蔬菜 > 卷心菜，圆白菜,全球平均,0.21,kgCO2e,4,2016,kg
卷心菜,cabbage,01212X0012005A,首页 > 农业、林业和水产品 > 农业、园艺和商品园艺产品 > 蔬菜 > 卷心菜，圆白菜,,0.22,kgCO2e,3,2005,kg
洋葱,onion,01254X0012017A,首页 > 农业、林业和水产品 > 农业、园艺和商品园艺产品 > 蔬菜 > 大葱和其他葱类蔬菜,,0.18,kgCO2e,4,2017,kg
蔬菜,all field grown vegetable,01290X0012017A,首页 > 农业、林业和水产品 > 农业、园艺和商品园艺产品 > 蔬菜 > 未另列明的新鲜蔬菜,,0.47,kgCO2e,4,2017,kg
洋葱-丹麦,onion-Danmark,01253X0011999A,首页 > 农业、林业和水产品 > 农业、园艺和商品园艺产品 > 蔬菜 > 洋葱,,0.145,kgCO2e,4,1999,kg
洋葱-瑞典,onion- Sweden,01253X0021999A,首页 > 农业、林业和水产品 > 农业、园艺和商品园艺产品 > 蔬菜 > 洋葱,,0.069,kgCO2e,4,1999,kg
洋葱-日本,onion-Japan,01253X0032003A,首页 > 农业、林业和水产品 > 农业、园艺和商品园艺产品 > 蔬菜 > 洋葱,,0.33,kgCO2e,3,2003,kg
洋葱,onion,01253X0042010A,首页 > 农业、林业和水产品 > 农业、园艺和商品园艺产品 > 蔬菜 > 洋葱,,0.5,kgCO2e,4,2010,kg
朝鲜蓟-全球平均,artichoke-global,01216X0012013A,首页 > 农业、林业和水产品 > 农业、园艺和商品园艺产品 > 蔬菜 > 洋蓟,,0.2,kgCO2e,4,2013,kg
朝鲜蓟-意大利,artichoke-Italy,01216X0022013A,首页 > 农业、林业和水产品 > 农业、园艺和商品园艺产品 > 蔬菜 > 洋蓟,,0.2,kgCO2e,4,2013,kg
生菜-瑞典,lettuce-Sweden,01214X0012009A,首页 > 农业、林业和水产品 > 农业、园艺和商品园艺产品 > 蔬菜 > 生菜和菊苣,,0.13,kgCO2e,4,2009,kg
生菜-美国,lettuce-Netherlands,01214X0022009A,首页 > 农业、林业和水产品 > 农业、园艺和商品园艺产品 > 蔬菜 > 生菜和菊苣,,0.32,kgCO2e,4,2009,kg
生菜-荷兰,lettuce-Netherlands,01214X0032009A,首页 > 农业、林业和水产品 > 农业、园艺和商品园艺产品 > 蔬菜 > 生菜和菊苣,,0.14,kgCO2e,4,2009,kg
生菜-英国,lettuce-UK,01214X0052008A,首页 > 农业、林业和水产品 > 农业、园艺和商品园艺产品 > 蔬菜 > 生菜和菊苣,,2.6,kgCO2e,4,2008,kg
西红柿-西班牙,tomato-Spain,01234X0012012A,首页 > 农业、林业和水产品 > 农业、园艺和商品园艺产品 > 蔬菜 > 番茄，西红柿,,1.16,kgCO2e,4,2012,kg
西红柿-瑞典,tomato-Sweden,01234X0022013A,首页 > 农业、林业和水产品 > 农业、园艺和商品园艺产品 > 蔬菜 > 番茄，西红柿,,1.05,kgCO2e,4,2013,kg
番茄切块-意大利,Tomato Chopped-Italy,01234X0032019A,首页 > 农业、林业和水产品 > 农业、园艺和商品园艺产品 > 蔬菜 > 番茄，西红柿,,1.14,kgCO2e,4,2019,kg
番茄和青柠-意大利,Tomato & Basil-Italy,01234X0042018A,首页 > 农业、林业和水产品 > 农业、园艺和商品园艺产品 > 蔬菜 > 番茄，西红柿,,1.15,kgCO2e,4,2018,kg
番茄饼-意大利,Tomato  Puree-Italy,01234X0052014A,首页 > 农业、林业和水产品 > 农业、园艺和商品园艺产品 > 蔬菜 > 番茄，西红柿,,1.17,kgCO2e,4,2014,kg
番茄皮-意大利,Tomato Peeled-Italy,01234X0062014A,首页 > 农业、林业和水产品 > 农业、园艺和商品园艺产品 > 蔬菜 > 番茄，西红柿,,1.27,kgCO2e,4,2014,kg
胡萝卜-瑞典,carrot-Sweden,01251X0012009A,首页 > 农业、林业和水产品 > 农业、园艺和商品园艺产品 > 蔬菜 > 胡萝卜和萝卜,,0.11,kgCO2e,4,2009,kg
萝卜-英国,turnips-UK,01251X0022005A,首页 > 农业、林业和水产品 > 农业、园艺和商品园艺产品 > 蔬菜 > 胡萝卜和萝卜,,0.35,kgCO2e,3,2005,kg
胡萝卜-意大利,carrot-Italy,01251X0032009A,首页 > 农业、林业和水产品 > 农业、园艺和商品园艺产品 > 蔬菜 > 胡萝卜和萝卜,,0.31,kgCO2e,4,2009,kg
胡萝卜-荷兰,carrot-Netherlands,01251X0042009A,首页 > 农业、林业和水产品 > 农业、园艺和商品园艺产品 > 蔬菜 > 胡萝卜和萝卜,,0.23,kgCO2e,4,2009,kg
胡萝卜-中国,Carrot-China,01251X0052016A,首页 > 农业、林业和水产品 > 农业、园艺和商品园艺产品 > 蔬菜 > 胡萝卜和萝卜,,0.1,tCO2e,5,2016,公吨
胡萝卜-国内外部分研究均值,Carrot-global average,01251X0062015A,首页 > 农业、林业和水产品 > 农业、园艺和商品园艺产品 > 蔬菜 > 胡萝卜和萝卜,,0.2,tCO2e,4,2015,公吨
胡萝卜-瑞士,carrot-Switzerland,01251X0072009A,首页 > 农业、林业和水产品 > 农业、园艺和商品园艺产品 > 蔬菜 > 胡萝卜和萝卜,,0.14,kgCO2e,4,2009,kg
芦笋,Asparagus,01211X0012005A,首页 > 农业、林业和水产品 > 农业、园艺和商品园艺产品 > 蔬菜 > 芦笋,英国产地,1.94,kgCO2e,3,2005,kg
芦笋,Asparagus,01211X0022005A,首页 > 农业、林业和水产品 > 农业、园艺和商品园艺产品 > 蔬菜 > 芦笋,欧洲产地,2.22,kgCO2e,3,2005,kg
芦笋,Asparagus,01211X0032005A,首页 > 农业、林业和水产品 > 农业、园艺和商品园艺产品 > 蔬菜 > 芦笋,全球产地,2.39,kgCO2e,3,2005,kg
西兰花,Broccoli,01213X0012004A,首页 > 农业、林业和水产品 > 农业、园艺和商品园艺产品 > 蔬菜 > 花椰菜，西兰花，菜花,,0.36,kgCO2e,4,2004,kg
花椰菜-美国,broccoli-USA,01213X0032011A,首页 > 农业、林业和水产品 > 农业、园艺和商品园艺产品 > 蔬菜 > 花椰菜，西兰花，菜花,,0.35,kgCO2e,4,2011,kg
冷冻花椰菜,Frozen cauliflower,01213X0012022A,首页 > 农业、林业和水产品 > 农业、园艺和商品园艺产品 > 蔬菜 > 花椰菜，西兰花，菜花,,0.1,kgCO2e,5,2022,kg
茄子,eggplant,01233X0022015A,首页 > 农业、林业和水产品 > 农业、园艺和商品园艺产品 > 蔬菜 > 茄子,,0.079,kgCO2e,4,2015,kg
菠菜,spinach,01215X0011999A,首页 > 农业、林业和水产品 > 农业、园艺和商品园艺产品 > 蔬菜 > 菠菜,,0.198,kgCO2e,4,1999,kg
菠菜-国内外部分研究均值,Spinage-global average,01215X0032015A,首页 > 农业、林业和水产品 > 农业、园艺和商品园艺产品 > 蔬菜 > 菠菜,,0.54,kgCO2e,4,2015,kg
蘑菇,Mushrooms,01270X0012017A,首页 > 农业、林业和水产品 > 农业、园艺和商品园艺产品 > 蔬菜 > 蘑菇和松露,,0.27,kgCO2e,4,2017,kg
菌类,fungus,01270X0022017A,首页 > 农业、林业和水产品 > 农业、园艺和商品园艺产品 > 蔬菜 > 蘑菇和松露,国内外部分研究均值,0.27,kgCO2e,4,2017,kg
蘑菇-澳大利亚,mushroom-Australia,01270X0012011A,首页 > 农业、林业和水产品 > 农业、园艺和商品园艺产品 > 蔬菜 > 蘑菇和松露,,0.47,kgCO2e,4,2011,kg
蘑菇-美国,mushroom-USA,01270X0022016A,首页 > 农业、林业和水产品 > 农业、园艺和商品园艺产品 > 蔬菜 > 蘑菇和松露,,2.27,kgCO2e,4,2016,kg
大蒜-全球平均,garlic- global,01252X0012005A,首页 > 农业、林业和水产品 > 农业、园艺和商品园艺产品 > 蔬菜 > 青蒜,,0.68,kgCO2e,3,2005,kg
大蒜-英国,garlic-UK,01252X0022005A,首页 > 农业、林业和水产品 > 农业、园艺和商品园艺产品 > 蔬菜 > 青蒜,,0.57,kgCO2e,3,2005,kg
豌豆,Peas,01242X0012018A,首页 > 农业、林业和水产品 > 农业、园艺和商品园艺产品 > 蔬菜 > 鲜豌豆，青豆,,4,kgCO2e,5,2018,百克蛋白质
豌豆-瑞典,Pea-Sweden,01242X0022006A,首页 > 农业、林业和水产品 > 农业、园艺和商品园艺产品 > 蔬菜 > 鲜豌豆，青豆,,0.2,kgCO2e,4,2006,kg
豌豆-全球平均,Pea-global-average,01242X0032015A,首页 > 农业、林业和水产品 > 农业、园艺和商品园艺产品 > 蔬菜 > 鲜豌豆，青豆,,0.4,kgCO2e,4,2015,kg
豌豆-英国,Pea-UK,01242X0042015A,首页 > 农业、林业和水产品 > 农业、园艺和商品园艺产品 > 蔬菜 > 鲜豌豆，青豆,,0.43,kgCO2e,4,2015,kg
豌豆-国内外部分研究均值,Pea-global average,01242X0012015A,首页 > 农业、林业和水产品 > 农业、园艺和商品园艺产品 > 蔬菜 > 鲜豌豆，青豆,,0.38,tCO2e,4,2015,公吨
辣椒-意大利,pepper-Italy,01231X0012012A,首页 > 农业、林业和水产品 > 农业、园艺和商品园艺产品 > 蔬菜 > 鲜辣椒，青椒，尖椒,,1.25,kgCO2e,4,2012,kg
辣椒,Pepper,01231X0012021A,首页 > 农业、林业和水产品 > 农业、园艺和商品园艺产品 > 蔬菜 > 鲜辣椒，青椒，尖椒,,0.48,kgCO2e,4,2021,kg
红辣椒-澳大利亚,Chili-Australia,01231X0022008A,首页 > 农业、林业和水产品 > 农业、园艺和商品园艺产品 > 蔬菜 > 鲜辣椒，青椒，尖椒,,0.66,tCO2e,4,2008,公吨
辣椒-澳大利亚,Capsicum-Australia,01231X0042008A,首页 > 农业、林业和水产品 > 农业、园艺和商品园艺产品 > 蔬菜 > 鲜辣椒，青椒，尖椒,,0.59,tCO2e,4,2008,公吨
辣椒-日本,pepper-Japan,01231X0012003A,首页 > 农业、林业和水产品 > 农业、园艺和商品园艺产品 > 蔬菜 > 鲜辣椒，青椒，尖椒,,3.65,kgCO2e,4,2003,kg
黄瓜,cucumber and melon,01232X0012017A,首页 > 农业、林业和水产品 > 农业、园艺和商品园艺产品 > 蔬菜 > 黄瓜和小黄瓜,,0.33,kgCO2e,4,2017,kg
黄瓜（加热温室）-国内外部分研究均值,Cucumber-greenhouse-global average,01232X0012015A,首页 > 农业、林业和水产品 > 农业、园艺和商品园艺产品 > 蔬菜 > 黄瓜和小黄瓜,,2.1,kgCO2e,4,2015,kg
小黄瓜-英国,gherkin-UK,01232X0022005A,首页 > 农业、林业和水产品 > 农业、园艺和商品园艺产品 > 蔬菜 > 黄瓜和小黄瓜,,3.79,kgCO2e,4,2005,kg
小黄瓜-荷兰,gherkin-Netherlands,01232X0032009A,首页 > 农业、林业和水产品 > 农业、园艺和商品园艺产品 > 蔬菜 > 黄瓜和小黄瓜,,2.12,kgCO2e,4,2009,kg
小黄瓜-瑞士,gherkin-Switzerland,01232X0042009A,首页 > 农业、林业和水产品 > 农业、园艺和商品园艺产品 > 蔬菜 > 黄瓜和小黄瓜,,2.04,kgCO2e,4,2009,kg
黄瓜-荷兰,cucumber-Netherlands,01232X0052009A,首页 > 农业、林业和水产品 > 农业、园艺和商品园艺产品 > 蔬菜 > 黄瓜和小黄瓜,,0.26,kgCO2e,4,2009,kg
黄瓜-中国-温室,Cucumber-greenhouse-China,01232X0062016A,首页 > 农业、林业和水产品 > 农业、园艺和商品园艺产品 > 蔬菜 > 黄瓜和小黄瓜,,0.19,kgCO2e,4,2016,kg
黄瓜-中国,Cucumber-China,01232X0072016A,首页 > 农业、林业和水产品 > 农业、园艺和商品园艺产品 > 蔬菜 > 黄瓜和小黄瓜,,0.14,kgCO2e,4,2016,kg
大米-中国,Rice-China,01199X0012015A,首页 > 农业、林业和水产品 > 农业、园艺和商品园艺产品 > 谷物 > 其他未另列明的谷物,,0.846,kgCO2e,4,2015,kg
大米-中国,Rice-China,01199X0022015A,首页 > 农业、林业和水产品 > 农业、园艺和商品园艺产品 > 谷物 > 其他未另列明的谷物,,0.8,kgCO2e,4,2015,kg
大米-中国,大米-中国,01199X0032009A,首页 > 农业、林业和水产品 > 农业、园艺和商品园艺产品 > 谷物 > 其他未另列明的谷物,,1.747,kgCO2e,4,2009,kg
大米-中国,Rice-China,01199X0042011A,首页 > 农业、林业和水产品 > 农业、园艺和商品园艺产品 > 谷物 > 其他未另列明的谷物,,1.4,kgCO2e,4,2011,kg
水稻,Rice(flooded),01199X0052010A,首页 > 农业、林业和水产品 > 农业、园艺和商品园艺产品 > 谷物 > 其他未另列明的谷物,,1.2,kgCO2e,4,2010,千卡
大米-美国,rice-Japan-USA,01199X0062015A,首页 > 农业、林业和水产品 > 农业、园艺和商品园艺产品 > 谷物 > 其他未另列明的谷物,,1.47,kgCO2e,5,2015,kg
一级精米,Polished rice with top grade,01199X0072016A,首页 > 农业、林业和水产品 > 农业、园艺和商品园艺产品 > 谷物 > 其他未另列明的谷物,,3.18,kgCO2e,4,2016,kg
大米-日本,rice-Japan,01199X0082012A,首页 > 农业、林业和水产品 > 农业、园艺和商品园艺产品 > 谷物 > 其他未另列明的谷物,,1.46,kgCO2e,4,2012,kg
大米-中国,rice-China,01199X0092013A,首页 > 农业、林业和水产品 > 农业、园艺和商品园艺产品 > 谷物 > 其他未另列明的谷物,,876.54,gCO2e,5,2013,kg
大豆-东北,Soybean-northeastern China,01199X0102013A,首页 > 农业、林业和水产品 > 农业、园艺和商品园艺产品 > 谷物 > 其他未另列明的谷物,,0.37,kgCO2e,4,2013,kg
黄豆-巴西,soybean-Brazil,01199X0112011A,首页 > 农业、林业和水产品 > 农业、园艺和商品园艺产品 > 谷物 > 其他未另列明的谷物,,1.3,kgCO2e,4,2011,kg
黄豆-美国,soybean-USA,01199X0122011A,首页 > 农业、林业和水产品 > 农业、园艺和商品园艺产品 > 谷物 > 其他未另列明的谷物,,0.46,kgCO2e,4,2011,kg
黄豆-中国,soybean-China,01199X0132013A,首页 > 农业、林业和水产品 > 农业、园艺和商品园艺产品 > 谷物 > 其他未另列明的谷物,,443.85,gCO2e,5,2013,kg
黄豆,Soya bean,01199X0142013A,首页 > 农业、林业和水产品 > 农业、园艺和商品园艺产品 > 谷物 > 其他未另列明的谷物,,1.84,kgCO2e,5,2013,kg
米,Rice,01199X0172020A,首页 > 农业、林业和水产品 > 农业、园艺和商品园艺产品 > 谷物 > 其他未另列明的谷物,,3,kgCO2e,5,2020,包
传统农作物种植,Traditional crop cultivation,01199X0232023C,首页 > 农业、林业和水产品 > 农业、园艺和商品园艺产品 > 谷物 > 其他未另列明的谷物,,2104.24,kgCO2e,5,2022,公吨
传统农作物种植-西北地区,Traditional crop cultivation-Northwest China,01199X0242022A,首页 > 农业、林业和水产品 > 农业、园艺和商品园艺产品 > 谷物 > 其他未另列明的谷物,,1941.48,kgCO2e,4,2022,公吨
传统农作物种植-黄土高原,Traditional crop cultivation-Loess Plateau of Northwest China,01199X0252022A,首页 > 农业、林业和水产品 > 农业、园艺和商品园艺产品 > 谷物 > 其他未另列明的谷物,,2493.8,kgCO2e,4,2022,公吨
传统农作物种植-华北地区,Traditional crop cultivation-North China,01199X0262022A,首页 > 农业、林业和水产品 > 农业、园艺和商品园艺产品 > 谷物 > 其他未另列明的谷物,,2234.14,kgCO2e,4,2022,公吨
传统农作物种植-东北地区,Traditional crop cultivation-Northeast China,01199X0272022A,首页 > 农业、林业和水产品 > 农业、园艺和商品园艺产品 > 谷物 > 其他未另列明的谷物,,1747.53,kgCO2e,4,2022,公吨
传统农作物种植-东营,Traditional crop cultivation-Dongying City,01199X0282022A,首页 > 农业、林业和水产品 > 农业、园艺和商品园艺产品 > 谷物 > 其他未另列明的谷物,,4096.84,kgCO2e,4,2022,公吨
传统农作物种植-东北地区,Traditional crop cultivation-Northeast China,01199X0002022C,首页 > 农业、林业和水产品 > 农业、园艺和商品园艺产品 > 谷物 > 其他未另列明的谷物,,1747.53,kgCO2e,5,2022,公吨
杭州锦海农业科技有限公司水稻育秧基质,"Rice Seedling Cultivation Substrate - Hangzhou Jinhai Agricultural Technology Co., Ltd.",01199X0292024B,首页 > 农业、林业和水产品 > 农业、园艺和商品园艺产品 > 谷物 > 其他未另列明的谷物,,0.0421,kgCO2e,5,2024,kg
杭州锦海农业科技有限公司育苗基质,"Seedling Growing Medium - Hangzhou Jinhai Agricultural Technology Co., Ltd.",01199X0302024B,首页 > 农业、林业和水产品 > 农业、园艺和商品园艺产品 > 谷物 > 其他未另列明的谷物,,0.3606,kgCO2e,5,2024,kg
大麦-中国东部沿海,Barley-East coast China,01152X0012017A,首页 > 农业、林业和水产品 > 农业、园艺和商品园艺产品 > 谷物 > 大麦，其他（食物）,,0.63,kgCO2e,4,2017,kg
大麦-荷兰,barley-Netherlands,01152X0021999A,首页 > 农业、林业和水产品 > 农业、园艺和商品园艺产品 > 谷物 > 大麦，其他（食物）,,0.326,kgCO2e,4,1999,kg
大麦-荷兰,barley-Netherlands,01152X0031999A,首页 > 农业、林业和水产品 > 农业、园艺和商品园艺产品 > 谷物 > 大麦，其他（食物）,,0.347,kgCO2e,4,1999,kg
大麦-全球平均,barley-global-average,01152X0042014A,首页 > 农业、林业和水产品 > 农业、园艺和商品园艺产品 > 谷物 > 大麦，其他（食物）,,0.538,kgCO2e,5,2014,kg
大麦-挪威,barley-Norway,01152X0052014A,首页 > 农业、林业和水产品 > 农业、园艺和商品园艺产品 > 谷物 > 大麦，其他（食物）,,0.62,kgCO2e,5,2014,kg
小米-英国以外的世界地区,millet-Rest of World,01182X0012010A,首页 > 农业、林业和水产品 > 农业、园艺和商品园艺产品 > 谷物 > 小米，其他（食物）,,0.47,kgCO2e,3,2010,kg
小米,millet,01182X0022016A,首页 > 农业、林业和水产品 > 农业、园艺和商品园艺产品 > 谷物 > 小米，其他（食物）,,1.24,kgCO2e,5,2016,kg
小麦（种植面积大于20公顷）,Wheat (planting area greater than 20 hectares),01111X0012021A,首页 > 农业、林业和水产品 > 农业、园艺和商品园艺产品 > 谷物 > 小麦种子,,0.26,kgCO2e,4,2021,kg
小麦,Wheat,01111X0012020A,首页 > 农业、林业和水产品 > 农业、园艺和商品园艺产品 > 谷物 > 小麦种子,,0.95,kgCO2e,5,2020,kg
小麦,Wheat,01111X0022020A,首页 > 农业、林业和水产品 > 农业、园艺和商品园艺产品 > 谷物 > 小麦种子,,0.93,kgCO2e,5,2020,kg
小麦,Wheat,01111X0032020A,首页 > 农业、林业和水产品 > 农业、园艺和商品园艺产品 > 谷物 > 小麦种子,,0.94,kgCO2e,5,2020,kg
小麦,Wheat,01111X0042020A,首页 > 农业、林业和水产品 > 农业、园艺和商品园艺产品 > 谷物 > 小麦种子,,1.1,kgCO2e,5,2020,kg
小麦,Wheat,01111X0052020A,首页 > 农业、林业和水产品 > 农业、园艺和商品园艺产品 > 谷物 > 小麦种子,,1.71,kgCO2e,5,2020,kg
小麦,Wheat,01111X0062020A,首页 > 农业、林业和水产品 > 农业、园艺和商品园艺产品 > 谷物 > 小麦种子,,1.13,kgCO2e,5,2020,kg
小麦,Wheat,01111X0072020A,首页 > 农业、林业和水产品 > 农业、园艺和商品园艺产品 > 谷物 > 小麦种子,,1.56,kgCO2e,5,2020,kg
小麦,Wheat,01111X0082020A,首页 > 农业、林业和水产品 > 农业、园艺和商品园艺产品 > 谷物 > 小麦种子,,1.29,kgCO2e,5,2020,kg
小麦,Wheat,01111X0092020A,首页 > 农业、林业和水产品 > 农业、园艺和商品园艺产品 > 谷物 > 小麦种子,,0.91,kgCO2e,5,2020,kg
小麦,Wheat,01111X0102020A,首页 > 农业、林业和水产品 > 农业、园艺和商品园艺产品 > 谷物 > 小麦种子,,1.12,kgCO2e,5,2020,kg
小麦,Wheat,01111X0112020A,首页 > 农业、林业和水产品 > 农业、园艺和商品园艺产品 > 谷物 > 小麦种子,,1.18,kgCO2e,5,2020,kg
小麦,Wheat,01111X0122020A,首页 > 农业、林业和水产品 > 农业、园艺和商品园艺产品 > 谷物 > 小麦种子,,1.03,kgCO2e,5,2020,kg
小麦,Wheat,01111X0132020A,首页 > 农业、林业和水产品 > 农业、园艺和商品园艺产品 > 谷物 > 小麦种子,,2.25,kgCO2e,5,2020,kg
小麦,Wheat,01111X0142020A,首页 > 农业、林业和水产品 > 农业、园艺和商品园艺产品 > 谷物 > 小麦种子,,1.7,kgCO2e,5,2020,kg
小麦,Wheat,01111X0152020A,首页 > 农业、林业和水产品 > 农业、园艺和商品园艺产品 > 谷物 > 小麦种子,,0.86,kgCO2e,5,2020,kg
小麦,Wheat,01111X0162020A,首页 > 农业、林业和水产品 > 农业、园艺和商品园艺产品 > 谷物 > 小麦种子,,0.85,kgCO2e,5,2020,kg
小麦,Wheat,01111X0172020A,首页 > 农业、林业和水产品 > 农业、园艺和商品园艺产品 > 谷物 > 小麦种子,,1.21,kgCO2e,5,2020,kg
小麦,Wheat,01111X0182020A,首页 > 农业、林业和水产品 > 农业、园艺和商品园艺产品 > 谷物 > 小麦种子,,1.5,kgCO2e,5,2020,kg
小麦,Wheat,01111X0192020A,首页 > 农业、林业和水产品 > 农业、园艺和商品园艺产品 > 谷物 > 小麦种子,,1.34,kgCO2e,5,2020,kg
小麦,Wheat,01111X0202020A,首页 > 农业、林业和水产品 > 农业、园艺和商品园艺产品 > 谷物 > 小麦种子,,2.43,kgCO2e,5,2020,kg
小麦,Wheat,01111X0212020A,首页 > 农业、林业和水产品 > 农业、园艺和商品园艺产品 > 谷物 > 小麦种子,,0.45,kgCO2e,5,2020,kg
小麦,Wheat,01111X0222020A,首页 > 农业、林业和水产品 > 农业、园艺和商品园艺产品 > 谷物 > 小麦种子,,1.42,kgCO2e,5,2020,kg
小麦,Wheat,01111X0232020A,首页 > 农业、林业和水产品 > 农业、园艺和商品园艺产品 > 谷物 > 小麦种子,,0.84,kgCO2e,5,2020,kg
小麦,Wheat,01111X0242020A,首页 > 农业、林业和水产品 > 农业、园艺和商品园艺产品 > 谷物 > 小麦种子,,1.54,kgCO2e,5,2020,kg
小麦,Wheat,01111X0252020A,首页 > 农业、林业和水产品 > 农业、园艺和商品园艺产品 > 谷物 > 小麦种子,,1.44,kgCO2e,5,2020,kg
小麦,Wheat,01111X0262020A,首页 > 农业、林业和水产品 > 农业、园艺和商品园艺产品 > 谷物 > 小麦种子,,0.87,kgCO2e,5,2020,kg
小麦,Wheat,01111X0272020A,首页 > 农业、林业和水产品 > 农业、园艺和商品园艺产品 > 谷物 > 小麦种子,,1.06,kgCO2e,5,2020,kg
小麦,Wheat,01111X0282020A,首页 > 农业、林业和水产品 > 农业、园艺和商品园艺产品 > 谷物 > 小麦种子,,1.06,kgCO2e,5,2020,kg
小麦,Wheat,01111X0292020A,首页 > 农业、林业和水产品 > 农业、园艺和商品园艺产品 > 谷物 > 小麦种子,,1.07,kgCO2e,5,2020,kg
小麦,Wheat,01111X0302020A,首页 > 农业、林业和水产品 > 农业、园艺和商品园艺产品 > 谷物 > 小麦种子,,1.05,kgCO2e,5,2020,kg
小麦,Wheat,01111X0312020A,首页 > 农业、林业和水产品 > 农业、园艺和商品园艺产品 > 谷物 > 小麦种子,,1.51,kgCO2e,5,2020,kg
小麦,Wheat,01111X0322020A,首页 > 农业、林业和水产品 > 农业、园艺和商品园艺产品 > 谷物 > 小麦种子,,1.02,kgCO2e,5,2020,kg
小麦,Wheat,01111X0332020A,首页 > 农业、林业和水产品 > 农业、园艺和商品园艺产品 > 谷物 > 小麦种子,,1.13,kgCO2e,5,2020,kg
小麦-全球部分均值,Wheat-oversea average,01112X0042017A,首页 > 农业、林业和水产品 > 农业、园艺和商品园艺产品 > 谷物 > 小麦，其他（食物）,,0.51,kgCO2e,4,2017,kg
小麦-中国,Wheat-China,01112X0052015A,首页 > 农业、林业和水产品 > 农业、园艺和商品园艺产品 > 谷物 > 小麦，其他（食物）,,0.66,kgCO2e,4,2015,kg
小麦-中国,Wheat-China,01112X0062011A,首页 > 农业、林业和水产品 > 农业、园艺和商品园艺产品 > 谷物 > 小麦，其他（食物）,,0.7,kgCO2e,4,2011,kg
小麦-中国,Wheat-China,01112X0072015A,首页 > 农业、林业和水产品 > 农业、园艺和商品园艺产品 > 谷物 > 小麦，其他（食物）,,0.371,kgCO2e,4,2015,kg
小麦-澳大利亚,wheat-Australia,01112X0082014A,首页 > 农业、林业和水产品 > 农业、园艺和商品园艺产品 > 谷物 > 小麦，其他（食物）,,0.14,kgCO2e,3,2014,kg
小麦-中国,Wheat-China,01112X0092013A,首页 > 农业、林业和水产品 > 农业、园艺和商品园艺产品 > 谷物 > 小麦，其他（食物）,,498.34,gCO2e,5,2013,kg
小麦,wheat,01112X0102016A,首页 > 农业、林业和水产品 > 农业、园艺和商品园艺产品 > 谷物 > 小麦，其他（食物）,,1.14,kgCO2e,5,2016,kg
小麦,wheat,01112X0112017A,首页 > 农业、林业和水产品 > 农业、园艺和商品园艺产品 > 谷物 > 小麦，其他（食物）,,0.52,kgCO2e,5,2017,kg
小麦,Wheat,01112X0122023C,首页 > 农业、林业和水产品 > 农业、园艺和商品园艺产品 > 谷物 > 小麦，其他（食物）,,6340,kgCO2e,5,2023,公顷
小麦,Wheat,01112X0142020C,首页 > 农业、林业和水产品 > 农业、园艺和商品园艺产品 > 谷物 > 小麦，其他（食物）,,2188.33502,kgCO2e,5,2020,公顷
冬小麦,Winter wheat,01112X0162021C,首页 > 农业、林业和水产品 > 农业、园艺和商品园艺产品 > 谷物 > 小麦，其他（食物）,,318.55,kgCO2e,5,2021,hm2
小麦,Wheat,01112X0172020C,首页 > 农业、林业和水产品 > 农业、园艺和商品园艺产品 > 谷物 > 小麦，其他（食物）,,0.5882,kgCO2e,5,2020,kg
谷类,Grains,01132X0182018A,首页 > 农业、林业和水产品 > 农业、园艺和商品园艺产品 > 谷物 > 未去壳的稻谷，其他（食物）,,27,kgCO2e,5,2018,百克蛋白质
大米,Rice,01132X0012017A,首页 > 农业、林业和水产品 > 农业、园艺和商品园艺产品 > 谷物 > 未去壳的稻谷，其他（食物）,,1.9,kgCO2e,5,2017,kg
普通稻米,Ordinary rice,01132X0062021C,首页 > 农业、林业和水产品 > 农业、园艺和商品园艺产品 > 谷物 > 未去壳的稻谷，其他（食物）,,1.1492,kgCO2e,5,2021,kg
稻蟹共作米,Rice-crab cocultivation rice,01132X0082023C,首页 > 农业、林业和水产品 > 农业、园艺和商品园艺产品 > 谷物 > 未去壳的稻谷，其他（食物）,,3.8311,kgCO2e,5,2023,1公顷
水稻,Rice,01132X0092023C,首页 > 农业、林业和水产品 > 农业、园艺和商品园艺产品 > 谷物 > 未去壳的稻谷，其他（食物）,,13200,kgCO2e,5,2023,公顷
稻鳅共作,Rice-loach cocultivation,01132X0102019C,首页 > 农业、林业和水产品 > 农业、园艺和商品园艺产品 > 谷物 > 未去壳的稻谷，其他（食物）,,11923,kgCO2e,5,2019,公顷
稻鲶共作,Rice catfish cocultivation,01132X0112019C,首页 > 农业、林业和水产品 > 农业、园艺和商品园艺产品 > 谷物 > 未去壳的稻谷，其他（食物）,,12111,kgCO2e,5,2019,公顷
稻谷,Rice,01132X0132023C,首页 > 农业、林业和水产品 > 农业、园艺和商品园艺产品 > 谷物 > 未去壳的稻谷，其他（食物）,,500.8,kgCO2e,5,2023,公吨
早稻（双季稻）,Double Cropping Rice,01132X0142023C,首页 > 农业、林业和水产品 > 农业、园艺和商品园艺产品 > 谷物 > 未去壳的稻谷，其他（食物）,,1445.1,kgCO2e,5,2023,公顷
稻谷（晚籼稻）,Rice (long-grained rice),01132X0152018C,首页 > 农业、林业和水产品 > 农业、园艺和商品园艺产品 > 谷物 > 未去壳的稻谷，其他（食物）,,2.31,kgCO2e,5,2018,kg
晚稻（双季稻）,Double Cropping Rice,01132X0162023C,首页 > 农业、林业和水产品 > 农业、园艺和商品园艺产品 > 谷物 > 未去壳的稻谷，其他（食物）,,1296.2,kgCO2e,5,2023,公顷
水稻,Rice,01132X0172022C,首页 > 农业、林业和水产品 > 农业、园艺和商品园艺产品 > 谷物 > 未去壳的稻谷，其他（食物）,,1.08,kgCO2e,5,2022,kg
燕麦浓缩蛋白,oat protein concentrate,01172X0012017A,首页 > 农业、林业和水产品 > 农业、园艺和商品园艺产品 > 谷物 > 燕麦，其他（食物）,,0.55,kgCO2e,4,2017,kg
燕麦蛋白浓缩物-欧洲,Oat protein concentrate-Europe,01172X0022020A,首页 > 农业、林业和水产品 > 农业、园艺和商品园艺产品 > 谷物 > 燕麦，其他（食物）,,0.55,kgCO2e,4,2020,kg
燕麦蛋白浓缩物-德国,Oat protein concentrate-Germany,01172X0032020A,首页 > 农业、林业和水产品 > 农业、园艺和商品园艺产品 > 谷物 > 燕麦，其他（食物）,,0.33,kgCO2e,4,2020,kg
燕麦蛋白浓缩物-罗马尼亚,Oat protein concentrate-Romania,01172X0042020A,首页 > 农业、林业和水产品 > 农业、园艺和商品园艺产品 > 谷物 > 燕麦，其他（食物）,,0.68,kgCO2e,4,2020,kg
燕麦,Oat,01172X0052019C,首页 > 农业、林业和水产品 > 农业、园艺和商品园艺产品 > 谷物 > 燕麦，其他（食物）,,0.38,kgCO2e,5,2019,kg
燕麦,Oat,01172X0062019C,首页 > 农业、林业和水产品 > 农业、园艺和商品园艺产品 > 谷物 > 燕麦，其他（食物）,,0.422,kgCO2e,5,2019,kg
玉米、高粱等杂粮,"Corn, sorghum and other cereals",01121X0012020A,首页 > 农业、林业和水产品 > 农业、园艺和商品园艺产品 > 谷物 > 玉米种子,,0.82,kgCO2e,5,2020,kg
玉米、高粱等杂粮,"Corn, sorghum and other cereals",01121X0022020A,首页 > 农业、林业和水产品 > 农业、园艺和商品园艺产品 > 谷物 > 玉米种子,,0.87,kgCO2e,5,2020,kg
玉米、高粱等杂粮,"Corn, sorghum and other cereals",01121X0032020A,首页 > 农业、林业和水产品 > 农业、园艺和商品园艺产品 > 谷物 > 玉米种子,,0.81,kgCO2e,5,2020,kg
玉米、高粱等杂粮,"Corn, sorghum and other cereals",01121X0042020A,首页 > 农业、林业和水产品 > 农业、园艺和商品园艺产品 > 谷物 > 玉米种子,,0.93,kgCO2e,5,2020,kg
玉米、高粱等杂粮,"Corn, sorghum and other cereals",01121X0052020A,首页 > 农业、林业和水产品 > 农业、园艺和商品园艺产品 > 谷物 > 玉米种子,,0.85,kgCO2e,5,2020,kg
玉米、高粱等杂粮,"Corn, sorghum and other cereals",01121X0062020A,首页 > 农业、林业和水产品 > 农业、园艺和商品园艺产品 > 谷物 > 玉米种子,,0.84,kgCO2e,5,2020,kg
玉米、高粱等杂粮,"Corn, sorghum and other cereals",01121X0072020A,首页 > 农业、林业和水产品 > 农业、园艺和商品园艺产品 > 谷物 > 玉米种子,,0.91,kgCO2e,5,2020,kg
玉米、高粱等杂粮,"Corn, sorghum and other cereals",01121X0082020A,首页 > 农业、林业和水产品 > 农业、园艺和商品园艺产品 > 谷物 > 玉米种子,,0.84,kgCO2e,5,2020,kg
玉米、高粱等杂粮,"Corn, sorghum and other cereals",01121X0092020A,首页 > 农业、林业和水产品 > 农业、园艺和商品园艺产品 > 谷物 > 玉米种子,,0.89,kgCO2e,5,2020,kg
玉米、高粱等杂粮,"Corn, sorghum and other cereals",01121X0102020A,首页 > 农业、林业和水产品 > 农业、园艺和商品园艺产品 > 谷物 > 玉米种子,,1.06,kgCO2e,5,2020,kg
玉米、高粱等杂粮,"Corn, sorghum and other cereals",01121X0112020A,首页 > 农业、林业和水产品 > 农业、园艺和商品园艺产品 > 谷物 > 玉米种子,,1.13,kgCO2e,5,2020,kg
玉米、高粱等杂粮,"Corn, sorghum and other cereals",01121X0122020A,首页 > 农业、林业和水产品 > 农业、园艺和商品园艺产品 > 谷物 > 玉米种子,,0.97,kgCO2e,5,2020,kg
玉米、高粱等杂粮,"Corn, sorghum and other cereals",01121X0132020A,首页 > 农业、林业和水产品 > 农业、园艺和商品园艺产品 > 谷物 > 玉米种子,,1.41,kgCO2e,5,2020,kg
玉米、高粱等杂粮,"Corn, sorghum and other cereals",01121X0142020A,首页 > 农业、林业和水产品 > 农业、园艺和商品园艺产品 > 谷物 > 玉米种子,,1.07,kgCO2e,5,2020,kg
玉米、高粱等杂粮,"Corn, sorghum and other cereals",01121X0152020A,首页 > 农业、林业和水产品 > 农业、园艺和商品园艺产品 > 谷物 > 玉米种子,,0.79,kgCO2e,5,2020,kg
玉米、高粱等杂粮,"Corn, sorghum and other cereals",01121X0162020A,首页 > 农业、林业和水产品 > 农业、园艺和商品园艺产品 > 谷物 > 玉米种子,,0.77,kgCO2e,5,2020,kg
玉米、高粱等杂粮,"Corn, sorghum and other cereals",01121X0172020A,首页 > 农业、林业和水产品 > 农业、园艺和商品园艺产品 > 谷物 > 玉米种子,,1.27,kgCO2e,5,2020,kg
玉米、高粱等杂粮,"Corn, sorghum and other cereals",01121X0182020A,首页 > 农业、林业和水产品 > 农业、园艺和商品园艺产品 > 谷物 > 玉米种子,,0.97,kgCO2e,5,2020,kg
玉米、高粱等杂粮,"Corn, sorghum and other cereals",01121X0192020A,首页 > 农业、林业和水产品 > 农业、园艺和商品园艺产品 > 谷物 > 玉米种子,,1.07,kgCO2e,5,2020,kg
玉米、高粱等杂粮,"Corn, sorghum and other cereals",01121X0202020A,首页 > 农业、林业和水产品 > 农业、园艺和商品园艺产品 > 谷物 > 玉米种子,,1.17,kgCO2e,5,2020,kg
玉米、高粱等杂粮,"Corn, sorghum and other cereals",01121X0212020A,首页 > 农业、林业和水产品 > 农业、园艺和商品园艺产品 > 谷物 > 玉米种子,,0.79,kgCO2e,5,2020,kg
玉米、高粱等杂粮,"Corn, sorghum and other cereals",01121X0222020A,首页 > 农业、林业和水产品 > 农业、园艺和商品园艺产品 > 谷物 > 玉米种子,,0.77,kgCO2e,5,2020,kg
玉米、高粱等杂粮,"Corn, sorghum and other cereals",01121X0232020A,首页 > 农业、林业和水产品 > 农业、园艺和商品园艺产品 > 谷物 > 玉米种子,,1.27,kgCO2e,5,2020,kg
玉米、高粱等杂粮,"Corn, sorghum and other cereals",01121X0242020A,首页 > 农业、林业和水产品 > 农业、园艺和商品园艺产品 > 谷物 > 玉米种子,,0.97,kgCO2e,5,2020,kg
玉米、高粱等杂粮,"Corn, sorghum and other cereals",01121X0252020A,首页 > 农业、林业和水产品 > 农业、园艺和商品园艺产品 > 谷物 > 玉米种子,,1.07,kgCO2e,5,2020,kg
玉米、高粱等杂粮,"Corn, sorghum and other cereals",01121X0262020A,首页 > 农业、林业和水产品 > 农业、园艺和商品园艺产品 > 谷物 > 玉米种子,,1.17,kgCO2e,5,2020,kg
玉米、高粱等杂粮,"Corn, sorghum and other cereals",01121X0272020A,首页 > 农业、林业和水产品 > 农业、园艺和商品园艺产品 > 谷物 > 玉米种子,,0.45,kgCO2e,5,2020,kg
玉米、高粱等杂粮,"Corn, sorghum and other cereals",01121X0282020A,首页 > 农业、林业和水产品 > 农业、园艺和商品园艺产品 > 谷物 > 玉米种子,,0.98,kgCO2e,5,2020,kg
玉米、高粱等杂粮,"Corn, sorghum and other cereals",01121X0292020A,首页 > 农业、林业和水产品 > 农业、园艺和商品园艺产品 > 谷物 > 玉米种子,,0.86,kgCO2e,5,2020,kg
玉米、高粱等杂粮,"Corn, sorghum and other cereals",01121X0302020A,首页 > 农业、林业和水产品 > 农业、园艺和商品园艺产品 > 谷物 > 玉米种子,,1.08,kgCO2e,5,2020,kg
玉米、高粱等杂粮,"Corn, sorghum and other cereals",01121X0312020A,首页 > 农业、林业和水产品 > 农业、园艺和商品园艺产品 > 谷物 > 玉米种子,,1.24,kgCO2e,5,2020,kg
玉米、高粱等杂粮,"Corn, sorghum and other cereals",01121X0322020A,首页 > 农业、林业和水产品 > 农业、园艺和商品园艺产品 > 谷物 > 玉米种子,,0.83,kgCO2e,5,2020,kg
玉米、高粱等杂粮,"Corn, sorghum and other cereals",01121X0332020A,首页 > 农业、林业和水产品 > 农业、园艺和商品园艺产品 > 谷物 > 玉米种子,,1.09,kgCO2e,5,2020,kg
玉米、高粱等杂粮,"Corn, sorghum and other cereals",01121X0342020A,首页 > 农业、林业和水产品 > 农业、园艺和商品园艺产品 > 谷物 > 玉米种子,,1.06,kgCO2e,5,2020,kg
玉米、高粱等杂粮,"Corn, sorghum and other cereals",01121X0352020A,首页 > 农业、林业和水产品 > 农业、园艺和商品园艺产品 > 谷物 > 玉米种子,,1.1,kgCO2e,5,2020,kg
玉米、高粱等杂粮,"Corn, sorghum and other cereals",01121X0362020A,首页 > 农业、林业和水产品 > 农业、园艺和商品园艺产品 > 谷物 > 玉米种子,,0.96,kgCO2e,5,2020,kg
玉米、高粱等杂粮,"Corn, sorghum and other cereals",01121X0372020A,首页 > 农业、林业和水产品 > 农业、园艺和商品园艺产品 > 谷物 > 玉米种子,,0.82,kgCO2e,5,2020,kg
玉米、高粱等杂粮,"Corn, sorghum and other cereals",01121X0382020A,首页 > 农业、林业和水产品 > 农业、园艺和商品园艺产品 > 谷物 > 玉米种子,,0.94,kgCO2e,5,2020,kg
青饲玉米,Silage maize,01122X0012016A,首页 > 农业、林业和水产品 > 农业、园艺和商品园艺产品 > 谷物 > 玉米，其他（食物）,,0.22,kgCO2e,5,2016,kg
冬小麦夏玉米连作,Winter wheat-summer maize,01122X0022020A,首页 > 农业、林业和水产品 > 农业、园艺和商品园艺产品 > 谷物 > 玉米，其他（食物）,,7262.8,kgCO2e,4,2020,公顷
春绿豆夏玉米连作,Spring mung bean-summer maize,01122X0032020A,首页 > 农业、林业和水产品 > 农业、园艺和商品园艺产品 > 谷物 > 玉米，其他（食物）,,4642.1,kgCO2e,4,2020,公顷
玉米-中国,maize-China,01122X0012013A,首页 > 农业、林业和水产品 > 农业、园艺和商品园艺产品 > 谷物 > 玉米，其他（食物）,,340.64,gCO2e,5,2013,kg
玉米,Corn,01122X0052023C,首页 > 农业、林业和水产品 > 农业、园艺和商品园艺产品 > 谷物 > 玉米，其他（食物）,,0.846,kgCO2e,5,2023,kg
饲用玉米,Feed Corn,01122X0082020C,首页 > 农业、林业和水产品 > 农业、园艺和商品园艺产品 > 谷物 > 玉米，其他（食物）,,4816.29218,kgCO2e,5,2020,公顷
水稻（种植面积大于20公顷）,Rice (Planting area large than 20 hectares),01131X0012021A,首页 > 农业、林业和水产品 > 农业、园艺和商品园艺产品 > 谷物 > 稻谷种子,,0.8,kgCO2e,4,2021,kg
水稻（种植面积在0.7-20公顷间）,Rice (planting area between 0.7-20 hectares),01131X0022021A,首页 > 农业、林业和水产品 > 农业、园艺和商品园艺产品 > 谷物 > 稻谷种子,,0.89,kgCO2e,4,2021,kg
水稻（种植面积小于0.7公顷）,Rice (planting area less than 0.7 hectares),01131X0032021A,首页 > 农业、林业和水产品 > 农业、园艺和商品园艺产品 > 谷物 > 稻谷种子,,1.12,kgCO2e,4,2021,kg
水稻（种植面积小于0.7公顷）,Rice (planting area less than 0.7 hectares),01131X0042021A,首页 > 农业、林业和水产品 > 农业、园艺和商品园艺产品 > 谷物 > 稻谷种子,,0.98,kgCO2e,4,2021,kg
水稻（种植面积在0.7-20公顷间）,Rice (planting area between 0.7-20 hectares),01131X0052021A,首页 > 农业、林业和水产品 > 农业、园艺和商品园艺产品 > 谷物 > 稻谷种子,,0.82,kgCO2e,4,2021,kg
水稻（种植面积大于20公顷）,Rice (planting area greater than 20 hectares),01131X0062021A,首页 > 农业、林业和水产品 > 农业、园艺和商品园艺产品 > 谷物 > 稻谷种子,,0.78,kgCO2e,4,2021,kg
大米,Rice,01131X0012020A,首页 > 农业、林业和水产品 > 农业、园艺和商品园艺产品 > 谷物 > 稻谷种子,,1.73,kgCO2e,5,2020,kg
大米,Rice,01131X0022020A,首页 > 农业、林业和水产品 > 农业、园艺和商品园艺产品 > 谷物 > 稻谷种子,,1.43,kgCO2e,5,2020,kg
大米,Rice,01131X0032020A,首页 > 农业、林业和水产品 > 农业、园艺和商品园艺产品 > 谷物 > 稻谷种子,,2.02,kgCO2e,5,2020,kg
大米,Rice,01131X0042020A,首页 > 农业、林业和水产品 > 农业、园艺和商品园艺产品 > 谷物 > 稻谷种子,,1.69,kgCO2e,5,2020,kg
大米,Rice,01131X0052020A,首页 > 农业、林业和水产品 > 农业、园艺和商品园艺产品 > 谷物 > 稻谷种子,,1.75,kgCO2e,5,2020,kg
大米,Rice,01131X0062020A,首页 > 农业、林业和水产品 > 农业、园艺和商品园艺产品 > 谷物 > 稻谷种子,,1.37,kgCO2e,5,2020,kg
大米,Rice,01131X0072020A,首页 > 农业、林业和水产品 > 农业、园艺和商品园艺产品 > 谷物 > 稻谷种子,,1.4,kgCO2e,5,2020,kg
大米,Rice,01131X0082020A,首页 > 农业、林业和水产品 > 农业、园艺和商品园艺产品 > 谷物 > 稻谷种子,,1.39,kgCO2e,5,2020,kg
大米,Rice,01131X0092020A,首页 > 农业、林业和水产品 > 农业、园艺和商品园艺产品 > 谷物 > 稻谷种子,,1.58,kgCO2e,5,2020,kg
大米,Rice,01131X0102020A,首页 > 农业、林业和水产品 > 农业、园艺和商品园艺产品 > 谷物 > 稻谷种子,,1.59,kgCO2e,5,2020,kg
大米,Rice,01131X0112020A,首页 > 农业、林业和水产品 > 农业、园艺和商品园艺产品 > 谷物 > 稻谷种子,,1.67,kgCO2e,5,2020,kg
大米,Rice,01131X0122020A,首页 > 农业、林业和水产品 > 农业、园艺和商品园艺产品 > 谷物 > 稻谷种子,,1.89,kgCO2e,5,2020,kg
大米,Rice,01131X0132020A,首页 > 农业、林业和水产品 > 农业、园艺和商品园艺产品 > 谷物 > 稻谷种子,,1.87,kgCO2e,5,2020,kg
大米,Rice,01131X0142020A,首页 > 农业、林业和水产品 > 农业、园艺和商品园艺产品 > 谷物 > 稻谷种子,,1.81,kgCO2e,5,2020,kg
大米,Rice,01131X0152020A,首页 > 农业、林业和水产品 > 农业、园艺和商品园艺产品 > 谷物 > 稻谷种子,,1.44,kgCO2e,5,2020,kg
大米,Rice,01131X0162020A,首页 > 农业、林业和水产品 > 农业、园艺和商品园艺产品 > 谷物 > 稻谷种子,,1.59,kgCO2e,5,2020,kg
大米,Rice,01131X0172020A,首页 > 农业、林业和水产品 > 农业、园艺和商品园艺产品 > 谷物 > 稻谷种子,,1.62,kgCO2e,5,2020,kg
大米,Rice,01131X0182020A,首页 > 农业、林业和水产品 > 农业、园艺和商品园艺产品 > 谷物 > 稻谷种子,,1.84,kgCO2e,5,2020,kg
大米,Rice,01131X0192020A,首页 > 农业、林业和水产品 > 农业、园艺和商品园艺产品 > 谷物 > 稻谷种子,,1.97,kgCO2e,5,2020,kg
大米,Rice,01131X0202020A,首页 > 农业、林业和水产品 > 农业、园艺和商品园艺产品 > 谷物 > 稻谷种子,,2.05,kgCO2e,5,2020,kg
大米,Rice,01131X0212020A,首页 > 农业、林业和水产品 > 农业、园艺和商品园艺产品 > 谷物 > 稻谷种子,,2.14,kgCO2e,5,2020,kg
大米,Rice,01131X0222020A,首页 > 农业、林业和水产品 > 农业、园艺和商品园艺产品 > 谷物 > 稻谷种子,,1.32,kgCO2e,5,2020,kg
大米,Rice,01131X0232020A,首页 > 农业、林业和水产品 > 农业、园艺和商品园艺产品 > 谷物 > 稻谷种子,,1.27,kgCO2e,5,2020,kg
大米,Rice,01131X0242020A,首页 > 农业、林业和水产品 > 农业、园艺和商品园艺产品 > 谷物 > 稻谷种子,,1.54,kgCO2e,5,2020,kg
大米,Rice,01131X0252020A,首页 > 农业、林业和水产品 > 农业、园艺和商品园艺产品 > 谷物 > 稻谷种子,,1.6,kgCO2e,5,2020,kg
大米,Rice,01131X0262020A,首页 > 农业、林业和水产品 > 农业、园艺和商品园艺产品 > 谷物 > 稻谷种子,,1.89,kgCO2e,5,2020,kg
大米,Rice,01131X0272020A,首页 > 农业、林业和水产品 > 农业、园艺和商品园艺产品 > 谷物 > 稻谷种子,,1.66,kgCO2e,5,2020,kg
大米,Rice,01131X0282020A,首页 > 农业、林业和水产品 > 农业、园艺和商品园艺产品 > 谷物 > 稻谷种子,,2.07,kgCO2e,5,2020,kg
大米,Rice,01131X0292020A,首页 > 农业、林业和水产品 > 农业、园艺和商品园艺产品 > 谷物 > 稻谷种子,,0.5,kgCO2e,5,2020,kg
大米,Rice,01131X0302020A,首页 > 农业、林业和水产品 > 农业、园艺和商品园艺产品 > 谷物 > 稻谷种子,,1.6,kgCO2e,5,2020,kg
大米,Rice,01131X0312020A,首页 > 农业、林业和水产品 > 农业、园艺和商品园艺产品 > 谷物 > 稻谷种子,,1.39,kgCO2e,5,2020,kg
大米,Rice,01131X0322020A,首页 > 农业、林业和水产品 > 农业、园艺和商品园艺产品 > 谷物 > 稻谷种子,,1.67,kgCO2e,5,2020,kg
水稻-湖南省,rice,01131X0332013A,首页 > 农业、林业和水产品 > 农业、园艺和商品园艺产品 > 谷物 > 稻谷种子,,2326.47,kgCO2e,4,2013,公吨
水稻-黑龙江省,rice,01131X0352013A,首页 > 农业、林业和水产品 > 农业、园艺和商品园艺产品 > 谷物 > 稻谷种子,,1889.97,kgCO2e,4,2013,公吨
水稻-江苏省,rice,01131X0362013A,首页 > 农业、林业和水产品 > 农业、园艺和商品园艺产品 > 谷物 > 稻谷种子,,1344.92,kgCO2e,4,2013,公吨
水稻-四川省,rice,01131X0022013A,首页 > 农业、林业和水产品 > 农业、园艺和商品园艺产品 > 谷物 > 稻谷种子,,1538.9,kgCO2e,4,2013,公吨
水稻-广东省,rice,01131X0012013A,首页 > 农业、林业和水产品 > 农业、园艺和商品园艺产品 > 谷物 > 稻谷种子,,2504.2,kgCO2e,4,2013,公吨
大米-湖北赤壁,"polished rice in Chibi, Hubei",01131X0032016C,首页 > 农业、林业和水产品 > 农业、园艺和商品园艺产品 > 谷物 > 稻谷种子,,4555.52,kgCO2e,5,2016,公吨
覆PE膜育秧移栽水稻,PE film-covered dry-directed rice,01131X0462021C,首页 > 农业、林业和水产品 > 农业、园艺和商品园艺产品 > 谷物 > 稻谷种子,,1663.15,kgCO2e,5,2021,公吨
覆PE膜旱直播,Dry seeding with PE film,01131X0472021C,首页 > 农业、林业和水产品 > 农业、园艺和商品园艺产品 > 谷物 > 稻谷种子,,1092.91,kgCO2e,5,2021,公吨
水稻生产	,Rice production,01131X0482013A,首页 > 农业、林业和水产品 > 农业、园艺和商品园艺产品 > 谷物 > 稻谷种子,,1.2321,kgCO2e,5,2013,kg
藜麦-秘鲁,Quinoa-Peru,01194X0012018A,首页 > 农业、林业和水产品 > 农业、园艺和商品园艺产品 > 谷物 > 藜麦,,1.01,kgCO2e,4,2018,kg
藜麦-全球平均,Quinoa-global-average,01194X0022018A,首页 > 农业、林业和水产品 > 农业、园艺和商品园艺产品 > 谷物 > 藜麦,,1.01,kgCO2e,4,2018,kg
高粱,Sorghum,01142X0012015A,首页 > 农业、林业和水产品 > 农业、园艺和商品园艺产品 > 谷物 > 高粱，其他（食物）,,0.58,tCO2e,4,2015,公吨
高粱,sorghum,01142X0022005A,首页 > 农业、林业和水产品 > 农业、园艺和商品园艺产品 > 谷物 > 高粱，其他（食物）,,0.88,kgCO2e,3,2005,kg
饲用高粱,Forage Sorghum,01142X0032020C,首页 > 农业、林业和水产品 > 农业、园艺和商品园艺产品 > 谷物 > 高粱，其他（食物）,,1888.0388,kgCO2e,5,2020,公顷
小麦黑麦,Wheat&Rye(Bread),01191X0032010A,首页 > 农业、林业和水产品 > 农业、园艺和商品园艺产品 > 谷物 > 黑小麦,,0.6,kgCO2e,4,2010,千卡
黑麦,rye,01191X0042009A,首页 > 农业、林业和水产品 > 农业、园艺和商品园艺产品 > 谷物 > 黑小麦,,0.36,kgCO2e,4,2009,kg
黑麦,rye,01191X0052005A,首页 > 农业、林业和水产品 > 农业、园艺和商品园艺产品 > 谷物 > 黑小麦,,0.38,kgCO2e,3,2005,kg
枸杞,Medlar,01930X0012016A,首页 > 农业、林业和水产品 > 农业、园艺和商品园艺产品 > 饲料产品;纤维作物;用于香水、制药或杀虫、杀真菌或类似用途的植物;甜菜、草料植物及花卉种子;天然橡胶;活的植物，切花和花蕾;未加工的烟草;其他蔬菜原料 > 主要供香料用、药用、杀虫用、杀菌用或类似用途的植物和植物的部分,,2.22,tCO2e,4,2016,公吨
工业大麻,Industrial Hemp,01990X0012023C,首页 > 农业、林业和水产品 > 农业、园艺和商品园艺产品 > 饲料产品;纤维作物;用于香水、制药或杀虫、杀真菌或类似用途的植物;甜菜、草料植物及花卉种子;天然橡胶;活的植物，切花和花蕾;未加工的烟草;其他蔬菜原料 > 其他未另列明的生植物材料,,1485.3,kgCO2e,5,2023,公顷
鲜切花,flower,01962X0012019A,首页 > 农业、林业和水产品 > 农业、园艺和商品园艺产品 > 饲料产品;纤维作物;用于香水、制药或杀虫、杀真菌或类似用途的植物;甜菜、草料植物及花卉种子;天然橡胶;活的植物，切花和花蕾;未加工的烟草;其他蔬菜原料 > 切花和花蕾，包括花束，花环，花篮和相似产品,,1120.0141,kgCO2e,4,2019,公吨
冷链鲜切花,Cold chain fresh cut flowers,01962X0022021A,首页 > 农业、林业和水产品 > 农业、园艺和商品园艺产品 > 饲料产品;纤维作物;用于香水、制药或杀虫、杀真菌或类似用途的植物;甜菜、草料植物及花卉种子;天然橡胶;活的植物，切花和花蕾;未加工的烟草;其他蔬菜原料 > 切花和花蕾，包括花束，花环，花篮和相似产品,,1120.015,kgCO2e,4,2021,公吨
天然胶乳（浓缩）,Concentrated Natural Latex,01950X0012018A,首页 > 农业、林业和水产品 > 农业、园艺和商品园艺产品 > 饲料产品;纤维作物;用于香水、制药或杀虫、杀真菌或类似用途的植物;甜菜、草料植物及花卉种子;天然橡胶;活的植物，切花和花蕾;未加工的烟草;其他蔬菜原料 > 原始形态（或板状，片状，条状）天然橡胶,60% DRC的浓缩胶乳,291.4,kgCO2e,4,2018,公吨
饲料,Feed,01919X0022021C,首页 > 农业、林业和水产品 > 农业、园艺和商品园艺产品 > 饲料产品;纤维作物;用于香水、制药或杀虫、杀真菌或类似用途的植物;甜菜、草料植物及花卉种子;天然橡胶;活的植物，切花和花蕾;未加工的烟草;其他蔬菜原料 > 未另列明的饲料产品,,32.82,kgCO2e,5,2021,公吨
棉花-中国西北流域,Cotton - Northwest China,01921X0012018A,首页 > 农业、林业和水产品 > 农业、园艺和商品园艺产品 > 饲料产品;纤维作物;用于香水、制药或杀虫、杀真菌或类似用途的植物;甜菜、草料植物及花卉种子;天然橡胶;活的植物，切花和花蕾;未加工的烟草;其他蔬菜原料 > 棉花,,6220.13,kgCO2e,4,2018,公顷
棉花-中国黄河流域,"Cotton - Yellow River Basin, China",01921X0022018A,首页 > 农业、林业和水产品 > 农业、园艺和商品园艺产品 > 饲料产品;纤维作物;用于香水、制药或杀虫、杀真菌或类似用途的植物;甜菜、草料植物及花卉种子;天然橡胶;活的植物，切花和花蕾;未加工的烟草;其他蔬菜原料 > 棉花,,3528.14,kgCO2e,4,2018,公顷
棉花-中国长江流域,"Cotton - Yangtze River Basin, China",01921X0032018A,首页 > 农业、林业和水产品 > 农业、园艺和商品园艺产品 > 饲料产品;纤维作物;用于香水、制药或杀虫、杀真菌或类似用途的植物;甜菜、草料植物及花卉种子;天然橡胶;活的植物，切花和花蕾;未加工的烟草;其他蔬菜原料 > 棉花,,2958.56,kgCO2e,4,2018,公顷
纤维类作物-中国,Fibre-China,01921X0042023A,首页 > 农业、林业和水产品 > 农业、园艺和商品园艺产品 > 饲料产品;纤维作物;用于香水、制药或杀虫、杀真菌或类似用途的植物;甜菜、草料植物及花卉种子;天然橡胶;活的植物，切花和花蕾;未加工的烟草;其他蔬菜原料 > 棉花,,3.17,kgCO2e,3,2023,kg
棉花,cotton,01921X0052016A,首页 > 农业、林业和水产品 > 农业、园艺和商品园艺产品 > 饲料产品;纤维作物;用于香水、制药或杀虫、杀真菌或类似用途的植物;甜菜、草料植物及花卉种子;天然橡胶;活的植物，切花和花蕾;未加工的烟草;其他蔬菜原料 > 棉花,,1.11,kgCO2e,5,2016,kg
烟草,tobacco,01970X0012020C,首页 > 农业、林业和水产品 > 农业、园艺和商品园艺产品 > 饲料产品;纤维作物;用于香水、制药或杀虫、杀真菌或类似用途的植物;甜菜、草料植物及花卉种子;天然橡胶;活的植物，切花和花蕾;未加工的烟草;其他蔬菜原料 > 烟草（未经处理）,,12630.03,kgCO2e,5,2020,公顷
首蓿草,Alfalfa for Hay,01912X0012007A,首页 > 农业、林业和水产品 > 农业、园艺和商品园艺产品 > 饲料产品;纤维作物;用于香水、制药或杀虫、杀真菌或类似用途的植物;甜菜、草料植物及花卉种子;天然橡胶;活的植物，切花和花蕾;未加工的烟草;其他蔬菜原料 > 用于饲料和青贮饲料的苜蓿,,0.09,kgCO2e,4,2007,kg
苜蓿,Alfalfa,01912X0012020A,首页 > 农业、林业和水产品 > 农业、园艺和商品园艺产品 > 饲料产品;纤维作物;用于香水、制药或杀虫、杀真菌或类似用途的植物;甜菜、草料植物及花卉种子;天然橡胶;活的植物，切花和花蕾;未加工的烟草;其他蔬菜原料 > 用于饲料和青贮饲料的苜蓿,,0.22,tCO2e,4,2020,公吨
苜蓿草地生态系统,Alfalfa grassland ecosystem,01912X0032023C,首页 > 农业、林业和水产品 > 农业、园艺和商品园艺产品 > 饲料产品;纤维作物;用于香水、制药或杀虫、杀真菌或类似用途的植物;甜菜、草料植物及花卉种子;天然橡胶;活的植物，切花和花蕾;未加工的烟草;其他蔬菜原料 > 用于饲料和青贮饲料的苜蓿,,1197.43,kgCO2e,5,2023,公吨
苜蓿种植,Alfalfa cultivation,01912X0042022A,首页 > 农业、林业和水产品 > 农业、园艺和商品园艺产品 > 饲料产品;纤维作物;用于香水、制药或杀虫、杀真菌或类似用途的植物;甜菜、草料植物及花卉种子;天然橡胶;活的植物，切花和花蕾;未加工的烟草;其他蔬菜原料 > 用于饲料和青贮饲料的苜蓿,,1197.43,kgCO2e,4,2022,公吨
苜蓿种植-华北地区,Alfalfa cultivation-North China,01912X0052022A,首页 > 农业、林业和水产品 > 农业、园艺和商品园艺产品 > 饲料产品;纤维作物;用于香水、制药或杀虫、杀真菌或类似用途的植物;甜菜、草料植物及花卉种子;天然橡胶;活的植物，切花和花蕾;未加工的烟草;其他蔬菜原料 > 用于饲料和青贮饲料的苜蓿,,1823.5,kgCO2e,4,2022,公吨
苜蓿种植-黄土高原,Alfalfa cultivation-Loess Plateau of Northwest China,01912X0062022A,首页 > 农业、林业和水产品 > 农业、园艺和商品园艺产品 > 饲料产品;纤维作物;用于香水、制药或杀虫、杀真菌或类似用途的植物;甜菜、草料植物及花卉种子;天然橡胶;活的植物，切花和花蕾;未加工的烟草;其他蔬菜原料 > 用于饲料和青贮饲料的苜蓿,,1164.59,kgCO2e,4,2022,公吨
苜蓿种植-东北地区,Alfalfa cultivation-Northeast China,01912X0072022A,首页 > 农业、林业和水产品 > 农业、园艺和商品园艺产品 > 饲料产品;纤维作物;用于香水、制药或杀虫、杀真菌或类似用途的植物;甜菜、草料植物及花卉种子;天然橡胶;活的植物，切花和花蕾;未加工的烟草;其他蔬菜原料 > 用于饲料和青贮饲料的苜蓿,,923.245,kgCO2e,4,2022,公吨
苜蓿种植-西北地区,Alfalfa cultivation-Northwest China,01912X0082022A,首页 > 农业、林业和水产品 > 农业、园艺和商品园艺产品 > 饲料产品;纤维作物;用于香水、制药或杀虫、杀真菌或类似用途的植物;甜菜、草料植物及花卉种子;天然橡胶;活的植物，切花和花蕾;未加工的烟草;其他蔬菜原料 > 用于饲料和青贮饲料的苜蓿,,878.37,kgCO2e,4,2022,公吨
苜蓿种植-沧州,Alfalfa cultivation-Cangzhou City,01912X0092022A,首页 > 农业、林业和水产品 > 农业、园艺和商品园艺产品 > 饲料产品;纤维作物;用于香水、制药或杀虫、杀真菌或类似用途的植物;甜菜、草料植物及花卉种子;天然橡胶;活的植物，切花和花蕾;未加工的烟草;其他蔬菜原料 > 用于饲料和青贮饲料的苜蓿,,2385.15,kgCO2e,4,2022,公吨
稻壳燃烧,Rice hull fuel combustion,01913X0012012A,首页 > 农业、林业和水产品 > 农业、园艺和商品园艺产品 > 饲料产品;纤维作物;用于香水、制药或杀虫、杀真菌或类似用途的植物;甜菜、草料植物及花卉种子;天然橡胶;活的植物，切花和花蕾;未加工的烟草;其他蔬菜原料 > 秸秆和种皮（未加工的，磨碎的，压缩的，或加工成粒的）,,2431.8,gCO2e,5,2012,kg
稻壳燃烧,Rice hull fuel combustion,01913X0022012A,首页 > 农业、林业和水产品 > 农业、园艺和商品园艺产品 > 饲料产品;纤维作物;用于香水、制药或杀虫、杀真菌或类似用途的植物;甜菜、草料植物及花卉种子;天然橡胶;活的植物，切花和花蕾;未加工的烟草;其他蔬菜原料 > 秸秆和种皮（未加工的，磨碎的，压缩的，或加工成粒的）,,2698.96,gCO2e,5,2012,kg
稻壳燃烧,Rice hull fuel combustion,01913X0032012A,首页 > 农业、林业和水产品 > 农业、园艺和商品园艺产品 > 饲料产品;纤维作物;用于香水、制药或杀虫、杀真菌或类似用途的植物;甜菜、草料植物及花卉种子;天然橡胶;活的植物，切花和花蕾;未加工的烟草;其他蔬菜原料 > 秸秆和种皮（未加工的，磨碎的，压缩的，或加工成粒的）,,2614.64,gCO2e,5,2012,kg
玉米芯燃烧,Corn cob fuel combustion,01913X0042012A,首页 > 农业、林业和水产品 > 农业、园艺和商品园艺产品 > 饲料产品;纤维作物;用于香水、制药或杀虫、杀真菌或类似用途的植物;甜菜、草料植物及花卉种子;天然橡胶;活的植物，切花和花蕾;未加工的烟草;其他蔬菜原料 > 秸秆和种皮（未加工的，磨碎的，压缩的，或加工成粒的）,,1771.36,gCO2e,5,2012,kg
玉米芯燃烧,Corn cob fuel combustion,01913X0052012A,首页 > 农业、林业和水产品 > 农业、园艺和商品园艺产品 > 饲料产品;纤维作物;用于香水、制药或杀虫、杀真菌或类似用途的植物;甜菜、草料植物及花卉种子;天然橡胶;活的植物，切花和花蕾;未加工的烟草;其他蔬菜原料 > 秸秆和种皮（未加工的，磨碎的，压缩的，或加工成粒的）,,1867.04,gCO2e,5,2012,kg
玉米芯燃烧,Corn cob fuel combustion,01913X0062012A,首页 > 农业、林业和水产品 > 农业、园艺和商品园艺产品 > 饲料产品;纤维作物;用于香水、制药或杀虫、杀真菌或类似用途的植物;甜菜、草料植物及花卉种子;天然橡胶;活的植物，切花和花蕾;未加工的烟草;其他蔬菜原料 > 秸秆和种皮（未加工的，磨碎的，压缩的，或加工成粒的）,,1880.52,gCO2e,5,2012,kg
玉米秸秆,Maize straw,01913X0072016A,首页 > 农业、林业和水产品 > 农业、园艺和商品园艺产品 > 饲料产品;纤维作物;用于香水、制药或杀虫、杀真菌或类似用途的植物;甜菜、草料植物及花卉种子;天然橡胶;活的植物，切花和花蕾;未加工的烟草;其他蔬菜原料 > 秸秆和种皮（未加工的，磨碎的，压缩的，或加工成粒的）,,0.07,kgCO2e,5,2016,kg
玉米秸秆颗粒燃料,Pellet fuel from corn straw,01913X0012013A,首页 > 农业、林业和水产品 > 农业、园艺和商品园艺产品 > 饲料产品;纤维作物;用于香水、制药或杀虫、杀真菌或类似用途的植物;甜菜、草料植物及花卉种子;天然橡胶;活的植物，切花和花蕾;未加工的烟草;其他蔬菜原料 > 秸秆和种皮（未加工的，磨碎的，压缩的，或加工成粒的）,,10.25,gCO2e,5,2013,MJ
小麦麸皮,Wheat bran,01913X0022015A,首页 > 农业、林业和水产品 > 农业、园艺和商品园艺产品 > 饲料产品;纤维作物;用于香水、制药或杀虫、杀真菌或类似用途的植物;甜菜、草料植物及花卉种子;天然橡胶;活的植物，切花和花蕾;未加工的烟草;其他蔬菜原料 > 秸秆和种皮（未加工的，磨碎的，压缩的，或加工成粒的）,,0.24,kgCO2e,4,2015,kg
小麦秸秆,Wheat straw,01913X0032015A,首页 > 农业、林业和水产品 > 农业、园艺和商品园艺产品 > 饲料产品;纤维作物;用于香水、制药或杀虫、杀真菌或类似用途的植物;甜菜、草料植物及花卉种子;天然橡胶;活的植物，切花和花蕾;未加工的烟草;其他蔬菜原料 > 秸秆和种皮（未加工的，磨碎的，压缩的，或加工成粒的）,,0.083,kgCO2e,4,2015,kg
秸秆颗粒（玉米秸秆能量利用）,stover pellets,01913X0142021C,首页 > 农业、林业和水产品 > 农业、园艺和商品园艺产品 > 饲料产品;纤维作物;用于香水、制药或杀虫、杀真菌或类似用途的植物;甜菜、草料植物及花卉种子;天然橡胶;活的植物，切花和花蕾;未加工的烟草;其他蔬菜原料 > 秸秆和种皮（未加工的，磨碎的，压缩的，或加工成粒的）,,58.04,gCO2e,5,2021,MJ
生咖啡豆,coffee-green,01610X0012013A,首页 > 农业、林业和水产品 > 农业、园艺和商品园艺产品 > 香辛料作物 > 生咖啡豆,,2.76,kgCO2e,5,2013,kg
生咖啡豆,coffee-green,01610X0022008A,首页 > 农业、林业和水产品 > 农业、园艺和商品园艺产品 > 香辛料作物 > 生咖啡豆,,0.57,kgCO2e,4,2008,kg
生咖啡豆,coffee-green,01610X0032008A,首页 > 农业、林业和水产品 > 农业、园艺和商品园艺产品 > 香辛料作物 > 生咖啡豆,,0.41,kgCO2e,5,2008,kg
生咖啡豆,coffee-green,01610X0042008A,首页 > 农业、林业和水产品 > 农业、园艺和商品园艺产品 > 香辛料作物 > 生咖啡豆,,0.49,kgCO2e,5,2008,kg
姜,ginger,01657X0012005A,首页 > 农业、林业和水产品 > 农业、园艺和商品园艺产品 > 香辛料作物 > 生姜,,0.88,kgCO2e,3,2005,kg
绿茶茶叶（山东产）,Green tea (Made in Shandong),01620X0012019A,首页 > 农业、林业和水产品 > 农业、园艺和商品园艺产品 > 香辛料作物 > 茶叶,,30.93,kgCO2e,4,2019,kg
绿茶茶叶（贵州产）,Green tea (Made in Guizhou),01620X0022019A,首页 > 农业、林业和水产品 > 农业、园艺和商品园艺产品 > 香辛料作物 > 茶叶,,30.63,kgCO2e,4,2019,千克
绿茶茶叶（江西产）,Green tea (Made in Jiangxi),01620X0032019A,首页 > 农业、林业和水产品 > 农业、园艺和商品园艺产品 > 香辛料作物 > 茶叶,,29.2,kgCO2e,4,2019,千克
绿茶茶叶（江苏产）,Green tea (Made in Jiangsu),01620X0042019A,首页 > 农业、林业和水产品 > 农业、园艺和商品园艺产品 > 香辛料作物 > 茶叶,,28.87,kgCO2e,4,2019,千克
绿茶茶叶（浙江产）,Green tea (Made in Zhejiang),01620X0052019A,首页 > 农业、林业和水产品 > 农业、园艺和商品园艺产品 > 香辛料作物 > 茶叶,,28.62,kgCO2e,4,2019,千克
绿茶茶叶（安徽产）,Green tea (Made in Anhui),01620X0062019A,首页 > 农业、林业和水产品 > 农业、园艺和商品园艺产品 > 香辛料作物 > 茶叶,,27.04,kgCO2e,4,2019,千克
绿茶茶叶（湖北产）,Green tea (Made in Hubei),01620X0072019A,首页 > 农业、林业和水产品 > 农业、园艺和商品园艺产品 > 香辛料作物 > 茶叶,,25.77,kgCO2e,4,2019,千克
绿茶茶叶（四川产）,Green tea (Made in Sichuan),01620X0082019A,首页 > 农业、林业和水产品 > 农业、园艺和商品园艺产品 > 香辛料作物 > 茶叶,,25.76,kgCO2e,4,2019,千克
绿茶茶叶（山西产）,Green tea (Made in Shanxi),01620X0092019A,首页 > 农业、林业和水产品 > 农业、园艺和商品园艺产品 > 香辛料作物 > 茶叶,,24.15,kgCO2e,4,2019,千克
绿茶茶叶（湖南产）,Green tea (Made in Hunan),01620X0102019A,首页 > 农业、林业和水产品 > 农业、园艺和商品园艺产品 > 香辛料作物 > 茶叶,,22.47,kgCO2e,4,2019,千克
绿茶茶叶（福建产）,Green tea (Made in Fujian),01620X0112019A,首页 > 农业、林业和水产品 > 农业、园艺和商品园艺产品 > 香辛料作物 > 茶叶,,20.42,kgCO2e,4,2019,千克
绿茶茶叶（云南产）,Green tea (Made in Yunnan),01620X0122019A,首页 > 农业、林业和水产品 > 农业、园艺和商品园艺产品 > 香辛料作物 > 茶叶,,20.16,kgCO2e,4,2019,千克
绿茶茶叶（广东产）,Green tea (Made in Guangdong),01620X0132019A,首页 > 农业、林业和水产品 > 农业、园艺和商品园艺产品 > 香辛料作物 > 茶叶,,20,kgCO2e,4,2019,千克
绿茶茶叶（广西产）,Green tea (Made in Guangxi),01620X0142019A,首页 > 农业、林业和水产品 > 农业、园艺和商品园艺产品 > 香辛料作物 > 茶叶,,19.08,kgCO2e,4,2019,千克
绿茶茶叶（河南产）,Green tea (Made in Henan),01620X0152019A,首页 > 农业、林业和水产品 > 农业、园艺和商品园艺产品 > 香辛料作物 > 茶叶,,18.42,kgCO2e,4,2019,千克
绿茶茶叶（重庆产）,Green tea (Made in Chongqing),01620X0162020A,首页 > 农业、林业和水产品 > 农业、园艺和商品园艺产品 > 香辛料作物 > 茶叶,,17.3,kgCO2e,4,2020,千克
绿茶,Green tea-Longjing Tea,01620X0172019A,首页 > 农业、林业和水产品 > 农业、园艺和商品园艺产品 > 香辛料作物 > 茶叶,龙井茶,19.1,kgCO2e,5,2019,kg
绿茶,Green tea,01620X0182019A,首页 > 农业、林业和水产品 > 农业、园艺和商品园艺产品 > 香辛料作物 > 茶叶,武阳春雨茶,59.4,kgCO2e,5,2019,杯
绿茶,Green tea,01620X0192019A,首页 > 农业、林业和水产品 > 农业、园艺和商品园艺产品 > 香辛料作物 > 茶叶,龙井茶,63.5,kgCO2e,5,2019,杯
红茶,Black tea,01620X0202019A,首页 > 农业、林业和水产品 > 农业、园艺和商品园艺产品 > 香辛料作物 > 茶叶,武阳工夫红茶,11,kgCO2e,5,2019,kg
绿茶,Green tea,01620X0212019A,首页 > 农业、林业和水产品 > 农业、园艺和商品园艺产品 > 香辛料作物 > 茶叶,武阳春雨茶,18.3,kgCO2e,5,2019,kg
乌龙茶,oolong tea,01620X0222019A,首页 > 农业、林业和水产品 > 农业、园艺和商品园艺产品 > 香辛料作物 > 茶叶,台湾金坑乌龙茶,36.9,kgCO2e,5,2019,杯
红茶,Black tea,01620X0232019A,首页 > 农业、林业和水产品 > 农业、园艺和商品园艺产品 > 香辛料作物 > 茶叶,武阳工夫红茶,47.4,kgCO2e,5,2019,杯
绿片茶,Green tablets,01620X0242019A,首页 > 农业、林业和水产品 > 农业、园艺和商品园艺产品 > 香辛料作物 > 茶叶,绿片茶,34.5,kgCO2e,5,2019,杯
绿片茶,Green tablets,01620X0252019A,首页 > 农业、林业和水产品 > 农业、园艺和商品园艺产品 > 香辛料作物 > 茶叶,绿片茶,3.9,kgCO2e,5,2019,kg
乌龙茶,oolong tea,01620X0262019A,首页 > 农业、林业和水产品 > 农业、园艺和商品园艺产品 > 香辛料作物 > 茶叶,台湾金坑乌龙茶,6.1,kgCO2e,5,2019,kg
块茎-中国,Tubers-China,01599X0012023A,首页 > 农业、林业和水产品 > 农业、园艺和商品园艺产品 > 高淀粉或高菊粉含量食用块茎 > 其他未另列明的高淀粉或高菊粉含量食用块茎,,0.93,kgCO2e,4,2023,kg
淀粉根-中国,starchy root-China,01599X0022009A,首页 > 农业、林业和水产品 > 农业、园艺和商品园艺产品 > 高淀粉或高菊粉含量食用块茎 > 其他未另列明的高淀粉或高菊粉含量食用块茎,,0.23,kgCO2e,5,2009,kg
淀粉根-中国,starchy root-China,01599X0042009A,首页 > 农业、林业和水产品 > 农业、园艺和商品园艺产品 > 高淀粉或高菊粉含量食用块茎 > 其他未另列明的高淀粉或高菊粉含量食用块茎,,0.2,kgCO2e,4,2009,kg
荞麦粉-中国,Buckwheat Flour-China,01599X0012017A,首页 > 农业、林业和水产品 > 农业、园艺和商品园艺产品 > 高淀粉或高菊粉含量食用块茎 > 其他未另列明的高淀粉或高菊粉含量食用块茎,,1.96,kgCO2e,4,2017,kg
硬质小麦粉-意大利,Durum Wheat Semolina-Italy,01599X0022018A,首页 > 农业、林业和水产品 > 农业、园艺和商品园艺产品 > 高淀粉或高菊粉含量食用块茎 > 其他未另列明的高淀粉或高菊粉含量食用块茎,,0.49,kgCO2e,4,2018,kg
淀粉根-全球平均,Starch root - global average,01599X0032009A,首页 > 农业、林业和水产品 > 农业、园艺和商品园艺产品 > 高淀粉或高菊粉含量食用块茎 > 其他未另列明的高淀粉或高菊粉含量食用块茎,,0.24,kgCO2e,5,2009,kg
木薯,cassava,01520X0012010A,首页 > 农业、林业和水产品 > 农业、园艺和商品园艺产品 > 高淀粉或高菊粉含量食用块茎 > 木薯,,1.4,kgCO2e,4,2010,千卡
甘薯-菲律宾,sweet-potato,01530X0012013A,首页 > 农业、林业和水产品 > 农业、园艺和商品园艺产品 > 高淀粉或高菊粉含量食用块茎 > 甘薯，地瓜，红薯，白薯,,0.23,kgCO2e,5,2013,kg
甘薯-中国,sweet-potato-China,01530X0032011A,首页 > 农业、林业和水产品 > 农业、园艺和商品园艺产品 > 高淀粉或高菊粉含量食用块茎 > 甘薯，地瓜，红薯，白薯,,0.22,kgCO2e,4,2011,kg
甘薯,Sweet potato,01530X0042023C,首页 > 农业、林业和水产品 > 农业、园艺和商品园艺产品 > 高淀粉或高菊粉含量食用块茎 > 甘薯，地瓜，红薯，白薯,,0.632,kgCO2e,5,2023,kg
土豆,potato,01510X0012013A,首页 > 农业、林业和水产品 > 农业、园艺和商品园艺产品 > 高淀粉或高菊粉含量食用块茎 > 马铃薯/土豆,,0.11,kgCO2e,4,2013,kg
土豆-瑞典,potato-Sweden,01510X0072009A,首页 > 农业、林业和水产品 > 农业、园艺和商品园艺产品 > 高淀粉或高菊粉含量食用块茎 > 马铃薯/土豆,,0.19,kgCO2e,4,2009,kg
土豆,potato-UK,01510X0082007A,首页 > 农业、林业和水产品 > 农业、园艺和商品园艺产品 > 高淀粉或高菊粉含量食用块茎 > 马铃薯/土豆,,0.32,kgCO2e,5,2007,kg
土豆,potato-China,01510X0092015A,首页 > 农业、林业和水产品 > 农业、园艺和商品园艺产品 > 高淀粉或高菊粉含量食用块茎 > 马铃薯/土豆,,0.18,kgCO2e,4,2015,kg
土豆,potato-China,01510X0112015A,首页 > 农业、林业和水产品 > 农业、园艺和商品园艺产品 > 高淀粉或高菊粉含量食用块茎 > 马铃薯/土豆,,0.31,kgCO2e,5,2015,kg
土豆,potato-Europe,01510X0122016A,首页 > 农业、林业和水产品 > 农业、园艺和商品园艺产品 > 高淀粉或高菊粉含量食用块茎 > 马铃薯/土豆,,344.4,kgCO2e,4,2016,公吨
土豆,potatoes,01510X0142010A,首页 > 农业、林业和水产品 > 农业、园艺和商品园艺产品 > 高淀粉或高菊粉含量食用块茎 > 马铃薯/土豆,,0.6,kgCO2e,4,2010,千卡
马铃薯,Potatoes,01510X0152020C,首页 > 农业、林业和水产品 > 农业、园艺和商品园艺产品 > 高淀粉或高菊粉含量食用块茎 > 马铃薯/土豆,,2893.42894,kgCO2e,5,2020,公顷
一次性筷子,Disposable Chopsticks,03220X0012014A,首页 > 农业、林业和水产品 > 林业和伐木业制品 > 其他林业制品 > 天然软木（未加工或简单加工）,,4.6,tCO2e,4,2014,公吨
原木,roundwood,10160A0012014A,首页 > 农业、林业和水产品 > 林业和伐木业制品 > 未加工的木材 > 针叶树材,,264.13,kgCO2e,5,2014,m3
原木,roundwood,10160A0022019A,首页 > 农业、林业和水产品 > 林业和伐木业制品 > 未加工的木材 > 针叶树材,,0.15,kgCO2e,4,2019,kg
枕木,crosstie,10160A0122014A,首页 > 农业、林业和水产品 > 林业和伐木业制品 > 未加工的木材 > 针叶树材,,1637,kgCO2e,4,2014,公吨
道格拉斯冷杉颗粒燃料燃烧,Douglas fir wood pellets combustion,03131X0012012A,首页 > 农业、林业和水产品 > 林业和伐木业制品 > 未加工的木材 > 针叶树薪柴,,2212.72,gCO2e,5,2012,kg
道格拉斯冷杉颗粒燃料燃烧,Douglas fir wood pellets combustion,03131X0022012A,首页 > 农业、林业和水产品 > 林业和伐木业制品 > 未加工的木材 > 针叶树薪柴,,1811.6,gCO2e,5,2012,kg
道格拉斯冷杉颗粒燃料燃烧,Douglas fir wood pellets combustion,03131X0032012A,首页 > 农业、林业和水产品 > 林业和伐木业制品 > 未加工的木材 > 针叶树薪柴,,2406.48,gCO2e,5,2012,kg
杨树,Poplar,03120X0012011A,首页 > 农业、林业和水产品 > 林业和伐木业制品 > 未加工的木材 > 非针叶树材,矿物质肥处理,-31.07,kgCO2e,5,2011,公顷·年
杨树,Poplar,03120X0022011A,首页 > 农业、林业和水产品 > 林业和伐木业制品 > 未加工的木材 > 非针叶树材,未施肥处理,137.95,kgCO2e,5,2011,公顷·年
木材-杨树（木质素）,Poplar (lignin),03120X0102011A,首页 > 农业、林业和水产品 > 林业和伐木业制品 > 未加工的木材 > 非针叶树材,,-338.48,kgCO2e,4,2011,1 ha-1 year-1
木材-杨树（矿物质肥+木质素）,Timber - Poplar (mineral fertilizers plus lignin),03120X0122011A,首页 > 农业、林业和水产品 > 林业和伐木业制品 > 未加工的木材 > 非针叶树材,,-212.5,kgCO2e,5,2011,公顷
杨树,Poplar,03120X0042011A,首页 > 农业、林业和水产品 > 林业和伐木业制品 > 未加工的木材 > 非针叶树材,矿物质肥与木质素生产,-212.5,kgCO2e,5,2011,公顷·年
普通锯材,Common sawnwood,10160A0102014A,首页 > 农业、林业和水产品 > 林业和伐木业制品 > 未加工的木材 > 非针叶树材,,1637,kgCO2e,4,2014,m3
特种锯材,Special sawnwood,10160A0112014A,首页 > 农业、林业和水产品 > 林业和伐木业制品 > 未加工的木材 > 非针叶树材,,1637,kgCO2e,4,2014,m3
红橡木薪柴燃烧,Red oak fuel combustion,03132X0012012A,首页 > 农业、林业和水产品 > 林业和伐木业制品 > 未加工的木材 > 非针叶树薪柴,,1593.32,gCO2e,5,2012,kg
红橡木薪柴燃烧,Red oak fuel combustion,03132X0022012A,首页 > 农业、林业和水产品 > 林业和伐木业制品 > 未加工的木材 > 非针叶树薪柴,,1510.44,gCO2e,5,2012,kg
红橡木薪柴燃烧,Red oak fuel combustion,03132X0032012A,首页 > 农业、林业和水产品 > 林业和伐木业制品 > 未加工的木材 > 非针叶树薪柴,,1920.4,gCO2e,5,2012,kg
木炭,Charcoal,03132X0042005A,首页 > 农业、林业和水产品 > 林业和伐木业制品 > 未加工的木材 > 非针叶树薪柴,生物质能,0.18,tCO2e,4,2005,公吨
皮革（牛）,hide（Cow）,02951X0022006A,首页 > 农业、林业和水产品 > 活动物和畜产品（肉除外） > 其他畜产品 > 生牛皮革,,12.3,kgCO2e,4,2006,kg
毛皮鞣制及制品加工,Fur tanned products,02951X0042011A,首页 > 农业、林业和水产品 > 活动物和畜产品（肉除外） > 其他畜产品 > 生牛皮革,,85.6086,tCO2e,5,2011,公吨
成品牛皮-苯胺皮革1.9±0.1mm,aniline leather-1.9±0.1mm,02951X0052011A,首页 > 农业、林业和水产品 > 活动物和畜产品（肉除外） > 其他畜产品 > 生牛皮革,,79.6,kgCO2e,4,2011,平方米
成品牛皮-苯胺皮革1.7±0.1mm,aniline leather-1.7±0.1mm,02951X0072011A,首页 > 农业、林业和水产品 > 活动物和畜产品（肉除外） > 其他畜产品 > 生牛皮革,,74.5,kgCO2e,4,2011,平方米
成品牛皮-苯胺皮革1.5±0.1mm,aniline leather-1.5±0.1mm,02951X0062011A,首页 > 农业、林业和水产品 > 活动物和畜产品（肉除外） > 其他畜产品 > 生牛皮革,,68.4,kgCO2e,4,2011,平方米
蜂蜜,Honey,02910X0012012A,首页 > 农业、林业和水产品 > 活动物和畜产品（肉除外） > 其他畜产品 > 蜂蜜,,2.5,kgCO2e,4,2012,kg
蜂蜜,Honey,02910X0032012A,首页 > 农业、林业和水产品 > 活动物和畜产品（肉除外） > 其他畜产品 > 蜂蜜,,2.17,kgCO2e,4,2012,kg
蜂蜜,Honey,02910X0042012A,首页 > 农业、林业和水产品 > 活动物和畜产品（肉除外） > 其他畜产品 > 蜂蜜,,2.47,kgCO2e,4,2012,kg
蜂蜜,Honey,02910X0052012A,首页 > 农业、林业和水产品 > 活动物和畜产品（肉除外） > 其他畜产品 > 蜂蜜,,2.89,kgCO2e,4,2012,kg
蜂蜜,Honey,02910X0062012A,首页 > 农业、林业和水产品 > 活动物和畜产品（肉除外） > 其他畜产品 > 蜂蜜,,2.47,kgCO2e,4,2012,kg
蜂蜜,Honey,02910X0072012A,首页 > 农业、林业和水产品 > 活动物和畜产品（肉除外） > 其他畜产品 > 蜂蜜,,2.26,kgCO2e,4,2012,kg
蜂蜜,Honey,02910X0082012A,首页 > 农业、林业和水产品 > 活动物和畜产品（肉除外） > 其他畜产品 > 蜂蜜,,2.38,kgCO2e,4,2012,kg
蜂蜜,Honey,02910X0092012A,首页 > 农业、林业和水产品 > 活动物和畜产品（肉除外） > 其他畜产品 > 蜂蜜,,2.48,kgCO2e,4,2012,kg
蜂蜜,Honey,02910X0102012A,首页 > 农业、林业和水产品 > 活动物和畜产品（肉除外） > 其他畜产品 > 蜂蜜,,2.49,kgCO2e,4,2012,kg
蜂蜜,Honey,02910X0112012A,首页 > 农业、林业和水产品 > 活动物和畜产品（肉除外） > 其他畜产品 > 蜂蜜,,2.49,kgCO2e,4,2012,kg
蜂蜜,Honey,02910X0122012A,首页 > 农业、林业和水产品 > 活动物和畜产品（肉除外） > 其他畜产品 > 蜂蜜,,2.5,kgCO2e,4,2012,kg
蜂蜜,Honey,02910X0132012A,首页 > 农业、林业和水产品 > 活动物和畜产品（肉除外） > 其他畜产品 > 蜂蜜,,2.72,kgCO2e,4,2012,kg
蜂蜜,Honey,02910X0142012A,首页 > 农业、林业和水产品 > 活动物和畜产品（肉除外） > 其他畜产品 > 蜂蜜,,2.74,kgCO2e,4,2012,kg
蜂蜜,Honey,02910X0152012A,首页 > 农业、林业和水产品 > 活动物和畜产品（肉除外） > 其他畜产品 > 蜂蜜,,2.5,kgCO2e,4,2012,kg
蜂蜜,Honey,02910X0162012A,首页 > 农业、林业和水产品 > 活动物和畜产品（肉除外） > 其他畜产品 > 蜂蜜,,2.5,kgCO2e,4,2012,kg
蜂蜜,Honey,02910X0172012A,首页 > 农业、林业和水产品 > 活动物和畜产品（肉除外） > 其他畜产品 > 蜂蜜,,2.52,kgCO2e,4,2012,kg
蜂蜜,Honey,02910X0182012A,首页 > 农业、林业和水产品 > 活动物和畜产品（肉除外） > 其他畜产品 > 蜂蜜,,2.5,kgCO2e,4,2012,kg
蜂蜜,Honey,02910X0192012A,首页 > 农业、林业和水产品 > 活动物和畜产品（肉除外） > 其他畜产品 > 蜂蜜,,2.49,kgCO2e,4,2012,kg
蜂蜜-阿根廷,Honey-Argentina,02910X0202012A,首页 > 农业、林业和水产品 > 活动物和畜产品（肉除外） > 其他畜产品 > 蜂蜜,,2.5,kgCO2e,4,2012,kg
蜂蜜-美国,Honey-USA,02910X0212009A,首页 > 农业、林业和水产品 > 活动物和畜产品（肉除外） > 其他畜产品 > 蜂蜜,,0.81,kgCO2e,4,2009,kg
鸭蛋,Duck eggs,02322X0012017A,首页 > 农业、林业和水产品 > 活动物和畜产品（肉除外） > 带壳鲜鸡蛋和其他鸟类的蛋 > 其他蛋类,,3.46,kgCO2e,4,2017,kg
鸽子蛋,Pigeon eggs,02322X0022017A,首页 > 农业、林业和水产品 > 活动物和畜产品（肉除外） > 带壳鲜鸡蛋和其他鸟类的蛋 > 其他蛋类,,3.46,kgCO2e,4,2017,kg
鹅蛋,Goose eggs,02322X0032017A,首页 > 农业、林业和水产品 > 活动物和畜产品（肉除外） > 带壳鲜鸡蛋和其他鸟类的蛋 > 其他蛋类,,3.46,kgCO2e,4,2017,kg
鹌鹑蛋,Quail eggs,02322X0042017A,首页 > 农业、林业和水产品 > 活动物和畜产品（肉除外） > 带壳鲜鸡蛋和其他鸟类的蛋 > 其他蛋类,,3.46,kgCO2e,4,2017,kg
鸡蛋,egg,02312X0012009A,首页 > 农业、林业和水产品 > 活动物和畜产品（肉除外） > 带壳鲜鸡蛋和其他鸟类的蛋 > 鲜鸡蛋（其他用途，如食品加工等）,,5020,kgCO2e,4,2009,公吨
鸡蛋,Egg,02312X0262015A,首页 > 农业、林业和水产品 > 活动物和畜产品（肉除外） > 带壳鲜鸡蛋和其他鸟类的蛋 > 鲜鸡蛋（其他用途，如食品加工等）,,3.46,kgCO2e,4,2015,kg
鸡蛋-四川-家庭饲养,Eggs-Sichuan-Family breeding,02312X0272012A,首页 > 农业、林业和水产品 > 活动物和畜产品（肉除外） > 带壳鲜鸡蛋和其他鸟类的蛋 > 鲜鸡蛋（其他用途，如食品加工等）,,3.7,kgCO2e,4,2012,kg
鸡蛋-四川-规模饲养,Eggs-Sichuan-scale raising,02312X0282012A,首页 > 农业、林业和水产品 > 活动物和畜产品（肉除外） > 带壳鲜鸡蛋和其他鸟类的蛋 > 鲜鸡蛋（其他用途，如食品加工等）,,3.46,kgCO2e,4,2012,kg
鸡蛋-中国,Eggs-China,02312X0292012A,首页 > 农业、林业和水产品 > 活动物和畜产品（肉除外） > 带壳鲜鸡蛋和其他鸟类的蛋 > 鲜鸡蛋（其他用途，如食品加工等）,,3.58,kgCO2e,4,2012,kg
鸡蛋,Egg,02312X0302010A,首页 > 农业、林业和水产品 > 活动物和畜产品（肉除外） > 带壳鲜鸡蛋和其他鸟类的蛋 > 鲜鸡蛋（其他用途，如食品加工等）,,42,kgCO2e,3,2010,百克（100g）
鸡蛋-英国,Eggs-UK,02312X0312013A,首页 > 农业、林业和水产品 > 活动物和畜产品（肉除外） > 带壳鲜鸡蛋和其他鸟类的蛋 > 鲜鸡蛋（其他用途，如食品加工等）,,3.42,tCO2e,4,2013,公吨
鸡蛋-美国,Eggs-USA,02312X0322010A,首页 > 农业、林业和水产品 > 活动物和畜产品（肉除外） > 带壳鲜鸡蛋和其他鸟类的蛋 > 鲜鸡蛋（其他用途，如食品加工等）,,2.08,kgCO2e,4,2010,kg
鸡蛋-澳大利亚,Eggs-Australia,02312X0332011A,首页 > 农业、林业和水产品 > 活动物和畜产品（肉除外） > 带壳鲜鸡蛋和其他鸟类的蛋 > 鲜鸡蛋（其他用途，如食品加工等）,,1.3,kgCO2e,4,2011,kg
石安牧场动福蛋,Animal Welfare Eggs of Shih An Farm,02312X0412021C,首页 > 农业、林业和水产品 > 活动物和畜产品（肉除外） > 带壳鲜鸡蛋和其他鸟类的蛋 > 鲜鸡蛋（其他用途，如食品加工等）,30入纸盘,3.6,kgCO2e,5,2021,盘（30粒）
幸福牧场放山人道鸡蛋,free-range humane eggs of Happy Ranch,02312X0422022C,首页 > 农业、林业和水产品 > 活动物和畜产品（肉除外） > 带壳鲜鸡蛋和其他鸟类的蛋 > 鲜鸡蛋（其他用途，如食品加工等）,10粒入,1.1,kgCO2e,5,2022,盒
鸡蛋黄粉,Egg Yolk Powder,02312X0432024A,首页 > 农业、林业和水产品 > 活动物和畜产品（肉除外） > 带壳鲜鸡蛋和其他鸟类的蛋 > 鲜鸡蛋（其他用途，如食品加工等）,,2.22,kgCO2e,4,2024,kg
水牛,Buffalo,02112X0011996A,首页 > 农业、林业和水产品 > 活动物和畜产品（肉除外） > 活体动物 > 水牛,,1540,kgCO2e,5,1996,头·年
水牛（圈养）,"Buffalo, confined",02112X0022011A,首页 > 农业、林业和水产品 > 活动物和畜产品（肉除外） > 活体动物 > 水牛,,16.51,kgCO2e,4,2011,千克
奶牛,Cows,02111X0011996A,首页 > 农业、林业和水产品 > 活动物和畜产品（肉除外） > 活体动物 > 牛,,1568,kgCO2e,5,1996,头·年
牛,Cattle,02111X0021996A,首页 > 农业、林业和水产品 > 活动物和畜产品（肉除外） > 活体动物 > 牛,,1232,kgCO2e,5,1996,头·年
肉牛-加拿大,Beef Cattle,02111X0032006A,首页 > 农业、林业和水产品 > 活动物和畜产品（肉除外） > 活体动物 > 牛,,9.5,kgCO2e,4,2006,kg
肉牛-美国,Beef cattle - USA,02111X0042006A,首页 > 农业、林业和水产品 > 活动物和畜产品（肉除外） > 活体动物 > 牛,,13.2,kgCO2e,4,2006,kg
肉牛-歐盟,Beef Cattle,02111X0052006A,首页 > 农业、林业和水产品 > 活动物和畜产品（肉除外） > 活体动物 > 牛,,11.6,kgCO2e,4,2006,kg
肉牛-澳洲,Beef Cattle,02111X0062006A,首页 > 农业、林业和水产品 > 活动物和畜产品（肉除外） > 活体动物 > 牛,,12.7,kgCO2e,4,2006,kg
肉牛-巴西,Beef cattle - Brazil,02111X0072006A,首页 > 农业、林业和水产品 > 活动物和畜产品（肉除外） > 活体动物 > 牛,,22.4,kgCO2e,4,2006,kg
粪便管理-奶牛,Manure management-Dairy cattle,02111X0012010A,首页 > 农业、林业和水产品 > 活动物和畜产品（肉除外） > 活体动物 > 牛,,1316,kgCO2e,4,2010,头·年
粪便管理-非奶牛,Manure management-Non-dairy cattle,02111X0022010A,首页 > 农业、林业和水产品 > 活动物和畜产品（肉除外） > 活体动物 > 牛,,182,kgCO2e,4,2010,头·年
猪,Pig,02140X0012010A,首页 > 农业、林业和水产品 > 活动物和畜产品（肉除外） > 活体动物 > 猪,,35,kgCO2e,4,2010,头·年
猪(一只一个笼),Pig in hoop,02140X0022019A,首页 > 农业、林业和水产品 > 活动物和畜产品（肉除外） > 活体动物 > 猪,,5.17,tCO2e,4,2019,公吨
猪(多只一个笼),Pig in confinement,02140X0032019A,首页 > 农业、林业和水产品 > 活动物和畜产品（肉除外） > 活体动物 > 猪,,6.06,tCO2e,4,2019,公吨
猪(一只一个笼),Pig in hoop,02140X0042019A,首页 > 农业、林业和水产品 > 活动物和畜产品（肉除外） > 活体动物 > 猪,,5.24,tCO2e,4,2019,公吨
猪(多只一个笼),Pig in confinement,02140X0052019A,首页 > 农业、林业和水产品 > 活动物和畜产品（肉除外） > 活体动物 > 猪,,6.04,tCO2e,4,2019,公吨
绵羊/山羊,Sheep/Goat,02122X0011996A,首页 > 农业、林业和水产品 > 活动物和畜产品（肉除外） > 活体动物 > 绵羊,,182,kgCO2e,4,1996,头·年
马,Horses,02131X0011996A,首页 > 农业、林业和水产品 > 活动物和畜产品（肉除外） > 活体动物 > 马,,504,kgCO2e,5,1996,头·年
骡/驴,Mules/Asses,02132X0011996A,首页 > 农业、林业和水产品 > 活动物和畜产品（肉除外） > 活体动物 > 驴,,280,kgCO2e,5,1996,头·年
骆驼,Camels,02121X0011996A,首页 > 农业、林业和水产品 > 活动物和畜产品（肉除外） > 活体动物 > 骆驼,,1288,kgCO2e,5,1996,头·年
鸡,Chickens,02151X0012019A,首页 > 农业、林业和水产品 > 活动物和畜产品（肉除外） > 活体动物 > 鸡,,2.03,tCO2e,4,2019,公吨
鸡,Chickens,02151X0022019A,首页 > 农业、林业和水产品 > 活动物和畜产品（肉除外） > 活体动物 > 鸡,,2.22,tCO2e,4,2019,公吨
藤壶-西班牙,Barnacle-Spain,04911X0032013A,首页 > 农业、林业和水产品 > 鱼类和其他水产品 > 其他水产品 > 珊瑚和类似制品，甲壳类动物，软体动物，棘皮动物的壳，墨鱼骨,,5.339,kgCO2e,3,2013,kg
猪笼草-西班牙,Porbeagle-Spain,04912X0012012A,首页 > 农业、林业和水产品 > 鱼类和其他水产品 > 其他水产品 > 野生水生观赏动植物,,11.44,kgCO2e,4,2012,kg
筏式养殖海带,Rafting kelp,04932X0012022A,首页 > 农业、林业和水产品 > 鱼类和其他水产品 > 其他水产品 > 食用养殖海草（新鲜，冷冻，干制，无论是否磨粉）,,-95.92766,kgCO2e,5,2022,公吨
条斑紫菜,Porphyra Yezoensis,04932X0022023C,首页 > 农业、林业和水产品 > 鱼类和其他水产品 > 其他水产品 > 食用养殖海草（新鲜，冷冻，干制，无论是否磨粉）,,1250,kgCO2e,5,2023,100亩
虾,Prawns/Shrimp,04362X0012014A,首页 > 农业、林业和水产品 > 鱼类和其他水产品 > 未冷冻的甲壳类动物 > 其他养殖虾（活体，新鲜，冷藏）,,14.85,kgCO2e,4,2014,kg
大虾/小虾,Prawns/Shrimp,04362X0022009A,首页 > 农业、林业和水产品 > 鱼类和其他水产品 > 未冷冻的甲壳类动物 > 其他养殖虾（活体，新鲜，冷藏）,,5.9,kgCO2e,3,2009,kg
大虾/小虾,Prawns/Shrimp,04362X0032012A,首页 > 农业、林业和水产品 > 鱼类和其他水产品 > 未冷冻的甲壳类动物 > 其他养殖虾（活体，新鲜，冷藏）,,19.47,kgCO2e,4,2012,kg
大虾/小虾,Prawns/Shrimp,04362X0042011A,首页 > 农业、林业和水产品 > 鱼类和其他水产品 > 未冷冻的甲壳类动物 > 其他养殖虾（活体，新鲜，冷藏）,,3.1,kgCO2e,4,2011,kg
大虾/小虾,Prawns/Shrimp,04391X0012007A,首页 > 农业、林业和水产品 > 鱼类和其他水产品 > 未冷冻的甲壳类动物 > 其他野生甲壳类动物（活体，新鲜，冷藏）,,7.76,kgCO2e,4,2007,kg
大虾/小虾,Prawns/Shrimp,04391X0022007A,首页 > 农业、林业和水产品 > 鱼类和其他水产品 > 未冷冻的甲壳类动物 > 其他野生甲壳类动物（活体，新鲜，冷藏）,,35,kgCO2e,4,2007,kg
捕捞甲壳类动物,Crustaceans(capture),04391X0032011A,首页 > 农业、林业和水产品 > 鱼类和其他水产品 > 未冷冻的甲壳类动物 > 其他野生甲壳类动物（活体，新鲜，冷藏）,,7.9,kgCO2e,4,2011,kg
大虾/小虾,Prawns/Shrimp,04361X0012015A,首页 > 农业、林业和水产品 > 鱼类和其他水产品 > 未冷冻的甲壳类动物 > 其他野生虾（活体，新鲜，冷藏）,,7.2,kgCO2e,5,2015,kg
龙虾,Lobster,04361X0022015A,首页 > 农业、林业和水产品 > 鱼类和其他水产品 > 未冷冻的甲壳类动物 > 其他野生虾（活体，新鲜，冷藏）,,7.2,kgCO2e,5,2015,kg
大虾/小虾,Prawns/Shrimp,04361X0032010A,首页 > 农业、林业和水产品 > 鱼类和其他水产品 > 未冷冻的甲壳类动物 > 其他野生虾（活体，新鲜，冷藏）,,3.02,kgCO2e,4,2010,kg
磷虾,Krill,04361X0042012A,首页 > 农业、林业和水产品 > 鱼类和其他水产品 > 未冷冻的甲壳类动物 > 其他野生虾（活体，新鲜，冷藏）,,5.54,kgCO2e,5,2012,kg
 中华绒螯蟹-成蟹,Eriocheir sinensis,04312X0012022C,首页 > 农业、林业和水产品 > 鱼类和其他水产品 > 未冷冻的甲壳类动物 > 养殖螃蟹（活体，新鲜，冷藏）,,11.746,kgCO2e,5,2022,kg
中华绒螯蟹-大眼幼体,Megaeye larva of Eriocheir sinensis,04312X0022022C,首页 > 农业、林业和水产品 > 鱼类和其他水产品 > 未冷冻的甲壳类动物 > 养殖螃蟹（活体，新鲜，冷藏）,,9.885,kgCO2e,5,2022,kg
中华绒螯蟹-扣蟹,Button crab of Eriocheir sinensis,04312X0032022C,首页 > 农业、林业和水产品 > 鱼类和其他水产品 > 未冷冻的甲壳类动物 > 养殖螃蟹（活体，新鲜，冷藏）,,5.914,kgCO2e,5,2022,kg
龙虾,Lobster,04341X0012014A,首页 > 农业、林业和水产品 > 鱼类和其他水产品 > 未冷冻的甲壳类动物 > 野生挪威龙虾（活体，新鲜，冷藏）,,21.74,kgCO2e,4,2014,kg
龙虾,Lobster,04341X0022014A,首页 > 农业、林业和水产品 > 鱼类和其他水产品 > 未冷冻的甲壳类动物 > 野生挪威龙虾（活体，新鲜，冷藏）,,21.74,kgCO2e,4,2014,kg
龙虾,Lobster,04341X0032008A,首页 > 农业、林业和水产品 > 鱼类和其他水产品 > 未冷冻的甲壳类动物 > 野生挪威龙虾（活体，新鲜，冷藏）,,31.7,kgCO2e,5,2008,kg
龙虾,Lobster,04341X0042010A,首页 > 农业、林业和水产品 > 鱼类和其他水产品 > 未冷冻的甲壳类动物 > 野生挪威龙虾（活体，新鲜，冷藏）,,28.3,kgCO2e,4,2010,kg
养殖甲壳类动物,Crustaceans(farmed),04492X0012010A,首页 > 农业、林业和水产品 > 鱼类和其他水产品 > 未冷冻的软体动物 > 其他养殖软体动物（活体，新鲜，冷藏）,,18,kgCO2e,5,2010,kg
贻贝,Mussels,04491X0012008A,首页 > 农业、林业和水产品 > 鱼类和其他水产品 > 未冷冻的软体动物 > 其他野生软体动物（活体，新鲜，冷藏）,,1.92,kgCO2e,3,2008,kg
贻贝,Mussels,04432X0012014A,首页 > 农业、林业和水产品 > 鱼类和其他水产品 > 未冷冻的软体动物 > 养殖贻贝（活体，新鲜，冷藏）,,7.54,kgCO2e,4,2014,kg
贻贝,Mussels,04432X0022010A,首页 > 农业、林业和水产品 > 鱼类和其他水产品 > 未冷冻的软体动物 > 养殖贻贝（活体，新鲜，冷藏）,,0.22,kgCO2e,4,2010,kg
贻贝,Mussels,04432X0032009A,首页 > 农业、林业和水产品 > 鱼类和其他水产品 > 未冷冻的软体动物 > 养殖贻贝（活体，新鲜，冷藏）,,2.54,kgCO2e,5,2009,kg
海水产品-中国,sea aquatics-China,04292X0142023A,首页 > 农业、林业和水产品 > 鱼类和其他水产品 > 活的、鲜的或冷藏的食用鱼 > 其他养殖鱼（活体，新鲜，冷藏）,,0.94,kgCO2e,5,2023,kg
淡水产品-中国,fresh aquatics-China,04292X0152023A,首页 > 农业、林业和水产品 > 鱼类和其他水产品 > 活的、鲜的或冷藏的食用鱼 > 其他养殖鱼（活体，新鲜，冷藏）,,1.05,kgCO2e,5,2023,kg
鱼类,Fish,04292X0012014A,首页 > 农业、林业和水产品 > 鱼类和其他水产品 > 活的、鲜的或冷藏的食用鱼 > 其他养殖鱼（活体，新鲜，冷藏）,,4.41,kgCO2e,4,2014,kg
墨鱼-西班牙,Cuttlefish-Spain,04292X0032010A,首页 > 农业、林业和水产品 > 鱼类和其他水产品 > 活的、鲜的或冷藏的食用鱼 > 其他养殖鱼（活体，新鲜，冷藏）,,3.57,tCO2e,3,2010,公吨
章鱼-西班牙,Octopus-Spain,04292X0042010A,首页 > 农业、林业和水产品 > 鱼类和其他水产品 > 活的、鲜的或冷藏的食用鱼 > 其他养殖鱼（活体，新鲜，冷藏）,,4.11,tCO2e,3,2010,公吨
鱿鱼-西班牙,Squid-Spain,04292X0062010A,首页 > 农业、林业和水产品 > 鱼类和其他水产品 > 活的、鲜的或冷藏的食用鱼 > 其他养殖鱼（活体，新鲜，冷藏）,,3.86,tCO2e,3,2010,公吨
养殖鱼肉,Fish (farmed),04292X0072008A,首页 > 农业、林业和水产品 > 鱼类和其他水产品 > 活的、鲜的或冷藏的食用鱼 > 其他养殖鱼（活体，新鲜，冷藏）,,6,kgCO2e,5,2008,kg
鲶鱼,Catfish,04292X0092011A,首页 > 农业、林业和水产品 > 鱼类和其他水产品 > 活的、鲜的或冷藏的食用鱼 > 其他养殖鱼（活体，新鲜，冷藏）,,8.93,kgCO2e,4,2011,kg
混合鱼,Fish Mixed,04292X0102015A,首页 > 农业、林业和水产品 > 鱼类和其他水产品 > 活的、鲜的或冷藏的食用鱼 > 其他养殖鱼（活体，新鲜，冷藏）,,6.22,kgCO2e,3,2015,kg
混合鱼,Fish Mixed,04292X0112015A,首页 > 农业、林业和水产品 > 鱼类和其他水产品 > 活的、鲜的或冷藏的食用鱼 > 其他养殖鱼（活体，新鲜，冷藏）,,6.22,kgCO2e,3,2015,kg
水产制品,Aquatic Products,04292X0162023B,首页 > 农业、林业和水产品 > 鱼类和其他水产品 > 活的、鲜的或冷藏的食用鱼 > 其他养殖鱼（活体，新鲜，冷藏）,,2.43,kgCO2e,5,2023,kg
鳗鱼,Eel,04291X0012010A,首页 > 农业、林业和水产品 > 鱼类和其他水产品 > 活的、鲜的或冷藏的食用鱼 > 其他野生鱼（活体，新鲜，冷藏）,,3.88,kgCO2e,4,2010,kg
混合鱼类,Fish Mixed,04291X0022010A,首页 > 农业、林业和水产品 > 鱼类和其他水产品 > 活的、鲜的或冷藏的食用鱼 > 其他野生鱼（活体，新鲜，冷藏）,,2.13,kgCO2e,4,2010,kg
叉须鱼,Fork Beard,04291X0032010A,首页 > 农业、林业和水产品 > 鱼类和其他水产品 > 活的、鲜的或冷藏的食用鱼 > 其他野生鱼（活体，新鲜，冷藏）,,8.01,kgCO2e,4,2010,kg
鲱鱼,Herring,04291X0042008A,首页 > 农业、林业和水产品 > 鱼类和其他水产品 > 活的、鲜的或冷藏的食用鱼 > 其他野生鱼（活体，新鲜，冷藏）,,1.12,kgCO2e,3,2008,kg
捕捞鱼肉,Fish (capture）,04291X0052010A,首页 > 农业、林业和水产品 > 鱼类和其他水产品 > 活的、鲜的或冷藏的食用鱼 > 其他野生鱼（活体，新鲜，冷藏）,,2.1,kgCO2e,4,2010,kg
鲱鱼,Herring,04291X0062007A,首页 > 农业、林业和水产品 > 鱼类和其他水产品 > 活的、鲜的或冷藏的食用鱼 > 其他野生鱼（活体，新鲜，冷藏）,,0.47,kgCO2e,3,2007,kg
扁鱼,Flatfis,04291X0072012A,首页 > 农业、林业和水产品 > 鱼类和其他水产品 > 活的、鲜的或冷藏的食用鱼 > 其他野生鱼（活体，新鲜，冷藏）,,11.61,kgCO2e,4,2012,kg
哈克鱼,Hake,04291X0082012A,首页 > 农业、林业和水产品 > 鱼类和其他水产品 > 活的、鲜的或冷藏的食用鱼 > 其他野生鱼（活体，新鲜，冷藏）,,11.85,kgCO2e,4,2012,kg
鮟鱇鱼,Anglerfish,04291X0092012A,首页 > 农业、林业和水产品 > 鱼类和其他水产品 > 活的、鲜的或冷藏的食用鱼 > 其他野生鱼（活体，新鲜，冷藏）,,14.15,kgCO2e,4,2012,kg
鳀鱼,Anchovy,04291X0102014A,首页 > 农业、林业和水产品 > 鱼类和其他水产品 > 活的、鲜的或冷藏的食用鱼 > 其他野生鱼（活体，新鲜，冷藏）,,0.81,kgCO2e,4,2014,kg
凤尾鱼,Anchovy,04291X0112016A,首页 > 农业、林业和水产品 > 鱼类和其他水产品 > 活的、鲜的或冷藏的食用鱼 > 其他野生鱼（活体，新鲜，冷藏）,,0.29,kgCO2e,4,2016,kg
菱形鱼-西班牙,Ling-Spain,04291X0012012A,首页 > 农业、林业和水产品 > 鱼类和其他水产品 > 活的、鲜的或冷藏的食用鱼 > 其他野生鱼（活体，新鲜，冷藏）,,9.77,kgCO2e,4,2012,kg
鲭鱼-西班牙,Mackerel-Spain,04291X0022012A,首页 > 农业、林业和水产品 > 鱼类和其他水产品 > 活的、鲜的或冷藏的食用鱼 > 其他野生鱼（活体，新鲜，冷藏）,,2.46,kgCO2e,4,2012,kg
鲭鱼-挪威,Mackerel-Norway,04291X0032009A,首页 > 农业、林业和水产品 > 鱼类和其他水产品 > 活的、鲜的或冷藏的食用鱼 > 其他野生鱼（活体，新鲜，冷藏）,,1.92,kgCO2e,4,2009,kg
鲭鱼-丹麦,Mackerel-Denmark,04291X0042011A,首页 > 农业、林业和水产品 > 鱼类和其他水产品 > 活的、鲜的或冷藏的食用鱼 > 其他野生鱼（活体，新鲜，冷藏）,,5.45,kgCO2e,4,2011,kg
鲭鱼-西班牙,Megrim-Spain,04291X0052012A,首页 > 农业、林业和水产品 > 鱼类和其他水产品 > 活的、鲜的或冷藏的食用鱼 > 其他野生鱼（活体，新鲜，冷藏）,,14.15,kgCO2e,4,2012,kg
鲳鱼-西班牙,Pomfret-Spain,04291X0062012A,首页 > 农业、林业和水产品 > 鱼类和其他水产品 > 活的、鲜的或冷藏的食用鱼 > 其他野生鱼（活体，新鲜，冷藏）,,9.77,kgCO2e,4,2012,kg
海鲈鱼-菲律宾,Sea-Bass-Philippines,04291X0072008A,首页 > 农业、林业和水产品 > 鱼类和其他水产品 > 活的、鲜的或冷藏的食用鱼 > 其他野生鱼（活体，新鲜，冷藏）,,3.74,kgCO2e,4,2008,kg
鳎目鱼-丹麦,Sole-Denmark,04291X0082010A,首页 > 农业、林业和水产品 > 鱼类和其他水产品 > 活的、鲜的或冷藏的食用鱼 > 其他野生鱼（活体，新鲜，冷藏）,,5.4,kgCO2e,4,2010,kg
哈克鱼(鱼条)-智利,Fish Stick -Chile,04291X0092013A,首页 > 农业、林业和水产品 > 鱼类和其他水产品 > 活的、鲜的或冷藏的食用鱼 > 其他野生鱼（活体，新鲜，冷藏）,,2.26,kgCO2e,4,2013,kg
鲱鱼-挪威,Herring-Norway,04291X0102009A,首页 > 农业、林业和水产品 > 鱼类和其他水产品 > 活的、鲜的或冷藏的食用鱼 > 其他野生鱼（活体，新鲜，冷藏）,,1.19,kgCO2e,4,2009,kg
鲱鱼-丹麦,Herring-Denmark,04291X0112010A,首页 > 农业、林业和水产品 > 鱼类和其他水产品 > 活的、鲜的或冷藏的食用鱼 > 其他野生鱼（活体，新鲜，冷藏）,,1.65,kgCO2e,4,2010,kg
鲭鱼-丹麦,Mackerel-Denmark,04291X0122010A,首页 > 农业、林业和水产品 > 鱼类和其他水产品 > 活的、鲜的或冷藏的食用鱼 > 其他野生鱼（活体，新鲜，冷藏）,,0.84,kgCO2e,4,2010,kg
鲭鱼-挪威,Mackerel-Norway,04291X0132009A,首页 > 农业、林业和水产品 > 鱼类和其他水产品 > 活的、鲜的或冷藏的食用鱼 > 其他野生鱼（活体，新鲜，冷藏）,,1.25,kgCO2e,4,2009,kg
混合鱼-挪威,Mixed Fish-Norway,04291X0142010A,首页 > 农业、林业和水产品 > 鱼类和其他水产品 > 活的、鲜的或冷藏的食用鱼 > 其他野生鱼（活体，新鲜，冷藏）,,1.04,kgCO2e,4,2010,kg
扁鱼-丹麦,Flatfish-Denmark,04232X0012006A,首页 > 农业、林业和水产品 > 鱼类和其他水产品 > 活的、鲜的或冷藏的食用鱼 > 养殖比目鱼（活体，新鲜，冷藏）,,1.2,kgCO2e,4,2006,kg
鲤鱼,Carp,04212X0012013A,首页 > 农业、林业和水产品 > 鱼类和其他水产品 > 活的、鲜的或冷藏的食用鱼 > 养殖淡水鱼（活体，新鲜，冷藏）,,1.8,kgCO2e,4,2013,kg
三文鱼-挪威,Salmon-Norway,04222X0012009A,首页 > 农业、林业和水产品 > 鱼类和其他水产品 > 活的、鲜的或冷藏的食用鱼 > 养殖鲑鱼类（活体，新鲜，冷藏）,三文鱼,3.33,kgCO2e,3,2009,kg
三文鱼-阿拉斯加,Salmon-Alaska,04222X0022010A,首页 > 农业、林业和水产品 > 鱼类和其他水产品 > 活的、鲜的或冷藏的食用鱼 > 养殖鲑鱼类（活体，新鲜，冷藏）,三文鱼,0.4842,kgCO2e,4,2010,kg
三文鱼-中国,Salmon-China,04222X0032010A,首页 > 农业、林业和水产品 > 鱼类和其他水产品 > 活的、鲜的或冷藏的食用鱼 > 养殖鲑鱼类（活体，新鲜，冷藏）,三文鱼,0.7186,kgCO2e,4,2010,kg
冷冻金枪鱼-地区平均,Tuna-average,04251X0032005A,首页 > 农业、林业和水产品 > 鱼类和其他水产品 > 活的、鲜的或冷藏的食用鱼 > 野生金枪鱼，鲣鱼（活体，新鲜，冷藏）,,1.8,tCO2e,3,2005,公吨
冷冻金枪鱼-太平洋,Tuna In Can-Pacific Ocean,04251X0042005A,首页 > 农业、林业和水产品 > 鱼类和其他水产品 > 活的、鲜的或冷藏的食用鱼 > 野生金枪鱼，鲣鱼（活体，新鲜，冷藏）,,2.2,tCO2e,3,2005,公吨
冷冻金枪鱼-大西洋,Tuna-Atlantic Ocean,04251X0052005A,首页 > 农业、林业和水产品 > 鱼类和其他水产品 > 活的、鲜的或冷藏的食用鱼 > 野生金枪鱼，鲣鱼（活体，新鲜，冷藏）,,1.6,tCO2e,3,2005,公吨
冷冻金枪鱼-印度洋,Tuna-Indian Ocean,04251X0072005A,首页 > 农业、林业和水产品 > 鱼类和其他水产品 > 活的、鲜的或冷藏的食用鱼 > 野生金枪鱼，鲣鱼（活体，新鲜，冷藏）,,1.7,tCO2e,3,2005,公吨
金枪鱼-西班牙,Tuna-Spain,04251X0012012A,首页 > 农业、林业和水产品 > 鱼类和其他水产品 > 活的、鲜的或冷藏的食用鱼 > 野生金枪鱼，鲣鱼（活体，新鲜，冷藏）,,11.44,kgCO2e,4,2012,kg
三文鱼-澳大利亚,Salmon-Australia,04221X0012015A,首页 > 农业、林业和水产品 > 鱼类和其他水产品 > 活的、鲜的或冷藏的食用鱼 > 野生鲑鱼类（活体，新鲜，冷藏）,,1.11,kgCO2e,4,2015,kg
鳟鱼-英国,Trout-UK,04221X0022007A,首页 > 农业、林业和水产品 > 鱼类和其他水产品 > 活的、鲜的或冷藏的食用鱼 > 野生鲑鱼类（活体，新鲜，冷藏）,,3.02,kgCO2e,4,2007,kg
白鲑-西班牙,Whiting-Spain,04221X0032012A,首页 > 农业、林业和水产品 > 鱼类和其他水产品 > 活的、鲜的或冷藏的食用鱼 > 野生鲑鱼类（活体，新鲜，冷藏）,,3.79,kgCO2e,4,2012,kg
鳕鱼,Cod,04241X0012007A,首页 > 农业、林业和水产品 > 鱼类和其他水产品 > 活的、鲜的或冷藏的食用鱼 > 野生鳕形目（活体，新鲜，冷藏）,,5.25,kgCO2e,3,2007,kg
鳕鱼,Cod,04241X0022011A,首页 > 农业、林业和水产品 > 鱼类和其他水产品 > 活的、鲜的或冷藏的食用鱼 > 野生鳕形目（活体，新鲜，冷藏）,,3.15,kgCO2e,4,2011,kg
狭鳕-瑞典,Pollock-Sweden,04241X0012009A,首页 > 农业、林业和水产品 > 鱼类和其他水产品 > 活的、鲜的或冷藏的食用鱼 > 野生鳕形目（活体，新鲜，冷藏）,,1.2,kgCO2e,3,2009,kg
鳕鱼-丹麦,Cod-Denmark,04241X0032011A,首页 > 农业、林业和水产品 > 鱼类和其他水产品 > 活的、鲜的或冷藏的食用鱼 > 野生鳕形目（活体，新鲜，冷藏）,,5.3,kgCO2e,4,2011,kg
黑线鳕-挪威,Haddock-Norway,04241X0032009A,首页 > 农业、林业和水产品 > 鱼类和其他水产品 > 活的、鲜的或冷藏的食用鱼 > 野生鳕形目（活体，新鲜，冷藏）,,3.72,kgCO2e,4,2009,kg
鲨鱼-西班牙,Shark-Spain,04191X0012012A,首页 > 农业、林业和水产品 > 鱼类和其他水产品 > 非食用活鱼 > 其他野生鱼类（非食用，繁殖或饲料用途）,,11.44,kgCO2e,4,2012,kg
大型电力项目,Electrical items - large,83324X0012021A,首页 > 商业和生产服务 > 其他专业、技术和商业服务（研究、开发、法律、会计服务除外） > 工程服务 > 电力项目工程服务,,3267,kgCO2e,4,2021,公吨
小型电力IT项目,Electrical items - IT,83324X0022021A,首页 > 商业和生产服务 > 其他专业、技术和商业服务（研究、开发、法律、会计服务除外） > 工程服务 > 电力项目工程服务,,24865.48,kgCO2e,4,2021,公吨
小型电力项目,Electrical items - small,83324X0032021A,首页 > 商业和生产服务 > 其他专业、技术和商业服务（研究、开发、法律、会计服务除外） > 工程服务 > 电力项目工程服务,,5467.95,kgCO2e,3,2021,公吨
鸡粪堆肥-规模养鸡场,Chicken manure composting - scale chicken farms,86122X0022016A,首页 > 商业和生产服务 > 农业、狩猎、林业、渔业、矿业及公用事业的支助和运营服务 > 农业、狩猎、林业、渔业的支助和运营服务 > 畜牧业的支助服务,,134.973,gCO2e,5,2016,千克
城市水供应的温室气体总排放,Total GHG emissions in urban water supply,86330X0012011A,首页 > 商业和生产服务 > 农业、狩猎、林业、渔业、矿业及公用事业的支助和运营服务 > 水、电、气分配的支助和运营服务 > 通过主要管道的水分配服务（在收费或合同基础上）,,0.213,kgCO2e,4,2011,m3
城市供水的GHG排放,GHG emissions for urban water supply,86330X0032011A,首页 > 商业和生产服务 > 农业、狩猎、林业、渔业、矿业及公用事业的支助和运营服务 > 水、电、气分配的支助和运营服务 > 通过主要管道的水分配服务（在收费或合同基础上）,,0.213,kgCO2e,4,2011,m3
水供应,water supply,86330X0042020A,首页 > 商业和生产服务 > 农业、狩猎、林业、渔业、矿业及公用事业的支助和运营服务 > 水、电、气分配的支助和运营服务 > 通过主要管道的水分配服务（在收费或合同基础上）,,0.149,kgCO2e,4,2020,m3
北京工业园区建设建筑给排水,Water supply and drainage of Beijing Industrial Park（BWSD）,86330X0052010A,首页 > 商业和生产服务 > 农业、狩猎、林业、渔业、矿业及公用事业的支助和运营服务 > 水、电、气分配的支助和运营服务 > 通过主要管道的水分配服务（在收费或合同基础上）,,5.29,kgCO2e,4,2010,平方米
北京工业园区建设市政供水和排水,Construction of municipal water supply and drainage in Beijing Industrial Park（MWSD）,86330X0062010A,首页 > 商业和生产服务 > 农业、狩猎、林业、渔业、矿业及公用事业的支助和运营服务 > 水、电、气分配的支助和运营服务 > 通过主要管道的水分配服务（在收费或合同基础上）,,1.68,kgCO2e,4,2010,平方米
北京工业园区绿化用水,Green water in Beijing Industrial Park,86330X0072010A,首页 > 商业和生产服务 > 农业、狩猎、林业、渔业、矿业及公用事业的支助和运营服务 > 水、电、气分配的支助和运营服务 > 通过主要管道的水分配服务（在收费或合同基础上）,,29.98,kgCO2e,4,2010,平方米
成都市供水,Chengdu Water Supply,86330X0092019C,首页 > 商业和生产服务 > 农业、狩猎、林业、渔业、矿业及公用事业的支助和运营服务 > 水、电、气分配的支助和运营服务 > 通过主要管道的水分配服务（在收费或合同基础上）,,0.06,kgCO2e,5,2019,公吨
纸箱板,Linerboard,88329X0012015A,首页 > 商业和生产服务 > 对他人拥有的有形投入进行的制造服务 > 木材和纸的制造服务 > 其他纸制品制造服务,,1763.42,kgCO2e,5,2015,公吨
纸板,Paper and board: board,88321X0012021A,首页 > 商业和生产服务 > 对他人拥有的有形投入进行的制造服务 > 木材和纸的制造服务 > 木浆、纸、硬纸板制造服务,,821.23,kgCO2e,4,2021,公吨
纸和纸板混合物,Paper and board: mixed,88321X0022021A,首页 > 商业和生产服务 > 对他人拥有的有形投入进行的制造服务 > 木材和纸的制造服务 > 木浆、纸、硬纸板制造服务,,881.19,kgCO2e,4,2021,公吨
纸,Paper and board: paper,88321X0032021A,首页 > 商业和生产服务 > 对他人拥有的有形投入进行的制造服务 > 木材和纸的制造服务 > 木浆、纸、硬纸板制造服务,,919.4,kgCO2e,4,2021,公吨
碳负极,Carbon negative electrode,88539X0012007A,首页 > 商业和生产服务 > 对他人拥有的有形投入进行的制造服务 > 橡胶、塑料和其他非金属矿物制品制造服务 > 未另列明的其他非金属矿物制品制造服务,,24.5,kgCO2e,5,2007,公吨
碳阳极,Carbon anode,88539X0022013A,首页 > 商业和生产服务 > 对他人拥有的有形投入进行的制造服务 > 橡胶、塑料和其他非金属矿物制品制造服务 > 未另列明的其他非金属矿物制品制造服务,,376,kgCO2e,4,2013,公吨
炭黑,carbon black,88539X0032011A,首页 > 商业和生产服务 > 对他人拥有的有形投入进行的制造服务 > 橡胶、塑料和其他非金属矿物制品制造服务 > 未另列明的其他非金属矿物制品制造服务,,2.12,kgCO2e,4,2011,公吨
炭黑粉,Carbon Black,88539X0052014A,首页 > 商业和生产服务 > 对他人拥有的有形投入进行的制造服务 > 橡胶、塑料和其他非金属矿物制品制造服务 > 未另列明的其他非金属矿物制品制造服务,,3.176,kgCO2e,4,2014,kg
国内某南方炼厂汽油,gasoline,88412X0012018A,首页 > 商业和生产服务 > 对他人拥有的有形投入进行的制造服务 > 石油制品、化学品和药品制造服务 > 精炼石油制品制造服务,,3.7437,tCO2e,5,2018,公吨
纯棉夹克衫,Cotton jacket,88223X0012010A,首页 > 商业和生产服务 > 对他人拥有的有形投入进行的制造服务 > 纺织品、服装和皮革制品的制造服务 > 针织或钩编服装制造服务,,8.77,kgCO2e,5,2010,件
泳衣,swimwear,88223X0022010A,首页 > 商业和生产服务 > 对他人拥有的有形投入进行的制造服务 > 纺织品、服装和皮革制品的制造服务 > 针织或钩编服装制造服务,,8.58,tCO2e,4,2010,公吨
再生涤纶羊毛,recycled polyester wool,88223X0032018A,首页 > 商业和生产服务 > 对他人拥有的有形投入进行的制造服务 > 纺织品、服装和皮革制品的制造服务 > 针织或钩编服装制造服务,,20,kgCO2e,3,2018,件
腈纶毛衣,acrylic sweater,88223X0062018A,首页 > 商业和生产服务 > 对他人拥有的有形投入进行的制造服务 > 纺织品、服装和皮革制品的制造服务 > 针织或钩编服装制造服务,,23,kgCO2e,3,2018,件
红色腈纶童夹克衫,Red acrylic jacket,88223X0072011A,首页 > 商业和生产服务 > 对他人拥有的有形投入进行的制造服务 > 纺织品、服装和皮革制品的制造服务 > 针织或钩编服装制造服务,,10.0782,kgCO2e,4,2011,件
牛仔上衣,Denim jacket,88223X0082021A,首页 > 商业和生产服务 > 对他人拥有的有形投入进行的制造服务 > 纺织品、服装和皮革制品的制造服务 > 针织或钩编服装制造服务,,8,kgCO2e,5,2021,件
牛仔裤,Jeans,88223X0092017A,首页 > 商业和生产服务 > 对他人拥有的有形投入进行的制造服务 > 纺织品、服装和皮革制品的制造服务 > 针织或钩编服装制造服务,,16.42,kgCO2e,5,2017,件
五袋牛仔裤,jeans,88223X0102017A,首页 > 商业和生产服务 > 对他人拥有的有形投入进行的制造服务 > 纺织品、服装和皮革制品的制造服务 > 针织或钩编服装制造服务,,9.84,kgCO2e,5,2017,条
棉质牛仔裤,Denim clothing,88223X0112018A,首页 > 商业和生产服务 > 对他人拥有的有形投入进行的制造服务 > 纺织品、服装和皮革制品的制造服务 > 针织或钩编服装制造服务,,20,kgCO2e,3,2018,条
羊毛衫,cardigan,88223X0122018A,首页 > 商业和生产服务 > 对他人拥有的有形投入进行的制造服务 > 纺织品、服装和皮革制品的制造服务 > 针织或钩编服装制造服务,,49,kgCO2e,3,2018,件
传感器,transducer/sensor,88754X0022021A,首页 > 商业和生产服务 > 对他人拥有的有形投入进行的制造服务 > 金属制品、机械和设备的制造服务 > 其他电子产品和电线制造服务,ECW-Sensor-SOF-868 室温传感器,8.1,kgCO2e,5,2021,台
室温传感器,Room temperature sensor,88744X0012022A,首页 > 商业和生产服务 > 对他人拥有的有形投入进行的制造服务 > 金属制品、机械和设备的制造服务 > 消费类电子产品制造服务,ECW-Sensor-SOF-868,8.1,kgCO2e,4,2022,台
苹果手机,mobile phone,88744X0032016B,首页 > 商业和生产服务 > 对他人拥有的有形投入进行的制造服务 > 金属制品、机械和设备的制造服务 > 消费类电子产品制造服务,32G iphone 7 black,41.01,kgCO2e,5,2016,台
印刷电路板,Printed Circuit Board,88741X0012022B,首页 > 商业和生产服务 > 对他人拥有的有形投入进行的制造服务 > 金属制品、机械和设备的制造服务 > 电子产品零件和电路板制造服务,,0.0376,tCO2e,4,2022,平方米
桌上型主机-美国地区,desktops-US,88742X0012010A,首页 > 商业和生产服务 > 对他人拥有的有形投入进行的制造服务 > 金属制品、机械和设备的制造服务 > 电脑及其外设制造服务,Dell OptiPlex 780 desktops,800,kgCO2e,4,2010,台
桌上型主机-欧洲地区,desktops-Europe,88742X0022010A,首页 > 商业和生产服务 > 对他人拥有的有形投入进行的制造服务 > 金属制品、机械和设备的制造服务 > 电脑及其外设制造服务,Dell OptiPlex 780 desktops,720,kgCO2e,4,2010,台
桌上型主机-澳洲地区,desktops-Australia,88742X0032010A,首页 > 商业和生产服务 > 对他人拥有的有形投入进行的制造服务 > 金属制品、机械和设备的制造服务 > 电脑及其外设制造服务,Dell OptiPlex 780 desktops,1230,kgCO2e,4,2010,台
猪饲料,pig feed,88170X0012022A,首页 > 商业和生产服务 > 对他人拥有的有形投入进行的制造服务 > 食品、饮料和烟草制造服务 > 动物饲料制造服务,,1120.97,kgCO2e,5,2022,公吨
鸡板油,Chicken fat,88140X0012025A,首页 > 商业和生产服务 > 对他人拥有的有形投入进行的制造服务 > 食品、饮料和烟草制造服务 > 植物和动物脂肪制造服务,,7.76,kgCO2e,5,2025,kg
小麦粉-中国,Wheat Flour-China,88166X0012017A,首页 > 商业和生产服务 > 对他人拥有的有形投入进行的制造服务 > 食品、饮料和烟草制造服务 > 通心粉、面条、蒸粗麦粉和类似面粉制品制造服务,,1.07,kgCO2e,4,2017,kg
燕麦粉-英国,Oatmeal Flour-UK,88166X0022009A,首页 > 商业和生产服务 > 对他人拥有的有形投入进行的制造服务 > 食品、饮料和烟草制造服务 > 通心粉、面条、蒸粗麦粉和类似面粉制品制造服务,,0.74,kgCO2e,4,2009,kg
小麦粉-澳大利亚,Wheat Flour-Australia,88166X0032010A,首页 > 商业和生产服务 > 对他人拥有的有形投入进行的制造服务 > 食品、饮料和烟草制造服务 > 通心粉、面条、蒸粗麦粉和类似面粉制品制造服务,,0.54,kgCO2e,4,2010,kg
小麦粉-欧洲,Wheat Flour-Europe,88166X0042016A,首页 > 商业和生产服务 > 对他人拥有的有形投入进行的制造服务 > 食品、饮料和烟草制造服务 > 通心粉、面条、蒸粗麦粉和类似面粉制品制造服务,,0.79,kgCO2e,4,2016,kg
局域网云数据传输,LAN cloud data transmission,84150X0012011A,首页 > 商业和生产服务 > 电信、广播和信息提供服务 > 电话通讯和其他电信服务 > 数据传输服务,,21.1,kgCO2e,3,2011,小时
局域网云数据传输-高负荷,LAN cloud data transmission-heavy load,84150X0022011A,首页 > 商业和生产服务 > 电信、广播和信息提供服务 > 电话通讯和其他电信服务 > 数据传输服务,,23.35,kgCO2e,3,2011,小时
局域网云数据传输-低负荷,LAN cloud data transmission- light load,84150X0032011A,首页 > 商业和生产服务 > 电信、广播和信息提供服务 > 电话通讯和其他电信服务 > 数据传输服务,,16.75,kgCO2e,3,2011,小时
VPC网关,VPC gateway,84150X0042011A,首页 > 商业和生产服务 > 电信、广播和信息提供服务 > 电话通讯和其他电信服务 > 数据传输服务,,7.45,kgCO2e,3,2011,小时
VPC网关-高负荷,VPC gateway-heavy load,84150X0052011A,首页 > 商业和生产服务 > 电信、广播和信息提供服务 > 电话通讯和其他电信服务 > 数据传输服务,,10.61,kgCO2e,3,2011,小时
VPC网关-低负荷,VPC gateway-light load,84150X0062011A,首页 > 商业和生产服务 > 电信、广播和信息提供服务 > 电话通讯和其他电信服务 > 数据传输服务,,3.2,kgCO2e,3,2011,小时
广域网云数据传输,WAN cloud data transmission,84150X0072021A,首页 > 商业和生产服务 > 电信、广播和信息提供服务 > 电话通讯和其他电信服务 > 数据传输服务,,0.042,kgCO2e,3,2021,吉字节
5G网数据传输,5G RAN data transmission,84150X0082021A,首页 > 商业和生产服务 > 电信、广播和信息提供服务 > 电话通讯和其他电信服务 > 数据传输服务,,7.8,kgCO2e,3,2021,小时
云服务器,Cloud Server,84150X0092021A,首页 > 商业和生产服务 > 电信、广播和信息提供服务 > 电话通讯和其他电信服务 > 数据传输服务,,0.142,kgCO2e,3,2021,小时
云数据传输,Cloud data transmission,84150X0102020A,首页 > 商业和生产服务 > 电信、广播和信息提供服务 > 电话通讯和其他电信服务 > 数据传输服务,,0.58,kgCO2e,4,2020,吉字节
云数据传输,Cloud data transmission,84150X0112016A,首页 > 商业和生产服务 > 电信、广播和信息提供服务 > 电话通讯和其他电信服务 > 数据传输服务,,0.29,kgCO2e,4,2016,吉字节
云数据传输,Cloud data transmission,84150X0122017A,首页 > 商业和生产服务 > 电信、广播和信息提供服务 > 电话通讯和其他电信服务 > 数据传输服务,,0.035,kgCO2e,4,2017,吉字节
高速公路,superhighway,54211X0012022A,首页 > 建筑和建筑服务 > 建筑服务 > 土木工程的一般建筑服务 > 公路（高架公路除外）、街道、道路的一般建筑服务,,16355,tCO2e,4,2022,千米
高速公路（水泥混凝土路面）,Highway (cement concrete pavement),54211X0032020C,首页 > 建筑和建筑服务 > 建筑服务 > 土木工程的一般建筑服务 > 公路（高架公路除外）、街道、道路的一般建筑服务,,2197.83,tCO2e,5,2020,每千米4车道
焊接-电阻点焊,Welding - Resistance Spot Welding,54699X0012025C,首页 > 建筑和建筑服务 > 建筑服务 > 安装服务 > 其他未另列明的安装服务,,0.025,kgCO2e,5,2025,个
焊接-二氧化碳气体保护焊,Welding - carbon dioxide shielded gas welding,54699X0022025C,首页 > 建筑和建筑服务 > 建筑服务 > 安装服务 > 其他未另列明的安装服务,,0.016,kgCO2e,5,2025,个
焊接-弧焊,Welding - arc welding,54699X0032025C,首页 > 建筑和建筑服务 > 建筑服务 > 安装服务 > 其他未另列明的安装服务,,0.029,kgCO2e,5,2025,个
焊接-钎焊,Welding - metallurgy,54699X0042025C,首页 > 建筑和建筑服务 > 建筑服务 > 安装服务 > 其他未另列明的安装服务,,0.011,kgCO2e,5,2025,米
焊接-激光焊,Welding - laser welding,54699X0052025C,首页 > 建筑和建筑服务 > 建筑服务 > 安装服务 > 其他未另列明的安装服务,,0.085,kgCO2e,5,2025,米
涂装-电泳工序,Coating - Electrophoresis process,54699X0062025C,首页 > 建筑和建筑服务 > 建筑服务 > 安装服务 > 其他未另列明的安装服务,,0.256,kgCO2e,5,2025,平方米
涂装-中涂工序,Coating - Medium Coating Process,54699X0072025C,首页 > 建筑和建筑服务 > 建筑服务 > 安装服务 > 其他未另列明的安装服务,,1.463,kgCO2e,5,2025,平方米
涂装-色漆工序,Coating - Color coating proce,54699X0082025C,首页 > 建筑和建筑服务 > 建筑服务 > 安装服务 > 其他未另列明的安装服务,,0.803,kgCO2e,5,2025,平方米
涂装-清漆工序,Coating - varnishing process,54699X0092025C,首页 > 建筑和建筑服务 > 建筑服务 > 安装服务 > 其他未另列明的安装服务,,0.999,kgCO2e,5,2025,平方米
冲压-以重量计,Stamping - by weight,54699X0102025C,首页 > 建筑和建筑服务 > 建筑服务 > 安装服务 > 其他未另列明的安装服务,,0.213,kgCO2e,5,2025,kg
冲压-以整车计,Stamping - by whole car,54699X0112025C,首页 > 建筑和建筑服务 > 建筑服务 > 安装服务 > 其他未另列明的安装服务,,76.58,kgCO2e,5,2025,辆
总装,Final assembly,54699X0122025C,首页 > 建筑和建筑服务 > 建筑服务 > 安装服务 > 其他未另列明的安装服务,,33.96,kgCO2e,5,2025,辆
焊接-不区分工艺,Welding - no distinction between processes,54699X0132025C,首页 > 建筑和建筑服务 > 建筑服务 > 安装服务 > 其他未另列明的安装服务,,87.25,kgCO2e,5,2025,辆
涂装-不区分工艺,Coating - no distinction between processes,54699X0142025C,首页 > 建筑和建筑服务 > 建筑服务 > 安装服务 > 其他未另列明的安装服务,,191.8,kgCO2e,5,2025,辆
住宅建筑,Residential Building,54111X0012021A,首页 > 建筑和建筑服务 > 建筑服务 > 建筑物的一般建筑服务 > 一两幢住宅建筑物的一般建筑服务,,659609.2,tCO2e,5,2021,1建筑楼
一般施工,Average construction,54112X0012021A,首页 > 建筑和建筑服务 > 建筑服务 > 建筑物的一般建筑服务 > 多幢住宅建筑物的一般建筑服务,,79.97,kgCO2e,4,2021,公吨
住宅建筑,building,54112X0012012A,首页 > 建筑和建筑服务 > 建筑服务 > 建筑物的一般建筑服务 > 多幢住宅建筑物的一般建筑服务,,717470.18,kgCO2e,4,2012,平方米
水性涂料,Water paint,54750X0012013A,首页 > 建筑和建筑服务 > 建筑服务 > 建筑物竣工和整饰服务 > 其他地面铺设、墙面涂料及贴壁纸服务,,1.2,kgCO2e,5,2013,kg
涂料,Paint,54750X0022002A,首页 > 建筑和建筑服务 > 建筑服务 > 建筑物竣工和整饰服务 > 其他地面铺设、墙面涂料及贴壁纸服务,,0.89,kgCO2e,5,2002,kg
质感型装饰涂料,Textured decorative coatings,54750X0052015A,首页 > 建筑和建筑服务 > 建筑服务 > 建筑物竣工和整饰服务 > 其他地面铺设、墙面涂料及贴壁纸服务,,328.84,kgCO2e,5,2015,公吨
瓷质砖,porcelain tile,54740X0012021B,首页 > 建筑和建筑服务 > 建筑服务 > 建筑物竣工和整饰服务 > 地面和墙面贴砖服务,,25.1,kgCO2e,3,2021,平方米
煤矸石实心砖,coal gangue brick,54740X0022019C,首页 > 建筑和建筑服务 > 建筑服务 > 建筑物竣工和整饰服务 > 地面和墙面贴砖服务,240mmx115mmx53mm，90%掺入量,22.8,kgCO2e,5,2019,m3
叶片漆腻子,leaf varnish putty,54730X0012024B,首页 > 建筑和建筑服务 > 建筑服务 > 建筑物竣工和整饰服务 > 涂漆服务,Hempablade Putty 111 ,4.5,kgCO2e,4,2024,L
叶片前缘保护漆,Protective paint for leading edges of blades,54730X0022024B,首页 > 建筑和建筑服务 > 建筑服务 > 建筑物竣工和整饰服务 > 涂漆服务,Hempablade Edge 171 ,6.783,kgCO2e,4,2024,L
丙烯酸厚浆面漆,acrylic thick paste topcoat,54730X0032024B,首页 > 建筑和建筑服务 > 建筑服务 > 建筑物竣工和整饰服务 > 涂漆服务,老人牌丙烯酸厚浆面漆 460CN,4.18,kgCO2e,4,2024,L
水性环氧改性内面漆,Water-based epoxy modified interior paint,54730X0042024B,首页 > 建筑和建筑服务 > 建筑服务 > 建筑物竣工和整饰服务 > 涂漆服务,,2.75,kgCO2e,4,2024,L
银粉漆 ,silver paint,54730X0052024B,首页 > 建筑和建筑服务 > 建筑服务 > 建筑物竣工和整饰服务 > 涂漆服务,标准色号 / 代码：铝灰色 19000,5.1,kgCO2e,4,2024,L
高固含醇酸面漆,high-solids alkyd finish,54730X0062024B,首页 > 建筑和建筑服务 > 建筑服务 > 建筑物竣工和整饰服务 > 涂漆服务,标准色号* / 代码：White 10000 ,4.576,kgCO2e,4,2024,L
聚硅氧烷面漆,silicone topcoat,54730X0072024B,首页 > 建筑和建筑服务 > 建筑服务 > 建筑物竣工和整饰服务 > 涂漆服务,标准色号 / 代码 浅灰色 17380,8.55,kgCO2e,4,2024,L
聚氨酯面漆,polyurethane topcoat,54730X0082024B,首页 > 建筑和建筑服务 > 建筑服务 > 建筑物竣工和整饰服务 > 涂漆服务,标准色号 / 代码 White 10000 ,7.616,kgCO2e,4,2024,L
聚氨酯哑光面漆,polyurethane matte topcoat,54730X0092024B,首页 > 建筑和建筑服务 > 建筑服务 > 建筑物竣工和整饰服务 > 涂漆服务,标准色号 / 代码 White 10000,5.2,kgCO2e,4,2024,L
环氧面漆,epoxy finish,54730X0102024B,首页 > 建筑和建筑服务 > 建筑服务 > 建筑物竣工和整饰服务 > 涂漆服务,,7.015,kgCO2e,4,2024,L
高固含氟碳面漆,high-solid fluorocarbon topcoat,54730X0112024B,首页 > 建筑和建筑服务 > 建筑服务 > 建筑物竣工和整饰服务 > 涂漆服务,,11.44,kgCO2e,4,2024,L
聚氨酯厚浆面漆,polyurethane thick finish,54730X0122024B,首页 > 建筑和建筑服务 > 建筑服务 > 建筑物竣工和整饰服务 > 涂漆服务,,5.7768,kgCO2e,4,2024,L
半光聚氨酯面漆,semi-gloss polyurethane topcoat,54730X0132024B,首页 > 建筑和建筑服务 > 建筑服务 > 建筑物竣工和整饰服务 > 涂漆服务,标准色号代码：深灰色17210,4.158,kgCO2e,4,2024,L
丙烯酸聚硅氧烷面漆,acrylic polysiloxane topcoat,54730X0142024B,首页 > 建筑和建筑服务 > 建筑服务 > 建筑物竣工和整饰服务 > 涂漆服务,标准色号/代码：White 10000,7.07,kgCO2e,4,2024,L
多功能环氧漆,multifunctional epoxy paint,54730X0152024B,首页 > 建筑和建筑服务 > 建筑服务 > 建筑物竣工和整饰服务 > 涂漆服务,,5.55,kgCO2e,4,2024,L
丙烯酸面漆,acrylic topcoat,54730X0162024B,首页 > 建筑和建筑服务 > 建筑服务 > 建筑物竣工和整饰服务 > 涂漆服务, 标准色号/代码：White 10000,6.84,kgCO2e,4,2024,L
高固体聚氨酯平光漆,high-solids polyurethane flat paint,54730X0172024B,首页 > 建筑和建筑服务 > 建筑服务 > 建筑物竣工和整饰服务 > 涂漆服务,标准色号/代码：米黄色25810,4.56,kgCO2e,4,2024,L
丙烯酸磁漆,acrylic enamel,54730X0182024B,首页 > 建筑和建筑服务 > 建筑服务 > 建筑物竣工和整饰服务 > 涂漆服务,标准色号/代码：黑色19990,4.76,kgCO2e,4,2024,L
丙烯酸漆,acrylic paint,54730X0192024B,首页 > 建筑和建筑服务 > 建筑服务 > 建筑物竣工和整饰服务 > 涂漆服务,,4.5045,kgCO2e,4,2024,L
丙烯酸荧光漆,acrylic fluorescent paint,54730X0202024B,首页 > 建筑和建筑服务 > 建筑服务 > 建筑物竣工和整饰服务 > 涂漆服务,标准色号/代码：荧光橙色50180,5.5,kgCO2e,4,2024,L
硅酮面漆,silicone topcoat,54730X0212024B,首页 > 建筑和建筑服务 > 建筑服务 > 建筑物竣工和整饰服务 > 涂漆服务,标准色号/代码：黑色19990,5.83,kgCO2e,4,2024,L
高固聚氨酯面漆,high-solid polyurethane topcoat,54730X0222024B,首页 > 建筑和建筑服务 > 建筑服务 > 建筑物竣工和整饰服务 > 涂漆服务,标准色号/代码：White 10000,5.772,kgCO2e,4,2024,L
水性丙烯酸外面漆,Water-based acrylic exterior paint,54730X0232024B,首页 > 建筑和建筑服务 > 建筑服务 > 建筑物竣工和整饰服务 > 涂漆服务,标准色号/代码；灰色17700,1.71,kgCO2e,4,2024,L
叶片水性面漆,water-based top coat for blades,54730X0242024B,首页 > 建筑和建筑服务 > 建筑服务 > 建筑物竣工和整饰服务 > 涂漆服务,标准色号/代码；浅灰色11150,3.96,kgCO2e,4,2024,L
水性聚氨酯面漆,water-based polyurethane topcoat,54730X0252024B,首页 > 建筑和建筑服务 > 建筑服务 > 建筑物竣工和整饰服务 > 涂漆服务,标准色号/代码：White 10000,3.692,kgCO2e,4,2024,L
纯环氧漆,pure epoxy paint,54730X0262024B,首页 > 建筑和建筑服务 > 建筑服务 > 建筑物竣工和整饰服务 > 涂漆服务,标准色号/代码：Venetian Red 50630,4.34625,kgCO2e,4,2024,L
硅酮防污漆,silicone antifouling paint,54730X0272024B,首页 > 建筑和建筑服务 > 建筑服务 > 建筑物竣工和整饰服务 > 涂漆服务,标准色号/代码：白色10000,7.21,kgCO2e,4,2024,L
无锡自抛光防污漆,No self-polishing anti-fouling tin paint,54730X0282024B,首页 > 建筑和建筑服务 > 建筑服务 > 建筑物竣工和整饰服务 > 涂漆服务,标准色号/代码：Brownish red 51110,6.032,kgCO2e,4,2024,L
海洋性清漆,marine varnish,54730X0292024B,首页 > 建筑和建筑服务 > 建筑服务 > 建筑物竣工和整饰服务 > 涂漆服务,标准色号/代码：Transparent 00000,2.97,kgCO2e,4,2024,L
聚氨酯清漆,polyurethane varnish,54730X0302024B,首页 > 建筑和建筑服务 > 建筑服务 > 建筑物竣工和整饰服务 > 涂漆服务,标准色号/代码 Transparent 0000,4.62,kgCO2e,4,2024,L
环氧封闭漆,epoxy paint,54730X0312024B,首页 > 建筑和建筑服务 > 建筑服务 > 建筑物竣工和整饰服务 > 涂漆服务,,5.43,kgCO2e,4,2024,L
抗紫外线清漆,ultraviolet-resistant varnish,54730X0322024B,首页 > 建筑和建筑服务 > 建筑服务 > 建筑物竣工和整饰服务 > 涂漆服务,标准色号/代码：Transparent 00000,4.0425,kgCO2e,4,2024,L
防锈油,rust preventive oil,54730X0332024B,首页 > 建筑和建筑服务 > 建筑服务 > 建筑物竣工和整饰服务 > 涂漆服务,标准色号/代码：透明00000,4.2925,kgCO2e,4,2024,L
环氧车间底漆-双组份聚酰胺固化,Epoxy shop primer - two-component polyamide curing,54730X0352024B,首页 > 建筑和建筑服务 > 建筑服务 > 建筑物竣工和整饰服务 > 涂漆服务,标准色号/代码：Brownish red 50890,4.394,kgCO2e,4,2024,L
环氧车间底漆-双组份环氧聚酰胺,Epoxy shop primer - two-component epoxy polyamide,54730X0362024B,首页 > 建筑和建筑服务 > 建筑服务 > 建筑物竣工和整饰服务 > 涂漆服务,标准色号/代码 Brownish red 50890,5.715,kgCO2e,4,2024,L
硅酸锌车间底漆-溶剂型硅酸锌,Zinc silicate shop primer - solvent-based zinc silicate,54730X0372024B,首页 > 建筑和建筑服务 > 建筑服务 > 建筑物竣工和整饰服务 > 涂漆服务,标准色号/代码：灰色19840,5.7855,kgCO2e,4,2024,L
硅酸锌车间底漆-溶剂型锌硅酸乙酯,Zinc silicate shop primer - solvent-based zinc silicate,54730X0382024B,首页 > 建筑和建筑服务 > 建筑服务 > 建筑物竣工和整饰服务 > 涂漆服务,标准色号/代码：Grey 19840,6.156,kgCO2e,4,2024,L
水性环氧锌车间底漆,Water-based zinc epoxy shop primer,54730X0392024B,首页 > 建筑和建筑服务 > 建筑服务 > 建筑物竣工和整饰服务 > 涂漆服务,标准色号/代码：灰色19840,8.742,kgCO2e,4,2024,L
高速公路,expressway,53211X0012022A,首页 > 建筑和建筑服务 > 建筑物 > 土木工程建筑 > 公路（高架公路除外）、街道、道路,,24237770,kgCO2e,5,2022,千米
高速公路,Highway,53211X0012017C,首页 > 建筑和建筑服务 > 建筑物 > 土木工程建筑 > 公路（高架公路除外）、街道、道路,贵州盘兴高速公路,580305,tCO2e,5,2017,千米
集成打包式房屋,Integrated packaged house,53290X0012022A,首页 > 建筑和建筑服务 > 建筑物 > 土木工程建筑 > 其他土木工程建筑,,33.62,kgCO2e,4,2022,平方米
地铁车站（盖挖逆作法）,Metro Station (Cover and Reverse Cut Method),53290X0012023C,首页 > 建筑和建筑服务 > 建筑物 > 土木工程建筑 > 其他土木工程建筑,,3.452,tCO2e,5,2023,平方米
铁路站房,Railway station building,53290X0042023C,首页 > 建筑和建筑服务 > 建筑物 > 土木工程建筑 > 其他土木工程建筑,夏热冬冷地区某高铁站房,9927,kgCO2e,5,2023,平方米
地铁车站（明挖法）,Subway station (cut-and-cover method),53290X0052023C,首页 > 建筑和建筑服务 > 建筑物 > 土木工程建筑 > 其他土木工程建筑,,4.032,tCO2e,5,2023,平方米
珠海市横琴新区香江路市政基础设施,"Municipal Infrastructure of Xiangjiang Road in Hengqin New District, Zhuhai City",53290X0122023C,首页 > 建筑和建筑服务 > 建筑物 > 土木工程建筑 > 其他土木工程建筑,,0.419,tCO2e,5,2023,万元人民币
市政基础设施,Municipal Infrastructure,53290X0062023C,首页 > 建筑和建筑服务 > 建筑物 > 土木工程建筑 > 其他土木工程建筑,,419,kgCO2e,5,2023,万元人民币
生态植草砖岸坡,Ecological grass planting brick bank slope,53290X0132023C,首页 > 建筑和建筑服务 > 建筑物 > 土木工程建筑 > 其他土木工程建筑,,178.467,kgCO2e,5,2023,米
生态格网石笼挡墙岸坡,Ecological grid gabion retaining wall bank slope,53290X0072023C,首页 > 建筑和建筑服务 > 建筑物 > 土木工程建筑 > 其他土木工程建筑,,259.565,kgCO2e,5,2023,米
混凝土砌块岸坡,Concrete block bank slope,53290X0092023C,首页 > 建筑和建筑服务 > 建筑物 > 土木工程建筑 > 其他土木工程建筑,,562.399,kgCO2e,5,2023,米
舒布洛克砌块挡墙岸坡,Shubulock block retaining wall bank slope,53290X0102023C,首页 > 建筑和建筑服务 > 建筑物 > 土木工程建筑 > 其他土木工程建筑,,442.58,kgCO2e,5,2023,米
链锁块岸坡,Chain lock block bank slope,53290X0112023C,首页 > 建筑和建筑服务 > 建筑物 > 土木工程建筑 > 其他土木工程建筑,,234.13,kgCO2e,5,2023,米
光伏发电系统-冶金法制备多晶硅,"Polycrystalline silicon power generation system,polycrystalline silicon prepared by metallurgical route",53262X0012018A,首页 > 建筑和建筑服务 > 建筑物 > 土木工程建筑 > 发电站,,1430000,kgCO2e,3,2018,峰值兆瓦
多晶硅光伏电站-冶金法制备多晶硅,"Polycrystalline silicon photovoltaic power station, polycrystalline silicon prepared by metallurgical route",53262X0022017A,首页 > 建筑和建筑服务 > 建筑物 > 土木工程建筑 > 发电站,,1030000,kgCO2e,3,2017,kg
多晶硅光伏电站-分布式,Polycrystalline silicon photovoltaic power plants，distributed,53262X0032013A,首页 > 建筑和建筑服务 > 建筑物 > 土木工程建筑 > 发电站,,1701,gCO2e,3,2013,1Wp
溪洛渡水电站,Xiluodu hydropower station,53262X0042022A,首页 > 建筑和建筑服务 > 建筑物 > 土木工程建筑 > 发电站,,3.8342,kgCO2e,4,2022,兆瓦时
小型水电站,Small hydropower station,53262X0052022A,首页 > 建筑和建筑服务 > 建筑物 > 土木工程建筑 > 发电站,,251.35,gCO2e,4,2022,千瓦时
核能发电,Nuclear electric power generation,53262X0062022A,首页 > 建筑和建筑服务 > 建筑物 > 土木工程建筑 > 发电站,,3.37,gCO2e,5,2022,千瓦时
风力涡轮机,Wind turbine,53262X0072013A,首页 > 建筑和建筑服务 > 建筑物 > 土木工程建筑 > 发电站,,20.7,gCO2e,4,2013,千瓦时
海上风电系统,Offshore wind power systems,53262X0082016A,首页 > 建筑和建筑服务 > 建筑物 > 土木工程建筑 > 发电站,,1.49,gCO2e,4,2016,千瓦时
陆上风电系统,Onshore wind systems,53262X0092016A,首页 > 建筑和建筑服务 > 建筑物 > 土木工程建筑 > 发电站,,3.62,gCO2e,4,2016,千瓦时
多晶硅光伏电站-大规模,Polycrystalline silicon photovoltaic power plants-large scale,53262X0102013A,首页 > 建筑和建筑服务 > 建筑物 > 土木工程建筑 > 发电站,,1803.9,gCO2e,3,2013,g
单晶硅光伏电站-分布式,Monocrystalline silicon photovoltaic power station-distributed,53262X0112013A,首页 > 建筑和建筑服务 > 建筑物 > 土木工程建筑 > 发电站,,5238,gCO2e,3,2013,g
多晶光伏发电系统-分布式,Polycrystalline photovoltaic power generation system-distributed,53262X0122017A,首页 > 建筑和建筑服务 > 建筑物 > 土木工程建筑 > 发电站,,2223.49,kgCO2e,4,2017,kg
多晶硅发电系统-大规模,Polysilicon power generation-large scale,53262X0132011A,首页 > 建筑和建筑服务 > 建筑物 > 土木工程建筑 > 发电站,,21812614.07,kgCO2e,3,2011,kg
城市轨道交通光伏发电系统,Urban rail transit photovoltaic power generation system,53262X0162023C,首页 > 建筑和建筑服务 > 建筑物 > 土木工程建筑 > 发电站,,1790,kgCO2e,5,2023,千瓦
预制拼装再生混凝土小型综合管廊,Prefabricated assembly of recycled concrete small-scale comprehensive pipe gallery,53251X0012019C,首页 > 建筑和建筑服务 > 建筑物 > 土木工程建筑 > 市内管道,,55,kgCO2e,5,2019,米
半刚性沥青路面,Semi-rigid Asphalt Pavement,53221X0032022C,首页 > 建筑和建筑服务 > 建筑物 > 土木工程建筑 > 桥梁、高架公路,,174.4,tCO2e,5,2022,车道公里
高速公路网,Expressway Network,53221X0042021C,首页 > 建筑和建筑服务 > 建筑物 > 土木工程建筑 > 桥梁、高架公路,,2510000,tCO2e,5,2021,月
橡胶沥青混合料路面,Rubber asphalt pavement,53221X0052022C,首页 > 建筑和建筑服务 > 建筑物 > 土木工程建筑 > 桥梁、高架公路,,224.0309,tCO2e,5,2022,公吨
铁路桥梁,railway bridge,53221X0022022C,首页 > 建筑和建筑服务 > 建筑物 > 土木工程建筑 > 桥梁、高架公路,3200米铁路预应力简支梁桥,70680000,kgCO2e,5,2022,架
铁路桥梁-节段预制连续刚构桥,Railway Bridges - Segmental Prefabricated Continuous Rigid Frame Bridges,53221X0062023C,首页 > 建筑和建筑服务 > 建筑物 > 土木工程建筑 > 桥梁、高架公路,,19910,tCO2e,5,2023,千米
铁路桥梁-整孔预制简支箱梁桥,Railway Bridge - Whole span Prefabricated Simply Supported Box girder Bridge,53221X0072023C,首页 > 建筑和建筑服务 > 建筑物 > 土木工程建筑 > 桥梁、高架公路,,20730,kgCO2e,5,2023,千米
公路桥-预应力砼简支梁桥,Highway bridge - prestressed concrete simply supported beam bridge,53221X0082023C,首页 > 建筑和建筑服务 > 建筑物 > 土木工程建筑 > 桥梁、高架公路,桥长50m，桥宽11m,8.5,tCO2e,5,2023,平方米
公路桥-预应力砼连续梁桥,Highway bridge - prestressed concrete continuous beam bridge,53221X0092023C,首页 > 建筑和建筑服务 > 建筑物 > 土木工程建筑 > 桥梁、高架公路,桥长170m，桥宽32m,10.41,tCO2e,5,2023,平方米
公路桥-预应力连续刚构桥,Highway bridge - prestressed concrete continuous beam bridge,53221X0102023C,首页 > 建筑和建筑服务 > 建筑物 > 土木工程建筑 > 桥梁、高架公路,桥长240m，桥宽31m,12.01,tCO2e,5,2023,平方米
钢管砼拱桥,Steel tube concrete arch bridge,53221X0112023C,首页 > 建筑和建筑服务 > 建筑物 > 土木工程建筑 > 桥梁、高架公路,桥长218.5m，桥宽32.5m,11.79,tCO2e,5,2023,平方米
钢箱梁悬索桥,Steel box girder suspension bridge,53221X0122023C,首页 > 建筑和建筑服务 > 建筑物 > 土木工程建筑 > 桥梁、高架公路,桥长120m，桥宽25.5m,9.62,tCO2e,5,2023,平方米
钢箱梁斜拉桥,Steel box girder cable-stayed bridge,53221X0132023C,首页 > 建筑和建筑服务 > 建筑物 > 土木工程建筑 > 桥梁、高架公路,桥长661m，桥宽27m,10.17,tCO2e,5,2023,平方米
高速公路桥-特大桥梁,Expressway Bridge - Extra Large Bridge,53221X0142022C,首页 > 建筑和建筑服务 > 建筑物 > 土木工程建筑 > 桥梁、高架公路,,3.4,tCO2e,5,2022,平方米
钢箱梁斜拉桥,Steel box girder cable-stayed bridge,53221X0152023C,首页 > 建筑和建筑服务 > 建筑物 > 土木工程建筑 > 桥梁、高架公路,桥长272m，桥宽42.9m,8.27,tCO2e,5,2023,平方米
钢箱梁悬索桥,Steel box girder suspension bridge,53221X0162023C,首页 > 建筑和建筑服务 > 建筑物 > 土木工程建筑 > 桥梁、高架公路,桥长905m，桥宽32m,7.83,tCO2e,5,2023,平方米
钢桁梁悬索桥,Steel Truss Girder Suspension Bridge,53221X0172023C,首页 > 建筑和建筑服务 > 建筑物 > 土木工程建筑 > 桥梁、高架公路,桥长660m，桥宽24.5m,12.82,tCO2e,5,2023,平方米
钢管砼拱桥,Steel tube concrete arch bridge,53221X0182023C,首页 > 建筑和建筑服务 > 建筑物 > 土木工程建筑 > 桥梁、高架公路,桥长245.6m，桥宽32.5m,11.05,tCO2e,5,2023,平方米
钢管砼拱桥,Steel tube concrete arch bridge,53221X0192023C,首页 > 建筑和建筑服务 > 建筑物 > 土木工程建筑 > 桥梁、高架公路,桥长60m，桥宽25m,12.22,tCO2e,5,2023,平方米
钢-混组合连续刚构桥,Steel-Mixed Continuous Rigid Frame Bridge,53221X0202023C,首页 > 建筑和建筑服务 > 建筑物 > 土木工程建筑 > 桥梁、高架公路,桥长639m，桥宽29.5m,9.71,tCO2e,5,2023,平方米
预应力砼连续梁斜拉桥,Prestressed concrete continuous girder cable-stayed bridge,53221X0212023C,首页 > 建筑和建筑服务 > 建筑物 > 土木工程建筑 > 桥梁、高架公路,桥长235m，桥宽30.4m,10.26,tCO2e,5,2023,平方米
公路桥-预应力连续刚构桥,Highway bridge - prestressed concrete continuous beam bridge,53221X0222023C,首页 > 建筑和建筑服务 > 建筑物 > 土木工程建筑 > 桥梁、高架公路,桥长570m，桥宽27m,12.18,tCO2e,5,2023,平方米
公路桥-预应力砼连续梁桥,Highway bridge - prestressed concrete continuous beam bridge,53221X0232023C,首页 > 建筑和建筑服务 > 建筑物 > 土木工程建筑 > 桥梁、高架公路,桥长339.1m，桥宽13m,10.15,tCO2e,5,2023,平方米
公路桥-预应力砼连续梁桥,Highway bridge - prestressed concrete continuous beam bridge,53221X0242023C,首页 > 建筑和建筑服务 > 建筑物 > 土木工程建筑 > 桥梁、高架公路,桥长252m，桥宽24m,12.7,tCO2e,5,2023,平方米
公路桥-预应力砼简支梁桥,Highway bridge - prestressed concrete simply supported beam bridge,53221X0252023C,首页 > 建筑和建筑服务 > 建筑物 > 土木工程建筑 > 桥梁、高架公路,桥长105m，桥宽14m,8.26,tCO2e,5,2023,平方米
公路桥-预应力砼简支梁桥,Highway bridge - prestressed concrete simply supported beam bridge,53221X0262023C,首页 > 建筑和建筑服务 > 建筑物 > 土木工程建筑 > 桥梁、高架公路,桥长70m，桥宽16m,12.35,tCO2e,5,2023,平方米
水库水电工程,Water conservancy and Hydropower Engineering,53232X0012022A,首页 > 建筑和建筑服务 > 建筑物 > 土木工程建筑 > 港口、水路及其有关工程,,12.8,gCO2e,4,2022,千瓦时
小型灌溉泵站,Small irrigation pump station,53234X0012023C,首页 > 建筑和建筑服务 > 建筑物 > 土木工程建筑 > 灌溉和防洪设施,,272,kgCO2e,5,2023,hm2·a
高速铁路,high-speed railway,53212X0022019C,首页 > 建筑和建筑服务 > 建筑物 > 土木工程建筑 > 铁路,,20.7242,kgCO2e,5,2019,千米
地铁隧道,Subway tunnel,53222X0012020C,首页 > 建筑和建筑服务 > 建筑物 > 土木工程建筑 > 隧道,,13000,tCO2e,5,2020,千米
长隧道工程,long tunnel construction,53222X0022022C,首页 > 建筑和建筑服务 > 建筑物 > 土木工程建筑 > 隧道,,47774.9,tCO2e,5,2022,千米
地铁盾构隧道,Metro shield tunnel,53222X0032023C,首页 > 建筑和建筑服务 > 建筑物 > 土木工程建筑 > 隧道,,41583001.7,kgCO2e,5,2023,kg
“Treet”木结构公寓,“Treet“ Wooden Apartment,53111X0012020A,首页 > 建筑和建筑服务 > 建筑物 > 建筑 > 一两幢住宅建筑物,,1345.79,kgCO2e,4,2020,平方米
“Treet”木结构公寓,“Treet“ Wooden Apartment,53111X0022020A,首页 > 建筑和建筑服务 > 建筑物 > 建筑 > 一两幢住宅建筑物,,229.99,kgCO2e,4,2020,平方米
“栖居2.0”住宅建筑设计,“Dwelling 2.0“ Residential Architectural Design,53111X0032020A,首页 > 建筑和建筑服务 > 建筑物 > 建筑 > 一两幢住宅建筑物,,-1993.61,kgCO2e,4,2020,平方米
“栖居2.0”住宅建筑设计,“Dwelling 2.0“ Residential Architectural Design,53111X0042020A,首页 > 建筑和建筑服务 > 建筑物 > 建筑 > 一两幢住宅建筑物,,334.17,kgCO2e,4,2020,平方米
西建大热力中心改造,Reconstruction of Thermal Center of Xi'an University of Architecture and Technology,53129X0012020A,首页 > 建筑和建筑服务 > 建筑物 > 建筑 > 其他非住宅建筑物,,1482.19,kgCO2e,4,2020,平方米
西建大热力中心改造,Reconstruction of Thermal Center of Xi'an University of Architecture and Technology,53129X0022020A,首页 > 建筑和建筑服务 > 建筑物 > 建筑 > 其他非住宅建筑物,,317.6,kgCO2e,4,2020,平方米
地铁车站,subway station,53129X0012023A,首页 > 建筑和建筑服务 > 建筑物 > 建筑 > 其他非住宅建筑物,,53288.8,tCO2e,4,2023,个
地铁车站（按面积）,Metro stations (by area),53129X0022020C,首页 > 建筑和建筑服务 > 建筑物 > 建筑 > 其他非住宅建筑物,,3.71,tCO2e,5,2020,百平方米
乘客电梯,passenger elevator,53129X0082023C,首页 > 建筑和建筑服务 > 建筑物 > 建筑 > 其他非住宅建筑物,VE800/1.5型,36943.07,kgCO2e,5,2023,部
铁路客运车站,Railway section passenger station,53129X0032020C,首页 > 建筑和建筑服务 > 建筑物 > 建筑 > 其他非住宅建筑物,,952515,tCO2e,5,2020,m3
地铁车站建筑,Subway station construction,53129X0042023C,首页 > 建筑和建筑服务 > 建筑物 > 建筑 > 其他非住宅建筑物,,53288.8,tCO2e,5,2023,米
农业特色型园区,Agricultural characteristic park,53129X0062023C,首页 > 建筑和建筑服务 > 建筑物 > 建筑 > 其他非住宅建筑物,,21474.5,tCO2e,5,2023,平方千米
旅游休闲园区,Tourism and leisure park,53129X0072023C,首页 > 建筑和建筑服务 > 建筑物 > 建筑 > 其他非住宅建筑物,,416.04,kgCO2e,5,2023,平方米
“Tamedia”新办公楼,New office building “Tamedia”,53122X0012020A,首页 > 建筑和建筑服务 > 建筑物 > 建筑 > 商业建筑物,,2459.05,kgCO2e,4,2020,平方米
“Tamedia”新办公楼,New office building “Tamedia“,53122X0022020A,首页 > 建筑和建筑服务 > 建筑物 > 建筑 > 商业建筑物,,188.44,kgCO2e,4,2020,平方米
商务办公园区,Business Office Park,53122X0042023C,首页 > 建筑和建筑服务 > 建筑物 > 建筑 > 商业建筑物,,133.35,kgCO2e,5,2023,平方米
土耳其住宅	,residential buildings in Turkey,53112X0022017A,首页 > 建筑和建筑服务 > 建筑物 > 建筑 > 多幢住宅建筑物,,48.86,kgCO2e,5,2017,每平方米住宅每年
汽车制造园区,Automobile manufacturing park,53121X0012023C,首页 > 建筑和建筑服务 > 建筑物 > 建筑 > 工业建筑物,,1.54,tCO2e,5,2023,平方米
风力发电机	,wind turbine,53121X0032014A,首页 > 建筑和建筑服务 > 建筑物 > 建筑 > 工业建筑物,2 MW 双馈式风力发电机，服役运行 20 年	,1692,tCO2e,5,2014,台
红磷,Red Phosphor,16190X0012018A,首页 > 矿石和矿物；电、气和水 > 其他矿物 > 化学矿物和肥料矿物 > 其他化学矿物,,505,kgCO2e,4,2018,kg
混合磷,Mixed Phosphor,16190X0022018A,首页 > 矿石和矿物；电、气和水 > 其他矿物 > 化学矿物和肥料矿物 > 其他化学矿物,,304,kgCO2e,4,2018,kg
1m2多晶硅光伏组件,1m2 polycrystalline silicon photovoltaic module,16190X0032020A,首页 > 矿石和矿物；电、气和水 > 其他矿物 > 化学矿物和肥料矿物 > 其他化学矿物,,165.914,kgCO2e,4,2020,平方米
电石,calcium carbide,16190X0062021B,首页 > 矿石和矿物；电、气和水 > 其他矿物 > 化学矿物和肥料矿物 > 其他化学矿物,,5.067,tCO2e,5,2021,公吨
碘,Iodine,16190X0052020A,首页 > 矿石和矿物；电、气和水 > 其他矿物 > 化学矿物和肥料矿物 > 其他化学矿物,,14800,kgCO2e,5,2020,公吨
碲（Te）-从多源有色冶炼固废中火法协同富氧熔池熔炼富集碲（Te）,Controlled enrichment process of tellurium (Te) in multi-source nonferrous smelting solid wastes,16190X0072022A,首页 > 矿石和矿物；电、气和水 > 其他矿物 > 化学矿物和肥料矿物 > 其他化学矿物,,803.45,kgCO2e,5,2022,公吨
原盐,Crude salt,16110X0012014A,首页 > 矿石和矿物；电、气和水 > 其他矿物 > 化学矿物和肥料矿物 > 天然磷酸钙、天然磷酸钙铝以及磷酸白垩；杂盐、钾盐及其他未加工的天然钾盐,,0.0255,kgCO2e,5,2014,kg
原盐,crude salt,16110X0022014A,首页 > 矿石和矿物；电、气和水 > 其他矿物 > 化学矿物和肥料矿物 > 天然磷酸钙、天然磷酸钙铝以及磷酸白垩；杂盐、钾盐及其他未加工的天然钾盐,,0.025562,kgCO2e,4,2014,kg
多晶硅光伏发电系统,Polycrystalline silicon photovoltaic system,16390X0022020A,首页 > 矿石和矿物；电、气和水 > 其他矿物 > 宝石和半宝石；浮石；金刚砂；天然磨料；其他矿物 > 其他未另列明的矿物,,110.19,kgCO2e,5,2020,平方米
280MW多晶硅光伏发电系统,280MW Polycrystalline silicon photovoltaic system,16390X0032012A,首页 > 矿石和矿物；电、气和水 > 其他矿物 > 宝石和半宝石；浮石；金刚砂；天然磨料；其他矿物 > 其他未另列明的矿物,,562000000,kgCO2e,4,2012,个
黄磷	,Yellow phosphorus,16390X0052023A,首页 > 矿石和矿物；电、气和水 > 其他矿物 > 宝石和半宝石；浮石；金刚砂；天然磨料；其他矿物 > 其他未另列明的矿物,,15804.09,kgCO2e,5,2023,公吨
人造金刚石,Synthetic diamond,16310X0032020C,首页 > 矿石和矿物；电、气和水 > 其他矿物 > 宝石和半宝石；浮石；金刚砂；天然磨料；其他矿物 > 宝石和半宝石（未经加工或简单锯方或粗劈削成形的宝石，包括钻石，但不包括工业用钻石）,,29.3133,gCO2e,5,2020,万克拉
白云石,Dolomite,16330X0012020A,首页 > 矿石和矿物；电、气和水 > 其他矿物 > 宝石和半宝石；浮石；金刚砂；天然磨料；其他矿物 > 白垩和白云石,,0.471,tCO2e,5,2020,公吨
轻烧白云石,Lightly burned dolomite,16330X0022022C,首页 > 矿石和矿物；电、气和水 > 其他矿物 > 宝石和半宝石；浮石；金刚砂；天然磨料；其他矿物 > 白垩和白云石,氧化钙含量为40%，氧化镁含量为30%,1.3284,tCO2e,5,2022,公吨
白云石,dolomite,16330X0032021B,首页 > 矿石和矿物；电、气和水 > 其他矿物 > 宝石和半宝石；浮石；金刚砂；天然磨料；其他矿物 > 白垩和白云石,,11.728,kgCO2e,4,2021,公吨
燃气锅炉供暖,Gas boiler,12020X0012014A,首页 > 矿石和矿物；电、气和水 > 原油和天然气 > 原油和天然气 > 天然气（液化或气态）,,1.97,kgCO2e,4,2014,标立方米
天然气,Natural Gas,12020X0012009A,首页 > 矿石和矿物；电、气和水 > 原油和天然气 > 原油和天然气 > 天然气（液化或气态）,NGH,1.071747,kgCO2e,4,2009,kg
煤制天然气,Coal-made gas,12020X0022018A,首页 > 矿石和矿物；电、气和水 > 原油和天然气 > 原油和天然气 > 天然气（液化或气态）,,99.4,kgCO2e,5,2018,m3
天然气,Natural gas,12020X0082011A,首页 > 矿石和矿物；电、气和水 > 原油和天然气 > 原油和天然气 > 天然气（液化或气态）,,0.017,kgCO2e,5,2011,m3
炼厂干气,Refinery Gas,12020X0092012A,首页 > 矿石和矿物；电、气和水 > 原油和天然气 > 原油和天然气 > 天然气（液化或气态）,,3.04,kgCO2e,4,2012,kg
液化天然气,Liquefied Natural Gas,12020X0102012A,首页 > 矿石和矿物；电、气和水 > 原油和天然气 > 原油和天然气 > 天然气（液化或气态）,,2.61,kgCO2e,4,2012,kg
液化石油气,Liquefied petroleum gas,12020X0112012A,首页 > 矿石和矿物；电、气和水 > 原油和天然气 > 原油和天然气 > 天然气（液化或气态）,,5.11,kgCO2e,4,2012,kg
天然气,natural gas,12020X0012020C,首页 > 矿石和矿物；电、气和水 > 原油和天然气 > 原油和天然气 > 天然气（液化或气态）,,0.07,kgCO2e,4,2020,m3
天然气,Natural Gas,12020X0142024C,首页 > 矿石和矿物；电、气和水 > 原油和天然气 > 原油和天然气 > 天然气（液化或气态）,,0.608,kgCO2e,5,2024,m3
NGL天然气凝液,Natural Gas Liquids (NGL),12020X0152025C,首页 > 矿石和矿物；电、气和水 > 原油和天然气 > 原油和天然气 > 天然气（液化或气态）,,17.2,kgCO2e,5,2025,吉焦
天然气,Natural gas,12020X0162025C,首页 > 矿石和矿物；电、气和水 > 原油和天然气 > 原油和天然气 > 天然气（液化或气态）,,2.16,kgCO2e,5,2025,m3
基质沥青,basis bitumen,12030X0022021A,首页 > 矿石和矿物；电、气和水 > 原油和天然气 > 原油和天然气 > 油沥青，油页岩，焦油砂,,174244,gCO2e,3,2021,公吨
改性沥青,Modified asphalt,12030X0032021A,首页 > 矿石和矿物；电、气和水 > 原油和天然气 > 原油和天然气 > 油沥青，油页岩，焦油砂,,321,kgCO2e,4,2021,公吨
橡胶沥青,Rubber asphalt,12030X0042021A,首页 > 矿石和矿物；电、气和水 > 原油和天然气 > 原油和天然气 > 油沥青，油页岩，焦油砂,,219,kgCO2e,4,2021,公吨
沥青,Asphalt,12030X0012021A,首页 > 矿石和矿物；电、气和水 > 原油和天然气 > 原油和天然气 > 油沥青，油页岩，焦油砂,,39.21,kgCO2e,4,2021,公吨
沥青,asphalt,12030X0052017A,首页 > 矿石和矿物；电、气和水 > 原油和天然气 > 原油和天然气 > 油沥青，油页岩，焦油砂,,2.96,tCO2e,5,2017,公吨
页岩油,Shale oil,12030X0072018A,首页 > 矿石和矿物；电、气和水 > 原油和天然气 > 原油和天然气 > 油沥青，油页岩，焦油砂,,10.527304,kgCO2e,4,2018,kg
页岩气,Shale gas,12030X0082020A,首页 > 矿石和矿物；电、气和水 > 原油和天然气 > 原油和天然气 > 油沥青，油页岩，焦油砂,,18.8,gCO2e,4,2020,兆焦
页岩油,Shale oil,12030X0062018A,首页 > 矿石和矿物；电、气和水 > 原油和天然气 > 原油和天然气 > 油沥青，油页岩，焦油砂,,6.22,kgCO2e,4,2018,kg
乙烷,Ethane,12010X0012012A,首页 > 矿石和矿物；电、气和水 > 原油和天然气 > 原油和天然气 > 石油,,4.19,gCO2e,4,2012,公吨
原油,Crude oil,12010X0022015A,首页 > 矿石和矿物；电、气和水 > 原油和天然气 > 原油和天然气 > 石油,,7.298,gCO2e,5,2016,MJ
石油开采、加工及使用,Petroleum,12010X0012015A,首页 > 矿石和矿物；电、气和水 > 原油和天然气 > 原油和天然气 > 石油,,2457,kgCO2e,5,2015,公吨
奥里油,Orimulsion,12010X0032006A,首页 > 矿石和矿物；电、气和水 > 原油和天然气 > 原油和天然气 > 石油,,2.13,kgCO2e,3,2006,公吨
汽油,Gasoline,12010X0062024C,首页 > 矿石和矿物；电、气和水 > 原油和天然气 > 原油和天然气 > 石油,,633.96,kgCO2e,5,2024,公吨
柴油,Diesel oil,12010X0072024C,首页 > 矿石和矿物；电、气和水 > 原油和天然气 > 原油和天然气 > 石油,,650.86,kgCO2e,5,2024,公吨
原油,Crude oil,12010X0082025C,首页 > 矿石和矿物；电、气和水 > 原油和天然气 > 原油和天然气 > 石油,,73.3,kgCO2e,5,2025,吉焦
农业地下水灌溉,Groundwater pumping for irrigation,18000X0012011A,首页 > 矿石和矿物；电、气和水 > 天然水 > 天然水 > 天然水,水,0.49,kgCO2e,3,2011,m3
地表水,Surface water,18000X0022009A,首页 > 矿石和矿物；电、气和水 > 天然水 > 天然水 > 天然水,,0.14,kgCO2e,4,2009,m3
农业地下水灌溉,Groundwater pumping for irrigation,18000X0022011A,首页 > 矿石和矿物；电、气和水 > 天然水 > 天然水 > 天然水,水,0.18,kgCO2e,3,2011,m3
农业地下水灌溉,Groundwater pumping for irrigation,18000X0032011A,首页 > 矿石和矿物；电、气和水 > 天然水 > 天然水 > 天然水,水,0.6,kgCO2e,3,2011,m3
农业地下水灌溉,Groundwater pumping for irrigation,18000X0042011A,首页 > 矿石和矿物；电、气和水 > 天然水 > 天然水 > 天然水,水,0.59,kgCO2e,3,2011,m3
农业地下水灌溉,Groundwater pumping for irrigation,18000X0052011A,首页 > 矿石和矿物；电、气和水 > 天然水 > 天然水 > 天然水,水,0.25,kgCO2e,3,2011,m3
农业地下水灌溉,Groundwater pumping for irrigation,18000X0062011A,首页 > 矿石和矿物；电、气和水 > 天然水 > 天然水 > 天然水,水,0.15,kgCO2e,3,2011,m3
农业地下水灌溉,Groundwater pumping for irrigation,18000X0072011A,首页 > 矿石和矿物；电、气和水 > 天然水 > 天然水 > 天然水,水,0.37,kgCO2e,3,2011,m3
农业地下水灌溉,Groundwater pumping for irrigation,18000X0082011A,首页 > 矿石和矿物；电、气和水 > 天然水 > 天然水 > 天然水,水,0.57,kgCO2e,3,2011,m3
农业地下水灌溉,Groundwater pumping for irrigation,18000X0092011A,首页 > 矿石和矿物；电、气和水 > 天然水 > 天然水 > 天然水,水,0.31,kgCO2e,3,2011,m3
农业地下水灌溉,Groundwater pumping for irrigation,18000X0102011A,首页 > 矿石和矿物；电、气和水 > 天然水 > 天然水 > 天然水,水,0.38,kgCO2e,3,2011,m3
农业地下水灌溉,Groundwater pumping for irrigation,18000X0112011A,首页 > 矿石和矿物；电、气和水 > 天然水 > 天然水 > 天然水,水,0.26,kgCO2e,3,2011,m3
地下水,Ground water,18000X0122009A,首页 > 矿石和矿物；电、气和水 > 天然水 > 天然水 > 天然水,水,0.68,kgCO2e,4,2009,m3
城市用水,municipal water use,18000X0032015A,首页 > 矿石和矿物；电、气和水 > 天然水 > 天然水 > 天然水,,0.15,kgCO2e,4,2015,m3
城市用水,municipal water use,18000X0042015A,首页 > 矿石和矿物；电、气和水 > 天然水 > 天然水 > 天然水,,0.31,kgCO2e,4,2015,m3
城市用水,municipal water use,18000X0052015A,首页 > 矿石和矿物；电、气和水 > 天然水 > 天然水 > 天然水,,3.45,kgCO2e,4,2015,m3
城市用水,municipal water use,18000X0062015A,首页 > 矿石和矿物；电、气和水 > 天然水 > 天然水 > 天然水,,5.75,kgCO2e,4,2015,m3
城市用水,municipal water use,18000X0072015A,首页 > 矿石和矿物；电、气和水 > 天然水 > 天然水 > 天然水,,11.5,kgCO2e,4,2015,m3
城市用水,municipal water use,18000X0082015A,首页 > 矿石和矿物；电、气和水 > 天然水 > 天然水 > 天然水,,18,kgCO2e,4,2015,m3
城市用水,municipal water use,18000X0092015A,首页 > 矿石和矿物；电、气和水 > 天然水 > 天然水 > 天然水,,4.55,kgCO2e,4,2015,m3
城市用水,municipal water use,18000X0102015A,首页 > 矿石和矿物；电、气和水 > 天然水 > 天然水 > 天然水,,0.82,kgCO2e,4,2015,m3
电解水制氢,Electrolysis hydrogen,17500D0062019A,首页 > 矿石和矿物；电、气和水 > 氢能 > 氢能 > 其他氢气,,6.46,kgCO2e,4,2019,kg
甲烷氢,Methane hydrogen,17500D0062006A,首页 > 矿石和矿物；电、气和水 > 氢能 > 氢能 > 其他氢气,,0.43,kgCO2e,3,2006,kg
核电铜氯循环制氢,Cu-Cl cycle based on nuclear,17500D0062016A,首页 > 矿石和矿物；电、气和水 > 氢能 > 氢能 > 其他氢气,,0.92,kgCO2e,4,2016,kg
电网电解水制氢,Electrolysis based on grid,17500D0072016A,首页 > 矿石和矿物；电、气和水 > 氢能 > 氢能 > 其他氢气,,29.21,kgCO2e,4,2016,kg
质子交换膜电解池制氢,Proton exchange membrane electrolysis cells,17500D0082019A,首页 > 矿石和矿物；电、气和水 > 氢能 > 氢能 > 其他氢气,,6,kgCO2e,4,2019,kg
煤制灰氢, coal to gray hydrogen,17500D0082023C,首页 > 矿石和矿物；电、气和水 > 氢能 > 氢能 > 其他氢气,,23.79,kgCO2e,5,2023,kg
绿色甲醇,Green methanol,17500D0092023B,首页 > 矿石和矿物；电、气和水 > 氢能 > 氢能 > 其他氢气,,564,kgCO2e,4,2023,公吨
氢气,Hydrogen ,17500D0102022A,首页 > 矿石和矿物；电、气和水 > 氢能 > 氢能 > 其他氢气,,10.4,tCO2e,5,2022,公吨
天然气制氢,Natural gas reforming hydrogen,17500C0012021A,首页 > 矿石和矿物；电、气和水 > 氢能 > 氢能 > 灰氢,,10.063,tCO2e,5,2021,公吨
煤制氢,Coal gasification-based hydrogen,17500C0012019A,首页 > 矿石和矿物；电、气和水 > 氢能 > 氢能 > 灰氢,,21.78,kgCO2e,5,2019,kg
焦炉气制氢,Coke oven gas-based hydrogen,17500C0022019A,首页 > 矿石和矿物；电、气和水 > 氢能 > 氢能 > 灰氢,,13.78,kgCO2e,5,2019,kg
煤制气体氢,Coal gasification + gas hydrogen,17500C0032020A,首页 > 矿石和矿物；电、气和水 > 氢能 > 氢能 > 灰氢,,23.62,kgCO2e,4,2020,kg
煤制液态氢,Coal gasification + liquid hydrogen,17500C0042020A,首页 > 矿石和矿物；电、气和水 > 氢能 > 氢能 > 灰氢,,28.43,kgCO2e,4,2020,kg
天然气制氢,Natural gas reforming hydrogen,17500C0012016A,首页 > 矿石和矿物；电、气和水 > 氢能 > 氢能 > 灰氢,,13.8,kgCO2e,4,2016,kg
天然气制氢,Natural gas reforming hydrogen,17500C0022016A,首页 > 矿石和矿物；电、气和水 > 氢能 > 氢能 > 灰氢,,11.98,kgCO2e,4,2016,kg
天然气制氢（含碳捕集）,Natural gas reforming hydrogen with carbon capture and storage,17500C0032016A,首页 > 矿石和矿物；电、气和水 > 氢能 > 氢能 > 灰氢,,3.5,kgCO2e,4,2016,kg
核电硫碘循环制氢,S-I cycle based on nuclear,17500C0042016A,首页 > 矿石和矿物；电、气和水 > 氢能 > 氢能 > 灰氢,,0.64,kgCO2e,4,2016,kg
煤制氢（煤气化—液氢）,Coal based hydrogen (coal gasification-liquid hydrogen),17500C0142020C,首页 > 矿石和矿物；电、气和水 > 氢能 > 氢能 > 灰氢,,30.5,kgCO2e,5,2020,kg
煤制氢（煤气化—气氢）,Coal based hydrogen (coal gasification-gas hydrogen),17500C0152020C,首页 > 矿石和矿物；电、气和水 > 氢能 > 氢能 > 灰氢,,25.3,kgCO2e,5,2020,kg
煤制氢（煤热解—气氢）,Coal based hydrogen (coal pyrolysis-gas hydrogen),17500C0162020C,首页 > 矿石和矿物；电、气和水 > 氢能 > 氢能 > 灰氢,,9.34,kgCO2e,5,2020,kg
煤制氢（煤热解—液氢）,Coal based hydrogen (coal pyrolysis-liquid hydrogen),17500C0172020C,首页 > 矿石和矿物；电、气和水 > 氢能 > 氢能 > 灰氢,,12.55,kgCO2e,5,2020,kg
灰氢,Grey Hydrogen,17500C0192023C,首页 > 矿石和矿物；电、气和水 > 氢能 > 氢能 > 灰氢,灰氢（气）,10.97,kgCO2e,5,2023,kg
天然气制氢,Natural gas reforming hydrogen,17500C0202022C,首页 > 矿石和矿物；电、气和水 > 氢能 > 氢能 > 灰氢,,13.13,tCO2e,5,2022,公吨
光伏制绿氢,Photovoltaic green hydrogen production,17500C0212023C,首页 > 矿石和矿物；电、气和水 > 氢能 > 氢能 > 灰氢,,1.969999,kgCO2e,5,2023,kg
天然气制灰氢,Gas to ash hydrogen,17500C0222023C,首页 > 矿石和矿物；电、气和水 > 氢能 > 氢能 > 灰氢,,10.970002,kgCO2e,5,2023,kg
乙醇制氢,Ethanol reforming,17500A0012016A,首页 > 矿石和矿物；电、气和水 > 氢能 > 氢能 > 绿氢,,12.2,kgCO2e,4,2016,kg
甲醇制氢,Methanol reforming hydrogen,17500A0052016A,首页 > 矿石和矿物；电、气和水 > 氢能 > 氢能 > 绿氢,,17.9,kgCO2e,4,2016,kg
生物乙醇自热重整制氢,Hydrogen production from autothermal reforming of bioethanol,17500A0032016A,首页 > 矿石和矿物；电、气和水 > 氢能 > 氢能 > 绿氢,,7.27,kgCO2e,5,2016,kg
乙醇制氢,Ethanol reforming,17500A0012013A,首页 > 矿石和矿物；电、气和水 > 氢能 > 氢能 > 绿氢,,9.55,kgCO2e,4,2013,kg
生物质气化制氢,Biomass gasification,17500A0022016A,首页 > 矿石和矿物；电、气和水 > 氢能 > 氢能 > 绿氢,,3.54,kgCO2e,4,2016,kg
风电电解水制氢,Electrolysis based on wind,17500A0062016A,首页 > 矿石和矿物；电、气和水 > 氢能 > 氢能 > 绿氢,,1.08,kgCO2e,4,2016,kg
光电电解水制氢,Electrolysis based on solar,17500A0042016A,首页 > 矿石和矿物；电、气和水 > 氢能 > 氢能 > 绿氢,,1.82,kgCO2e,4,2016,kg
绿氢,Green hydrogen,17500A0082023C,首页 > 矿石和矿物；电、气和水 > 氢能 > 氢能 > 绿氢,,1.97,kgCO2e,5,2023,kg
天然气制氢,Natural gas reforming hydrogen,17500B0012016A,首页 > 矿石和矿物；电、气和水 > 氢能 > 氢能 > 蓝氢,,13.8,kgCO2e,4,2016,kg
天然气制氢,Natural gas reforming hydrogen,17500B0022017A,首页 > 矿石和矿物；电、气和水 > 氢能 > 氢能 > 蓝氢,,12.13,kgCO2e,4,2017,kg
蓝氢,Blue hydrogen,17500B0032023C,首页 > 矿石和矿物；电、气和水 > 氢能 > 氢能 > 蓝氢,蓝氢（煤）,11.07,kgCO2e,5,2023,kg
天然气制蓝氢,Natural gas to blue hydrogen,17500B0052023C,首页 > 矿石和矿物；电、气和水 > 氢能 > 氢能 > 蓝氢,,3.47,kgCO2e,5,2023,kg
煤制蓝氢,Coal to blue hydrogen,17500B0062023C,首页 > 矿石和矿物；电、气和水 > 氢能 > 氢能 > 蓝氢,,11.07,kgCO2e,5,2023,kg
烟煤,Bituminous coal,11010X0012014A,首页 > 矿石和矿物；电、气和水 > 煤和泥炭 > 煤和泥炭 > 无烟煤,,2.1,kgCO2e,4,2014,kg
无烟煤,Anthracite,11010X0032014A,首页 > 矿石和矿物；电、气和水 > 煤和泥炭 > 煤和泥炭 > 无烟煤,,2.4,kgCO2e,4,2014,kg
无烟煤-IPCC,Anthracite-IPCC,11010X0012006A,首页 > 矿石和矿物；电、气和水 > 煤和泥炭 > 煤和泥炭 > 无烟煤,,2.6246,kgCO2e,4,2006,kg
无烟煤-WSA,Anthracite-WSA,11010X0022014A,首页 > 矿石和矿物；电、气和水 > 煤和泥炭 > 煤和泥炭 > 无烟煤,,2.953,kgCO2e,4,2014,kg
无烟煤-国标,Anthracite-GB,11010X0032015A,首页 > 矿石和矿物；电、气和水 > 煤和泥炭 > 煤和泥炭 > 无烟煤,,2.5215,kgCO2e,3,2015,kg
无烟煤-指南,Anthracite - Guidelines,11010X0042013A,首页 > 矿石和矿物；电、气和水 > 煤和泥炭 > 煤和泥炭 > 无烟煤,,1.9238,kgCO2e,3,2013,kg
烟煤-IPCC,Bituminous coal-IPCC,11010X0052006A,首页 > 矿石和矿物；电、气和水 > 煤和泥炭 > 煤和泥炭 > 无烟煤,,2.4407,kgCO2e,4,2006,kg
烟煤-WSA,Bituminous coal-WSA,11010X0062014A,首页 > 矿石和矿物；电、气和水 > 煤和泥炭 > 煤和泥炭 > 无烟煤,,2.785,kgCO2e,4,2014,kg
烟煤-国标,Bituminous coal-GB,11010X0072015A,首页 > 矿石和矿物；电、气和水 > 煤和泥炭 > 煤和泥炭 > 无烟煤,,1.7417,kgCO2e,3,2015,kg
烟煤-指南,Bituminous coal-Guidelines,11010X0082013A,首页 > 矿石和矿物；电、气和水 > 煤和泥炭 > 煤和泥炭 > 无烟煤,,1.7471,kgCO2e,3,2013,kg
无烟煤,Anthracite,11010X0032011A,首页 > 矿石和矿物；电、气和水 > 煤和泥炭 > 煤和泥炭 > 无烟煤,,2.03,tCO2e,4,2011,公吨
烟煤,Bituminous coal,11010X0042011A,首页 > 矿石和矿物；电、气和水 > 煤和泥炭 > 煤和泥炭 > 无烟煤,,1.87,tCO2e,4,2011,公吨
煤炭,coal,11010X0012022C,首页 > 矿石和矿物；电、气和水 > 煤和泥炭 > 煤和泥炭 > 无烟煤,,0.08,kgCO2e,5,2022,kg
无烟煤,Anthracite,11010X0142025C,首页 > 矿石和矿物；电、气和水 > 煤和泥炭 > 煤和泥炭 > 无烟煤,,98.3,kgCO2e,5,2025,吉焦
型煤,Briquette,11050X0012011A,首页 > 矿石和矿物；电、气和水 > 煤和泥炭 > 煤和泥炭 > 泥煤,,2.18,tCO2e,4,2011,公吨
泥炭,Peat,11050X0012005A,首页 > 矿石和矿物；电、气和水 > 煤和泥炭 > 煤和泥炭 > 泥煤,,27,gCO2e,3,2005,平方米
泥炭,Peat,11050X0052025C,首页 > 矿石和矿物；电、气和水 > 煤和泥炭 > 煤和泥炭 > 泥煤,,1.03,tCO2e,5,2025,公吨
洗精煤-IPCC,Cleaned coal-IPCC,11040X0012006A,首页 > 矿石和矿物；电、气和水 > 煤和泥炭 > 煤和泥炭 > 煤球等类似用褐煤加工的固态燃料,,2.6767,kgCO2e,4,2006,kg
洗精煤-WSA,Cleaned coal-WSA,11040X0022014A,首页 > 矿石和矿物；电、气和水 > 煤和泥炭 > 煤和泥炭 > 煤球等类似用褐煤加工的固态燃料,,3.06,kgCO2e,4,2014,kg
洗精煤-国标,Cleaned coal-GB,11040X0032015A,首页 > 矿石和矿物；电、气和水 > 煤和泥炭 > 煤和泥炭 > 煤球等类似用褐煤加工的固态燃料,,2.2082,kgCO2e,3,2015,kg
洗精煤-指南,Cleaned coal-Guidelines,11040X0042013A,首页 > 矿石和矿物；电、气和水 > 煤和泥炭 > 煤和泥炭 > 煤球等类似用褐煤加工的固态燃料,,2.2082,kgCO2e,3,2013,kg
焦炭,Coke,11040X0012011A,首页 > 矿石和矿物；电、气和水 > 煤和泥炭 > 煤和泥炭 > 煤球等类似用褐煤加工的固态燃料,,3.39,tCO2e,4,2011,公吨
精煤产品	,Refined coal products,11040X0062017A,首页 > 矿石和矿物；电、气和水 > 煤和泥炭 > 煤和泥炭 > 煤球等类似用褐煤加工的固态燃料,,113.76,kgCO2e,5,2017,公吨
烟煤,Bituminous coal,11040X0072025C,首页 > 矿石和矿物；电、气和水 > 煤和泥炭 > 煤和泥炭 > 煤球等类似用褐煤加工的固态燃料,,94.6,kgCO2e,5,2025,吉焦
型煤,Briquette,11040X0082025C,首页 > 矿石和矿物；电、气和水 > 煤和泥炭 > 煤和泥炭 > 煤球等类似用褐煤加工的固态燃料,,33.6,kgCO2e,5,2025,吉焦
其他洗煤,Other washed coal,11020X0022011A,首页 > 矿石和矿物；电、气和水 > 煤和泥炭 > 煤和泥炭 > 用无烟煤加工的固态燃料,,0.701,kgCO2e,4,2011,kg
洗精煤,Cleaned coal,11020X0032011A,首页 > 矿石和矿物；电、气和水 > 煤和泥炭 > 煤和泥炭 > 用无烟煤加工的固态燃料,,2.61,tCO2e,4,2011,公吨
褐煤,Lignite,11030X0012011A,首页 > 矿石和矿物；电、气和水 > 煤和泥炭 > 煤和泥炭 > 褐煤,,975.24,gCO2e,5,2011,千瓦时
褐煤,Lignite,11030X0022025C,首页 > 矿石和矿物；电、气和水 > 煤和泥炭 > 煤和泥炭 > 褐煤,,101.2,kgCO2e,5,2025,吉焦
生物燃料,biofuel,17200X0012016A,首页 > 矿石和矿物；电、气和水 > 电、城市煤气、蒸汽和热水 > 煤气、水煤气、发生炉煤气和类似气体，石油气和其他气态碳氢化合物除外 > 煤气、水煤气、发生炉煤气和类似气体，石油气和其他气态碳氢化合物除外,E10,0.224,kgCO2e,3,2016,千米
生物质燃料,Biomass fuel,17200X0022005A,首页 > 矿石和矿物；电、气和水 > 电、城市煤气、蒸汽和热水 > 煤气、水煤气、发生炉煤气和类似气体，石油气和其他气态碳氢化合物除外 > 煤气、水煤气、发生炉煤气和类似气体，石油气和其他气态碳氢化合物除外,植物材料和剩余物,0.15,tCO2e,4,2005,公吨
秸秆沼气,Straw biogas,17200X0032014A,首页 > 矿石和矿物；电、气和水 > 电、城市煤气、蒸汽和热水 > 煤气、水煤气、发生炉煤气和类似气体，石油气和其他气态碳氢化合物除外 > 煤气、水煤气、发生炉煤气和类似气体，石油气和其他气态碳氢化合物除外,生物质能,729.65,kgCO2e,4,2014,公吨
再利用煤气,Recycled gas,17200X0042023A,首页 > 矿石和矿物；电、气和水 > 电、城市煤气、蒸汽和热水 > 煤气、水煤气、发生炉煤气和类似气体，石油气和其他气态碳氢化合物除外 > 煤气、水煤气、发生炉煤气和类似气体，石油气和其他气态碳氢化合物除外,,0.6548,kgCO2e,5,2023,kg
煤制天然气,Synthetic Natural Gas,17200X0052015A,首页 > 矿石和矿物；电、气和水 > 电、城市煤气、蒸汽和热水 > 煤气、水煤气、发生炉煤气和类似气体，石油气和其他气态碳氢化合物除外 > 煤气、水煤气、发生炉煤气和类似气体，石油气和其他气态碳氢化合物除外,,13.46,kgCO2e,5,2015,kg
发生炉煤气,Furnace  gas,17200X0072019A,首页 > 矿石和矿物；电、气和水 > 电、城市煤气、蒸汽和热水 > 煤气、水煤气、发生炉煤气和类似气体，石油气和其他气态碳氢化合物除外 > 煤气、水煤气、发生炉煤气和类似气体，石油气和其他气态碳氢化合物除外,,12,kgCO2e,5,2019,kg
重油催化裂解煤气,By heavy oil catalytic cracking,17200X0092021A,首页 > 矿石和矿物；电、气和水 > 电、城市煤气、蒸汽和热水 > 煤气、水煤气、发生炉煤气和类似气体，石油气和其他气态碳氢化合物除外 > 煤气、水煤气、发生炉煤气和类似气体，石油气和其他气态碳氢化合物除外,,0.44,kgCO2e,4,2021,kg
重油热解煤气,Gas by heavy oil thermal cracking,17200X0112021A,首页 > 矿石和矿物；电、气和水 > 电、城市煤气、蒸汽和热水 > 煤气、水煤气、发生炉煤气和类似气体，石油气和其他气态碳氢化合物除外 > 煤气、水煤气、发生炉煤气和类似气体，石油气和其他气态碳氢化合物除外,,0.8136,kgCO2e,4,2021,kg
转炉煤气,Lindz-Donawitz Converter Gas,17200X0132012A,首页 > 矿石和矿物；电、气和水 > 电、城市煤气、蒸汽和热水 > 煤气、水煤气、发生炉煤气和类似气体，石油气和其他气态碳氢化合物除外 > 煤气、水煤气、发生炉煤气和类似气体，石油气和其他气态碳氢化合物除外,,1.51,kgCO2e,5,2012,m3
密闭电石炉炉气,Gas of the full-enclosed calcium carbide furnace,17200X0142012A,首页 > 矿石和矿物；电、气和水 > 电、城市煤气、蒸汽和热水 > 煤气、水煤气、发生炉煤气和类似气体，石油气和其他气态碳氢化合物除外 > 煤气、水煤气、发生炉煤气和类似气体，石油气和其他气态碳氢化合物除外,,1.59,kgCO2e,5,2012,m3
其他煤气,Other gas,17200X0152012A,首页 > 矿石和矿物；电、气和水 > 电、城市煤气、蒸汽和热水 > 煤气、水煤气、发生炉煤气和类似气体，石油气和其他气态碳氢化合物除外 > 煤气、水煤气、发生炉煤气和类似气体，石油气和其他气态碳氢化合物除外,,0.23,kgCO2e,5,2012,m3
地热能产热,Geothermal energy heat,17200X0162020A,首页 > 矿石和矿物；电、气和水 > 电、城市煤气、蒸汽和热水 > 煤气、水煤气、发生炉煤气和类似气体，石油气和其他气态碳氢化合物除外 > 煤气、水煤气、发生炉煤气和类似气体，石油气和其他气态碳氢化合物除外,,43.77,kgCO2e,4,2020,千瓦时
高炉煤气,Blastfurnace gas,17200X0202012A,首页 > 矿石和矿物；电、气和水 > 电、城市煤气、蒸汽和热水 > 煤气、水煤气、发生炉煤气和类似气体，石油气和其他气态碳氢化合物除外 > 煤气、水煤气、发生炉煤气和类似气体，石油气和其他气态碳氢化合物除外,,0.85,kgCO2e,3,2012,m3
压力气化煤气,By pressure gasification,17200X0172020A,首页 > 矿石和矿物；电、气和水 > 电、城市煤气、蒸汽和热水 > 煤气、水煤气、发生炉煤气和类似气体，石油气和其他气态碳氢化合物除外 > 煤气、水煤气、发生炉煤气和类似气体，石油气和其他气态碳氢化合物除外,,0.34,tCO2e,3,2020,公吨
水煤气,（Water coal gas）,17200X0182020A,首页 > 矿石和矿物；电、气和水 > 电、城市煤气、蒸汽和热水 > 煤气、水煤气、发生炉煤气和类似气体，石油气和其他气态碳氢化合物除外 > 煤气、水煤气、发生炉煤气和类似气体，石油气和其他气态碳氢化合物除外,,0.24,tCO2e,3,2020,公吨
沼气（玉米秸秆能量利用）,Biogas,17200X0212021C,首页 > 矿石和矿物；电、气和水 > 电、城市煤气、蒸汽和热水 > 煤气、水煤气、发生炉煤气和类似气体，石油气和其他气态碳氢化合物除外 > 煤气、水煤气、发生炉煤气和类似气体，石油气和其他气态碳氢化合物除外,,49.53,gCO2e,5,2021,MJ
秸秆气化（玉米秸秆能量利用）,Stover gasification,17200X0222021C,首页 > 矿石和矿物；电、气和水 > 电、城市煤气、蒸汽和热水 > 煤气、水煤气、发生炉煤气和类似气体，石油气和其他气态碳氢化合物除外 > 煤气、水煤气、发生炉煤气和类似气体，石油气和其他气态碳氢化合物除外,,158.22,gCO2e,5,2021,MJ
2019年全国电网平均排放因子,Average emission factor of national power grid in 2019,17100G0012019A,首页 > 矿石和矿物；电、气和水 > 电、城市煤气、蒸汽和热水 > 电能 > 其他未另列明的电能,全国电网,0.6448,tCO2e,5,2019,兆瓦时
2019年东北电网排放因子,Electricity - Northeast Power Grid Mix in 2019,17100G0022019A,首页 > 矿石和矿物；电、气和水 > 电、城市煤气、蒸汽和热水 > 电能 > 其他未另列明的电能,东北电网,0.8406,tCO2e,4,2019,兆瓦时
10MW盐穴先进压缩空气储能系统,10MW salt cavern advanced adiabatic compressed air energy storage (AA-CAES),17100G0012022A,首页 > 矿石和矿物；电、气和水 > 电、城市煤气、蒸汽和热水 > 电能 > 其他未另列明的电能,,30240,tCO2e,4,2022,套
地热能发电,Geothermal power,17100G0022015A,首页 > 矿石和矿物；电、气和水 > 电、城市煤气、蒸汽和热水 > 电能 > 其他未另列明的电能,双闪存,3883.739559,kgCO2e,5,2015,千瓦时
地热能发电,Geothermal power,17100G0032015A,首页 > 矿石和矿物；电、气和水 > 电、城市煤气、蒸汽和热水 > 电能 > 其他未另列明的电能,单闪,11828.748188,kgCO2e,5,2015,千瓦时
地热能发电,Geothermal power,17100G0042015A,首页 > 矿石和矿物；电、气和水 > 电、城市煤气、蒸汽和热水 > 电能 > 其他未另列明的电能,二元电力系统（ORC）,80491.60261,kgCO2e,5,2015,千瓦时
地热能,Geothermal power,17100G0052015A,首页 > 矿石和矿物；电、气和水 > 电、城市煤气、蒸汽和热水 > 电能 > 其他未另列明的电能,增强型地热系统（EGS）,12743.28072,kgCO2e,5,2015,千瓦时
垃圾发电,Waste power,17100G0062011A,首页 > 矿石和矿物；电、气和水 > 电、城市煤气、蒸汽和热水 > 电能 > 其他未另列明的电能,,212,kgCO2e,4,2011,公吨
2019年华北电网排放因子,Electricity - North China Power Grid Mix in 2019,17100G0052019A,首页 > 矿石和矿物；电、气和水 > 电、城市煤气、蒸汽和热水 > 电能 > 其他未另列明的电能,华北电网,0.8952,tCO2e,4,2019,兆瓦时
2019年西北电网排放因子,Electricity-Northwest Grid Mix in 2019,17100G0062019A,首页 > 矿石和矿物；电、气和水 > 电、城市煤气、蒸汽和热水 > 电能 > 其他未另列明的电能,西北电网,0.6295,tCO2e,4,2019,兆瓦时
2019年华东电网排放因子,Electricity-East China Grid Mix in 2019,17100G0072019A,首页 > 矿石和矿物；电、气和水 > 电、城市煤气、蒸汽和热水 > 电能 > 其他未另列明的电能,华东电网,0.6496,tCO2e,4,2019,兆瓦时
2019年华中电网排放因子,Electricity-Central China Power Grid Mix in 2019,17100G0082019A,首页 > 矿石和矿物；电、气和水 > 电、城市煤气、蒸汽和热水 > 电能 > 其他未另列明的电能,华中电网,0.4626,tCO2e,4,2019,兆瓦时
光伏发电,PV Power,17100G0072017A,首页 > 矿石和矿物；电、气和水 > 电、城市煤气、蒸汽和热水 > 电能 > 其他未另列明的电能,多晶电池片 （Polysilicon solar cell）,2223.29,kgCO2e,4,2017,千瓦时
2019年南方电网排放因子,Electricity-Southern Power Grid Mix in 2019,17100G0092019A,首页 > 矿石和矿物；电、气和水 > 电、城市煤气、蒸汽和热水 > 电能 > 其他未另列明的电能,南方电网,0.413,tCO2e,5,2019,兆瓦时
辽宁2019年电网排放因子,Power grid emission factors of Liaoning in 2019,17100G0102019A,首页 > 矿石和矿物；电、气和水 > 电、城市煤气、蒸汽和热水 > 电能 > 其他未另列明的电能,辽宁省电网,0.8552,tCO2e,4,2019,兆瓦时
黑龙江2019年电网排放因子,Power grid emission factors of Heilongjiang in 2019,17100G0122019A,首页 > 矿石和矿物；电、气和水 > 电、城市煤气、蒸汽和热水 > 电能 > 其他未另列明的电能,黑龙江电网,0.8405,tCO2e,4,2019,兆瓦时
北京2019年电网排放因子,Power grid emission factors of Beijing n in 2019,17100G0132019A,首页 > 矿石和矿物；电、气和水 > 电、城市煤气、蒸汽和热水 > 电能 > 其他未另列明的电能,北京市电网,0.6781,tCO2e,4,2019,兆瓦时
天津2019年电网排放因子,Power grid emission factors of Tianjin in 2019,17100G0152019A,首页 > 矿石和矿物；电、气和水 > 电、城市煤气、蒸汽和热水 > 电能 > 其他未另列明的电能,天津市电网,0.8487,tCO2e,4,2019,兆瓦时
河北2019年电网排放因子,Power grid emission factors of Hebei in 2019,17100G0172019A,首页 > 矿石和矿物；电、气和水 > 电、城市煤气、蒸汽和热水 > 电能 > 其他未另列明的电能,河北省电网,1.0429,tCO2e,4,2019,兆瓦时
山西2019年电网排放因子,Power grid emission factors of Shanxi in 2019,17100G0192019A,首页 > 矿石和矿物；电、气和水 > 电、城市煤气、蒸汽和热水 > 电能 > 其他未另列明的电能,山西省电网,0.8398,tCO2e,4,2019,兆瓦时
内蒙古2019年电网排放因子,Power grid emission factors of Inner Mongolia in 2019,17100G0212019A,首页 > 矿石和矿物；电、气和水 > 电、城市煤气、蒸汽和热水 > 电能 > 其他未另列明的电能,内蒙古自治区电网,0.983,tCO2e,4,2019,兆瓦时
山东2019年电网排放因子,Power grid emission factors of Shandong in 2019,17100G0232019A,首页 > 矿石和矿物；电、气和水 > 电、城市煤气、蒸汽和热水 > 电能 > 其他未另列明的电能,山东省电网,0.8313,tCO2e,4,2019,兆瓦时
陕西2019年电网排放因子,Power grid emission factors of Shaanxi in 2019,17100G0242019A,首页 > 矿石和矿物；电、气和水 > 电、城市煤气、蒸汽和热水 > 电能 > 其他未另列明的电能,陕西省电网,0.6211,tCO2e,4,2019,兆瓦时
甘肃2019年电网排放因子,Power grid emission factors of Gansu in 2019,17100G0252019A,首页 > 矿石和矿物；电、气和水 > 电、城市煤气、蒸汽和热水 > 电能 > 其他未另列明的电能,甘肃省电网,0.4362,tCO2e,4,2019,兆瓦时
青海2019年电网排放因子,Power grid emission factors of Qinghai in 2019,17100G0262019A,首页 > 矿石和矿物；电、气和水 > 电、城市煤气、蒸汽和热水 > 电能 > 其他未另列明的电能,青海省电网,0.1047,tCO2e,4,2019,兆瓦时
宁夏2019年电网排放因子,Power grid emission factors of Ningxia in 2019,17100G0272019A,首页 > 矿石和矿物；电、气和水 > 电、城市煤气、蒸汽和热水 > 电能 > 其他未另列明的电能,宁夏回族自治区电网,0.7808,tCO2e,4,2019,兆瓦时
新疆2019年电网排放因子,Power grid emission factors of Xinjiang in 2019,17100G0282019A,首页 > 矿石和矿物；电、气和水 > 电、城市煤气、蒸汽和热水 > 电能 > 其他未另列明的电能,新疆维吾尔自治区电网,0.7399,tCO2e,4,2019,兆瓦时
上海2019年电网排放因子,Power grid emission factors of Shanghai in 2019,17100G0292019A,首页 > 矿石和矿物；电、气和水 > 电、城市煤气、蒸汽和热水 > 电能 > 其他未另列明的电能,上海市电网,0.5867,tCO2e,4,2019,兆瓦时
江苏2019年电网排放因子,Power grid emission factors of Jiangsu in 2019,17100G0312019A,首页 > 矿石和矿物；电、气和水 > 电、城市煤气、蒸汽和热水 > 电能 > 其他未另列明的电能,江苏省电网,0.7025,tCO2e,4,2019,兆瓦时
浙江2019年电网排放因子,Power grid emission factors of Zhejiang in 2019,17100G0322019A,首页 > 矿石和矿物；电、气和水 > 电、城市煤气、蒸汽和热水 > 电能 > 其他未另列明的电能,浙江省电网,0.5638,tCO2e,4,2019,兆瓦时
安徽2019年电网排放因子,Power grid emission factors of Anhui in 2019,17100G0332019A,首页 > 矿石和矿物；电、气和水 > 电、城市煤气、蒸汽和热水 > 电能 > 其他未另列明的电能,安徽省电网,0.7622,tCO2e,4,2019,兆瓦时
福建2019年电网排放因子,Power grid emission factors of Fujian in 2019,17100G0352019A,首页 > 矿石和矿物；电、气和水 > 电、城市煤气、蒸汽和热水 > 电能 > 其他未另列明的电能,福建省电网,0.4653,tCO2e,4,2019,兆瓦时
江西2019年电网排放因子,Power grid emission factors of Jiangxi in 2019,17100G0372019A,首页 > 矿石和矿物；电、气和水 > 电、城市煤气、蒸汽和热水 > 电能 > 其他未另列明的电能,江西省电网,0.6493,tCO2e,4,2019,兆瓦时
河南2019年电网排放因子,Power grid emission factors of Henan in 2019,17100G0392019A,首页 > 矿石和矿物；电、气和水 > 电、城市煤气、蒸汽和热水 > 电能 > 其他未另列明的电能,河南省电网,0.7353,tCO2e,4,2019,兆瓦时
湖北2019年电网排放因子,Power grid emission factors of Hubei in 2019,17100G0402019A,首页 > 矿石和矿物；电、气和水 > 电、城市煤气、蒸汽和热水 > 电能 > 其他未另列明的电能,湖北省电网,0.4197,tCO2e,4,2019,兆瓦时
湖南2019年电网排放因子,Power grid emission factors of Hunan in 2019,17100G0412019A,首页 > 矿石和矿物；电、气和水 > 电、城市煤气、蒸汽和热水 > 电能 > 其他未另列明的电能,湖南省电网,0.5109,tCO2e,4,2019,兆瓦时
重庆2019年电网排放因子,Power grid emission factors of Chongqing in 2019,17100G0432019A,首页 > 矿石和矿物；电、气和水 > 电、城市煤气、蒸汽和热水 > 电能 > 其他未另列明的电能,重庆市电网,0.4644,tCO2e,4,2019,兆瓦时
四川2019年电网排放因子,Power grid emission factors of Sichuan in 2019,17100G0442019A,首页 > 矿石和矿物；电、气和水 > 电、城市煤气、蒸汽和热水 > 电能 > 其他未另列明的电能,四川省电网,0.1308,tCO2e,4,2019,兆瓦时
广东2019年电网排放因子,Power grid emission factors of Guangdong in 2019,17100G0462019A,首页 > 矿石和矿物；电、气和水 > 电、城市煤气、蒸汽和热水 > 电能 > 其他未另列明的电能,广东省电网,0.4466,tCO2e,4,2019,兆瓦时
广西2019年电网排放因子,Power grid emission factors of Guangxi  in 2019,17100G0482019A,首页 > 矿石和矿物；电、气和水 > 电、城市煤气、蒸汽和热水 > 电能 > 其他未另列明的电能,,0.5207,tCO2e,4,2019,兆瓦时
海南2019年电网排放因子,Power grid emission factors of Hainan in 2019,17100G0502019A,首页 > 矿石和矿物；电、气和水 > 电、城市煤气、蒸汽和热水 > 电能 > 其他未另列明的电能,,0.4959,tCO2e,4,2019,兆瓦时
贵州2019年电网排放因子,Power grid emission factors of Guizhou in 2010,17100G0512019A,首页 > 矿石和矿物；电、气和水 > 电、城市煤气、蒸汽和热水 > 电能 > 其他未另列明的电能,,0.496,tCO2e,4,2019,兆瓦时
云南2019年电网排放因子,Power grid emission factors of Yunnan in 2019,17100G0522019A,首页 > 矿石和矿物；电、气和水 > 电、城市煤气、蒸汽和热水 > 电能 > 其他未另列明的电能,,0.1155,tCO2e,4,2019,兆瓦时
吉林2019年电网排放因子,Power grid emission factors of Jilin in 2019,17100G0532019A,首页 > 矿石和矿物；电、气和水 > 电、城市煤气、蒸汽和热水 > 电能 > 其他未另列明的电能,,0.8857,kgCO2e,4,2019,兆瓦时
电加热,Electric heating,17100G0092020A,首页 > 矿石和矿物；电、气和水 > 电、城市煤气、蒸汽和热水 > 电能 > 其他未另列明的电能,,149.1,kgCO2e,4,2020,平方米
5MW风光互补发电,5MW wind-solar complementary power,17100G0002022C,首页 > 矿石和矿物；电、气和水 > 电、城市煤气、蒸汽和热水 > 电能 > 其他未另列明的电能,,29.2,gCO2e,5,2022,千瓦时
屋顶光伏并网发电系统,roof photovoltaic grid connected system,17100E0022015A,首页 > 矿石和矿物；电、气和水 > 电、城市煤气、蒸汽和热水 > 电能 > 太阳能发电,,0.15,kgCO2e,4,2015,千瓦时
多晶硅太阳能板,polycrystalline silicon,17100E0272020A,首页 > 矿石和矿物；电、气和水 > 电、城市煤气、蒸汽和热水 > 电能 > 太阳能发电,,165.914,kgCO2e,5,2020,平方米
多晶硅太阳能板,polycrystalline silicon,17100E0282020A,首页 > 矿石和矿物；电、气和水 > 电、城市煤气、蒸汽和热水 > 电能 > 太阳能发电,,155.91,kgCO2e,5,2020,平方米
碲化镉薄膜光伏系统,CdTe solar PV system,17100E0032018A,首页 > 矿石和矿物；电、气和水 > 电、城市煤气、蒸汽和热水 > 电能 > 太阳能发电,,3.5,kgCO2e,4,2018,千瓦时
单晶硅光伏系统,s-Si solar PV system,17100E0042018A,首页 > 矿石和矿物；电、气和水 > 电、城市煤气、蒸汽和热水 > 电能 > 太阳能发电,,0.095,kgCO2e,4,2018,千瓦时
铜铟镓硒薄膜光伏系统,copper‑indium‑gallium-selenide solar PV system,17100E0052019A,首页 > 矿石和矿物；电、气和水 > 电、城市煤气、蒸汽和热水 > 电能 > 太阳能发电,西班牙屋顶装机,0.0146,kgCO2e,4,2019,千瓦时
铜铟镓硒薄膜光伏系统,copper‑indium‑gallium-selenide solar PV system,17100E0062019A,首页 > 矿石和矿物；电、气和水 > 电、城市煤气、蒸汽和热水 > 电能 > 太阳能发电,英国屋顶装机,0.0251,kgCO2e,4,2019,千瓦时
钙钛矿太阳能电池,Perovskite solar cell,17100E0072021A,首页 > 矿石和矿物；电、气和水 > 电、城市煤气、蒸汽和热水 > 电能 > 太阳能发电,,0.182,kgCO2e,4,2021,千瓦时
单晶硅太阳能光伏电池,monocrystalline silicon solar photovoltaic cell,17100E0082015A,首页 > 矿石和矿物；电、气和水 > 电、城市煤气、蒸汽和热水 > 电能 > 太阳能发电,,0.008835,kgCO2e,4,2015,千瓦时
多晶硅屋顶集成光伏系统,p-multi Roof-integrated PV systems,17100E0092018A,首页 > 矿石和矿物；电、气和水 > 电、城市煤气、蒸汽和热水 > 电能 > 太阳能发电,Al-BSF；Glass/backsheet,0.0302,kgCO2e,4,2018,千瓦时
多晶硅屋顶集成光伏系统,p-multi Roof-integrated PV systems,17100E0102018A,首页 > 矿石和矿物；电、气和水 > 电、城市煤气、蒸汽和热水 > 电能 > 太阳能发电,PERC；Glass/backsheet,0.0292,kgCO2e,4,2018,千瓦时
多晶硅屋顶集成光伏系统,p-multi Roof-integrated PV systems,17100E0112018A,首页 > 矿石和矿物；电、气和水 > 电、城市煤气、蒸汽和热水 > 电能 > 太阳能发电,PERC；Glass/glass,0.0209,kgCO2e,4,2018,千瓦时
分布式光伏-储能系统,distributed photovoltaic-battery storage system-taking (PV-BSS),17100E0122022A,首页 > 矿石和矿物；电、气和水 > 电、城市煤气、蒸汽和热水 > 电能 > 太阳能发电,,0.04016,kgCO2e,4,2022,千瓦时
量子点光伏,Quantum dot PV (QDSC),17100E0132011A,首页 > 矿石和矿物；电、气和水 > 电、城市煤气、蒸汽和热水 > 电能 > 太阳能发电,,0.005,kgCO2e,4,2011,千瓦时
多晶光伏系统,multi-crystalline photovoltaic (PV) systems,17100E0142015A,首页 > 矿石和矿物；电、气和水 > 电、城市煤气、蒸汽和热水 > 电能 > 太阳能发电,,0.0509,kgCO2e,4,2015,千瓦时
钙钛矿太阳能电池,Titania Perovskite Solar Cell,17100E0152015A,首页 > 矿石和矿物；电、气和水 > 电、城市煤气、蒸汽和热水 > 电能 > 太阳能发电,,0.4972,kgCO2e,4,2015,千瓦时
钙钛矿太阳能电池,perovskite solar cells,17100E0162015A,首页 > 矿石和矿物；电、气和水 > 电、城市煤气、蒸汽和热水 > 电能 > 太阳能发电,ZnO模组,0.0191,kgCO2e,4,2015,平方米
钙钛矿太阳能电池,perovskite solar cells,17100E0172015A,首页 > 矿石和矿物；电、气和水 > 电、城市煤气、蒸汽和热水 > 电能 > 太阳能发电,TiO2模块,0.0217,kgCO2e,4,2015,平方米
多晶硅多晶硅光伏发电系统,Polycrystalline silicon photovoltaic system,17100E0292008A,首页 > 矿石和矿物；电、气和水 > 电、城市煤气、蒸汽和热水 > 电能 > 太阳能发电,,752859.4,kgCO2e,4,2008,个
多晶硅光伏系统,Polycrystalline silicon photovoltaic system,17100E0302018A,首页 > 矿石和矿物；电、气和水 > 电、城市煤气、蒸汽和热水 > 电能 > 太阳能发电,,1432460,kgCO2e,5,2018,峰值千瓦
PERC双面单晶发电系统-158.75mm电池片,"PERC Monocrystalline silicon system, solar cell: 158.75mm",17100E0312020A,首页 > 矿石和矿物；电、气和水 > 电、城市煤气、蒸汽和热水 > 电能 > 太阳能发电,158-BF(72),19.88,gCO2e,4,2020,千瓦时
PERC双面单晶发电系统-166mm电池片,"PERC Monocrystalline silicon system, solar cell: 166mm",17100E0322020A,首页 > 矿石和矿物；电、气和水 > 电、城市煤气、蒸汽和热水 > 电能 > 太阳能发电,166-BF(72),19.32,gCO2e,4,2020,千瓦时
PERC双面单晶发电系统-210mm电池片,"PERC Monocrystalline silicon system, solar cell: 210mm",17100E0332020A,首页 > 矿石和矿物；电、气和水 > 电、城市煤气、蒸汽和热水 > 电能 > 太阳能发电,210-BF(50),18.43,gCO2e,4,2020,千瓦时
单晶硅光伏电站-大规模,"Monocrystalline silicon photovoltaic power plants, large scale",17100E0342013A,首页 > 矿石和矿物；电、气和水 > 电、城市煤气、蒸汽和热水 > 电能 > 太阳能发电,,65.2,gCO2e,4,2013,千瓦时
多晶硅太阳能发电,Polycrystalline Silicon Solar Power Generation,17100E0192009A,首页 > 矿石和矿物；电、气和水 > 电、城市煤气、蒸汽和热水 > 电能 > 太阳能发电,,292.4,gCO2e,5,2009,千瓦时
1m2多晶硅光伏组件，废弃后拆解,Polycrystalline silicon photovoltaic module，dismantle at disposal stage,17100E0352020A,首页 > 矿石和矿物；电、气和水 > 电、城市煤气、蒸汽和热水 > 电能 > 太阳能发电,,33.53,gCO2e,5,2020,千瓦时
1m2多晶硅光伏组件，废弃后热解,Polycrystalline silicon photovoltaic module，pyrolysis at disposal stage,17100E0372020A,首页 > 矿石和矿物；电、气和水 > 电、城市煤气、蒸汽和热水 > 电能 > 太阳能发电,,23.69,kgCO2e,5,2020,Wh
太阳能发电,Solar energy generation,17100E0372021A,首页 > 矿石和矿物；电、气和水 > 电、城市煤气、蒸汽和热水 > 电能 > 太阳能发电,,633,gCO2e,4,2021,千瓦时
多晶光伏发电系统-铜川装机,Polycrystalline photovoltaic power generation system，location：Tongchuan,17100E0382015A,首页 > 矿石和矿物；电、气和水 > 电、城市煤气、蒸汽和热水 > 电能 > 太阳能发电,,1819,kgCO2e,5,2015,峰值千瓦
多晶光伏发电系统-武汉装机,Polycrystalline photovoltaic power generation system，location：Wuhan,17100E0392015A,首页 > 矿石和矿物；电、气和水 > 电、城市煤气、蒸汽和热水 > 电能 > 太阳能发电,,1819,kgCO2e,5,2015,峰值千瓦
多晶光伏发电系统-重庆装机,Polycrystalline photovoltaic power generation system，location：Chongqing,17100E0402015A,首页 > 矿石和矿物；电、气和水 > 电、城市煤气、蒸汽和热水 > 电能 > 太阳能发电,,1819,kgCO2e,5,2015,峰值千瓦
多晶光伏发电系统-拉萨装机,Polycrystalline photovoltaic power generation system，location：Lhasa,17100E0412015A,首页 > 矿石和矿物；电、气和水 > 电、城市煤气、蒸汽和热水 > 电能 > 太阳能发电,,1819,kgCO2e,5,2015,峰值千瓦
多晶光伏发电系统-西宁装机,Polycrystalline photovoltaic power generation system，location：Xining,17100E0422015A,首页 > 矿石和矿物；电、气和水 > 电、城市煤气、蒸汽和热水 > 电能 > 太阳能发电,,1819,kgCO2e,5,2015,峰值千瓦
5ＭＷ光伏机组发电,PV Power Generation（5ＭＷ）,17100E0432015A,首页 > 矿石和矿物；电、气和水 > 电、城市煤气、蒸汽和热水 > 电能 > 太阳能发电,,0.286774,kgCO2e,5,2015,千瓦时
太阳能电池,Solar cell,17100E0442015A,首页 > 矿石和矿物；电、气和水 > 电、城市煤气、蒸汽和热水 > 电能 > 太阳能发电,,95.8,kgCO2e,4,2015,千瓦时
多晶硅太阳能板,Multi-crystalline silicon photovoltaic module,17100E0202010A,首页 > 矿石和矿物；电、气和水 > 电、城市煤气、蒸汽和热水 > 电能 > 太阳能发电,,2450,kgCO2e,4,2010,峰值千瓦
单晶硅太阳能电池片,Monocrystallinesilicon pv solar panel,17100E0222022B,首页 > 矿石和矿物；电、气和水 > 电、城市煤气、蒸汽和热水 > 电能 > 太阳能发电,210*210mm,2.27,kgCO2e,3,2022,片
粗苯,Electric cable,17100E0262007B,首页 > 矿石和矿物；电、气和水 > 电、城市煤气、蒸汽和热水 > 电能 > 太阳能发电,,0,kgCO2e,4,2007,kg
太阳能发电,solar energy generation,17100E0362020A,首页 > 矿石和矿物；电、气和水 > 电、城市煤气、蒸汽和热水 > 电能 > 太阳能发电,,85,gCO2e,4,2020,千瓦时
单晶硅光伏组件-单玻,Monocrystalline silicon photovoltaic module - single glass,17100E0312020B,首页 > 矿石和矿物；电、气和水 > 电、城市煤气、蒸汽和热水 > 电能 > 太阳能发电,,1400000,kgCO2e,3,2020,兆瓦
单晶硅光伏组件-建筑用光伏夹层玻璃,Monocrystalline Silicon Photovoltaic Module-Photovoltaic Laminated Glass for Buildings,17100E0302020B,首页 > 矿石和矿物；电、气和水 > 电、城市煤气、蒸汽和热水 > 电能 > 太阳能发电,,450000,kgCO2e,3,2020,兆瓦
单晶硅光伏组件-双玻,Monocrystalline silicon photovoltaic module - double glass,17100E0292020B,首页 > 矿石和矿物；电、气和水 > 电、城市煤气、蒸汽和热水 > 电能 > 太阳能发电,,1380000,kgCO2e,3,2020,兆瓦
太阳能发电,distributed photovoltaic-battery storage system-taking (PV-BSS),17100E0392022C,首页 > 矿石和矿物；电、气和水 > 电、城市煤气、蒸汽和热水 > 电能 > 太阳能发电,,0.04016,kgCO2e,5,2022,千瓦时
多晶硅光伏组件,polycrystalline silicon photovoltaic module,17100E0542020C,首页 > 矿石和矿物；电、气和水 > 电、城市煤气、蒸汽和热水 > 电能 > 太阳能发电,,165.914,kgCO2e,5,2020,平方米
3MW光伏发电,3MW photovoltaic power,17100E0582022C,首页 > 矿石和矿物；电、气和水 > 电、城市煤气、蒸汽和热水 > 电能 > 太阳能发电,,32.58,gCO2e,5,2022,千瓦时
单晶硅太阳能电池片,Single crystalline silicon solar cell,17100E0592022B,首页 > 矿石和矿物；电、气和水 > 电、城市煤气、蒸汽和热水 > 电能 > 太阳能发电,,1.46,kgCO2e,5,2022,片
2024年主要发电类型电力碳足迹因子-光伏发电,2024 Main Power Generation Type Carbon Footprint Factor - Photovoltaic Power Generation,17100E0622024C,首页 > 矿石和矿物；电、气和水 > 电、城市煤气、蒸汽和热水 > 电能 > 太阳能发电,,0.052,kgCO2e,5,2024,千瓦时
2024年主要发电类型电力碳足迹因子-光热发电,2024 Main Power Generation Type Carbon Footprint Factor - Concentrated Thermal Power Generation,17100E0632024C,首页 > 矿石和矿物；电、气和水 > 电、城市煤气、蒸汽和热水 > 电能 > 太阳能发电,,0.0312,kgCO2e,5,2024,千瓦时
热电联供核电厂供热,Cogeneration nuclear power plants Heat,17100C0082022A,首页 > 矿石和矿物；电、气和水 > 电、城市煤气、蒸汽和热水 > 电能 > 核能发电,,29,gCO2e,4,2022,千瓦时
大、中型商用核电,Large and medium-sized commercial nuclear power,17100C0032019A,首页 > 矿石和矿物；电、气和水 > 电、城市煤气、蒸汽和热水 > 电能 > 核能发电,,12.4,gCO2e,5,2019,千瓦时
大、中型商用核电,Large and medium-sized commercial nuclear power,17100C0072009A,首页 > 矿石和矿物；电、气和水 > 电、城市煤气、蒸汽和热水 > 电能 > 核能发电,,11.9,gCO2e,4,2009,千瓦时
2024年主要发电类型电力碳足迹因子-核能发电,2024 Main Power Generation Type Carbon Footprint Factor - Nuclear Power Generation,17100C0112024C,首页 > 矿石和矿物；电、气和水 > 电、城市煤气、蒸汽和热水 > 电能 > 核能发电,,0.0065,kgCO2e,5,2024,千瓦时
中型水电站发电,Medium hydropower power,17100B0012019A,首页 > 矿石和矿物；电、气和水 > 电、城市煤气、蒸汽和热水 > 电能 > 水力发电,,3.5,gCO2e,5,2019,千瓦时
混凝土砌石双曲拱坝,Aggregate concrete stone masonry double curvature arch dam,17100B0022017A,首页 > 矿石和矿物；电、气和水 > 电、城市煤气、蒸汽和热水 > 电能 > 水力发电,,13.05,gCO2e,5,2017,千瓦时
混凝土重力坝,concrete gravity dam,17100B0032014A,首页 > 矿石和矿物；电、气和水 > 电、城市煤气、蒸汽和热水 > 电能 > 水力发电,,14.09,gCO2e,5,2014,千瓦时
堆石坝,rockfill dam,17100B0042014A,首页 > 矿石和矿物；电、气和水 > 电、城市煤气、蒸汽和热水 > 电能 > 水力发电,,10.04,gCO2e,5,2014,千瓦时
双曲拱坝,double-curvature arch dam,17100B0052017A,首页 > 矿石和矿物；电、气和水 > 电、城市煤气、蒸汽和热水 > 电能 > 水力发电,,7.22,gCO2e,4,2017,千瓦时
双曲拱坝,double-curvature arch dam,17100B0062017A,首页 > 矿石和矿物；电、气和水 > 电、城市煤气、蒸汽和热水 > 电能 > 水力发电,,9.14,gCO2e,5,2017,千瓦时
双曲拱坝,double-curvature arch dam,17100B0072017A,首页 > 矿石和矿物；电、气和水 > 电、城市煤气、蒸汽和热水 > 电能 > 水力发电,,4.39,gCO2e,5,2017,千万时
混凝土重力坝,concrete gravity dam,17100B0082017A,首页 > 矿石和矿物；电、气和水 > 电、城市煤气、蒸汽和热水 > 电能 > 水力发电,,6.32,kgCO2e,5,2017,千瓦时
混凝土重力坝,concrete gravity da,17100B0092012A,首页 > 矿石和矿物；电、气和水 > 电、城市煤气、蒸汽和热水 > 电能 > 水力发电,,47.3,gCO2e,5,2012,千瓦时
混凝土重力坝,concrete gravity dam,17100B0102021A,首页 > 矿石和矿物；电、气和水 > 电、城市煤气、蒸汽和热水 > 电能 > 水力发电,,10.02,gCO2e,5,2021,千瓦时
水力发电,Hydroelectric power generation,17100B0012021C,首页 > 矿石和矿物；电、气和水 > 电、城市煤气、蒸汽和热水 > 电能 > 水力发电,,10.02,gCO2e,5,2021,千瓦时
水库型水电站,Reservoir type hydropower station,17100B0292017C,首页 > 矿石和矿物；电、气和水 > 电、城市煤气、蒸汽和热水 > 电能 > 水力发电,,19.4,gCO2e,5,2017,千瓦时
水力发电, hydropower,17100B0302022A,首页 > 矿石和矿物；电、气和水 > 电、城市煤气、蒸汽和热水 > 电能 > 水力发电,,12.67,gCO2e,5,2022,千瓦时
2024年主要发电类型电力碳足迹因子-水力发电,2024 Main Power Generation Type Carbon Footprint Factor - Hydroelectric Power Generation,17100B0322024C,首页 > 矿石和矿物；电、气和水 > 电、城市煤气、蒸汽和热水 > 电能 > 水力发电,,0.0141,kgCO2e,5,2024,千瓦时
台湾电力碳足迹2020,Taiwan Electrical carbon Footprint 2020,17100A0042020A,首页 > 矿石和矿物；电、气和水 > 电、城市煤气、蒸汽和热水 > 电能 > 火力发电,,0.59,kgCO2e,4,2020,千瓦时
燃煤发电,Coal Fired Power,17100A0012016A,首页 > 矿石和矿物；电、气和水 > 电、城市煤气、蒸汽和热水 > 电能 > 火力发电,,1.792,kgCO2e,5,2016,千瓦时
燃煤发电,Coal Fired Power,17100A0022009A,首页 > 矿石和矿物；电、气和水 > 电、城市煤气、蒸汽和热水 > 电能 > 火力发电,,0.7979,kgCO2e,5,2009,千瓦时
燃煤发电,Coal Fired Power,17100A0042009A,首页 > 矿石和矿物；电、气和水 > 电、城市煤气、蒸汽和热水 > 电能 > 火力发电,,0.7322,kgCO2e,4,2009,千瓦时
超临界600ＭＷ燃煤机组发电,Coal-fired Power Generation,17100A0052015A,首页 > 矿石和矿物；电、气和水 > 电、城市煤气、蒸汽和热水 > 电能 > 火力发电,,0.086634,kgCO2e,5,2015,千瓦时
燃气发电,Gas power,17100A0062020A,首页 > 矿石和矿物；电、气和水 > 电、城市煤气、蒸汽和热水 > 电能 > 火力发电,,0.392,kgCO2e,4,2020,千瓦时
300MW 等级以上常规燃煤机组发电,Conventional coal-fired units above 300MW,17100A0072020A,首页 > 矿石和矿物；电、气和水 > 电、城市煤气、蒸汽和热水 > 电能 > 火力发电,,0.877,kgCO2e,4,2020,千瓦时
300MW 等级及以下常规燃煤机组发电,Conventional coal-fired units of 300MW and below,17100A0082020A,首页 > 矿石和矿物；电、气和水 > 电、城市煤气、蒸汽和热水 > 电能 > 火力发电,,0.979,kgCO2e,4,2020,千瓦时
燃煤矸石、水煤浆等非常规燃煤机组发电（含燃煤循环流化床机组）,Unconventional coal-fired units such as coal gangue and coal-water slurry （including coal-fired circulating fluidized bed unit）,17100A0092020A,首页 > 矿石和矿物；电、气和水 > 电、城市煤气、蒸汽和热水 > 电能 > 火力发电,,1.146,kgCO2e,4,2020,千瓦时
燃煤热电联产,Coal-fired cogeneration,17100A0102020A,首页 > 矿石和矿物；电、气和水 > 电、城市煤气、蒸汽和热水 > 电能 > 火力发电,,22.82,kgCO2e,4,2020,平方米
火力发电,Conventional coal-fired units ,17100A0042020C,首页 > 矿石和矿物；电、气和水 > 电、城市煤气、蒸汽和热水 > 电能 > 火力发电,,0.877,kgCO2e,5,2020,千瓦时
2024年主要发电类型电力碳足迹因子-燃气发电,2024 Main Power Generation Type Carbon Footprint Factor - Gas-Fired Power Generation,17100A0142024C,首页 > 矿石和矿物；电、气和水 > 电、城市煤气、蒸汽和热水 > 电能 > 火力发电,,0.4503,kgCO2e,5,2024,千瓦时
生物质,Biomass,17100F0012012A,首页 > 矿石和矿物；电、气和水 > 电、城市煤气、蒸汽和热水 > 电能 > 生物质发电,,97.81,tCO2e,4,2012,平方千米
林木生物质发电,Biomass Power,17100F0012016A,首页 > 矿石和矿物；电、气和水 > 电、城市煤气、蒸汽和热水 > 电能 > 生物质发电,,0.312,kgCO2e,5,2016,千瓦时
生物质发电,Biomass Power,17100F0022009A,首页 > 矿石和矿物；电、气和水 > 电、城市煤气、蒸汽和热水 > 电能 > 生物质发电,,527,gCO2e,5,2009,千瓦时
棕榈空果串生物燃料颗粒厂发电-马来西亚,oil Palm empty fruit bunch -Biofuel Pellet Plant Power Generation-Malaysia,17100F0032023A,首页 > 矿石和矿物；电、气和水 > 电、城市煤气、蒸汽和热水 > 电能 > 生物质发电,,453.8,kgCO2e,4,2023,公吨·时
棕榈空果串-生物燃料颗粒厂发电-印度尼西亚,oil Palm empty fruit bunch -Biofuel Pellet Plant Power Generation-Indonesia,17100F0042023A,首页 > 矿石和矿物；电、气和水 > 电、城市煤气、蒸汽和热水 > 电能 > 生物质发电,,520.03,kgCO2e,4,2023,公吨·时
油棕干-生物燃料颗粒厂发电-马来西亚,oil palm trunk -Biofuel Pellet Plant Power Generation-Malaysia,17100F0052023A,首页 > 矿石和矿物；电、气和水 > 电、城市煤气、蒸汽和热水 > 电能 > 生物质发电,,318.5,kgCO2e,4,2023,公吨·时
稻草-燃烧法,Rice straw-combustion,17100F0022019A,首页 > 矿石和矿物；电、气和水 > 电、城市煤气、蒸汽和热水 > 电能 > 生物质发电,,-67,gCO2e,5,2019,千瓦时
稻壳-燃烧法,Rice shell -combustion,17100F0032019A,首页 > 矿石和矿物；电、气和水 > 电、城市煤气、蒸汽和热水 > 电能 > 生物质发电,,58,gCO2e,5,2019,千瓦时
椰糠-燃烧法,Coconut husk-combustion,17100F0042019A,首页 > 矿石和矿物；电、气和水 > 电、城市煤气、蒸汽和热水 > 电能 > 生物质发电,,44,gCO2e,5,2019,千瓦时
椰壳-燃烧法,Coconut shell -combustion,17100F0052019A,首页 > 矿石和矿物；电、气和水 > 电、城市煤气、蒸汽和热水 > 电能 > 生物质发电,,67,gCO2e,5,2019,千瓦时
稻草-气化法,Rice straw -gasification,17100F0062019A,首页 > 矿石和矿物；电、气和水 > 电、城市煤气、蒸汽和热水 > 电能 > 生物质发电,,-127,gCO2e,5,2019,千瓦时
稻壳-气化法,Rice shell-gasification,17100F0072019A,首页 > 矿石和矿物；电、气和水 > 电、城市煤气、蒸汽和热水 > 电能 > 生物质发电,,0.5,gCO2e,5,2019,千瓦时
椰糠-气化法,Coconut husk -gasification,17100F0082019A,首页 > 矿石和矿物；电、气和水 > 电、城市煤气、蒸汽和热水 > 电能 > 生物质发电,,-15,gCO2e,5,2019,千瓦时
椰壳-气化法,Coconut shell-gasification,17100F0092019A,首页 > 矿石和矿物；电、气和水 > 电、城市煤气、蒸汽和热水 > 电能 > 生物质发电,,9.6,gCO2e,5,2019,千瓦时
牛粪-厌氧消化法,Cattle manure-anaerobic digestion,17100F0102019A,首页 > 矿石和矿物；电、气和水 > 电、城市煤气、蒸汽和热水 > 电能 > 生物质发电,,0.06,kgCO2e,5,2019,千瓦时
鸡粪-厌氧消化法,Chicken manure-abaerobic digestion,17100F0112019A,首页 > 矿石和矿物；电、气和水 > 电、城市煤气、蒸汽和热水 > 电能 > 生物质发电,,1.49,kgCO2e,5,2019,千瓦时
猪粪-厌氧消化法,Pig manure (anaerobic digestion）,17100F0122019A,首页 > 矿石和矿物；电、气和水 > 电、城市煤气、蒸汽和热水 > 电能 > 生物质发电,,-1.23,kgCO2e,5,2019,千瓦时
生物质能发电,Biomass power,17100F0132013A,首页 > 矿石和矿物；电、气和水 > 电、城市煤气、蒸汽和热水 > 电能 > 生物质发电,,45,gCO2e,4,2013,千瓦时
生物质能发电,Biomass power,17100F0142019A,首页 > 矿石和矿物；电、气和水 > 电、城市煤气、蒸汽和热水 > 电能 > 生物质发电,,228.3,gCO2e,5,2019,千瓦时
生物质能发电,Biomass power,17100F0152012A,首页 > 矿石和矿物；电、气和水 > 电、城市煤气、蒸汽和热水 > 电能 > 生物质发电,,1.062,kgCO2e,4,2012,千瓦时
生物质发电,Biomass power generation,17100F0012019C,首页 > 矿石和矿物；电、气和水 > 电、城市煤气、蒸汽和热水 > 电能 > 生物质发电,,65.93,gCO2e,5,2019,千瓦时
生活垃圾焚烧发电,Electricity-domestic waste incineration,17100F0382023A,首页 > 矿石和矿物；电、气和水 > 电、城市煤气、蒸汽和热水 > 电能 > 生物质发电,,0.841,kgCO2e,5,2023,千瓦时
2024年主要发电类型电力碳足迹因子-生物质发电,2024 Main Power Generation Type Carbon Footprint Factor - Biomass Power Generation,17100F0402024C,首页 > 矿石和矿物；电、气和水 > 电、城市煤气、蒸汽和热水 > 电能 > 生物质发电,,0.0404,kgCO2e,5,2024,千瓦时
2020年辽宁省电网排放因子,Emission factors of power grid in Liaoning Province in 2020,17100H2182020A,首页 > 矿石和矿物；电、气和水 > 电、城市煤气、蒸汽和热水 > 电能 > 电网排放因子,,0.8884,tCO2e,5,2020,MWh
2020年吉林省电网排放因子,Emission factors of power grid in  Jilin in 2020,17100H2192020A,首页 > 矿石和矿物；电、气和水 > 电、城市煤气、蒸汽和热水 > 电能 > 电网排放因子,,0.8887,tCO2e,4,2020,MWh
2020年北京市电网排放因子,Emission factors of power grid in  Beijing in 2020,17100H2202020A,首页 > 矿石和矿物；电、气和水 > 电、城市煤气、蒸汽和热水 > 电能 > 电网排放因子,,0.6865,tCO2e,5,2020,MWh
2020年黑龙江省电网排放因子,Emission factors of power grid in  Heilongjiang in 2020,17100H2212020A,首页 > 矿石和矿物；电、气和水 > 电、城市煤气、蒸汽和热水 > 电能 > 电网排放因子,,0.8548,tCO2e,5,2020,MWh
2020年天津市电网排放因子,Emission factors of power grid in  Tianjin in 2020,17100H3602020A,首页 > 矿石和矿物；电、气和水 > 电、城市煤气、蒸汽和热水 > 电能 > 电网排放因子,,0.8982,tCO2e,5,2020,MWh
2020年河北省电网排放因子,Emission factors of power grid in  Hebei in 2020,17100H2232020A,首页 > 矿石和矿物；电、气和水 > 电、城市煤气、蒸汽和热水 > 电能 > 电网排放因子,,1.1037,tCO2e,5,2020,MWh
2020年山西省电网排放因子,Emission factors of power grid in  Shanxi in 2020,17100H2242020A,首页 > 矿石和矿物；电、气和水 > 电、城市煤气、蒸汽和热水 > 电能 > 电网排放因子,,0.9029,tCO2e,5,2020,MWh
2020年内蒙古电网排放因子,Emission factors of power grid in  Inner Mongolia in 2020,17100H2252020A,首页 > 矿石和矿物；电、气和水 > 电、城市煤气、蒸汽和热水 > 电能 > 电网排放因子,,1.0539,tCO2e,5,2020,MWh
2020年山东省电网排放因子,Emission factors of power grid in  Shandong in 2020,17100H2282020A,首页 > 矿石和矿物；电、气和水 > 电、城市煤气、蒸汽和热水 > 电能 > 电网排放因子,,0.7882,tCO2e,5,2020,MWh
2020年陕西省电网排放因子,Emission factors of power grid in  Shaanxi in 2020,17100H2272020A,首页 > 矿石和矿物；电、气和水 > 电、城市煤气、蒸汽和热水 > 电能 > 电网排放因子,,0.6794,tCO2e,5,2020,MWh
2020年甘肃省电网排放因子,Emission factors of power grid in  Gansu in 2020,17100H2262020A,首页 > 矿石和矿物；电、气和水 > 电、城市煤气、蒸汽和热水 > 电能 > 电网排放因子,,0.4612,tCO2e,5,2020,MWh
2020年青海省电网排放因子,Emission factors of power grid in  Qinghai in 2020,17100H2172020A,首页 > 矿石和矿物；电、气和水 > 电、城市煤气、蒸汽和热水 > 电能 > 电网排放因子,,0.0963,tCO2e,5,2020,MWh
2020年宁夏自治区电网排放因子,Emission factors of power grid in  Ningxia in 2020,17100H2162020A,首页 > 矿石和矿物；电、气和水 > 电、城市煤气、蒸汽和热水 > 电能 > 电网排放因子,,0.8567,tCO2e,5,2020,MWh
2020年新疆自治区电网排放因子,Emission factors of power grid in  Xinjiang in 2020,17100H2152020A,首页 > 矿石和矿物；电、气和水 > 电、城市煤气、蒸汽和热水 > 电能 > 电网排放因子,,0.8047,tCO2e,5,2020,MWh
2020年上海市电网排放因子,Emission factors of power grid in  Shanghai in 2020,17100H2142020A,首页 > 矿石和矿物；电、气和水 > 电、城市煤气、蒸汽和热水 > 电能 > 电网排放因子,,0.5757,tCO2e,5,2020,MWh
2020年江苏省电网排放因子,Emission factors of power grid in  Jiangsu in 2020,17100H2132020A,首页 > 矿石和矿物；电、气和水 > 电、城市煤气、蒸汽和热水 > 电能 > 电网排放因子,,0.7304,tCO2e,5,2020,MWh
2020年浙江省电网排放因子,Emission factors of power grid in  Zhejiang in 2020,17100H2122020A,首页 > 矿石和矿物；电、气和水 > 电、城市煤气、蒸汽和热水 > 电能 > 电网排放因子,,0.5462,tCO2e,5,2020,MWh
2020年安徽省电网排放因子,Emission factors of power grid in  Anhui in 2020,17100H2112020A,首页 > 矿石和矿物；电、气和水 > 电、城市煤气、蒸汽和热水 > 电能 > 电网排放因子,,0.8009,tCO2e,5,2020,MWh
2020年福建省电网排放因子,Emission factors of power grid in  Fujian in 2020,17100H2102020A,首页 > 矿石和矿物；电、气和水 > 电、城市煤气、蒸汽和热水 > 电能 > 电网排放因子,,0.5114,tCO2e,5,2020,MWh
2020年江西省电网排放因子,Emission factors of power grid in  Jiangxi in 2020,17100H2092020A,首页 > 矿石和矿物；电、气和水 > 电、城市煤气、蒸汽和热水 > 电能 > 电网排放因子,,0.644,tCO2e,5,2020,MWh
2020年河南省电网排放因子,Emission factors of power grid in  Henan in 2020,17100H2082020A,首页 > 矿石和矿物；电、气和水 > 电、城市煤气、蒸汽和热水 > 电能 > 电网排放因子,,0.7593,tCO2e,5,2020,MWh
2020年湖北省电网排放因子,Emission factors of power grid in  Hubei in 2020,17100H2072020A,首页 > 矿石和矿物；电、气和水 > 电、城市煤气、蒸汽和热水 > 电能 > 电网排放因子,,0.3322,tCO2e,5,2020,MWh
2020年湖南省电网排放因子,Emission factors of power grid in  Hunan in 2020,17100H2062020A,首页 > 矿石和矿物；电、气和水 > 电、城市煤气、蒸汽和热水 > 电能 > 电网排放因子,,0.4867,tCO2e,5,2020,MWh
2020年重庆市电网排放因子,Emission factors of power grid in  Chongqing in 2020,17100H3612020A,首页 > 矿石和矿物；电、气和水 > 电、城市煤气、蒸汽和热水 > 电能 > 电网排放因子,,0.4441,tCO2e,5,2020,MWh
2020年四川省电网排放因子,Emission factors of power grid in  Sichuan in 2020,17100H2042020A,首页 > 矿石和矿物；电、气和水 > 电、城市煤气、蒸汽和热水 > 电能 > 电网排放因子,,0.1232,tCO2e,5,2020,MWh
2020年广东省电网排放因子,Emission factors of power grid in  Guangdong in 2020,17100H3622020A,首页 > 矿石和矿物；电、气和水 > 电、城市煤气、蒸汽和热水 > 电能 > 电网排放因子,,0.4627,tCO2e,5,2020,MWh
2020年广西自治区电网排放因子,Emission factors of power grid in  Guangxi in 2020,17100H3632020A,首页 > 矿石和矿物；电、气和水 > 电、城市煤气、蒸汽和热水 > 电能 > 电网排放因子,,0.52,tCO2e,5,2020,MWh
2020年海南省电网排放因子,Emission factors of power grid in  Hainan in 2020,17100H3642020A,首页 > 矿石和矿物；电、气和水 > 电、城市煤气、蒸汽和热水 > 电能 > 电网排放因子,,0.4894,tCO2e,5,2020,MWh
2020年贵州省电网排放因子,Emission factors of power grid in  Guizhou in 2020,17100H3652020A,首页 > 矿石和矿物；电、气和水 > 电、城市煤气、蒸汽和热水 > 电能 > 电网排放因子,,0.4434,tCO2e,5,2020,MWh
2020年云南省电网排放因子,Emission factors of power grid in  Yunan in 2020,17100H3662020A,首页 > 矿石和矿物；电、气和水 > 电、城市煤气、蒸汽和热水 > 电能 > 电网排放因子,,0.1484,tCO2e,5,2020,MWh
2020年东北电网排放因子,Emission factors of power grid in  Northeast in 2020,17100H3672020A,首页 > 矿石和矿物；电、气和水 > 电、城市煤气、蒸汽和热水 > 电能 > 电网排放因子,,0.8604,tCO2e,5,2020,MWh
2020年西北电网排放因子,Emission factors of power grid in  Northwest in 2020,17100H3682020A,首页 > 矿石和矿物；电、气和水 > 电、城市煤气、蒸汽和热水 > 电能 > 电网排放因子,,0.6812,tCO2e,5,2020,MWh
2020年华中电网排放因子,Emission factors of power grid in  Central in 2020,17100H3692020A,首页 > 矿石和矿物；电、气和水 > 电、城市煤气、蒸汽和热水 > 电能 > 电网排放因子,,0.4349,tCO2e,5,2020,MWh
2020年华北电网排放因子,Emission factors of power grid in  North China in 2020,17100H3702020A,首页 > 矿石和矿物；电、气和水 > 电、城市煤气、蒸汽和热水 > 电能 > 电网排放因子,,0.9023,kgCO2e,5,2020,MWh
2020年华东电网排放因子,Emission factors of power grid in  East China in 2020,17100H3712020A,首页 > 矿石和矿物；电、气和水 > 电、城市煤气、蒸汽和热水 > 电能 > 电网排放因子,,0.6308,tCO2e,5,2020,MWh
2020年南方电网排放因子,Emission factors of power grid in  Southern in 2020,17100H3722020A,首页 > 矿石和矿物；电、气和水 > 电、城市煤气、蒸汽和热水 > 电能 > 电网排放因子,,0.4178,tCO2e,5,2020,MWh
2020年辽宁省电网碳足迹排放因子,Carbon footprint emission factor of power grid in Liaoning in 2020,17100H1922020A,首页 > 矿石和矿物；电、气和水 > 电、城市煤气、蒸汽和热水 > 电能 > 电网排放因子,,0.9869,tCO2e,5,2020,MWh
2020年吉林省电网碳足迹排放因子,Carbon footprint emission factor of power grid in Jilin in 2020,17100H1912020A,首页 > 矿石和矿物；电、气和水 > 电、城市煤气、蒸汽和热水 > 电能 > 电网排放因子,,1.0185,tCO2e,5,2020,MWh
2020年黑龙江省电网碳足迹排放因子,Carbon footprint emission factor of power grid in Heilongjiang in 2020,17100H1902020A,首页 > 矿石和矿物；电、气和水 > 电、城市煤气、蒸汽和热水 > 电能 > 电网排放因子,,0.9842,tCO2e,5,2020,MWh
2020年北京市电网碳足迹排放因子,Carbon footprint emission factor of power grid in Beijing in 2020,17100H1892020A,首页 > 矿石和矿物；电、气和水 > 电、城市煤气、蒸汽和热水 > 电能 > 电网排放因子,,0.8073,tCO2e,5,2020,MWh
2020年天津市电网碳足迹排放因子,Carbon footprint emission factor of power grid in Tianjin in 2020,17100H1882020A,首页 > 矿石和矿物；电、气和水 > 电、城市煤气、蒸汽和热水 > 电能 > 电网排放因子,,1.0149,tCO2e,5,2020,MWh
2020年河北省电网碳足迹排放因子,Carbon footprint emission factor of power grid in Hebei in 2020,17100H1872020A,首页 > 矿石和矿物；电、气和水 > 电、城市煤气、蒸汽和热水 > 电能 > 电网排放因子,,1.2067,tCO2e,5,2020,MWh
2020年山西省电网碳足迹排放因子,Carbon footprint emission factor of power grid in Shanxi in 2020,17100H1862020A,首页 > 矿石和矿物；电、气和水 > 电、城市煤气、蒸汽和热水 > 电能 > 电网排放因子,,1.0078,tCO2e,5,2020,MWh
2020年内蒙古电网碳足迹排放因子,Carbon footprint emission factor of power grid in Inner Mongolia in 2020,17100H1852020A,首页 > 矿石和矿物；电、气和水 > 电、城市煤气、蒸汽和热水 > 电能 > 电网排放因子,,1.1621,tCO2e,5,2020,MWh
2020年山东省电网碳足迹排放因子,Carbon footprint emission factor of power grid in Shandong in 2020,17100H1842020A,首页 > 矿石和矿物；电、气和水 > 电、城市煤气、蒸汽和热水 > 电能 > 电网排放因子,,0.8852,tCO2e,5,2020,MWh
2020年陕西省电网碳足迹排放因子,Carbon footprint emission factor of power grid in Shaanxi in 2020,17100H1832020A,首页 > 矿石和矿物；电、气和水 > 电、城市煤气、蒸汽和热水 > 电能 > 电网排放因子,,0.7592,tCO2e,5,2020,MWh
2020年甘肃省电网碳足迹排放因子,Carbon footprint emission factor of power grid in Gansu in 2020,17100H1822020A,首页 > 矿石和矿物；电、气和水 > 电、城市煤气、蒸汽和热水 > 电能 > 电网排放因子,,0.5344,tCO2e,5,2020,MWh
2020年青海省电网碳足迹排放因子,Carbon footprint emission factor of power grid in Qinghai in 2020,17100H1812020A,首页 > 矿石和矿物；电、气和水 > 电、城市煤气、蒸汽和热水 > 电能 > 电网排放因子,,0.1312,tCO2e,5,2020,MWh
2020年宁夏自治区电网碳足迹排放因子,Carbon footprint emission factor of power grid in Ningxia in 2020,17100H1802020A,首页 > 矿石和矿物；电、气和水 > 电、城市煤气、蒸汽和热水 > 电能 > 电网排放因子,,0.9503,tCO2e,5,2020,MWh
2020年新疆自治区电网碳足迹排放因子,Carbon footprint emission factor of power grid in Xinjiang in 2020,17100H1792020A,首页 > 矿石和矿物；电、气和水 > 电、城市煤气、蒸汽和热水 > 电能 > 电网排放因子,,0.9281,tCO2e,5,2020,MWh
2020年上海市电网碳足迹排放因子,Carbon footprint emission factor of power grid in Shanghai in 2020,17100H1782020A,首页 > 矿石和矿物；电、气和水 > 电、城市煤气、蒸汽和热水 > 电能 > 电网排放因子,,0.6512,tCO2e,5,2020,MWh
2020年江苏省电网碳足迹排放因子,Carbon footprint emission factor of power grid in Jiangsu in 2020,17100H1772020A,首页 > 矿石和矿物；电、气和水 > 电、城市煤气、蒸汽和热水 > 电能 > 电网排放因子,,0.8029,tCO2e,5,2020,MWh
2020年浙江省电网碳足迹排放因子,Carbon footprint emission factor of power grid in Zhejiang in 2020,17100H1762020A,首页 > 矿石和矿物；电、气和水 > 电、城市煤气、蒸汽和热水 > 电能 > 电网排放因子,,0.6165,tCO2e,5,2020,MWh
2020年安徽省电网碳足迹排放因子,Carbon footprint emission factor of power grid in Anhui in 2020,17100H1752020A,首页 > 矿石和矿物；电、气和水 > 电、城市煤气、蒸汽和热水 > 电能 > 电网排放因子,,0.9051,tCO2e,5,2020,MWh
2020年福建省电网碳足迹排放因子,Carbon footprint emission factor of power grid in Fujian in 2020,17100H1742020A,首页 > 矿石和矿物；电、气和水 > 电、城市煤气、蒸汽和热水 > 电能 > 电网排放因子,,0.5714,tCO2e,5,2020,MWh
2020年江西省电网碳足迹排放因子,Carbon footprint emission factor of power grid in Jiangxi in 2020,17100H1732020A,首页 > 矿石和矿物；电、气和水 > 电、城市煤气、蒸汽和热水 > 电能 > 电网排放因子,,0.6962,tCO2e,5,2020,MWh
2020年河南省电网碳足迹排放因子,Carbon footprint emission factor of power grid in Henan in 2020,17100H1722020A,首页 > 矿石和矿物；电、气和水 > 电、城市煤气、蒸汽和热水 > 电能 > 电网排放因子,,0.8304,tCO2e,5,2020,MWh
2020年湖北省电网碳足迹排放因子,Carbon footprint emission factor of power grid in Hubei in 2020,17100H1712020A,首页 > 矿石和矿物；电、气和水 > 电、城市煤气、蒸汽和热水 > 电能 > 电网排放因子,,0.38,tCO2e,5,2020,MWh
2020年湖南省电网碳足迹排放因子,Carbon footprint emission factor of power grid in Hunan in 2020,17100H1702020A,首页 > 矿石和矿物；电、气和水 > 电、城市煤气、蒸汽和热水 > 电能 > 电网排放因子,,0.5559,tCO2e,5,2020,MWh
2020年重庆市电网碳足迹排放因子,Carbon footprint emission factor of power grid in Chongqing in 2020,17100H1692020A,首页 > 矿石和矿物；电、气和水 > 电、城市煤气、蒸汽和热水 > 电能 > 电网排放因子,,0.501,tCO2e,5,2020,MWh
2020年四川省电网碳足迹排放因子,Carbon footprint emission factor of power grid in Sichuan in 2020,17100H1682020A,首页 > 矿石和矿物；电、气和水 > 电、城市煤气、蒸汽和热水 > 电能 > 电网排放因子,,0.1533,tCO2e,5,2020,MWh
2020年广东省电网碳足迹排放因子,Carbon footprint emission factor of power grid in Guangdong in 2020,17100H1672020A,首页 > 矿石和矿物；电、气和水 > 电、城市煤气、蒸汽和热水 > 电能 > 电网排放因子,,0.5188,tCO2e,5,2020,MWh
2020年广西自治区电网碳足迹排放因子,Carbon footprint emission factor of power grid in Guangxi in 2020,17100H1662020A,首页 > 矿石和矿物；电、气和水 > 电、城市煤气、蒸汽和热水 > 电能 > 电网排放因子,,0.573,tCO2e,5,2020,MWh
2020年海南省电网碳足迹排放因子,Carbon footprint emission factor of power grid in Hainan in 2020,17100H1652020A,首页 > 矿石和矿物；电、气和水 > 电、城市煤气、蒸汽和热水 > 电能 > 电网排放因子,,0.555,tCO2e,5,2020,MWh
2020年贵州省电网碳足迹排放因子,Carbon footprint emission factor of power grid in Guizhou in 2020,17100H1572020A,首页 > 矿石和矿物；电、气和水 > 电、城市煤气、蒸汽和热水 > 电能 > 电网排放因子,,0.494,tCO2e,5,2020,MWh
2020年云南省电网碳足迹排放因子,Carbon footprint emission factor of power grid in Yunan in 2020,17100H1562020A,首页 > 矿石和矿物；电、气和水 > 电、城市煤气、蒸汽和热水 > 电能 > 电网排放因子,,0.1764,tCO2e,5,2020,MWh
2020年东北电网碳足迹排放因子,Carbon footprint emission factor of power grid in   Northeast in 2020,17100H1552020A,首页 > 矿石和矿物；电、气和水 > 电、城市煤气、蒸汽和热水 > 电能 > 电网排放因子,,0.9719,tCO2e,5,2020,MWh
2020年西北电网碳足迹排放因子,Carbon footprint emission factor of power grid in   Northwest in 2020,17100H1542020A,首页 > 矿石和矿物；电、气和水 > 电、城市煤气、蒸汽和热水 > 电能 > 电网排放因子,,0.7735,tCO2e,5,2020,MWh
2020年华中电网碳足迹排放因子,Carbon footprint emission factor of power grid in   Central in 2020,17100H1532020A,首页 > 矿石和矿物；电、气和水 > 电、城市煤气、蒸汽和热水 > 电能 > 电网排放因子,,0.5022,tCO2e,5,2020,MWh
2020年华北电网碳足迹排放因子,Carbon footprint emission factor of power grid in   North China in 2020,17100H1522020A,首页 > 矿石和矿物；电、气和水 > 电、城市煤气、蒸汽和热水 > 电能 > 电网排放因子,,1.0052,tCO2e,5,2020,MWh
2020年华东电网碳足迹排放因子,Carbon footprint emission factor of power grid in   East China in 2020,17100H2312020A,首页 > 矿石和矿物；电、气和水 > 电、城市煤气、蒸汽和热水 > 电能 > 电网排放因子,,0.7065,tCO2e,5,2020,MWh
2020年南方电网碳足迹排放因子,Carbon footprint emission factor of power grid in   Southern in 2020,17100H1502020A,首页 > 矿石和矿物；电、气和水 > 电、城市煤气、蒸汽和热水 > 电能 > 电网排放因子,,0.4701,tCO2e,5,2020,MWh
2021 年全国电力平均二氧化碳排放因子,Average power Carbon dioxide emission factor in China in 2021,17100H2692021C,首页 > 矿石和矿物；电、气和水 > 电、城市煤气、蒸汽和热水 > 电能 > 电网排放因子,,0.5568,kgCO2e,5,2021,千瓦时
2021 年华北区域电力平均二氧化碳排放因子,Average Carbon dioxide emission factor of power in North China in 2021,17100H2702021C,首页 > 矿石和矿物；电、气和水 > 电、城市煤气、蒸汽和热水 > 电能 > 电网排放因子,,0.712,kgCO2e,5,2021,千瓦时
2021 年东北区域电力平均二氧化碳排放因子,Average Carbon dioxide emission factor of power in Northeast China in 2021,17100H2712021C,首页 > 矿石和矿物；电、气和水 > 电、城市煤气、蒸汽和热水 > 电能 > 电网排放因子,,0.6012,kgCO2e,5,2021,千瓦时
2021 年华东区域电力平均二氧化碳排放因子,Average Carbon dioxide emission factor of power in East China in 2021,17100H2722021C,首页 > 矿石和矿物；电、气和水 > 电、城市煤气、蒸汽和热水 > 电能 > 电网排放因子,,0.5992,kgCO2e,5,2021,千瓦时
2021 年华中区域电力平均二氧化碳排放因子,Average Carbon dioxide emission factor of power in Central  China in 2021,17100H2732021C,首页 > 矿石和矿物；电、气和水 > 电、城市煤气、蒸汽和热水 > 电能 > 电网排放因子,,0.5354,kgCO2e,5,2021,千瓦时
2021 年西北区域电力平均二氧化碳排放因子,Average Carbon dioxide emission factor of power in Northwest China in 2021,17100H2742021C,首页 > 矿石和矿物；电、气和水 > 电、城市煤气、蒸汽和热水 > 电能 > 电网排放因子,,0.5951,kgCO2e,5,2021,千瓦时
2021 年南方区域电力平均二氧化碳排放因子,Average Carbon dioxide emission factor of power in South China in 2021,17100H2752021C,首页 > 矿石和矿物；电、气和水 > 电、城市煤气、蒸汽和热水 > 电能 > 电网排放因子,,0.4326,kgCO2e,5,2021,千瓦时
2021年西南区域电力平均二氧化碳排放因子,Average Carbon dioxide emission factor of power in Southwest China in 2021,17100H2762021C,首页 > 矿石和矿物；电、气和水 > 电、城市煤气、蒸汽和热水 > 电能 > 电网排放因子,,0.2113,kgCO2e,5,2021,千瓦时
2021年北京市电力平均二氧化碳排放因子,Average Carbon dioxide emission factor of power in Beijing in 2021,17100H2772021C,首页 > 矿石和矿物；电、气和水 > 电、城市煤气、蒸汽和热水 > 电能 > 电网排放因子,,0.5688,kgCO2e,5,2021,千瓦时
2021 年天津市电力平均二氧化碳排放因子,Average Carbon dioxide emission factor of power in Tianjin in 2021,17100H2782021C,首页 > 矿石和矿物；电、气和水 > 电、城市煤气、蒸汽和热水 > 电能 > 电网排放因子,,0.7355,kgCO2e,5,2021,千瓦时
2021 年河北省电力平均二氧化碳排放因子,Average Carbon dioxide emission factor of power in Hebei in 2021,17100H2792021C,首页 > 矿石和矿物；电、气和水 > 电、城市煤气、蒸汽和热水 > 电能 > 电网排放因子,,0.7901,kgCO2e,5,2021,千瓦时
2021年山西省电力平均二氧化碳排放因子,Average Carbon dioxide emission factor of power in Shanxi  in 2021,17100H2802021C,首页 > 矿石和矿物；电、气和水 > 电、城市煤气、蒸汽和热水 > 电能 > 电网排放因子,,0.7222,kgCO2e,5,2021,千瓦时
2021年内蒙古电力平均二氧化碳排放因子,Average Carbon dioxide emission factor of power in Inner Mongolia in 2021,17100H2812021C,首页 > 矿石和矿物；电、气和水 > 电、城市煤气、蒸汽和热水 > 电能 > 电网排放因子,,0.7025,kgCO2e,5,2021,千瓦时
2021年辽宁省电力平均二氧化碳排放因子,Average Carbon dioxide emission factor of power in Liaoning in 2021,17100H2822021C,首页 > 矿石和矿物；电、气和水 > 电、城市煤气、蒸汽和热水 > 电能 > 电网排放因子,,0.5876,kgCO2e,5,2021,千瓦时
2021 年吉林省电力平均二氧化碳排放因子,Average Carbon dioxide emission factor of power in Jilin in 2021,17100H2832021C,首页 > 矿石和矿物；电、气和水 > 电、城市煤气、蒸汽和热水 > 电能 > 电网排放因子,,0.5629,kgCO2e,5,2021,千瓦时
2021 年黑龙江省电力平均二氧化碳排放因子,Average Carbon dioxide emission factor of power in Heilongjiang in 2021,17100H2842021C,首页 > 矿石和矿物；电、气和水 > 电、城市煤气、蒸汽和热水 > 电能 > 电网排放因子,,0.6342,kgCO2e,5,2021,千瓦时
2021年上海市电力平均二氧化碳排放因子,Average Carbon dioxide emission factor of power in Shanghai in 2021,17100H2852021C,首页 > 矿石和矿物；电、气和水 > 电、城市煤气、蒸汽和热水 > 电能 > 电网排放因子,,0.5834,kgCO2e,5,2021,千瓦时
2021年江苏省电力平均二氧化碳排放因子,Average Carbon dioxide emission factor of power in Jiangsu in 2021,17100H2862021C,首页 > 矿石和矿物；电、气和水 > 电、城市煤气、蒸汽和热水 > 电能 > 电网排放因子,,0.6451,kgCO2e,5,2021,千瓦时
2021年浙江省电力平均二氧化碳排放因子,Average Carbon dioxide emission factor of power in Zhejiang in 2021,17100H2872021C,首页 > 矿石和矿物；电、气和水 > 电、城市煤气、蒸汽和热水 > 电能 > 电网排放因子,,0.5422,kgCO2e,5,2021,千瓦时
2021年安徽省电力平均二氧化碳排放因子,Average Carbon dioxide emission factor of power in Anhui in 2021,17100H2882021C,首页 > 矿石和矿物；电、气和水 > 电、城市煤气、蒸汽和热水 > 电能 > 电网排放因子,,0.7075,kgCO2e,5,2021,千瓦时
2021年福建省电力平均二氧化碳排放因子,Average Carbon dioxide emission factor of power in Fujian in 2021,17100H2892021C,首页 > 矿石和矿物；电、气和水 > 电、城市煤气、蒸汽和热水 > 电能 > 电网排放因子,,0.4711,kgCO2e,5,2021,千瓦时
2021年江西省电力平均二氧化碳排放因子,Average Carbon dioxide emission factor of power in Jiangxi in 2021,17100H2902021C,首页 > 矿石和矿物；电、气和水 > 电、城市煤气、蒸汽和热水 > 电能 > 电网排放因子,,0.5835,kgCO2e,5,2021,千瓦时
2021年山东省电力平均二氧化碳排放因子,Average Carbon dioxide emission factor of power in Shandong in 2021,17100H2912021C,首页 > 矿石和矿物；电、气和水 > 电、城市煤气、蒸汽和热水 > 电能 > 电网排放因子,,0.6838,kgCO2e,5,2021,千瓦时
2021年河南省电力平均二氧化碳排放因子,Average Carbon dioxide emission factor of power in Henan in 2021,17100H2922021C,首页 > 矿石和矿物；电、气和水 > 电、城市煤气、蒸汽和热水 > 电能 > 电网排放因子,,0.6369,kgCO2e,5,2021,千瓦时
2021年湖北省电力平均二氧化碳排放因子,Average Carbon dioxide emission factor of power in Hubei in 2021,17100H2932021C,首页 > 矿石和矿物；电、气和水 > 电、城市煤气、蒸汽和热水 > 电能 > 电网排放因子,,0.3672,kgCO2e,5,2021,千瓦时
2021年湖南省电力平均二氧化碳排放因子,Average Carbon dioxide emission factor of power in Hunan in 2021,17100H2942021C,首页 > 矿石和矿物；电、气和水 > 电、城市煤气、蒸汽和热水 > 电能 > 电网排放因子,,0.5138,kgCO2e,5,2021,千瓦时
2021年广东省电力平均二氧化碳排放因子,Average Carbon dioxide emission factor of power in Guangdong in 2021,17100H2952021C,首页 > 矿石和矿物；电、气和水 > 电、城市煤气、蒸汽和热水 > 电能 > 电网排放因子,,0.4715,kgCO2e,5,2021,千瓦时
2021年广西省电力平均二氧化碳排放因子,Average Carbon dioxide emission factor of power in Guangxi in 2021,17100H2962021C,首页 > 矿石和矿物；电、气和水 > 电、城市煤气、蒸汽和热水 > 电能 > 电网排放因子,,0.5154,kgCO2e,5,2021,千瓦时
2021年海南省电力平均二氧化碳排放因子,Average Carbon dioxide emission factor of power in Hainan in 2021,17100H2972021C,首页 > 矿石和矿物；电、气和水 > 电、城市煤气、蒸汽和热水 > 电能 > 电网排放因子,,0.4524,kgCO2e,5,2021,千瓦时
2021年重庆市电力平均二氧化碳排放因子,Average Carbon dioxide emission factor of power in Chongqing in 2021,17100H2982021C,首页 > 矿石和矿物；电、气和水 > 电、城市煤气、蒸汽和热水 > 电能 > 电网排放因子,,0.4743,kgCO2e,5,2021,千瓦时
2021年四川省电力平均二氧化碳排放因子,Average Carbon dioxide emission factor of power in Sichuan in 2021,17100H2992021C,首页 > 矿石和矿物；电、气和水 > 电、城市煤气、蒸汽和热水 > 电能 > 电网排放因子,,0.1255,kgCO2e,5,2021,千瓦时
2021年贵州省电力平均二氧化碳排放因子,Average Carbon dioxide emission factor of power in Guizhou in 2021,17100H3002021C,首页 > 矿石和矿物；电、气和水 > 电、城市煤气、蒸汽和热水 > 电能 > 电网排放因子,,0.5182,kgCO2e,5,2021,千瓦时
2021年云南省电力平均二氧化碳排放因子,Average Carbon dioxide emission factor of power in Yunnan in 2021,17100H3012021C,首页 > 矿石和矿物；电、气和水 > 电、城市煤气、蒸汽和热水 > 电能 > 电网排放因子,,0.1235,kgCO2e,5,2021,千瓦时
2021年陕西省电力平均二氧化碳排放因子,Average Carbon dioxide emission factor of power in Shaanxi in 2021,17100H3022021C,首页 > 矿石和矿物；电、气和水 > 电、城市煤气、蒸汽和热水 > 电能 > 电网排放因子,,0.6336,kgCO2e,5,2021,千瓦时
2021年甘肃省电力平均二氧化碳排放因子,Average Carbon dioxide emission factor of power in Gansu in 2021,17100H3032021C,首页 > 矿石和矿物；电、气和水 > 电、城市煤气、蒸汽和热水 > 电能 > 电网排放因子,,0.4955,kgCO2e,5,2021,千瓦时
2021年青海省电力平均二氧化碳排放因子,Average Carbon dioxide emission factor of power in Qinghai in 2021,17100H3042021C,首页 > 矿石和矿物；电、气和水 > 电、城市煤气、蒸汽和热水 > 电能 > 电网排放因子,,0.1326,kgCO2e,5,2021,千瓦时
2021年宁夏省电力平均二氧化碳排放因子,Average Carbon dioxide emission factor of power in Ningxia in 2021,17100H3052021C,首页 > 矿石和矿物；电、气和水 > 电、城市煤气、蒸汽和热水 > 电能 > 电网排放因子,,0.6546,kgCO2e,5,2021,千瓦时
2021年新疆电力平均二氧化碳排放因子,Average Carbon dioxide emission factor of power in Xinjiang in 2021,17100H3062021C,首页 > 矿石和矿物；电、气和水 > 电、城市煤气、蒸汽和热水 > 电能 > 电网排放因子,,0.6577,kgCO2e,5,2021,千瓦时
2021年全国电力平均二氧化碳排放因子（不包括市场化交易的非化石能源电量）,Average CO2 emission factor of power in China in 2021(Excluding market-traded non-fossil energy),17100H3072021C,首页 > 矿石和矿物；电、气和水 > 电、城市煤气、蒸汽和热水 > 电能 > 电网排放因子,,0.5942,kgCO2e,5,2021,千瓦时
2021年全国化石能源电力二氧化碳排放因子,Carbon dioxide emission factors of fossil energy power in China in 2021,17100H3082021C,首页 > 矿石和矿物；电、气和水 > 电、城市煤气、蒸汽和热水 > 电能 > 电网排放因子,,0.8426,kgCO2e,5,2021,千瓦时
2023年减排项目中国区域电网基准线排放因子（华北区域电网）-OM,Nothern China regional grid baseline emission factors for emission reduction projects - year 2023-OM,17100H3092023C,首页 > 矿石和矿物；电、气和水 > 电、城市煤气、蒸汽和热水 > 电能 > 电网排放因子,,0.935,tCO2e,5,2023,MWh
2022年全国电力平均二氧化碳排放因子-全国,2022 National Electricity Average CO2 Emission Factors - National,17100H3102022C,首页 > 矿石和矿物；电、气和水 > 电、城市煤气、蒸汽和热水 > 电能 > 电网排放因子,,0.5366,kgCO2e,5,2022,千瓦时
2022年区域电力平均二氧化碳排放因子-华北,2022 Regional Electricity Average CO2 Emission Factors - North China region,17100H3112022C,首页 > 矿石和矿物；电、气和水 > 电、城市煤气、蒸汽和热水 > 电能 > 电网排放因子,,0.6776,kgCO2e,5,2022,千瓦时
2022年区域电力平均二氧化碳排放因子-东北,2022 Regional Electricity Average CO2 Emission Factors -  Northeast Region,17100H3122022C,首页 > 矿石和矿物；电、气和水 > 电、城市煤气、蒸汽和热水 > 电能 > 电网排放因子,,0.5564,kgCO2e,5,2022,千瓦时
2022年全国区域平均二氧化碳排放因子-华东,2022Regional Electricity Average CO2 Emission Factors -   East China,17100H3132022C,首页 > 矿石和矿物；电、气和水 > 电、城市煤气、蒸汽和热水 > 电能 > 电网排放因子,,0.5617,kgCO2e,5,2022,千瓦时
2022年区域电力平均二氧化碳排放因子-华中,2022 Regional Electricity Average CO2 Emission Factors -   Mid-China,17100H3142022C,首页 > 矿石和矿物；电、气和水 > 电、城市煤气、蒸汽和热水 > 电能 > 电网排放因子,,0.5395,kgCO2e,5,2022,千瓦时
2022年区域电力平均二氧化碳排放因子-西北,2022 Regional Electricity Average CO2 Emission Factors -   Northeast China,17100H3152022C,首页 > 矿石和矿物；电、气和水 > 电、城市煤气、蒸汽和热水 > 电能 > 电网排放因子,,0.5857,kgCO2e,5,2022,千瓦时
2022年区域电力平均二氧化碳排放因子-南方,2022 Regional Electricity Average CO2 Emission Factors -  South China,17100H3162022C,首页 > 矿石和矿物；电、气和水 > 电、城市煤气、蒸汽和热水 > 电能 > 电网排放因子,,0.3869,kgCO2e,5,2022,千瓦时
2022年区域电力平均二氧化碳排放因子-西南,2022 Regional Electricity Average CO2 Emission Factors -  southwest region,17100H3172022C,首页 > 矿石和矿物；电、气和水 > 电、城市煤气、蒸汽和热水 > 电能 > 电网排放因子,,0.2268,kgCO2e,5,2022,千瓦时
2022年省级电力平均二氧化碳排放因子-北京,2022 Provincial Electricity Average CO2 Emission Factors -  beijing,17100H3182022C,首页 > 矿石和矿物；电、气和水 > 电、城市煤气、蒸汽和热水 > 电能 > 电网排放因子,,0.558,kgCO2e,5,2022,千瓦时
2022年省级电力平均二氧化碳排放因子-天津,2022 Provincial Electricity Average CO2 Emission Factors - Tianjin,17100H3192022C,首页 > 矿石和矿物；电、气和水 > 电、城市煤气、蒸汽和热水 > 电能 > 电网排放因子,,0.7041,kgCO2e,5,2022,千瓦时
2022年省级电力平均二氧化碳排放因子-河北,2022 Provincial Electricity Average CO2 Emission Factors - Hebei,17100H3202022C,首页 > 矿石和矿物；电、气和水 > 电、城市煤气、蒸汽和热水 > 电能 > 电网排放因子,,0.7252,kgCO2e,5,2022,千瓦时
2022年省级电力平均二氧化碳排放因子-山西,2022 Provincial Electricity Average CO2 Emission Factors - Shanxi,17100H3212022C,首页 > 矿石和矿物；电、气和水 > 电、城市煤气、蒸汽和热水 > 电能 > 电网排放因子,,0.7096,kgCO2e,5,2022,千瓦时
2022年省级电力平均二氧化碳排放因子-内蒙古,2022Provincial Electricity Average CO2 Emission Factors - Neimenggu,17100H3222022C,首页 > 矿石和矿物；电、气和水 > 电、城市煤气、蒸汽和热水 > 电能 > 电网排放因子,,0.6849,kgCO2e,5,2022,千瓦时
2022年省级电力平均二氧化碳排放因子-辽宁,2022 Provincial Electricity Average CO2 Emission Factors - Liaoning,17100H3232022C,首页 > 矿石和矿物；电、气和水 > 电、城市煤气、蒸汽和热水 > 电能 > 电网排放因子,,0.5626,kgCO2e,5,2022,千瓦时
2022年省级电力平均二氧化碳排放因子-吉林,2022 Provincial Electricity Average CO2 Emission Factors - Jilin,17100H3242022C,首页 > 矿石和矿物；电、气和水 > 电、城市煤气、蒸汽和热水 > 电能 > 电网排放因子,,0.4932,kgCO2e,5,2022,千瓦时
2022年省级电力平均二氧化碳排放因子-黑龙江,2022 Provincial Electricity Average CO2 Emission Factors - Heilongjiang,17100H3252022C,首页 > 矿石和矿物；电、气和水 > 电、城市煤气、蒸汽和热水 > 电能 > 电网排放因子,,0.5368,kgCO2e,5,2022,千瓦时
2022年省级电力平均二氧化碳排放因子-上海,2022 Provincial Electricity Average CO2 Emission Factors - Shanghai,17100H3262022C,首页 > 矿石和矿物；电、气和水 > 电、城市煤气、蒸汽和热水 > 电能 > 电网排放因子,,0.5849,kgCO2e,5,2022,千瓦时
2022年省级电力平均二氧化碳排放因子-江苏,2022 Provincial Electricity Average CO2 Emission Factors - Jiangsu,17100H3272022C,首页 > 矿石和矿物；电、气和水 > 电、城市煤气、蒸汽和热水 > 电能 > 电网排放因子,,0.5978,kgCO2e,5,2022,千瓦时
2022年省级电力平均二氧化碳排放因子-浙江,2022 Privincial Electricity Average CO2 Emission Factors - Zhejiang,17100H3282022C,首页 > 矿石和矿物；电、气和水 > 电、城市煤气、蒸汽和热水 > 电能 > 电网排放因子,,0.5153,kgCO2e,5,2022,千瓦时
2022年省级电力平均二氧化碳排放因子-安徽,2022 Provincial Electricity Average CO2 Emission Factors - AN,17100H3292022C,首页 > 矿石和矿物；电、气和水 > 电、城市煤气、蒸汽和热水 > 电能 > 电网排放因子,,0.6782,kgCO2e,5,2022,千瓦时
2022年省级电力平均二氧化碳排放因子-福建,2022 Provincial Electricity Average CO2 Emission Factors - Fujian,17100H3302022C,首页 > 矿石和矿物；电、气和水 > 电、城市煤气、蒸汽和热水 > 电能 > 电网排放因子,,0.4092,kgCO2e,5,2022,千瓦时
2022年省级电力平均二氧化碳排放因子-江西,2022 Provincial Electricity Average CO2 Emission Factors - Jiangxi,17100H3312022C,首页 > 矿石和矿物；电、气和水 > 电、城市煤气、蒸汽和热水 > 电能 > 电网排放因子,,0.5752,kgCO2e,5,2022,千瓦时
2022年省级电力平均二氧化碳排放因子-山东,2022  Provincial Electricity Average CO2 Emission Factors - Shangdong,17100H3322022C,首页 > 矿石和矿物；电、气和水 > 电、城市煤气、蒸汽和热水 > 电能 > 电网排放因子,,0.641,kgCO2e,5,2022,千瓦时
2022年省级电力平均二氧化碳排放因子-河南,2022 Provincial Electricity Average CO2 Emission Factors -Henan ,17100H3332022C,首页 > 矿石和矿物；电、气和水 > 电、城市煤气、蒸汽和热水 > 电能 > 电网排放因子,,0.6058,kgCO2e,5,2022,千瓦时
2022年省级电力平均二氧化碳排放因子-湖北,2022 Provincial Electricity Average CO2 Emission Factors - Hubei,17100H3342022C,首页 > 矿石和矿物；电、气和水 > 电、城市煤气、蒸汽和热水 > 电能 > 电网排放因子,,0.4364,kgCO2e,5,2022,千瓦时
2022年省级电力平均二氧化碳排放因子-湖南,2022 Provincial Electricity Average CO2 Emission Factors - Hunan,17100H3352022C,首页 > 矿石和矿物；电、气和水 > 电、城市煤气、蒸汽和热水 > 电能 > 电网排放因子,,0.49,kgCO2e,5,2022,千瓦时
2022年省级电力平均二氧化碳排放因子-广东,2022 Provincial Electricity Average CO2 Emission Factors - Guangdong,17100H3362022C,首页 > 矿石和矿物；电、气和水 > 电、城市煤气、蒸汽和热水 > 电能 > 电网排放因子,,0.4403,kgCO2e,5,2022,千瓦时
2022年省级电力平均二氧化碳排放因子-广西,2022 Provincial Electricity Average CO2 Emission Factors - Guangxi,17100H3372022C,首页 > 矿石和矿物；电、气和水 > 电、城市煤气、蒸汽和热水 > 电能 > 电网排放因子,,0.4044,kgCO2e,5,2022,千瓦时
2022年省级电力平均二氧化碳排放因子-海南,2022 Provincial Electricity Average CO2 Emission Factors - Hainan,17100H3382022C,首页 > 矿石和矿物；电、气和水 > 电、城市煤气、蒸汽和热水 > 电能 > 电网排放因子,,0.4184,kgCO2e,5,2022,千瓦时
2022年省级电力平均二氧化碳排放因子-重庆,2022 Provincial Electricity Average CO2 Emission Factors -Chongqing,17100H3392022C,首页 > 矿石和矿物；电、气和水 > 电、城市煤气、蒸汽和热水 > 电能 > 电网排放因子,,0.5227,kgCO2e,5,2022,千瓦时
2022年省级电力平均二氧化碳排放因子-四川,2022 Provincial Electricity Average CO2 Emission Factors -Sichuan,17100H3402022C,首页 > 矿石和矿物；电、气和水 > 电、城市煤气、蒸汽和热水 > 电能 > 电网排放因子,,0.1404,kgCO2e,5,2022,千瓦时
2022年省级电力平均二氧化碳排放因子-贵州,2022 Provincial Electricity Average CO2 Emission Factors -Guizhou,17100H3412022C,首页 > 矿石和矿物；电、气和水 > 电、城市煤气、蒸汽和热水 > 电能 > 电网排放因子,,0.4989,kgCO2e,5,2022,千瓦时
2022年省级电力平均二氧化碳排放因子-云南,2022 Provincial Electricity Average CO2 Emission Factors -Yunnan,17100H3422022C,首页 > 矿石和矿物；电、气和水 > 电、城市煤气、蒸汽和热水 > 电能 > 电网排放因子,,0.1073,kgCO2e,5,2022,千瓦时
2022年省级电力平均二氧化碳排放因子-陕西,2022 Provincial Electricity Average CO2 Emission Factors -Shanxi,17100H3432022C,首页 > 矿石和矿物；电、气和水 > 电、城市煤气、蒸汽和热水 > 电能 > 电网排放因子,,0.6558,kgCO2e,5,2022,千瓦时
2022年省级电力平均二氧化碳排放因子-甘肃,2022 Provincial Electricity Average CO2 Emission Factors -Gansu,17100H3442022C,首页 > 矿石和矿物；电、气和水 > 电、城市煤气、蒸汽和热水 > 电能 > 电网排放因子,,0.4772,kgCO2e,5,2022,千瓦时
2022年省级电力平均二氧化碳排放因子-青海,2022 Provincial Electricity Average CO2 Emission Factors -Qinghai,17100H3452022C,首页 > 矿石和矿物；电、气和水 > 电、城市煤气、蒸汽和热水 > 电能 > 电网排放因子,,0.1567,kgCO2e,5,2022,千瓦时
2022年省级电力平均二氧化碳排放因子-宁夏,2022 Provincial Electricity Average CO2 Emission Factors -Ningxia,17100H3462022C,首页 > 矿石和矿物；电、气和水 > 电、城市煤气、蒸汽和热水 > 电能 > 电网排放因子,,0.6423,kgCO2e,5,2022,千瓦时
2022年省级电力平均二氧化碳排放因子-新疆,2022 Provincial Electricity Average CO2 Emission Factors -Xinjiang,17100H3472022C,首页 > 矿石和矿物；电、气和水 > 电、城市煤气、蒸汽和热水 > 电能 > 电网排放因子,,0.6231,kgCO2e,5,2022,千瓦时
2022年全国电力平均二氧化碳排放因子（不包括市场化交易的非化石能源电量）,Emission factor of carbon dioxide of national electricity in 2022-average,17100H3482022C,首页 > 矿石和矿物；电、气和水 > 电、城市煤气、蒸汽和热水 > 电能 > 电网排放因子,,0.5856,kgCO2e,5,2022,千瓦时
2022年全国化石能源电力二氧化碳排放因子,Carbon dioxide emission factor of national electricity of fossil energy in 2022,17100H3492022C,首页 > 矿石和矿物；电、气和水 > 电、城市煤气、蒸汽和热水 > 电能 > 电网排放因子,,0.8325,kgCO2e,5,2022,千瓦时
2023年全国电力平均碳足迹因子,National Average Carbon Footprint Factor for Electricity in 2023,17100H3502023C,首页 > 矿石和矿物；电、气和水 > 电、城市煤气、蒸汽和热水 > 电能 > 电网排放因子,,0.6205,kgCO2e,5,2023,千瓦时
2023年主要发电类型电力碳足迹因子-燃煤发电,Electricity Carbon Footprint Factors for Major Generation Types in 2023- Coal-Fired Generation,17100H3512023C,首页 > 矿石和矿物；电、气和水 > 电、城市煤气、蒸汽和热水 > 电能 > 电网排放因子,,0.944,kgCO2e,5,2023,千瓦时
2023年主要发电类型电力碳足迹因子-燃气发电,Electricity Carbon Footprint Factors for Major Generation Types in 2023- Gas-fired Generation,17100H3522023C,首页 > 矿石和矿物；电、气和水 > 电、城市煤气、蒸汽和热水 > 电能 > 电网排放因子,,0.4792,kgCO2e,5,2023,千瓦时
2023年主要发电类型电力碳足迹因子-水力发电,Electricity Carbon Footprint Factors for Major Generation Types in 2023- Hydroelectric Generation,17100H3532023C,首页 > 矿石和矿物；电、气和水 > 电、城市煤气、蒸汽和热水 > 电能 > 电网排放因子,,0.0143,kgCO2e,5,2023,千瓦时
2023年主要发电类型电力碳足迹因子-核能发电,Electricity Carbon Footprint Factors for Major Generation Types in 2023- Nuclear Generation,17100H3542023C,首页 > 矿石和矿物；电、气和水 > 电、城市煤气、蒸汽和热水 > 电能 > 电网排放因子,,0.0065,kgCO2e,5,2023,千瓦时
2023年主要发电类型电力碳足迹因子-风力发电,Electricity Carbon Footprint Factors for Major Generation Types in 2023- Wind Generation,17100H3552023C,首页 > 矿石和矿物；电、气和水 > 电、城市煤气、蒸汽和热水 > 电能 > 电网排放因子,,0.0336,kgCO2e,5,2023,千瓦时
2023年主要发电类型电力碳足迹因子-光伏发电,Electricity Carbon Footprint Factors for Major Generation Types in 2023- Photovoltaic Generation,17100H3562023C,首页 > 矿石和矿物；电、气和水 > 电、城市煤气、蒸汽和热水 > 电能 > 电网排放因子,,0.0545,kgCO2e,5,2023,千瓦时
2023年主要发电类型电力碳足迹因子-光热发电,Electricity Carbon Footprint Factors for Major Generation Types in 2023- Solar Thermal Generation,17100H3572023C,首页 > 矿石和矿物；电、气和水 > 电、城市煤气、蒸汽和热水 > 电能 > 电网排放因子,,0.0313,kgCO2e,5,2023,千瓦时
2023年主要发电类型电力碳足迹因子-生物质发电,Electricity Carbon Footprint Factors for Major Generation Types in 2023- Biomass Generation,17100H3582023C,首页 > 矿石和矿物；电、气和水 > 电、城市煤气、蒸汽和热水 > 电能 > 电网排放因子,,0.0457,kgCO2e,5,2023,千瓦时
2023年输配电碳足迹因子-输配电（不含线损）,Transmission and Distribution Carbon Footprint Factor for Electricity in 2023 (excluding line losses),17100H3592023C,首页 > 矿石和矿物；电、气和水 > 电、城市煤气、蒸汽和热水 > 电能 > 电网排放因子,,0.0036,kgCO2e,5,2023,千瓦时
2024年全国电力平均碳足迹因子,2024 National Average Carbon Footprint Factor of Electricity,17100H3732024C,首页 > 矿石和矿物；电、气和水 > 电、城市煤气、蒸汽和热水 > 电能 > 电网排放因子,,0.5777,kgCO2e,5,2024,千瓦时
2024年主要发电类型电力碳足迹因子-燃煤发电,2024 Main Power Generation Type Carbon Footprint Factor - Coal-Fired Power Generation,17100H3752024C,首页 > 矿石和矿物；电、气和水 > 电、城市煤气、蒸汽和热水 > 电能 > 电网排放因子,,0.924,kgCO2e,5,2024,千瓦时
2024年输配电碳足迹因子-不含线损,2024 Transmission and Distribution Carbon Footprint Factors - Excluding Line Losses,17100H3832024C,首页 > 矿石和矿物；电、气和水 > 电、城市煤气、蒸汽和热水 > 电能 > 电网排放因子,,0.0046,kgCO2e,5,2024,千瓦时
2024年输配电碳足迹因子-含线损,2024 Transmission and Distribution Carbon Footprint Factors - Including Line Losses,17100H3842024C,首页 > 矿石和矿物；电、气和水 > 电、城市煤气、蒸汽和热水 > 电能 > 电网排放因子,,0.0327,kgCO2e,5,2024,千瓦时
2023年全国电力平均二氧化碳排放因子,2023 National Average Carbon Dioxide Emission Factor for Electricity,17100H3852023C,首页 > 矿石和矿物；电、气和水 > 电、城市煤气、蒸汽和热水 > 电能 > 电网排放因子,,0.5306,kgCO2e,5,2023,千瓦时
2023年区域电力平均二氧化碳排放因子-华北,2023 Regional Average Carbon Dioxide Emission Factor for Electricity - North China,17100H3862023C,首页 > 矿石和矿物；电、气和水 > 电、城市煤气、蒸汽和热水 > 电能 > 电网排放因子,,0.6361,kgCO2e,5,2023,千瓦时
2023年区域电力平均二氧化碳排放因子-东北,2023 Regional Average Carbon Dioxide Emission Factor for Electricity - Northeast China,17100H3872023C,首页 > 矿石和矿物；电、气和水 > 电、城市煤气、蒸汽和热水 > 电能 > 电网排放因子,,0.5122,kgCO2e,5,2023,千瓦时
2023年区域电力平均二氧化碳排放因子-华东,2023 Regional Average Carbon Dioxide Emission Factor for Electricity - East China,17100H3882023C,首页 > 矿石和矿物；电、气和水 > 电、城市煤气、蒸汽和热水 > 电能 > 电网排放因子,,0.55,kgCO2e,5,2023,千瓦时
2023年区域电力平均二氧化碳排放因子-华中,2023 Regional Average Carbon Dioxide Emission Factor for Electricity - Middle China,17100H3892023C,首页 > 矿石和矿物；电、气和水 > 电、城市煤气、蒸汽和热水 > 电能 > 电网排放因子,,0.5271,kgCO2e,5,2023,千瓦时
2023年区域电力平均二氧化碳排放因子-西北,2023 Regional Average Carbon Dioxide Emission Factor for Electricity - Northwest China,17100H3902023C,首页 > 矿石和矿物；电、气和水 > 电、城市煤气、蒸汽和热水 > 电能 > 电网排放因子,,0.5543,kgCO2e,5,2023,千瓦时
2023年区域电力平均二氧化碳排放因子-南方,2023 Regional Average Carbon Dioxide Emission Factor for Electricity - South China,17100H3912023C,首页 > 矿石和矿物；电、气和水 > 电、城市煤气、蒸汽和热水 > 电能 > 电网排放因子,,0.4042,kgCO2e,5,2023,千瓦时
2023年区域电力平均二氧化碳排放因子-西南,2023 Regional Average Carbon Dioxide Emission Factor for Electricity - Southwest China,17100H3922023C,首页 > 矿石和矿物；电、气和水 > 电、城市煤气、蒸汽和热水 > 电能 > 电网排放因子,,0.2472,kgCO2e,5,2023,千瓦时
2023年区域电力平均二氧化碳排放因子-北京,2023 Regional Average Carbon Dioxide Emission Factor for Electricity - Beijing,17100H3932023C,首页 > 矿石和矿物；电、气和水 > 电、城市煤气、蒸汽和热水 > 电能 > 电网排放因子,,0.5554,kgCO2e,5,2023,千瓦时
2023年区域电力平均二氧化碳排放因子-天津,2023 Regional Average Carbon Dioxide Emission Factor for Electricity - Tianjin,17100H3942023C,首页 > 矿石和矿物；电、气和水 > 电、城市煤气、蒸汽和热水 > 电能 > 电网排放因子,,0.6796,kgCO2e,5,2023,千瓦时
2023年区域电力平均二氧化碳排放因子-河北,2023 Regional Average Carbon Dioxide Emission Factor for Electricity - Hebei,17100H3952023C,首页 > 矿石和矿物；电、气和水 > 电、城市煤气、蒸汽和热水 > 电能 > 电网排放因子,,0.6516,kgCO2e,5,2023,千瓦时
2023年区域电力平均二氧化碳排放因子-山西,2023 Regional Average Carbon Dioxide Emission Factor for Electricity - Shanxi,17100H3962023C,首页 > 矿石和矿物；电、气和水 > 电、城市煤气、蒸汽和热水 > 电能 > 电网排放因子,,0.6634,kgCO2e,5,2023,千瓦时
2023年区域电力平均二氧化碳排放因子-内蒙古,2023 Regional Average Carbon Dioxide Emission Factor for Electricity - Inner Mongolia,17100H3972023C,首页 > 矿石和矿物；电、气和水 > 电、城市煤气、蒸汽和热水 > 电能 > 电网排放因子,,0.6479,kgCO2e,5,2023,千瓦时
2023年区域电力平均二氧化碳排放因子-辽宁,2023 Regional Average Carbon Dioxide Emission Factor for Electricity - Liaoning,17100H3982023C,首页 > 矿石和矿物；电、气和水 > 电、城市煤气、蒸汽和热水 > 电能 > 电网排放因子,,0.4878,kgCO2e,5,2023,千瓦时
2023年区域电力平均二氧化碳排放因子-吉林,2023 Regional Average Carbon Dioxide Emission Factor for Electricity - Jilin,17100H3992023C,首页 > 矿石和矿物；电、气和水 > 电、城市煤气、蒸汽和热水 > 电能 > 电网排放因子,,0.4671,kgCO2e,5,2023,千瓦时
2023年区域电力平均二氧化碳排放因子-黑龙江,2023 Regional Average Carbon Dioxide Emission Factor for Electricity - Heilongjiang,17100H4002023C,首页 > 矿石和矿物；电、气和水 > 电、城市煤气、蒸汽和热水 > 电能 > 电网排放因子,,0.5229,kgCO2e,5,2023,千瓦时
2023年区域电力平均二氧化碳排放因子-上海,2023 Regional Average Carbon Dioxide Emission Factor for Electricity - Shanghai,17100H4012023C,首页 > 矿石和矿物；电、气和水 > 电、城市煤气、蒸汽和热水 > 电能 > 电网排放因子,,0.5737,kgCO2e,5,2023,千瓦时
2023年区域电力平均二氧化碳排放因子-江苏,2023 Regional Average Carbon Dioxide Emission Factor for Electricity - Jiangsu,17100H4022023C,首页 > 矿石和矿物；电、气和水 > 电、城市煤气、蒸汽和热水 > 电能 > 电网排放因子,,0.5827,kgCO2e,5,2023,千瓦时
2023年区域电力平均二氧化碳排放因子-浙江,2023 Regional Average Carbon Dioxide Emission Factor for Electricity - Zhejiang,17100H4032023C,首页 > 矿石和矿物；电、气和水 > 电、城市煤气、蒸汽和热水 > 电能 > 电网排放因子,,0.4974,kgCO2e,5,2023,千瓦时
2023年区域电力平均二氧化碳排放因子-安徽,2023 Regional Average Carbon Dioxide Emission Factor for Electricity - Anhui,17100H4042023C,首页 > 矿石和矿物；电、气和水 > 电、城市煤气、蒸汽和热水 > 电能 > 电网排放因子,,0.6553,kgCO2e,5,2023,千瓦时
2023年区域电力平均二氧化碳排放因子-福建,2023 Regional Average Carbon Dioxide Emission Factor for Electricity - Fujian,17100H4052023C,首页 > 矿石和矿物；电、气和水 > 电、城市煤气、蒸汽和热水 > 电能 > 电网排放因子,,0.4211,kgCO2e,5,2023,千瓦时
2023年区域电力平均二氧化碳排放因子-江西,2023 Regional Average Carbon Dioxide Emission Factor for Electricity - Jiangxi,17100H4062023C,首页 > 矿石和矿物；电、气和水 > 电、城市煤气、蒸汽和热水 > 电能 > 电网排放因子,,0.5836,kgCO2e,5,2023,千瓦时
2023年区域电力平均二氧化碳排放因子-山东,2023 Regional Average Carbon Dioxide Emission Factor for Electricity - Shandong,17100H4072023C,首页 > 矿石和矿物；电、气和水 > 电、城市煤气、蒸汽和热水 > 电能 > 电网排放因子,,0.6191,kgCO2e,5,2023,千瓦时
2023年区域电力平均二氧化碳排放因子-河南,2023 Regional Average Carbon Dioxide Emission Factor for Electricity - Henan,17100H4082023C,首页 > 矿石和矿物；电、气和水 > 电、城市煤气、蒸汽和热水 > 电能 > 电网排放因子,,0.5897,kgCO2e,5,2023,千瓦时
2023年区域电力平均二氧化碳排放因子-湖北,2023 Regional Average Carbon Dioxide Emission Factor for Electricity - Hubei,17100H4092023C,首页 > 矿石和矿物；电、气和水 > 电、城市煤气、蒸汽和热水 > 电能 > 电网排放因子,,0.4044,kgCO2e,5,2023,千瓦时
2023年区域电力平均二氧化碳排放因子-湖南,2023 Regional Average Carbon Dioxide Emission Factor for Electricity - Hunan,17100H4102023C,首页 > 矿石和矿物；电、气和水 > 电、城市煤气、蒸汽和热水 > 电能 > 电网排放因子,,0.4976,kgCO2e,5,2023,千瓦时
2023年区域电力平均二氧化碳排放因子-广东,2023 Regional Average Carbon Dioxide Emission Factor for Electricity - Guangdong,17100H4112023C,首页 > 矿石和矿物；电、气和水 > 电、城市煤气、蒸汽和热水 > 电能 > 电网排放因子,,0.4419,kgCO2e,5,2023,千瓦时
2023年区域电力平均二氧化碳排放因子-广西,2023 Regional Average Carbon Dioxide Emission Factor for Electricity - Guangxi,17100H4122023C,首页 > 矿石和矿物；电、气和水 > 电、城市煤气、蒸汽和热水 > 电能 > 电网排放因子,,0.4476,kgCO2e,5,2023,千瓦时
2023年区域电力平均二氧化碳排放因子-海南,2023 Regional Average Carbon Dioxide Emission Factor for Electricity - Hainan,17100H4132023C,首页 > 矿石和矿物；电、气和水 > 电、城市煤气、蒸汽和热水 > 电能 > 电网排放因子,,0.3648,kgCO2e,5,2023,千瓦时
2023年区域电力平均二氧化碳排放因子-重庆,2023 Regional Average Carbon Dioxide Emission Factor for Electricity - Chongqing,17100H4142023C,首页 > 矿石和矿物；电、气和水 > 电、城市煤气、蒸汽和热水 > 电能 > 电网排放因子,,0.5581,kgCO2e,5,2023,千瓦时
2023年区域电力平均二氧化碳排放因子-四川,2023 Regional Average Carbon Dioxide Emission Factor for Electricity - Sichuan,17100H4152023C,首页 > 矿石和矿物；电、气和水 > 电、城市煤气、蒸汽和热水 > 电能 > 电网排放因子,,0.1564,kgCO2e,5,2023,千瓦时
2023年区域电力平均二氧化碳排放因子-贵州,2023 Regional Average Carbon Dioxide Emission Factor for Electricity - Guizhou,17100H4162023C,首页 > 矿石和矿物；电、气和水 > 电、城市煤气、蒸汽和热水 > 电能 > 电网排放因子,,0.5683,kgCO2e,5,2023,千瓦时
2023年区域电力平均二氧化碳排放因子-云南,2023 Regional Average Carbon Dioxide Emission Factor for Electricity - Yunnan,17100H4172023C,首页 > 矿石和矿物；电、气和水 > 电、城市煤气、蒸汽和热水 > 电能 > 电网排放因子,,0.1333,kgCO2e,5,2023,千瓦时
2023年区域电力平均二氧化碳排放因子-陕西,2023 Regional Average Carbon Dioxide Emission Factor for Electricity - Shannxi,17100H4182023C,首页 > 矿石和矿物；电、气和水 > 电、城市煤气、蒸汽和热水 > 电能 > 电网排放因子,,0.6335,kgCO2e,5,2023,千瓦时
2023年区域电力平均二氧化碳排放因子-甘肃,2023 Regional Average Carbon Dioxide Emission Factor for Electricity - Gansu,17100H4192023C,首页 > 矿石和矿物；电、气和水 > 电、城市煤气、蒸汽和热水 > 电能 > 电网排放因子,,0.4471,kgCO2e,5,2023,千瓦时
2023年区域电力平均二氧化碳排放因子-青海,2023 Regional Average Carbon Dioxide Emission Factor for Electricity - Qinghai,17100H4202023C,首页 > 矿石和矿物；电、气和水 > 电、城市煤气、蒸汽和热水 > 电能 > 电网排放因子,,0.1796,kgCO2e,5,2023,千瓦时
2023年区域电力平均二氧化碳排放因子-宁夏,2023 Regional Average Carbon Dioxide Emission Factor for Electricity - Ningxia,17100H4212023C,首页 > 矿石和矿物；电、气和水 > 电、城市煤气、蒸汽和热水 > 电能 > 电网排放因子,,0.6187,kgCO2e,5,2023,千瓦时
2023年区域电力平均二氧化碳排放因子-新疆,2023 Regional Average Carbon Dioxide Emission Factor for Electricity - Xinjiang,17100H4222023C,首页 > 矿石和矿物；电、气和水 > 电、城市煤气、蒸汽和热水 > 电能 > 电网排放因子,,0.6021,kgCO2e,5,2023,千瓦时
2023年全国电力平均二氧化碳排放因子（不包括市场化交易的非化石能源电量）,2023 National Average Carbon Dioxide Emission Factor for Electricity (Excluding Non-Fossil Energy Electricity from Market-Based Transactions),17100H4232023C,首页 > 矿石和矿物；电、气和水 > 电、城市煤气、蒸汽和热水 > 电能 > 电网排放因子,,0.6096,kgCO2e,5,2023,千瓦时
2023年全国化石能源电力二氧化碳排放因子,2023 National Carbon Dioxide Emission Factor for Fossil Fuel Power Generation,17100H4242023C,首页 > 矿石和矿物；电、气和水 > 电、城市煤气、蒸汽和热水 > 电能 > 电网排放因子,,0.8273,kgCO2e,5,2023,千瓦时
风力发电,Wind Power,17100D0032009A,首页 > 矿石和矿物；电、气和水 > 电、城市煤气、蒸汽和热水 > 电能 > 风力发电,,9.473,gCO2e,5,2009,千瓦时
1.5ＭＷ风力机组发电,Wind Power Generation（1.5ＭＷ）,17100D0012015A,首页 > 矿石和矿物；电、气和水 > 电、城市煤气、蒸汽和热水 > 电能 > 风力发电,,0.009474,kgCO2e,5,2015,千瓦时
海上风电场,Offshore wind farm,17100D0112021A,首页 > 矿石和矿物；电、气和水 > 电、城市煤气、蒸汽和热水 > 电能 > 风力发电,,1.49,gCO2e,4,2021,千瓦时
陆上风电场,Land wind farm,17100D0102021A,首页 > 矿石和矿物；电、气和水 > 电、城市煤气、蒸汽和热水 > 电能 > 风力发电,,3.62,gCO2e,4,2021,千瓦时
风力发电机，双馈式，2MW,Wind power generators，Doubly-fed type，2MW,17100D0022015A,首页 > 矿石和矿物；电、气和水 > 电、城市煤气、蒸汽和热水 > 电能 > 风力发电,,20.7,gCO2e,4,2015,千瓦时
陆上风力发电机组，40MW,Land wind power generation，40MW,17100D0032021A,首页 > 矿石和矿物；电、气和水 > 电、城市煤气、蒸汽和热水 > 电能 > 风力发电,,22.3,gCO2e,4,2021,千瓦时
陆上风力发电机组，50MW,Land wind power generation，50MW,17100D0042012A,首页 > 矿石和矿物；电、气和水 > 电、城市煤气、蒸汽和热水 > 电能 > 风力发电,,9.47,gCO2e,4,2012,千瓦时
陆上风力发电机组，100MW,Land wind power generation，100MW,17100D0052020A,首页 > 矿石和矿物；电、气和水 > 电、城市煤气、蒸汽和热水 > 电能 > 风力发电,,17.8,gCO2e,4,2020,千瓦时
海上风力发电机组，102.2MW,Offshore wind power generation，102.2MW,17100D0062017A,首页 > 矿石和矿物；电、气和水 > 电、城市煤气、蒸汽和热水 > 电能 > 风力发电,,26.47,gCO2e,4,2017,千瓦时
风力发电,Wind power,17100D0092019A,首页 > 矿石和矿物；电、气和水 > 电、城市煤气、蒸汽和热水 > 电能 > 风力发电,,28.6,gCO2e,4,2019,千瓦时
风力发电,Wind power,17100D0102013A,首页 > 矿石和矿物；电、气和水 > 电、城市煤气、蒸汽和热水 > 电能 > 风力发电,,12.51,gCO2e,5,2013,千瓦时
风力发电,Wind power,17100D0112019A,首页 > 矿石和矿物；电、气和水 > 电、城市煤气、蒸汽和热水 > 电能 > 风力发电,,51.6,gCO2e,5,2019,千瓦时
风力发电,Wind power,17100D0122010A,首页 > 矿石和矿物；电、气和水 > 电、城市煤气、蒸汽和热水 > 电能 > 风力发电,,5.1,gCO2e,3,2010,千瓦时
风力发电,Wind power generation,17100D0122022C,首页 > 矿石和矿物；电、气和水 > 电、城市煤气、蒸汽和热水 > 电能 > 风力发电,,24.08,gCO2e,5,2022,千瓦时
2MW陆上风电机组发电,2 MW onshore wind power,17100D0002021C,首页 > 矿石和矿物；电、气和水 > 电、城市煤气、蒸汽和热水 > 电能 > 风力发电,100 MW发电规模,4.02,gCO2e,5,2021,千瓦时
50MW风力发电-广西,50MW wind power-Guangxi Province of China,17100D0792021C,首页 > 矿石和矿物；电、气和水 > 电、城市煤气、蒸汽和热水 > 电能 > 风力发电,,23322,tCO2e,5,2021,场地
3MW海上风电机组发电,3MW offshore wind power,17100D0802021C,首页 > 矿石和矿物；电、气和水 > 电、城市煤气、蒸汽和热水 > 电能 > 风力发电,,1.28,gCO2e,5,2021,千瓦时
3MW陆上风电机组发电,3 MW onshore wind power,17100D0812021C,首页 > 矿石和矿物；电、气和水 > 电、城市煤气、蒸汽和热水 > 电能 > 风力发电,,3.23,gCO2e,5,2021,千瓦时
2MW海上风电机组发电,2MW offshore wind power,17100D0012021C,首页 > 矿石和矿物；电、气和水 > 电、城市煤气、蒸汽和热水 > 电能 > 风力发电,,1.69,gCO2e,5,2021,千瓦时
2MW风电机组发电,2MW wind power,17100D0012022C,首页 > 矿石和矿物；电、气和水 > 电、城市煤气、蒸汽和热水 > 电能 > 风力发电,,24.08,gCO2e,5,2022,千瓦时
2024年主要发电类型电力碳足迹因子-风力发电,2024 Main Power Generation Type Carbon Footprint Factor - Wind Power Generation,17100D0822024C,首页 > 矿石和矿物；电、气和水 > 电、城市煤气、蒸汽和热水 > 电能 > 风力发电,,0.0324,kgCO2e,5,2024,千瓦时
壁挂式燃气锅炉,Wall-hanging gas boiler,17300X0012020A,首页 > 矿石和矿物；电、气和水 > 电、城市煤气、蒸汽和热水 > 蒸汽和热水 > 蒸汽和热水,,104,kgCO2e,4,2020,平方米
天然气供热,Natural gas heating,17100C0012022C,首页 > 矿石和矿物；电、气和水 > 电、城市煤气、蒸汽和热水 > 蒸汽和热水 > 蒸汽和热水,,38.5,kgCO2e,5,2020,平方米
热力-北京,Thermal Energy (Heat)-Beijing,17300X0032025C,首页 > 矿石和矿物；电、气和水 > 电、城市煤气、蒸汽和热水 > 蒸汽和热水 > 蒸汽和热水,,54.8,kgCO2e,5,2025,吉焦
热力-天津,Thermal Energy (Heat)-Tianjin,17300X0042025C,首页 > 矿石和矿物；电、气和水 > 电、城市煤气、蒸汽和热水 > 蒸汽和热水 > 蒸汽和热水,,51,kgCO2e,5,2025,吉焦
热力-河北,Thermal Energy (Heat)-Hebei,17300X0052025C,首页 > 矿石和矿物；电、气和水 > 电、城市煤气、蒸汽和热水 > 蒸汽和热水 > 蒸汽和热水,,59.2,kgCO2e,5,2025,吉焦
热力-内蒙古,Thermal Energy (Heat)-Inner Mongolia,17300X0062025C,首页 > 矿石和矿物；电、气和水 > 电、城市煤气、蒸汽和热水 > 蒸汽和热水 > 蒸汽和热水,,63.7,kgCO2e,5,2025,吉焦
热力-山西,Thermal Energy (Heat)-Shanxi,17300X0072025C,首页 > 矿石和矿物；电、气和水 > 电、城市煤气、蒸汽和热水 > 蒸汽和热水 > 蒸汽和热水,,57.2,kgCO2e,5,2025,吉焦
热力-辽宁,Thermal Energy (Heat)-Liaoning,17300X0082025C,首页 > 矿石和矿物；电、气和水 > 电、城市煤气、蒸汽和热水 > 蒸汽和热水 > 蒸汽和热水,,73.4,kgCO2e,5,2025,吉焦
热力-吉林,Thermal Energy (Heat)-Jilin,17300X0092025C,首页 > 矿石和矿物；电、气和水 > 电、城市煤气、蒸汽和热水 > 蒸汽和热水 > 蒸汽和热水,,68.9,kgCO2e,5,2025,吉焦
热力-黑龙江,Thermal Energy (Heat)-Heilongjiang,17300X0102025C,首页 > 矿石和矿物；电、气和水 > 电、城市煤气、蒸汽和热水 > 蒸汽和热水 > 蒸汽和热水,,85.4,kgCO2e,5,2025,吉焦
热力-山东,Thermal Energy (Heat)-Shandong,17300X0112025C,首页 > 矿石和矿物；电、气和水 > 电、城市煤气、蒸汽和热水 > 蒸汽和热水 > 蒸汽和热水,,75.1,kgCO2e,5,2025,吉焦
热力-河南,Thermal Energy (Heat)-Henan,17300X0122025C,首页 > 矿石和矿物；电、气和水 > 电、城市煤气、蒸汽和热水 > 蒸汽和热水 > 蒸汽和热水,,54,kgCO2e,5,2025,吉焦
热力-陕西,Thermal Energy (Heat)-Shaanxi,17300X0132025C,首页 > 矿石和矿物；电、气和水 > 电、城市煤气、蒸汽和热水 > 蒸汽和热水 > 蒸汽和热水,,77.6,kgCO2e,5,2025,吉焦
热力-甘肃,Thermal Energy (Heat)-Gansu,17300X0142025C,首页 > 矿石和矿物；电、气和水 > 电、城市煤气、蒸汽和热水 > 蒸汽和热水 > 蒸汽和热水,,73.4,kgCO2e,5,2025,吉焦
热力-宁夏,Thermal Energy (Heat)-Ningxia,17300X0152025C,首页 > 矿石和矿物；电、气和水 > 电、城市煤气、蒸汽和热水 > 蒸汽和热水 > 蒸汽和热水,,50,kgCO2e,5,2025,吉焦
热力-新疆,Thermal Energy (Heat)-Xinjiang,17300X0162025C,首页 > 矿石和矿物；电、气和水 > 电、城市煤气、蒸汽和热水 > 蒸汽和热水 > 蒸汽和热水,,61.8,kgCO2e,5,2025,吉焦
热力-上海,Thermal Energy (Heat)-Shanghai,17300X0172025C,首页 > 矿石和矿物；电、气和水 > 电、城市煤气、蒸汽和热水 > 蒸汽和热水 > 蒸汽和热水,,0.06,tCO2e,5,2025,吉焦
沥青产品	,Asphalt products,15330X0012012A,首页 > 矿石和矿物；电、气和水 > 石、沙和粘土 > 沙子、卵石、砾石、石碴或碎石，天然沥青和柏油 > 天然沥青和柏油，沥青岩，沥青石,,2.957551,tCO2e,5,2012,公吨
砂土,sand,15310X0012015A,首页 > 矿石和矿物；电、气和水 > 石、沙和粘土 > 沙子、卵石、砾石、石碴或碎石，天然沥青和柏油 > 天然砂,,2.51,kgCO2e,4,2015,公吨
砂,sand,15310X0012019C,首页 > 矿石和矿物；电、气和水 > 石、沙和粘土 > 沙子、卵石、砾石、石碴或碎石，天然沥青和柏油 > 天然砂,f=1.6-3.0,2.51,kgCO2e,5,2019,公吨
骨料,Aggregates,15320X0012021A,首页 > 矿石和矿物；电、气和水 > 石、沙和粘土 > 沙子、卵石、砾石、石碴或碎石，天然沥青和柏油 > 砾石，鹅卵石，碎石，小石子，石片，石粉,,7.76,kgCO2e,4,2021,公吨
碎石,rubble,15320X0012019C,首页 > 矿石和矿物；电、气和水 > 石、沙和粘土 > 沙子、卵石、砾石、石碴或碎石，天然沥青和柏油 > 砾石，鹅卵石，碎石，小石子，石片，石粉,d=10mm-30mm,2.18,kgCO2e,5,2019,公吨
石灰石,Limestone,15200X0032020A,首页 > 矿石和矿物；电、气和水 > 石、沙和粘土 > 石膏；硬石膏；石灰石助溶剂和某种用于生产石灰或水泥的其他灰质石料 > 石膏；硬石膏；石灰石助溶剂和某种用于生产石灰或水尼的其他石灰质石料,,0.44,tCO2e,5,2020,公吨
粘土实心砖,Clay solid brick,15200X0032013A,首页 > 矿石和矿物；电、气和水 > 石、沙和粘土 > 石膏；硬石膏；石灰石助溶剂和某种用于生产石灰或水泥的其他灰质石料 > 石膏；硬石膏；石灰石助溶剂和某种用于生产石灰或水尼的其他石灰质石料,,329.71,kgCO2e,4,2013,m3
石膏凝胶材料,α high-strength gypsum,15200X0012022A,首页 > 矿石和矿物；电、气和水 > 石、沙和粘土 > 石膏；硬石膏；石灰石助溶剂和某种用于生产石灰或水泥的其他灰质石料 > 石膏；硬石膏；石灰石助溶剂和某种用于生产石灰或水尼的其他石灰质石料,α型高强石膏,306.3,kgCO2e,5,2022,公吨
石灰,Lime,15200X0022019C,首页 > 矿石和矿物；电、气和水 > 石、沙和粘土 > 石膏；硬石膏；石灰石助溶剂和某种用于生产石灰或水泥的其他灰质石料 > 石膏；硬石膏；石灰石助溶剂和某种用于生产石灰或水尼的其他石灰质石料,,1190,kgCO2e,5,2019,公吨
消石灰,slaked lime,15200X0032019C,首页 > 矿石和矿物；电、气和水 > 石、沙和粘土 > 石膏；硬石膏；石灰石助溶剂和某种用于生产石灰或水泥的其他灰质石料 > 石膏；硬石膏；石灰石助溶剂和某种用于生产石灰或水尼的其他石灰质石料,,747,kgCO2e,5,2019,公吨
天然石膏,Gypsum,15200X0042019C,首页 > 矿石和矿物；电、气和水 > 石、沙和粘土 > 石膏；硬石膏；石灰石助溶剂和某种用于生产石灰或水泥的其他灰质石料 > 石膏；硬石膏；石灰石助溶剂和某种用于生产石灰或水尼的其他石灰质石料,,32.8,kgCO2e,5,2019,公吨
普通硅酸盐水泥(OPC),Ordinary Portland Cement,15200X0402022A,首页 > 矿石和矿物；电、气和水 > 石、沙和粘土 > 石膏；硬石膏；石灰石助溶剂和某种用于生产石灰或水泥的其他灰质石料 > 石膏；硬石膏；石灰石助溶剂和某种用于生产石灰或水尼的其他石灰质石料,,1028.65,kgCO2e,4,2022,kg
硫铝酸盐水泥(SAC),Sulfoaluminate cement,15200X0412022A,首页 > 矿石和矿物；电、气和水 > 石、沙和粘土 > 石膏；硬石膏；石灰石助溶剂和某种用于生产石灰或水泥的其他灰质石料 > 石膏；硬石膏；石灰石助溶剂和某种用于生产石灰或水尼的其他石灰质石料,,711.12,kgCO2e,4,2022,kg
高贝利特硫铝酸盐水泥(GF-HBSAC)	,High belit sulfoaluminate cement,15200X0422022A,首页 > 矿石和矿物；电、气和水 > 石、沙和粘土 > 石膏；硬石膏；石灰石助溶剂和某种用于生产石灰或水泥的其他灰质石料 > 石膏；硬石膏；石灰石助溶剂和某种用于生产石灰或水尼的其他石灰质石料,,550.29,kgCO2e,4,2022,kg
质感型装饰涂料产品 ,Textured decorative coating products ,15200X0432016A,首页 > 矿石和矿物；电、气和水 > 石、沙和粘土 > 石膏；硬石膏；石灰石助溶剂和某种用于生产石灰或水泥的其他灰质石料 > 石膏；硬石膏；石灰石助溶剂和某种用于生产石灰或水尼的其他石灰质石料,,328.84,kgCO2e,5,2016,公吨
轻烧白云石,Light-burn dolomite,15200X0442022B,首页 > 矿石和矿物；电、气和水 > 石、沙和粘土 > 石膏；硬石膏；石灰石助溶剂和某种用于生产石灰或水泥的其他灰质石料 > 石膏；硬石膏；石灰石助溶剂和某种用于生产石灰或水尼的其他石灰质石料,1000kg,1309,kgCO2e,5,2022,公吨
石灰石,limestone,15200X0452021B,首页 > 矿石和矿物；电、气和水 > 石、沙和粘土 > 石膏；硬石膏；石灰石助溶剂和某种用于生产石灰或水泥的其他灰质石料 > 石膏；硬石膏；石灰石助溶剂和某种用于生产石灰或水尼的其他石灰质石料,,3.62,kgCO2e,3,2021,公吨
石灰石,limestone,15200X0462021B,首页 > 矿石和矿物；电、气和水 > 石、沙和粘土 > 石膏；硬石膏；石灰石助溶剂和某种用于生产石灰或水泥的其他灰质石料 > 石膏；硬石膏；石灰石助溶剂和某种用于生产石灰或水尼的其他石灰质石料,,10.91,kgCO2e,4,2021,公吨
石灰,lime,15200X0472021B,首页 > 矿石和矿物；电、气和水 > 石、沙和粘土 > 石膏；硬石膏；石灰石助溶剂和某种用于生产石灰或水泥的其他灰质石料 > 石膏；硬石膏；石灰石助溶剂和某种用于生产石灰或水尼的其他石灰质石料,,1256.52,kgCO2e,4,2021,公吨
石灰,lime,15200X0482021B,首页 > 矿石和矿物；电、气和水 > 石、沙和粘土 > 石膏；硬石膏；石灰石助溶剂和某种用于生产石灰或水泥的其他灰质石料 > 石膏；硬石膏；石灰石助溶剂和某种用于生产石灰或水尼的其他石灰质石料,,1128.36,kgCO2e,4,2021,公吨
石灰,lime,15200X0492021B,首页 > 矿石和矿物；电、气和水 > 石、沙和粘土 > 石膏；硬石膏；石灰石助溶剂和某种用于生产石灰或水泥的其他灰质石料 > 石膏；硬石膏；石灰石助溶剂和某种用于生产石灰或水尼的其他石灰质石料,,1566.41,kgCO2e,4,2021,公吨
石灰石,limestone,15200X0502025C,首页 > 矿石和矿物；电、气和水 > 石、沙和粘土 > 石膏；硬石膏；石灰石助溶剂和某种用于生产石灰或水泥的其他灰质石料 > 石膏；硬石膏；石灰石助溶剂和某种用于生产石灰或水尼的其他石灰质石料,,2.174,kgCO2e,5,2025,公吨
石灰,Lime,15120X0012011A,首页 > 矿石和矿物；电、气和水 > 石、沙和粘土 > 碑塔或建筑石材 > 大理石和其他石灰质碑塔或建筑石材,,0.683,tCO2e,4,2011,公吨
冶金石灰,Metallurgical lime,15120X0022022C,首页 > 矿石和矿物；电、气和水 > 石、沙和粘土 > 碑塔或建筑石材 > 大理石和其他石灰质碑塔或建筑石材,成分总质量91.88%,1.3039,tCO2e,5,2022,公吨
方解石或文石,CaCO3,15120X0032025C,首页 > 矿石和矿物；电、气和水 > 石、沙和粘土 > 碑塔或建筑石材 > 大理石和其他石灰质碑塔或建筑石材,,0.43971,kgCO2e,5,2025,kg
菱镁石,MgCO3,15120X0042025C,首页 > 矿石和矿物；电、气和水 > 石、沙和粘土 > 碑塔或建筑石材 > 大理石和其他石灰质碑塔或建筑石材,,0.52197,kgCO2e,5,2025,kg
白云石,CaMg(CO3)2,15120X0052025C,首页 > 矿石和矿物；电、气和水 > 石、沙和粘土 > 碑塔或建筑石材 > 大理石和其他石灰质碑塔或建筑石材,,0.47732,kgCO2e,5,2025,kg
菱铁矿,FeCO3,15120X0062025C,首页 > 矿石和矿物；电、气和水 > 石、沙和粘土 > 碑塔或建筑石材 > 大理石和其他石灰质碑塔或建筑石材,,0.37987,kgCO2e,5,2025,kg
铁白云石-区间最低值,Ca(Fe，Mg，Mn)(CO3)2-Lowest value in the range,15120X0072025C,首页 > 矿石和矿物；电、气和水 > 石、沙和粘土 > 碑塔或建筑石材 > 大理石和其他石灰质碑塔或建筑石材,,0.40822,kgCO2e,5,2025,kg
铁白云石-区间最高值,Ca(Fe，Mg，Mn)(CO3)2-Highest value in the range,15120X0082025C,首页 > 矿石和矿物；电、气和水 > 石、沙和粘土 > 碑塔或建筑石材 > 大理石和其他石灰质碑塔或建筑石材,,0.47572,kgCO2e,5,2025,kg
菱锰矿,MnCO3,15120X0092025C,首页 > 矿石和矿物；电、气和水 > 石、沙和粘土 > 碑塔或建筑石材 > 大理石和其他石灰质碑塔或建筑石材,,0.38286,kgCO2e,5,2025,kg
岩棉板,Rock wool board,15110X0012019A,首页 > 矿石和矿物；电、气和水 > 石、沙和粘土 > 碑塔或建筑石材 > 板岩,,1980,kgCO2e,3,2019,公吨
岩棉板,Rock Wool Boards,15110X0022025C,首页 > 矿石和矿物；电、气和水 > 石、沙和粘土 > 碑塔或建筑石材 > 板岩,,1100,kgCO2e,5,2025,公吨
花岗石铺装产品,Granite paving products,15130X0012016A,首页 > 矿石和矿物；电、气和水 > 石、沙和粘土 > 碑塔或建筑石材 > 花岗石、砂岩和其他碑塔或建筑石材,,54.16,kgCO2e,5,2016,kg
砂岩,Sandstone,15130X0022011A,首页 > 矿石和矿物；电、气和水 > 石、沙和粘土 > 碑塔或建筑石材 > 花岗石、砂岩和其他碑塔或建筑石材,,0.06,tCO2e,4,2011,公吨
花岩石,Granite,15130X0032011A,首页 > 矿石和矿物；电、气和水 > 石、沙和粘土 > 碑塔或建筑石材 > 花岗石、砂岩和其他碑塔或建筑石材,,0.09,tCO2e,4,2011,公吨
板岩,slate,15130X0042011A,首页 > 矿石和矿物；电、气和水 > 石、沙和粘土 > 碑塔或建筑石材 > 花岗石、砂岩和其他碑塔或建筑石材,,0.23,tCO2e,4,2011,公吨
粘土,clay,15400X0022015A,首页 > 矿石和矿物；电、气和水 > 石、沙和粘土 > 粘土 > 粘土,,0.04,tCO2e,4,2015,m3
黏土,clay,15400X0012019C,首页 > 矿石和矿物；电、气和水 > 石、沙和粘土 > 粘土 > 粘土,,2.69,kgCO2e,5,2019,公吨
水泥产品-煅烧粘土（其他高岭土）,Cement-Calcined clay,15400X0122022A,首页 > 矿石和矿物；电、气和水 > 石、沙和粘土 > 粘土 > 粘土,,0.32,tCO2e,5,2022,公吨
铅锌精矿,lead zinc ore,14290X0012020A,首页 > 矿石和矿物；电、气和水 > 金属矿石 > 有色金属矿石及其精矿（铀或钍矿石及其精矿除外） > 其他非铁矿石和精矿，不包括铀和钍矿石或浓缩物,,483.51,kgCO2e,3,2020,公吨
铝土矿,Bauxite,14230X0022015A,首页 > 矿石和矿物；电、气和水 > 金属矿石 > 有色金属矿石及其精矿（铀或钍矿石及其精矿除外） > 铝矿石和铝精矿,,0.08,kgCO2e,4,2015,kg
铝土矿开采,Bauxite mining,14230X0032018A,首页 > 矿石和矿物；电、气和水 > 金属矿石 > 有色金属矿石及其精矿（铀或钍矿石及其精矿除外） > 铝矿石和铝精矿,,16.1,kgCO2e,5,2018,公吨
铁精粉,Iron Powder,14100X0012023B,首页 > 矿石和矿物；电、气和水 > 金属矿石 > 铁矿石及其精矿，已焙烧的黄铁矿除外 > 铁矿石和铁精矿，不包括焙烧黄铁矿,,0.1267,tCO2e,5,2023,公吨
铁精粉,Iron Powder,14100X0022023B,首页 > 矿石和矿物；电、气和水 > 金属矿石 > 铁矿石及其精矿，已焙烧的黄铁矿除外 > 铁矿石和铁精矿，不包括焙烧黄铁矿,,0.11992,tCO2e,5,2023,公吨
铁精矿,Iron concentrate,14100X0032023B,首页 > 矿石和矿物；电、气和水 > 金属矿石 > 铁矿石及其精矿，已焙烧的黄铁矿除外 > 铁矿石和铁精矿，不包括焙烧黄铁矿,,0.06597,tCO2e,5,2023,公吨
铁精矿,Iron concentrate,14100X0042023B,首页 > 矿石和矿物；电、气和水 > 金属矿石 > 铁矿石及其精矿，已焙烧的黄铁矿除外 > 铁矿石和铁精矿，不包括焙烧黄铁矿,,0.07624,tCO2e,4,2023,公吨
铁精粉,Iron powder,14100X0152021C,首页 > 矿石和矿物；电、气和水 > 金属矿石 > 铁矿石及其精矿，已焙烧的黄铁矿除外 > 铁矿石和铁精矿，不包括焙烧黄铁矿,以63.6%为主，二氧化硅≤6.5%,138.6645,kgCO2e,5,2021,公吨
铁精粉,Iron powder,14100X0162021C,首页 > 矿石和矿物；电、气和水 > 金属矿石 > 铁矿石及其精矿，已焙烧的黄铁矿除外 > 铁矿石和铁精矿，不包括焙烧黄铁矿,品位为65.04%的铁精粉产品,127.05,kgCO2e,5,2021,公吨
烧结矿,Sintered Ore,14100X0172022A,首页 > 矿石和矿物；电、气和水 > 金属矿石 > 铁矿石及其精矿，已焙烧的黄铁矿除外 > 铁矿石和铁精矿，不包括焙烧黄铁矿,,0.36,tCO2e,5,2022,公吨
CO2 矿化混凝土砌块-波特兰水泥砌块OPC,CO2 mineralized concrete block - Ordinary Portland Cement,10231A0012019C,首页 > 碳移除 > 碳捕获、利用与封存 > 二氧化碳化工利用 > CO2矿化利用,1 m3 非空心且采用矿化养护的混凝土砌块-硅灰石复合水泥砌块WPC,364,kgCO2e,5,2019,m3
CO2 矿化混凝土砌块-硅灰石复合水泥砌块,CO2 mineralized concrete block - Wollstonite-Portland cement,10231A0022019C,首页 > 碳移除 > 碳捕获、利用与封存 > 二氧化碳化工利用 > CO2矿化利用,1 m3 非空心且采用矿化养护的混凝土砌块-硅灰石复合水泥砌块WPC,292,kgCO2e,5,2019,m3
CO2 矿化混凝土砌块-氧化镁复合水泥砌块,CO2 mineralized concrete block - magnesia composite cement block,10231A0032019C,首页 > 碳移除 > 碳捕获、利用与封存 > 二氧化碳化工利用 > CO2矿化利用,MPC,410,kgCO2e,5,2019,m3
CO2 矿化混凝土砌块-石灰石复合水泥砌块,CO2 mineralized concrete block - Limestone-Portland cement,10231A0042019C,首页 > 碳移除 > 碳捕获、利用与封存 > 二氧化碳化工利用 > CO2矿化利用,LPC,421,kgCO2e,5,2019,m3
CO2 矿化混凝土砌块-钢渣复合水泥砌块,CO2 mineralized concrete block - Slag-Portland Cement,10231A0052019C,首页 > 碳移除 > 碳捕获、利用与封存 > 二氧化碳化工利用 > CO2矿化利用,SPC,316,kgCO2e,5,2019,m3
CO2 矿化混凝土砌块-硅酸一钙水泥作为胶凝材料的硅酸一钙水泥砌块,CO2 mineralized concrete block - calcium silicate cement block used as cementing material,10231A0062019C,首页 > 碳移除 > 碳捕获、利用与封存 > 二氧化碳化工利用 > CO2矿化利用,CSC,303,kgCO2e,5,2019,m3
CO2 矿化混凝土砌块-废弃混凝土骨料砌块,CO2 mineralized concrete block - waste concrete aggregate block,10231A0072019C,首页 > 碳移除 > 碳捕获、利用与封存 > 二氧化碳化工利用 > CO2矿化利用,WCA,454,kgCO2e,5,2019,m3
中深层地热,Deep geothermal,10242A0012021A,首页 > 碳移除 > 碳捕获、利用与封存 > 二氧化碳地质利用与封存 > CO2增强地热系统,,12.1,kgCO2e,4,2021,平方米
页岩气,Shale gas,10246A0012014A,首页 > 碳移除 > 碳捕获、利用与封存 > 二氧化碳地质利用与封存 > CO2强化页岩气开采,,2.46,kgCO2e,4,2014,m3
化学链燃烧,Chemical looping combustion,10211A0012019A,首页 > 碳移除 > 碳捕获、利用与封存 > 二氧化碳捕集 > 化学链燃烧,,0.172,kgCO2e,4,2019,kg
化学链燃烧,Chemical looping combustion,10211A0022019A,首页 > 碳移除 > 碳捕获、利用与封存 > 二氧化碳捕集 > 化学链燃烧,,0.163,kgCO2e,4,2019,kg
化学链燃烧,Chemical looping combustion,10211A0032019A,首页 > 碳移除 > 碳捕获、利用与封存 > 二氧化碳捕集 > 化学链燃烧,,0.174,kgCO2e,4,2019,kg
化学吸收,Chemical absorption,10214A0012015A,首页 > 碳移除 > 碳捕获、利用与封存 > 二氧化碳捕集 > 燃烧后捕集,,0.55,kgCO2e,4,2015,kg
化学吸收,Chemical absorption,10214A0022015A,首页 > 碳移除 > 碳捕获、利用与封存 > 二氧化碳捕集 > 燃烧后捕集,,0.613,kgCO2e,4,2015,kg
化学吸收,Chemical absorption,10214A0032019A,首页 > 碳移除 > 碳捕获、利用与封存 > 二氧化碳捕集 > 燃烧后捕集,,567,kgCO2e,4,2019,公吨
化学吸收,Chemical absorption,10214A0042019A,首页 > 碳移除 > 碳捕获、利用与封存 > 二氧化碳捕集 > 燃烧后捕集,,501,kgCO2e,4,2019,公吨
化学吸收,Chemical absorption,10214A0052019A,首页 > 碳移除 > 碳捕获、利用与封存 > 二氧化碳捕集 > 燃烧后捕集,,483,kgCO2e,4,2019,公吨
燃煤电厂燃烧后碳捕集系统,Post-combustion carbon capture systems in coal-fired power plants,10214A0062016C,首页 > 碳移除 > 碳捕获、利用与封存 > 二氧化碳捕集 > 燃烧后捕集,,0.418,kgCO2e,5,2016,千瓦时
生物炭,Biochar,10215A0012021A,首页 > 碳移除 > 碳捕获、利用与封存 > 二氧化碳捕集 > 生物质能碳捕集,畜禽粪便基生物炭,-156.96,gCO2e,5,2021,kg
生物炭,Biochar,10215A0022021A,首页 > 碳移除 > 碳捕获、利用与封存 > 二氧化碳捕集 > 生物质能碳捕集,林业剩余物基生物炭,-232.2,gCO2e,5,2021,kg
生物炭,Biochar,10215A0032021A,首页 > 碳移除 > 碳捕获、利用与封存 > 二氧化碳捕集 > 生物质能碳捕集,农业剩余物基生物炭,-232.2,gCO2e,5,2021,kg
生物炭,biochar,10215A0042021A,首页 > 碳移除 > 碳捕获、利用与封存 > 二氧化碳捕集 > 生物质能碳捕集,能源作物基生物炭,-232.843,gCO2e,5,2021,kg
生物炭,biochar,10215A0052021A,首页 > 碳移除 > 碳捕获、利用与封存 > 二氧化碳捕集 > 生物质能碳捕集,草业剩余物基生物炭,-232.843,kgCO2e,5,2021,kg
富氧燃烧+CO2咸水层封存,Oxyfuel combusion + CO2 storage in deep saline formation,10250A0022012A,首页 > 碳移除 > 碳捕获、利用与封存 > 二氧化碳捕集利用与封存全流程 > 二氧化碳捕集利用与封存全流程,,167.78,kgCO2e,4,2012,公吨
整体煤气化联合循环+CO2强化采油,IGCC+CO2 EOR,10250A0032012A,首页 > 碳移除 > 碳捕获、利用与封存 > 二氧化碳捕集利用与封存全流程 > 二氧化碳捕集利用与封存全流程,,201.35,kgCO2e,4,2012,公吨
整体煤气化联合循环+CO2深部咸水层封存,IGCC+CO2 storage in deep saline formation,10250A0042012A,首页 > 碳移除 > 碳捕获、利用与封存 > 二氧化碳捕集利用与封存全流程 > 二氧化碳捕集利用与封存全流程,,144.91,kgCO2e,4,2012,公吨
燃烧后捕集+CO2强化采油,post-combustion capture+CO2 EOR,10250A0052012A,首页 > 碳移除 > 碳捕获、利用与封存 > 二氧化碳捕集利用与封存全流程 > 二氧化碳捕集利用与封存全流程,,255.09,kgCO2e,4,2012,公吨
燃烧后捕集+CO2咸水层封存,post-combustion capture+CO2 storagein deep saline formation,10250A0062012A,首页 > 碳移除 > 碳捕获、利用与封存 > 二氧化碳捕集利用与封存全流程 > 二氧化碳捕集利用与封存全流程,,189.92,kgCO2e,4,2012,公吨
富氧燃烧+CO2驱油封存,Oxyfuel combusion + CO2 EOR,10250A0072012A,首页 > 碳移除 > 碳捕获、利用与封存 > 二氧化碳捕集利用与封存全流程 > 二氧化碳捕集利用与封存全流程,,222.56,kgCO2e,4,2012,公吨
超临界电厂燃烧后捕集+CO2地质封存,postcombustion capture+CO2 geological storage,10250A0092021A,首页 > 碳移除 > 碳捕获、利用与封存 > 二氧化碳捕集利用与封存全流程 > 二氧化碳捕集利用与封存全流程,,113.4,kgCO2e,4,2021,公吨
煤制氢CO2捕集+CO2深部咸水层封存,Coal-to-hydrogen + CO2 storage in deep saline formation,10250A0102022A,首页 > 碳移除 > 碳捕获、利用与封存 > 二氧化碳捕集利用与封存全流程 > 二氧化碳捕集利用与封存全流程,,216.87,kgCO2e,5,2022,公吨
太阳能辅助高压给水碳捕集电厂+CO2地质封存,Solar assisted high pressure water supply carbon capture with CCS,10250A0112013A,首页 > 碳移除 > 碳捕获、利用与封存 > 二氧化碳捕集利用与封存全流程 > 二氧化碳捕集利用与封存全流程,,303.79,kgCO2e,4,2013,公吨
太阳能辅助再沸器碳捕集电厂+CO2地质封存,Solar-assisted post-combustion CCS,10250A0122013A,首页 > 碳移除 > 碳捕获、利用与封存 > 二氧化碳捕集利用与封存全流程 > 二氧化碳捕集利用与封存全流程,,308.38,kgCO2e,4,2013,公吨
碳捕获生成液体燃料系统, CCU-to-liquid fuel production,10250A0132021A,首页 > 碳移除 > 碳捕获、利用与封存 > 二氧化碳捕集利用与封存全流程 > 二氧化碳捕集利用与封存全流程,,129.98,kgCO2e,4,2021,MWh
上海造林,Afforestation and reforestation,10110A0022018A,首页 > 碳移除 > 碳汇 > 森林碳汇 > 森林碳汇,,-802,tCO2e,4,2018,平方千米
云南造林,Afforestation and reforestation,10110A0032018A,首页 > 碳移除 > 碳汇 > 森林碳汇 > 森林碳汇,,-331,tCO2e,4,2018,平方千米
内蒙古造林,Afforestation and reforestation,10110A0042018A,首页 > 碳移除 > 碳汇 > 森林碳汇 > 森林碳汇,造林,-522,tCO2e,4,2018,平方千米
北京造林,Afforestation and reforestation,10110A0052018A,首页 > 碳移除 > 碳汇 > 森林碳汇 > 森林碳汇,造林,-552,tCO2e,4,2018,平方千米
吉林造林,Afforestation and reforestation,10110A0062018A,首页 > 碳移除 > 碳汇 > 森林碳汇 > 森林碳汇,造林,-343,tCO2e,4,2018,平方千米
四川造林,Afforestation and reforestation,10110A0072018A,首页 > 碳移除 > 碳汇 > 森林碳汇 > 森林碳汇,造林,-83,tCO2e,4,2018,平方千米
天津造林,Afforestation and reforestation,10110A0082018A,首页 > 碳移除 > 碳汇 > 森林碳汇 > 森林碳汇,造林,-882,tCO2e,4,2018,平方千米
宁夏造林,Afforestation and reforestation,10110A0092018A,首页 > 碳移除 > 碳汇 > 森林碳汇 > 森林碳汇,造林,-1173,tCO2e,4,2018,平方千米
安徽造林,Afforestation and reforestation,10110A0102018A,首页 > 碳移除 > 碳汇 > 森林碳汇 > 森林碳汇,造林,-606,tCO2e,4,2018,平方千米
山东造林,Afforestation and reforestation,10110A0112018A,首页 > 碳移除 > 碳汇 > 森林碳汇 > 森林碳汇,造林,-1925,tCO2e,4,2018,平方千米
山西造林,Afforestation and reforestation,10110A0122018A,首页 > 碳移除 > 碳汇 > 森林碳汇 > 森林碳汇,造林,-751,tCO2e,4,2018,平方千米
广东造林,Afforestation and reforestation,10110A0132018A,首页 > 碳移除 > 碳汇 > 森林碳汇 > 森林碳汇,造林,-396,tCO2e,4,2018,平方千米
广西造林,Afforestation and reforestation,10110A0142018A,首页 > 碳移除 > 碳汇 > 森林碳汇 > 森林碳汇,造林,-454,tCO2e,4,2018,平方千米
新疆造林,Afforestation and reforestation,10110A0152018A,首页 > 碳移除 > 碳汇 > 森林碳汇 > 森林碳汇,造林,-511,tCO2e,4,2018,平方千米
江苏造林,Afforestation and reforestation,10110A0162018A,首页 > 碳移除 > 碳汇 > 森林碳汇 > 森林碳汇,造林,-1543,tCO2e,4,2018,平方千米
江西造林,Afforestation and reforestation,10110A0172018A,首页 > 碳移除 > 碳汇 > 森林碳汇 > 森林碳汇,造林,-327,tCO2e,4,2018,平方千米
河北造林,Afforestation and reforestation,10110A0182018A,首页 > 碳移除 > 碳汇 > 森林碳汇 > 森林碳汇,造林,-515,tCO2e,4,2018,平方千米
河南造林,Afforestation and reforestation,10110A0192018A,首页 > 碳移除 > 碳汇 > 森林碳汇 > 森林碳汇,造林,-719,tCO2e,4,2018,平方千米
浙江造林,Afforestation and reforestation,10110A0202018A,首页 > 碳移除 > 碳汇 > 森林碳汇 > 森林碳汇,造林,-487,tCO2e,4,2018,平方千米
海南造林,Afforestation and reforestation,10110A0212018A,首页 > 碳移除 > 碳汇 > 森林碳汇 > 森林碳汇,造林,-153,tCO2e,4,2018,平方千米
湖北造林,Afforestation and reforestation,10110A0222018A,首页 > 碳移除 > 碳汇 > 森林碳汇 > 森林碳汇,造林,-390,tCO2e,4,2018,平方千米
湖南造林,Afforestation and reforestation,10110A0232018A,首页 > 碳移除 > 碳汇 > 森林碳汇 > 森林碳汇,造林,-192,tCO2e,4,2018,平方千米
甘肃造林,Afforestation and reforestation,10110A0242018A,首页 > 碳移除 > 碳汇 > 森林碳汇 > 森林碳汇,造林,-776,tCO2e,4,2018,平方千米
福建造林,Afforestation and reforestation,10110A0252018A,首页 > 碳移除 > 碳汇 > 森林碳汇 > 森林碳汇,造林,-758,tCO2e,4,2018,平方千米
西藏造林,Afforestation and reforestation,10110A0262018A,首页 > 碳移除 > 碳汇 > 森林碳汇 > 森林碳汇,造林,64,tCO2e,4,2018,平方千米
贵州造林,Afforestation and reforestation,10110A0272018A,首页 > 碳移除 > 碳汇 > 森林碳汇 > 森林碳汇,造林,-421,tCO2e,4,2018,平方千米
辽宁造林,Afforestation and reforestation,10110A0282018A,首页 > 碳移除 > 碳汇 > 森林碳汇 > 森林碳汇,造林,-233,tCO2e,4,2018,平方千米
重庆造林,Afforestation and reforestation,10110A0292018A,首页 > 碳移除 > 碳汇 > 森林碳汇 > 森林碳汇,造林,-686,tCO2e,4,2018,平方千米
陕西造林,Afforestation and reforestation,10110A0302018A,首页 > 碳移除 > 碳汇 > 森林碳汇 > 森林碳汇,造林,-890,tCO2e,4,2018,平方千米
青海造林,Afforestation and reforestation,10110A0312018A,首页 > 碳移除 > 碳汇 > 森林碳汇 > 森林碳汇,,-120,tCO2e,4,2018,平方千米
黑龙江造林,Afforestation and reforestation,10110A0322018A,首页 > 碳移除 > 碳汇 > 森林碳汇 > 森林碳汇,造林,-444,tCO2e,4,2018,平方千米
城市绿地-白蜡,Uban green space-Fraxinus chinensis,10110A0112022A,首页 > 碳移除 > 碳汇 > 森林碳汇 > 森林碳汇,,-91600,kgCO2e,5,2022,1 ha-1 year-1
城市绿地-垂柳,Urban green space -Salix babylonica,10110A0212022A,首页 > 碳移除 > 碳汇 > 森林碳汇 > 森林碳汇,,-87600,kgCO2e,5,2022,1 ha-1 year-1
城市绿地-国槐,Urban green space -Sophora japonica,10110A0202022A,首页 > 碳移除 > 碳汇 > 森林碳汇 > 森林碳汇,,-31400,kgCO2e,5,2022,1 ha-1 year-1
城市绿地-毛白杨,Urban green space -Populus tomentosa,10110A0192022A,首页 > 碳移除 > 碳汇 > 森林碳汇 > 森林碳汇,,-103400,kgCO2e,5,2022,1 ha-1 year-1
城市绿地-悬铃木,Urban green space (Platanus orientalis),10110A0182022A,首页 > 碳移除 > 碳汇 > 森林碳汇 > 森林碳汇,,-57200,kgCO2e,5,2022,1 ha-1 year-1
城市绿地-栾树,Urban green space -Koelreuteria paniculate,10110A0172022A,首页 > 碳移除 > 碳汇 > 森林碳汇 > 森林碳汇,,-79800,kgCO2e,5,2022,1 ha-1 year-1
城市绿地-榆树,Urban green space -Ulmus pumila,10110A0162022A,首页 > 碳移除 > 碳汇 > 森林碳汇 > 森林碳汇,,-14800,kgCO2e,5,2022,1 ha-1 year-1
城市绿地-金银花,Urban green space -Lonicera maackii,10110A0152022A,首页 > 碳移除 > 碳汇 > 森林碳汇 > 森林碳汇,,-26000,kgCO2e,5,2022,1 ha-1 year-1
城市绿地-海棠,Urban green space -Malus micromalus,10110A0142022A,首页 > 碳移除 > 碳汇 > 森林碳汇 > 森林碳汇,,-27200,kgCO2e,5,2022,1 ha-1 year-1
城市绿地-红叶李,Urban green space-Prunus cerasifera,10110A0132022A,首页 > 碳移除 > 碳汇 > 森林碳汇 > 森林碳汇,,-285000,kgCO2e,5,2022,1 ha-1 year-1
城市绿地-草地早熟禾,Urban green space -Poa pratensis,10110A0122022A,首页 > 碳移除 > 碳汇 > 森林碳汇 > 森林碳汇,,3599.99,kgCO2e,5,2022,1 ha-1 year-1
红树林,Mangrove,10140A0032002C,首页 > 碳移除 > 碳汇 > 海洋碳汇 > 海洋碳汇,,-205000000,tCO2e,5,2002,年（四舍五入）
广州南沙红树林,"Mangrove in Nansha, Guangzhou",10140A0042008C,首页 > 碳移除 > 碳汇 > 海洋碳汇 > 海洋碳汇,,-21.48,tCO2e,5,2008,hm2
农田生态系统-山东,farmland ecosystem,10130A0012016A,首页 > 碳移除 > 碳汇 > 耕地碳汇 > 耕地碳汇,,1.11,tCO2e,4,2016,公顷
秸秆成型燃料集中供暖,Straw molding fuel central heating,91132X0012020A,首页 > 社区、社会和个人服务 > 对整个社会公共管理的其他服务；强制性社会保障服务 > 政府的行政管理服务 > 燃料和能源有关的行政管理服务,,0.101,tCO2e,5,2020,公吨
木质颗粒燃料供暖,Wood pellet fuel for heating,91132X0032020A,首页 > 社区、社会和个人服务 > 对整个社会公共管理的其他服务；强制性社会保障服务 > 政府的行政管理服务 > 燃料和能源有关的行政管理服务,,35.282,kgCO2e,5,2020,公吨
垃圾填埋,landfilling,94332X0012015A,首页 > 社区、社会和个人服务 > 污水和废弃物收集处置、卫生及其他环境保护服务 > 废弃物处理处置服务 > 其他填埋服务（无害废弃物）,,577,kgCO2e,5,2015,公吨
垃圾填埋-全国,landfilling-nationwide,94332X0022012A,首页 > 社区、社会和个人服务 > 污水和废弃物收集处置、卫生及其他环境保护服务 > 废弃物处理处置服务 > 其他填埋服务（无害废弃物）,,583.87,kgCO2e,5,2012,公吨
垃圾露天倾倒,Waste open dumping,94332X0042013A,首页 > 社区、社会和个人服务 > 污水和废弃物收集处置、卫生及其他环境保护服务 > 废弃物处理处置服务 > 其他填埋服务（无害废弃物）,,607,kgCO2e,5,2013,公吨
填埋-无填埋气回收,landfill-with no LFG collection,94332X0052013A,首页 > 社区、社会和个人服务 > 污水和废弃物收集处置、卫生及其他环境保护服务 > 废弃物处理处置服务 > 其他填埋服务（无害废弃物）,,819.5,kgCO2e,5,2013,公吨
填埋-含填埋气燃烧系统,landfill-with LFG collection and flare system,94332X0062013A,首页 > 社区、社会和个人服务 > 污水和废弃物收集处置、卫生及其他环境保护服务 > 废弃物处理处置服务 > 其他填埋服务（无害废弃物）,,566,kgCO2e,5,2013,公吨
填埋-含填埋气回收(40%)及利用,"landfill-with LFG utilization, 40%",94332X0072013A,首页 > 社区、社会和个人服务 > 污水和废弃物收集处置、卫生及其他环境保护服务 > 废弃物处理处置服务 > 其他填埋服务（无害废弃物）,,245.5,kgCO2e,4,2013,公吨
填埋-含填埋气回收（约70%）而不利用,"landfill-with LFG collection (70%), without utilization",94332X0082017A,首页 > 社区、社会和个人服务 > 污水和废弃物收集处置、卫生及其他环境保护服务 > 废弃物处理处置服务 > 其他填埋服务（无害废弃物）,,192.2,kgCO2e,5,2017,公吨
填埋-含填埋气回收（约70%）且利用,"landfill-with LFG collection （70%）, with utilization",94332X0092017A,首页 > 社区、社会和个人服务 > 污水和废弃物收集处置、卫生及其他环境保护服务 > 废弃物处理处置服务 > 其他填埋服务（无害废弃物）,,116.7,kgCO2e,5,2017,公吨
市政污泥填埋,Municipal sludge,94332X0102016A,首页 > 社区、社会和个人服务 > 污水和废弃物收集处置、卫生及其他环境保护服务 > 废弃物处理处置服务 > 其他填埋服务（无害废弃物）,,422.4,kgCO2e,4,2016,公吨
生活垃圾填埋,municipal solid waste landfill,94332X0012011A,首页 > 社区、社会和个人服务 > 污水和废弃物收集处置、卫生及其他环境保护服务 > 废弃物处理处置服务 > 其他填埋服务（无害废弃物）,,1.108,kgCO2e,5,2011,kg
生活垃圾填埋,MSW landfilling,94332X0032013A,首页 > 社区、社会和个人服务 > 污水和废弃物收集处置、卫生及其他环境保护服务 > 废弃物处理处置服务 > 其他填埋服务（无害废弃物）,,245.3,kgCO2e,5,2013,公吨
垃圾填埋处置,municipal solid waste landfill,94332X0112013A,首页 > 社区、社会和个人服务 > 污水和废弃物收集处置、卫生及其他环境保护服务 > 废弃物处理处置服务 > 其他填埋服务（无害废弃物）,,819.5,kgCO2e,5,2013,公吨
厨余垃圾堆肥,food waste composting,94339X0022021A,首页 > 社区、社会和个人服务 > 污水和废弃物收集处置、卫生及其他环境保护服务 > 废弃物处理处置服务 > 其他无害废弃物处理处置服务,,62.38,kgCO2e,5,2021,公吨
厨余垃圾厌氧消化,food waste anaerobic digestion,94339X0052021A,首页 > 社区、社会和个人服务 > 污水和废弃物收集处置、卫生及其他环境保护服务 > 废弃物处理处置服务 > 其他无害废弃物处理处置服务,,-36.53,kgCO2e,5,2021,公吨
焚烧炉渣处置,incinerator slag disposal,94339X0092010A,首页 > 社区、社会和个人服务 > 污水和废弃物收集处置、卫生及其他环境保护服务 > 废弃物处理处置服务 > 其他无害废弃物处理处置服务,,11.5,kgCO2e,5,2010,公吨
厨余垃圾厌氧消化，其余垃圾焚烧,food waste composting-other waste incineration,94339X0122017A,首页 > 社区、社会和个人服务 > 污水和废弃物收集处置、卫生及其他环境保护服务 > 废弃物处理处置服务 > 其他无害废弃物处理处置服务,,-95.8,kgCO2e,5,2017,公吨
厨余垃圾堆肥，其余垃圾焚烧,food waste composting-other waste incineration,94339X0132017A,首页 > 社区、社会和个人服务 > 污水和废弃物收集处置、卫生及其他环境保护服务 > 废弃物处理处置服务 > 其他无害废弃物处理处置服务,,-3.6,kgCO2e,5,2017,公吨
厨余垃圾厌氧消化,food waste anaerobic digestion,94339X0152021A,首页 > 社区、社会和个人服务 > 污水和废弃物收集处置、卫生及其他环境保护服务 > 废弃物处理处置服务 > 其他无害废弃物处理处置服务,,-137,kgCO2e,5,2021,公吨
厨余垃圾堆肥,food waste composting,94339X0162021A,首页 > 社区、社会和个人服务 > 污水和废弃物收集处置、卫生及其他环境保护服务 > 废弃物处理处置服务 > 其他无害废弃物处理处置服务,,165,kgCO2e,5,2021,公吨
旅游商务垃圾处置,Tourism business waste disposal,94339X0182010A,首页 > 社区、社会和个人服务 > 污水和废弃物收集处置、卫生及其他环境保护服务 > 废弃物处理处置服务 > 其他无害废弃物处理处置服务,,124.01,kgCO2e,5,2010,公吨
市政污泥好氧堆肥处理,Municipal sludge,94339X0192011A,首页 > 社区、社会和个人服务 > 污水和废弃物收集处置、卫生及其他环境保护服务 > 废弃物处理处置服务 > 其他无害废弃物处理处置服务,,58.09,kgCO2e,5,2011,公吨
市政污泥厌氧发酵,Municipal sludge,94339X0202011A,首页 > 社区、社会和个人服务 > 污水和废弃物收集处置、卫生及其他环境保护服务 > 废弃物处理处置服务 > 其他无害废弃物处理处置服务,,-150.4,kgCO2e,5,2011,公吨
市政污泥热解,Municipal sludge pyrolysis,94339X0212011A,首页 > 社区、社会和个人服务 > 污水和废弃物收集处置、卫生及其他环境保护服务 > 废弃物处理处置服务 > 其他无害废弃物处理处置服务,,106.21,kgCO2e,5,2011,公吨
旅游商务垃圾处置,Tourism business waste,94339X0112010A,首页 > 社区、社会和个人服务 > 污水和废弃物收集处置、卫生及其他环境保护服务 > 废弃物处理处置服务 > 其他无害废弃物处理处置服务,,124,kgCO2e,4,2010,公吨
生活垃圾处理（平均）,Domestic rubbish disposal (Average),94339X0252022A,首页 > 社区、社会和个人服务 > 污水和废弃物收集处置、卫生及其他环境保护服务 > 废弃物处理处置服务 > 其他无害废弃物处理处置服务,,0.4,kgCO2e,3,2022,kg
生活垃圾末端处理-填埋（2000-2009年）,Final Disposal of Municipal Solid Waste - Landfill,94339X0262009A,首页 > 社区、社会和个人服务 > 污水和废弃物收集处置、卫生及其他环境保护服务 > 废弃物处理处置服务 > 其他无害废弃物处理处置服务,,756.72,kgCO2e,5,2009,公吨
生活垃圾末端处理-填埋（2010-2016年）,Final Disposal of Municipal Solid Waste - Landfill,94339X0272016A,首页 > 社区、社会和个人服务 > 污水和废弃物收集处置、卫生及其他环境保护服务 > 废弃物处理处置服务 > 其他无害废弃物处理处置服务,,310.92,kgCO2e,5,2016,公吨
生活垃圾末端处理-填埋（2017年）,Final Disposal of Municipal Solid Waste - Landfill,94339X0282017A,首页 > 社区、社会和个人服务 > 污水和废弃物收集处置、卫生及其他环境保护服务 > 废弃物处理处置服务 > 其他无害废弃物处理处置服务,,432.43,kgCO2e,5,2017,公吨
生活垃圾末端处理-填埋（2018-2020年）,Final Disposal of Municipal Solid Waste - Landfill,94339X0292020A,首页 > 社区、社会和个人服务 > 污水和废弃物收集处置、卫生及其他环境保护服务 > 废弃物处理处置服务 > 其他无害废弃物处理处置服务,,431.06,kgCO2e,5,2020,公吨
生活垃圾末端处理-填埋（2021年）,Final Disposal of Municipal Solid Waste - Landfill,94339X0302021A,首页 > 社区、社会和个人服务 > 污水和废弃物收集处置、卫生及其他环境保护服务 > 废弃物处理处置服务 > 其他无害废弃物处理处置服务,,453.09,kgCO2e,5,2021,公吨
生活垃圾末端处理-焚烧（2010-2016年）,Final Disposal of Municipal Solid Waste - Incineration,94339X0312016A,首页 > 社区、社会和个人服务 > 污水和废弃物收集处置、卫生及其他环境保护服务 > 废弃物处理处置服务 > 其他无害废弃物处理处置服务,,279.09,kgCO2e,5,2016,公吨
生活垃圾末端处理-焚烧（2017）,Final Disposal of Municipal Solid Waste - Incineration,94339X0322017A,首页 > 社区、社会和个人服务 > 污水和废弃物收集处置、卫生及其他环境保护服务 > 废弃物处理处置服务 > 其他无害废弃物处理处置服务,,296.99,kgCO2e,5,2017,公吨
生活垃圾末端处理-焚烧（2018-2020年）,Final Disposal of Municipal Solid Waste - Incineration,94339X0332020A,首页 > 社区、社会和个人服务 > 污水和废弃物收集处置、卫生及其他环境保护服务 > 废弃物处理处置服务 > 其他无害废弃物处理处置服务,,290.68,kgCO2e,5,2020,公吨
生活垃圾末端处理-焚烧（2021年）,Final Disposal of Municipal Solid Waste - Incineration,94339X0342021A,首页 > 社区、社会和个人服务 > 污水和废弃物收集处置、卫生及其他环境保护服务 > 废弃物处理处置服务 > 其他无害废弃物处理处置服务,,286.75,kgCO2e,5,2021,公吨
生活垃圾末端处理-厨余厌氧消化,Final Disposal of Municipal Solid Waste - Anaerobic Digestion of Food Waste,94339X0352021A,首页 > 社区、社会和个人服务 > 污水和废弃物收集处置、卫生及其他环境保护服务 > 废弃物处理处置服务 > 其他无害废弃物处理处置服务,,-5.69,kgCO2e,5,2021,公吨
生活垃圾末端处理-餐厨厌氧消化,Final Disposal of Municipal Solid Waste - Anaerobic Digestion of Food Waste,94339X0362021A,首页 > 社区、社会和个人服务 > 污水和废弃物收集处置、卫生及其他环境保护服务 > 废弃物处理处置服务 > 其他无害废弃物处理处置服务,,-83.19,kgCO2e,5,2021,公吨
生活垃圾末端处理（2010-2016年）,Final Disposal of Municipal Solid Waste (2010-2016),94339X0372016A,首页 > 社区、社会和个人服务 > 污水和废弃物收集处置、卫生及其他环境保护服务 > 废弃物处理处置服务 > 其他无害废弃物处理处置服务,,301.14,kgCO2e,5,2016,公吨
生活垃圾末端处理（2017年）,Final Disposal of Municipal Solid Waste (2017),94339X0382017A,首页 > 社区、社会和个人服务 > 污水和废弃物收集处置、卫生及其他环境保护服务 > 废弃物处理处置服务 > 其他无害废弃物处理处置服务,,324.74,kgCO2e,5,2017,公吨
生活垃圾末端处理（2018-2020年）,Final Disposal of Municipal Solid Waste (2018-2020),94339X0392020A,首页 > 社区、社会和个人服务 > 污水和废弃物收集处置、卫生及其他环境保护服务 > 废弃物处理处置服务 > 其他无害废弃物处理处置服务,,245.49,kgCO2e,5,2020,公吨
生活垃圾末端处理（2021年）,Final Disposal of Municipal Solid Waste (2021),94339X0402021A,首页 > 社区、社会和个人服务 > 污水和废弃物收集处置、卫生及其他环境保护服务 > 废弃物处理处置服务 > 其他无害废弃物处理处置服务,,174.72,kgCO2e,5,2021,公吨
塑料包装废弃物-填埋,plastic packaging waste-landfill in Iceland,94313X0012020A,首页 > 社区、社会和个人服务 > 污水和废弃物收集处置、卫生及其他环境保护服务 > 废弃物处理处置服务 > 可回收无害废弃物处理、压缩和储存服务,,74.8,kgCO2e,4,2020,公吨
废塑料机械回收,waste plastic mechanial recycling,94313X0032016A,首页 > 社区、社会和个人服务 > 污水和废弃物收集处置、卫生及其他环境保护服务 > 废弃物处理处置服务 > 可回收无害废弃物处理、压缩和储存服务,,-451.31,kgCO2e,5,2016,公吨
500 t/d 机械炉排炉垃圾焚烧系统,500 t/d mechanical grate furnace waste incineration system,94333X0022023A,首页 > 社区、社会和个人服务 > 污水和废弃物收集处置、卫生及其他环境保护服务 > 废弃物处理处置服务 > 无害废弃物焚烧,,398.89,kgCO2e,5,2023,吨垃圾
厨余垃圾焚烧-考虑热电联产,food waste incineration with CHP system,94333X0062020A,首页 > 社区、社会和个人服务 > 污水和废弃物收集处置、卫生及其他环境保护服务 > 废弃物处理处置服务 > 无害废弃物焚烧,,-148,kgCO2e,5,2020,公吨
厨余垃圾焚烧,food waste incineration,94333X0072020A,首页 > 社区、社会和个人服务 > 污水和废弃物收集处置、卫生及其他环境保护服务 > 废弃物处理处置服务 > 无害废弃物焚烧,,-1.2,kgCO2e,5,2020,公吨
厨余垃圾焚烧,food waste incineration,94333X0082020A,首页 > 社区、社会和个人服务 > 污水和废弃物收集处置、卫生及其他环境保护服务 > 废弃物处理处置服务 > 无害废弃物焚烧,,-1.2,kgCO2e,5,2020,公吨
生活垃圾焚烧,MSW incineration,94333X0102017A,首页 > 社区、社会和个人服务 > 污水和废弃物收集处置、卫生及其他环境保护服务 > 废弃物处理处置服务 > 无害废弃物焚烧,,-124.3,kgCO2e,5,2017,公吨
市政污泥焚烧,Municipal sludge incineration,94333X0112016A,首页 > 社区、社会和个人服务 > 污水和废弃物收集处置、卫生及其他环境保护服务 > 废弃物处理处置服务 > 无害废弃物焚烧,,128.9,kgCO2e,4,2016,公吨
生活垃圾焚烧,MSW incineration,94333X0012011A,首页 > 社区、社会和个人服务 > 污水和废弃物收集处置、卫生及其他环境保护服务 > 废弃物处理处置服务 > 无害废弃物焚烧,,0.561,kgCO2e,5,2011,kg
生活垃圾焚烧发电,MSW incineration with energy recycling,94333X0022011A,首页 > 社区、社会和个人服务 > 污水和废弃物收集处置、卫生及其他环境保护服务 > 废弃物处理处置服务 > 无害废弃物焚烧,,0.321,kgCO2e,5,2011,kg
生活垃圾焚烧发电,MSW incineration with energy recycling,94333X0032011A,首页 > 社区、社会和个人服务 > 污水和废弃物收集处置、卫生及其他环境保护服务 > 废弃物处理处置服务 > 无害废弃物焚烧,,188.9,kgCO2e,5,2011,公吨
污泥处理 重力浓缩+板框脱水+运输+干化+焚烧+建材利用,Sludge treatment gravity concentration + plate frame dehydration + transportation + drying + incineration + building materials utilization,94311X0022022A,首页 > 社区、社会和个人服务 > 污水和废弃物收集处置、卫生及其他环境保护服务 > 废弃物处理处置服务 > 有害废弃物的收集、处理和处置服务,,431.23,kgCO2e,5,2022,公吨
污泥处理,Sludge treatment,94311X0042022A,首页 > 社区、社会和个人服务 > 污水和废弃物收集处置、卫生及其他环境保护服务 > 废弃物处理处置服务 > 有害废弃物的收集、处理和处置服务,,2985.039781,kgCO2e,4,2022,kg
污泥处理,Alkaline thermal hydrolysis of sludge treatment - Land Use-Wuxi,94311X0052022A,首页 > 社区、社会和个人服务 > 污水和废弃物收集处置、卫生及其他环境保护服务 > 废弃物处理处置服务 > 有害废弃物的收集、处理和处置服务,,1080.64,kgCO2e,4,2022,kg
污泥处理,Sludge Treatment Bioleaching - Aerobic composting - Land Use-Wuxi,94311X0062022A,首页 > 社区、社会和个人服务 > 污水和废弃物收集处置、卫生及其他环境保护服务 > 废弃物处理处置服务 > 有害废弃物的收集、处理和处置服务,,2743.07,kgCO2e,5,2022,kg
医疗废物,Medical waste,94311X0072017A,首页 > 社区、社会和个人服务 > 污水和废弃物收集处置、卫生及其他环境保护服务 > 废弃物处理处置服务 > 有害废弃物的收集、处理和处置服务,,2272.74,kgCO2e,4,2017,公吨
生活垃圾焚烧发电,municipal solid waste incineration,94311X0092011A,首页 > 社区、社会和个人服务 > 污水和废弃物收集处置、卫生及其他环境保护服务 > 废弃物处理处置服务 > 有害废弃物的收集、处理和处置服务,生活垃圾焚烧,189,kgCO2e,4,2011,公吨
医疗废物-与危险废物焚烧协同处置,Medical Waste,94311X0102022A,首页 > 社区、社会和个人服务 > 污水和废弃物收集处置、卫生及其他环境保护服务 > 废弃物处理处置服务 > 有害废弃物的收集、处理和处置服务,危险废物焚烧协同处置医疗废物,1350,kgCO2e,3,2022,公吨
医疗废物-与生活垃圾焚烧协同处置,Medical Waste,94311X0112022A,首页 > 社区、社会和个人服务 > 污水和废弃物收集处置、卫生及其他环境保护服务 > 废弃物处理处置服务 > 有害废弃物的收集、处理和处置服务,生活垃圾焚烧协同处置医疗废物,-224,kgCO2e,3,2022,公吨
生活垃圾,Municipal solid waste incineration,94311X0172005A,首页 > 社区、社会和个人服务 > 污水和废弃物收集处置、卫生及其他环境保护服务 > 废弃物处理处置服务 > 有害废弃物的收集、处理和处置服务,生活垃圾焚烧-直接排放（不考虑能量替代）,159.77,kgCO2e,4,2005,公吨
填埋场渗滤液（新鲜渗滤液贮存池）,Landfill leachate （new system）,94311X0182014A,首页 > 社区、社会和个人服务 > 污水和废弃物收集处置、卫生及其他环境保护服务 > 废弃物处理处置服务 > 有害废弃物的收集、处理和处置服务,,173.2,kgCO2e,4,2014,公吨
填埋场渗滤液（老化渗滤液处理系统）,Landfill leachate （old system）,94311X0192014A,首页 > 社区、社会和个人服务 > 污水和废弃物收集处置、卫生及其他环境保护服务 > 废弃物处理处置服务 > 有害废弃物的收集、处理和处置服务,,39.78,kgCO2e,4,2014,公吨
污泥处理,Sludge treatment - plasma gasification,94311X0012022A,首页 > 社区、社会和个人服务 > 污水和废弃物收集处置、卫生及其他环境保护服务 > 废弃物处理处置服务 > 有害废弃物的收集、处理和处置服务,,950,kgCO2e,5,2022,吉焦
污泥处理过程,Sludge treatment,94311X0232022C,首页 > 社区、社会和个人服务 > 污水和废弃物收集处置、卫生及其他环境保护服务 > 废弃物处理处置服务 > 有害废弃物的收集、处理和处置服务,,99.41,kgCO2e,5,2022,公吨
污泥处理过程,Sludge treatment,94311X0232022C,首页 > 社区、社会和个人服务 > 污水和废弃物收集处置、卫生及其他环境保护服务 > 废弃物处理处置服务 > 有害废弃物的收集、处理和处置服务,,1723.03,kgCO2e,5,2022,公吨
污泥处理过程,Sludge treatment,94311X0222022C,首页 > 社区、社会和个人服务 > 污水和废弃物收集处置、卫生及其他环境保护服务 > 废弃物处理处置服务 > 有害废弃物的收集、处理和处置服务,,550.48,kgCO2e,5,2022,公吨
污泥处理过程,Sludge treatment,94311X0002022C,首页 > 社区、社会和个人服务 > 污水和废弃物收集处置、卫生及其他环境保护服务 > 废弃物处理处置服务 > 有害废弃物的收集、处理和处置服务,,431.23,kgCO2e,5,2022,公吨
塑料回收,plastics recycling,94229X0012019A,首页 > 社区、社会和个人服务 > 污水和废弃物收集处置、卫生及其他环境保护服务 > 废弃物收集服务 > 可回收无害废弃物收集服务（其他）,,0.906,kgCO2e,4,2019,kg
生活垃圾末端处理-可回收物回收（2017年）,Final Disposal of Municipal Solid Waste - Recyclable Materials Recycling,94229X0022017A,首页 > 社区、社会和个人服务 > 污水和废弃物收集处置、卫生及其他环境保护服务 > 废弃物收集服务 > 可回收无害废弃物收集服务（其他）,,-320.61,kgCO2e,5,2017,公吨
生活垃圾末端处理-可回收物回收（2018-2020年）,Final Disposal of Municipal Solid Waste - Recyclable Materials Recycling,94229X0032020A,首页 > 社区、社会和个人服务 > 污水和废弃物收集处置、卫生及其他环境保护服务 > 废弃物收集服务 > 可回收无害废弃物收集服务（其他）,,-328.75,kgCO2e,5,2020,公吨
生活垃圾末端处理-可回收物回收（2021年）,Final Disposal of Municipal Solid Waste - Recyclable Materials Recycling,94229X0042021A,首页 > 社区、社会和个人服务 > 污水和废弃物收集处置、卫生及其他环境保护服务 > 废弃物收集服务 > 可回收无害废弃物收集服务（其他）,,-302.58,kgCO2e,5,2021,公吨
生活垃圾末端处理-低值可回收物分拣回收,Final Disposal of Municipal Solid Waste - Low-Value Recyclables Sorting and Recycling,94229X0052021A,首页 > 社区、社会和个人服务 > 污水和废弃物收集处置、卫生及其他环境保护服务 > 废弃物收集服务 > 可回收无害废弃物收集服务（其他）,,-884.66,kgCO2e,5,2021,公吨
奶牛饲养场污水,dairy livestock wastewater,94110X0022003A,首页 > 社区、社会和个人服务 > 污水和废弃物收集处置、卫生及其他环境保护服务 > 排污、污水处理和化粪池清洁服务 > 排污和污水处理服务,,144.62,kgCO2e,5,2003,头·年
猪饲养场污水,pig livestock wastewater,94110X0032003A,首页 > 社区、社会和个人服务 > 污水和废弃物收集处置、卫生及其他环境保护服务 > 排污、污水处理和化粪池清洁服务 > 排污和污水处理服务,,22.81,kgCO2e,4,2003,头·年
城镇生活污水处理,Domestic sewage treatment,94110X0052011A,首页 > 社区、社会和个人服务 > 污水和废弃物收集处置、卫生及其他环境保护服务 > 排污、污水处理和化粪池清洁服务 > 排污和污水处理服务,,6.99,kgCO2e,5,2011,公吨
水处理,water treatment,94110X0312020A,首页 > 社区、社会和个人服务 > 污水和废弃物收集处置、卫生及其他环境保护服务 > 排污、污水处理和化粪池清洁服务 > 排污和污水处理服务,,0.272,kgCO2e,4,2020,m3
啤酒和麦芽制造行业废水处理,Brewery and malt industry wastewater treatment,94110X0062011A,首页 > 社区、社会和个人服务 > 污水和废弃物收集处置、卫生及其他环境保护服务 > 排污、污水处理和化粪池清洁服务 > 排污和污水处理服务,,14.34,kgCO2e,5,2011,公吨
乙醇提取废水处理,Ethanol extraction wastewater treatment,94110X0072011A,首页 > 社区、社会和个人服务 > 污水和废弃物收集处置、卫生及其他环境保护服务 > 排污、污水处理和化粪池清洁服务 > 排污和污水处理服务,,38.63,kgCO2e,5,2011,公吨
乳制品制作废水处理,Dairy Production Wastewater Treatment,94110X0082011A,首页 > 社区、社会和个人服务 > 污水和废弃物收集处置、卫生及其他环境保护服务 > 排污、污水处理和化粪池清洁服务 > 排污和污水处理服务,,13.36,kgCO2e,5,2011,公吨
咖啡制作废水处理,Coffee making wastewater treatment,94110X0092011A,首页 > 社区、社会和个人服务 > 污水和废弃物收集处置、卫生及其他环境保护服务 > 排污、污水处理和化粪池清洁服务 > 排污和污水处理服务,,44.23,kgCO2e,5,2011,公吨
肉类和家禽加工废水处理,Meat and Poultry Processing Wastewater Treatment,94110X0102011A,首页 > 社区、社会和个人服务 > 污水和废弃物收集处置、卫生及其他环境保护服务 > 排污、污水处理和化粪池清洁服务 > 排污和污水处理服务,,20.22,kgCO2e,5,2011,公吨
鱼品加工废水处理,Fish processing wastewater treatment,94110X0112011A,首页 > 社区、社会和个人服务 > 污水和废弃物收集处置、卫生及其他环境保护服务 > 排污、污水处理和化粪池清洁服务 > 排污和污水处理服务,,12.38,kgCO2e,5,2011,公吨
石油冶炼废水处理,Organic Chemical Synthesis Wastewater Treatment,94110X0122011A,首页 > 社区、社会和个人服务 > 污水和废弃物收集处置、卫生及其他环境保护服务 > 排污、污水处理和化粪池清洁服务 > 排污和污水处理服务,,2.23,kgCO2e,5,2011,公吨
有机化学物质合成废水处理,Organic Chemical Synthesis Wastewater Treatment,94110X0132011A,首页 > 社区、社会和个人服务 > 污水和废弃物收集处置、卫生及其他环境保护服务 > 排污、污水处理和化粪池清洁服务 > 排污和污水处理服务,,10.63,kgCO2e,5,2011,公吨
肥皂和清洁剂生产废水处理,Soap and detergent production wastewater treatment,94110X0142011A,首页 > 社区、社会和个人服务 > 污水和废弃物收集处置、卫生及其他环境保护服务 > 排污、污水处理和化粪池清洁服务 > 排污和污水处理服务,,4.86,kgCO2e,5,2011,公吨
纸浆和造纸行业废水处理,Pulp and paper industryindustry wastewater treatment,94110X0152011A,首页 > 社区、社会和个人服务 > 污水和废弃物收集处置、卫生及其他环境保护服务 > 排污、污水处理和化粪池清洁服务 > 排污和污水处理服务,,31.63,kgCO2e,5,2011,公吨
塑料和树脂行业废水处理,Plastic and resin industry wastewater treatment,94110X0162011A,首页 > 社区、社会和个人服务 > 污水和废弃物收集处置、卫生及其他环境保护服务 > 排污、污水处理和化粪池清洁服务 > 排污和污水处理服务,,7.9,kgCO2e,5,2011,公吨
制糖废水处理,Sugar Production Wastewater Treatment,94110X0172011A,首页 > 社区、社会和个人服务 > 污水和废弃物收集处置、卫生及其他环境保护服务 > 排污、污水处理和化粪池清洁服务 > 排污和污水处理服务,,15.81,kgCO2e,5,2011,公吨
淀粉生产废水处理,Starch Production Wastewater Treatment,94110X0182011A,首页 > 社区、社会和个人服务 > 污水和废弃物收集处置、卫生及其他环境保护服务 > 排污、污水处理和化粪池清洁服务 > 排污和污水处理服务,,49.13,kgCO2e,5,2011,公吨
蔬菜、水果和果汁生产废水处理,"Vegetable, fruit and juice production wastewater treatment",94110X0192011A,首页 > 社区、社会和个人服务 > 污水和废弃物收集处置、卫生及其他环境保护服务 > 排污、污水处理和化粪池清洁服务 > 排污和污水处理服务,,9.2,kgCO2e,5,2011,公吨
植物油生产废水处理,Vegetable oil production wastewater treatment,94110X0202011A,首页 > 社区、社会和个人服务 > 污水和废弃物收集处置、卫生及其他环境保护服务 > 排污、污水处理和化粪池清洁服务 > 排污和污水处理服务,,29.53,kgCO2e,5,2011,公吨
酒和醋生产废水处理,Wine and vinegar production wastewater,94110X0222011A,首页 > 社区、社会和个人服务 > 污水和废弃物收集处置、卫生及其他环境保护服务 > 排污、污水处理和化粪池清洁服务 > 排污和污水处理服务,,7.48,kgCO2e,5,2011,公吨
污水处理-缺氧/好氧工艺法,Anoxic/Oxic (A/O),94110X0322016A,首页 > 社区、社会和个人服务 > 污水和废弃物收集处置、卫生及其他环境保护服务 > 排污、污水处理和化粪池清洁服务 > 排污和污水处理服务,,404.93,gCO2e,4,2016,公吨
污水处理-序列间歇式活性污泥工艺,Sequencing Batch Reactor（SBR）,94110X0332016A,首页 > 社区、社会和个人服务 > 污水和废弃物收集处置、卫生及其他环境保护服务 > 排污、污水处理和化粪池清洁服务 > 排污和污水处理服务,,864.98,gCO2e,4,2016,公吨
污水处理-厌氧/缺氧/好氧法（倒置AAO）,Anaerobic-Anoxic-Oxic,94110X0342022A,首页 > 社区、社会和个人服务 > 污水和废弃物收集处置、卫生及其他环境保护服务 > 排污、污水处理和化粪池清洁服务 > 排污和污水处理服务,,1.102,kgCO2e,3,2022,公吨
污水处理工艺-AB法,Adsorption Biodegradation,94110X0312009A,首页 > 社区、社会和个人服务 > 污水和废弃物收集处置、卫生及其他环境保护服务 > 排污、污水处理和化粪池清洁服务 > 排污和污水处理服务,,0.49,kgCO2e,5,2009,公吨
市政污水处理-人工湿地法,Constructed Wetland,94110X0322009A,首页 > 社区、社会和个人服务 > 污水和废弃物收集处置、卫生及其他环境保护服务 > 排污、污水处理和化粪池清洁服务 > 排污和污水处理服务,,0.58,kgCO2e,5,2009,公吨
市政污水处理-传统活性污泥法厌氧缺氧好氧三段工艺,Anaerobic-Anoxic-Oxic,94110X0332009A,首页 > 社区、社会和个人服务 > 污水和废弃物收集处置、卫生及其他环境保护服务 > 排污、污水处理和化粪池清洁服务 > 排污和污水处理服务,,0.9,kgCO2e,5,2009,公吨
厌氧/好氧污水处理工艺,Anoxic-Oxic,94110X0342009A,首页 > 社区、社会和个人服务 > 污水和废弃物收集处置、卫生及其他环境保护服务 > 排污、污水处理和化粪池清洁服务 > 排污和污水处理服务,,0.84,kgCO2e,5,2009,公吨
市政污水处理-序列活性污泥法,Sequencing Batch Reactor,94110X0352009A,首页 > 社区、社会和个人服务 > 污水和废弃物收集处置、卫生及其他环境保护服务 > 排污、污水处理和化粪池清洁服务 > 排污和污水处理服务,,0.6,kgCO2e,5,2009,公吨
氧化沟活性污泥法污水处理工艺,Orbal oxidation ditch,94110X0362009A,首页 > 社区、社会和个人服务 > 污水和废弃物收集处置、卫生及其他环境保护服务 > 排污、污水处理和化粪池清洁服务 > 排污和污水处理服务,,0.57,kgCO2e,5,2009,公吨
市政污水处理生物膜工艺,Biofilm Process,94110X0372009A,首页 > 社区、社会和个人服务 > 污水和废弃物收集处置、卫生及其他环境保护服务 > 排污、污水处理和化粪池清洁服务 > 排污和污水处理服务,,0.6,kgCO2e,5,2009,公吨
市政污水直接排放未处理,Direct discharged,94110X0382011A,首页 > 社区、社会和个人服务 > 污水和废弃物收集处置、卫生及其他环境保护服务 > 排污、污水处理和化粪池清洁服务 > 排污和污水处理服务,,0.7,kgCO2e,4,2011,公吨
城镇污水处理（平均）,Urban sewage treatment (Average),94110X0432022A,首页 > 社区、社会和个人服务 > 污水和废弃物收集处置、卫生及其他环境保护服务 > 排污、污水处理和化粪池清洁服务 > 排污和污水处理服务,,0.000432,kgCO2e,3,2022,kg
成都市污水及再生水,Chengdu sewage and recycled water,94110X0442019C,首页 > 社区、社会和个人服务 > 污水和废弃物收集处置、卫生及其他环境保护服务 > 排污、污水处理和化粪池清洁服务 > 排污和污水处理服务,,0.52,kgCO2e,5,2019,公吨
成都市雨水系统,Chengdu Rainwater System,94110X0452019C,首页 > 社区、社会和个人服务 > 污水和废弃物收集处置、卫生及其他环境保护服务 > 排污、污水处理和化粪池清洁服务 > 排污和污水处理服务,,0.004,kgCO2e,5,2019,公吨
酒店住宿,Hotel Accommodation,63111X0012021A,首页 > 经销行业服务；住宿；食品和饮料服务；运输服务；及公用事业分配服务 > 住宿；食品和饮料服务 > 住宿服务 > 有每日清扫服务的面向游客的住宿服务,,51.5,kgCO2e,3,2021,房·晚
酒店住宿,Hotel Accommodation,63111X0492021A,首页 > 经销行业服务；住宿；食品和饮料服务；运输服务；及公用事业分配服务 > 住宿；食品和饮料服务 > 住宿服务 > 有每日清扫服务的面向游客的住宿服务,,75.6,kgCO2e,3,2021,房·晚
酒店住宿,Hotel Accommodation,63111X0502021A,首页 > 经销行业服务；住宿；食品和饮料服务；运输服务；及公用事业分配服务 > 住宿；食品和饮料服务 > 住宿服务 > 有每日清扫服务的面向游客的住宿服务,,53.5,kgCO2e,3,2021,房·晚
酒店住宿,Hotel Accommodation,63111X0512021A,首页 > 经销行业服务；住宿；食品和饮料服务；运输服务；及公用事业分配服务 > 住宿；食品和饮料服务 > 住宿服务 > 有每日清扫服务的面向游客的住宿服务,,7.4,kgCO2e,3,2021,房·晚
酒店住宿,Hotel Accommodation,63111X0522021A,首页 > 经销行业服务；住宿；食品和饮料服务；运输服务；及公用事业分配服务 > 住宿；食品和饮料服务 > 住宿服务 > 有每日清扫服务的面向游客的住宿服务,,27.6,kgCO2e,3,2021,房·晚
酒店住宿,Hotel Accommodation,63111X0532021A,首页 > 经销行业服务；住宿；食品和饮料服务；运输服务；及公用事业分配服务 > 住宿；食品和饮料服务 > 住宿服务 > 有每日清扫服务的面向游客的住宿服务,,54,kgCO2e,3,2021,房·晚
酒店住宿,Hotel Accommodation,63111X0542021A,首页 > 经销行业服务；住宿；食品和饮料服务；运输服务；及公用事业分配服务 > 住宿；食品和饮料服务 > 住宿服务 > 有每日清扫服务的面向游客的住宿服务,,43,kgCO2e,3,2021,房·晚
酒店住宿,Hotel Accommodation,63111X0552021A,首页 > 经销行业服务；住宿；食品和饮料服务；运输服务；及公用事业分配服务 > 住宿；食品和饮料服务 > 住宿服务 > 有每日清扫服务的面向游客的住宿服务,,68.9,kgCO2e,3,2021,房·晚
酒店住宿,Hotel Accommodation,63111X0562021A,首页 > 经销行业服务；住宿；食品和饮料服务；运输服务；及公用事业分配服务 > 住宿；食品和饮料服务 > 住宿服务 > 有每日清扫服务的面向游客的住宿服务,,62.7,kgCO2e,3,2021,房·晚
酒店住宿,Hotel Accommodation,63111X0572021A,首页 > 经销行业服务；住宿；食品和饮料服务；运输服务；及公用事业分配服务 > 住宿；食品和饮料服务 > 住宿服务 > 有每日清扫服务的面向游客的住宿服务,,58.9,kgCO2e,3,2021,房·晚
酒店住宿,Hotel Accommodation,63111X0582021A,首页 > 经销行业服务；住宿；食品和饮料服务；运输服务；及公用事业分配服务 > 住宿；食品和饮料服务 > 住宿服务 > 有每日清扫服务的面向游客的住宿服务,,14.3,kgCO2e,3,2021,房·晚
酒店住宿,Hotel Accommodation,63111X0592021A,首页 > 经销行业服务；住宿；食品和饮料服务；运输服务；及公用事业分配服务 > 住宿；食品和饮料服务 > 住宿服务 > 有每日清扫服务的面向游客的住宿服务,,36.2,kgCO2e,3,2021,房·晚
酒店住宿,Hotel Accommodation,63111X0602021A,首页 > 经销行业服务；住宿；食品和饮料服务；运输服务；及公用事业分配服务 > 住宿；食品和饮料服务 > 住宿服务 > 有每日清扫服务的面向游客的住宿服务,,39,kgCO2e,3,2021,房·晚
酒店住宿,Hotel Accommodation,63111X0612021A,首页 > 经销行业服务；住宿；食品和饮料服务；运输服务；及公用事业分配服务 > 住宿；食品和饮料服务 > 住宿服务 > 有每日清扫服务的面向游客的住宿服务,,19.3,kgCO2e,3,2021,房·晚
酒店住宿,Hotel Accommodation,63111X0622021A,首页 > 经销行业服务；住宿；食品和饮料服务；运输服务；及公用事业分配服务 > 住宿；食品和饮料服务 > 住宿服务 > 有每日清扫服务的面向游客的住宿服务,,61.5,kgCO2e,3,2021,房·晚
酒店住宿,Hotel Accommodation,63111X0632021A,首页 > 经销行业服务；住宿；食品和饮料服务；运输服务；及公用事业分配服务 > 住宿；食品和饮料服务 > 住宿服务 > 有每日清扫服务的面向游客的住宿服务,,152.2,kgCO2e,3,2021,房·晚
酒店住宿,Hotel Accommodation,63111X0642021A,首页 > 经销行业服务；住宿；食品和饮料服务；运输服务；及公用事业分配服务 > 住宿；食品和饮料服务 > 住宿服务 > 有每日清扫服务的面向游客的住宿服务,,55.8,kgCO2e,3,2021,房·晚
酒店住宿,Hotel Accommodation,63111X0652021A,首页 > 经销行业服务；住宿；食品和饮料服务；运输服务；及公用事业分配服务 > 住宿；食品和饮料服务 > 住宿服务 > 有每日清扫服务的面向游客的住宿服务,,4.7,kgCO2e,3,2021,房·晚
酒店住宿,Hotel Accommodation,63111X0662021A,首页 > 经销行业服务；住宿；食品和饮料服务；运输服务；及公用事业分配服务 > 住宿；食品和饮料服务 > 住宿服务 > 有每日清扫服务的面向游客的住宿服务,,47.8,kgCO2e,3,2021,房·晚
酒店住宿,Hotel Accommodation,63111X0672021A,首页 > 经销行业服务；住宿；食品和饮料服务；运输服务；及公用事业分配服务 > 住宿；食品和饮料服务 > 住宿服务 > 有每日清扫服务的面向游客的住宿服务,,25,kgCO2e,3,2021,房·晚
酒店住宿,Hotel Accommodation,63111X0682021A,首页 > 经销行业服务；住宿；食品和饮料服务；运输服务；及公用事业分配服务 > 住宿；食品和饮料服务 > 住宿服务 > 有每日清扫服务的面向游客的住宿服务,,8.7,kgCO2e,3,2021,房·晚
酒店住宿,Hotel Accommodation,63111X0692021A,首页 > 经销行业服务；住宿；食品和饮料服务；运输服务；及公用事业分配服务 > 住宿；食品和饮料服务 > 住宿服务 > 有每日清扫服务的面向游客的住宿服务,,44.2,kgCO2e,3,2021,房·晚
酒店住宿,Hotel Accommodation,63111X0702021A,首页 > 经销行业服务；住宿；食品和饮料服务；运输服务；及公用事业分配服务 > 住宿；食品和饮料服务 > 住宿服务 > 有每日清扫服务的面向游客的住宿服务,,13.2,kgCO2e,3,2021,房·晚
酒店住宿,Hotel Accommodation,63111X0712021A,首页 > 经销行业服务；住宿；食品和饮料服务；运输服务；及公用事业分配服务 > 住宿；食品和饮料服务 > 住宿服务 > 有每日清扫服务的面向游客的住宿服务,,6.7,kgCO2e,3,2021,房·晚
酒店住宿,Hotel Accommodation（Colombia）,63111X0722021A,首页 > 经销行业服务；住宿；食品和饮料服务；运输服务；及公用事业分配服务 > 住宿；食品和饮料服务 > 住宿服务 > 有每日清扫服务的面向游客的住宿服务,,14.7,kgCO2e,3,2021,房·晚
酒店住宿（荷兰）,(Hotel Accommodation（Netherlands）),63111X0012022A,首页 > 经销行业服务；住宿；食品和饮料服务；运输服务；及公用事业分配服务 > 住宿；食品和饮料服务 > 住宿服务 > 有每日清扫服务的面向游客的住宿服务,,14.8,kgCO2e,4,2022,房·晚
酒店住宿（菲律宾）,Hotel Accommodation (Philippines),63111X0302022A,首页 > 经销行业服务；住宿；食品和饮料服务；运输服务；及公用事业分配服务 > 住宿；食品和饮料服务 > 住宿服务 > 有每日清扫服务的面向游客的住宿服务,,54.3,kgCO2e,4,2022,房·晚
酒店住宿（葡萄牙）,Hotel Accommodation (Portugal),63111X0312022A,首页 > 经销行业服务；住宿；食品和饮料服务；运输服务；及公用事业分配服务 > 住宿；食品和饮料服务 > 住宿服务 > 有每日清扫服务的面向游客的住宿服务,,19,kgCO2e,4,2022,房·晚
酒店住宿（卡塔尔）,Hotel Accommodation (Qatar),63111X0322022A,首页 > 经销行业服务；住宿；食品和饮料服务；运输服务；及公用事业分配服务 > 住宿；食品和饮料服务 > 住宿服务 > 有每日清扫服务的面向游客的住宿服务,,86.2,kgCO2e,4,2022,房·晚
酒店住宿 （俄罗斯联邦）,Hotel Acommodation (Ruassian Federation),63111X0332022A,首页 > 经销行业服务；住宿；食品和饮料服务；运输服务；及公用事业分配服务 > 住宿；食品和饮料服务 > 住宿服务 > 有每日清扫服务的面向游客的住宿服务,,24.2,kgCO2e,4,2022,房·晚
酒店住宿（沙特阿拉伯）,(Hotel Accommodation（Saudi Arabia),63111X0342022A,首页 > 经销行业服务；住宿；食品和饮料服务；运输服务；及公用事业分配服务 > 住宿；食品和饮料服务 > 住宿服务 > 有每日清扫服务的面向游客的住宿服务,,106.4,kgCO2e,4,2022,房·晚
酒店住宿（新加坡）,Hotel Accommodation（Singapore）,63111X0352022A,首页 > 经销行业服务；住宿；食品和饮料服务；运输服务；及公用事业分配服务 > 住宿；食品和饮料服务 > 住宿服务 > 有每日清扫服务的面向游客的住宿服务,,24.5,kgCO2e,4,2022,房·晚
酒店住宿（南非）,Hotel Accommodation（South Africa）,63111X0372022A,首页 > 经销行业服务；住宿；食品和饮料服务；运输服务；及公用事业分配服务 > 住宿；食品和饮料服务 > 住宿服务 > 有每日清扫服务的面向游客的住宿服务,,51.4,kgCO2e,4,2022,房·晚
酒店住宿（西班牙）,Hotel Accommodation（Spain）,63111X0382022A,首页 > 经销行业服务；住宿；食品和饮料服务；运输服务；及公用事业分配服务 > 住宿；食品和饮料服务 > 住宿服务 > 有每日清扫服务的面向游客的住宿服务,,7,kgCO2e,4,2022,房·晚
酒店住宿（瑞士）,Hotel Accommodation（Switzerland）,63111X0392022A,首页 > 经销行业服务；住宿；食品和饮料服务；运输服务；及公用事业分配服务 > 住宿；食品和饮料服务 > 住宿服务 > 有每日清扫服务的面向游客的住宿服务,,6.6,kgCO2e,4,2022,房·晚
酒店住宿（泰国）,Hotel Accommodation（Thailand）,63111X0412022A,首页 > 经销行业服务；住宿；食品和饮料服务；运输服务；及公用事业分配服务 > 住宿；食品和饮料服务 > 住宿服务 > 有每日清扫服务的面向游客的住宿服务,,43.4,kgCO2e,4,2022,房·晚
酒店住宿（土耳其）,Hotel Accommodation（Turkey）,63111X0422022A,首页 > 经销行业服务；住宿；食品和饮料服务；运输服务；及公用事业分配服务 > 住宿；食品和饮料服务 > 住宿服务 > 有每日清扫服务的面向游客的住宿服务,,32.1,kgCO2e,4,2022,房·晚
酒店住宿（阿拉伯联合酋长国）,Hotel Accommodation（United Arab Emirates）,63111X0432022A,首页 > 经销行业服务；住宿；食品和饮料服务；运输服务；及公用事业分配服务 > 住宿；食品和饮料服务 > 住宿服务 > 有每日清扫服务的面向游客的住宿服务,,63.8,kgCO2e,4,2022,房·晚
酒店住宿（美国）,Hotel Accommodation（United States）,63111X0442022A,首页 > 经销行业服务；住宿；食品和饮料服务；运输服务；及公用事业分配服务 > 住宿；食品和饮料服务 > 住宿服务 > 有每日清扫服务的面向游客的住宿服务,,16.1,kgCO2e,4,2022,房·晚
酒店住宿（越南）,Hotel Accommodation（Vietnam）,63111X0462022A,首页 > 经销行业服务；住宿；食品和饮料服务；运输服务；及公用事业分配服务 > 住宿；食品和饮料服务 > 住宿服务 > 有每日清扫服务的面向游客的住宿服务,,38.5,kgCO2e,4,2022,房·晚
酒店住宿（新西兰）,Hotel Accommodation（New Zealand）,63111X0472021A,首页 > 经销行业服务；住宿；食品和饮料服务；运输服务；及公用事业分配服务 > 住宿；食品和饮料服务 > 住宿服务 > 有每日清扫服务的面向游客的住宿服务,,10.4,kgCO2e,4,2021,房·晚
酒店住宿（巴拿马）,Hotel Accommodation（Panama）,63111X0482021A,首页 > 经销行业服务；住宿；食品和饮料服务；运输服务；及公用事业分配服务 > 住宿；食品和饮料服务 > 住宿服务 > 有每日清扫服务的面向游客的住宿服务,,22.1,kgCO2e,4,2021,房·晚
酒店住宿（昆明）,Hotel Accommodation（Kunming）,63111X0012009A,首页 > 经销行业服务；住宿；食品和饮料服务；运输服务；及公用事业分配服务 > 住宿；食品和饮料服务 > 住宿服务 > 有每日清扫服务的面向游客的住宿服务,,25.29,kgCO2e,4,2009,房·晚
酒店住宿（英国）,Hotel Accommodation（UK）,63111X0022021A,首页 > 经销行业服务；住宿；食品和饮料服务；运输服务；及公用事业分配服务 > 住宿；食品和饮料服务 > 住宿服务 > 有每日清扫服务的面向游客的住宿服务,,13.9,kgCO2e,4,2021,房·晚
酒店住宿（英国伦敦）,Hotel Accommodation（UK London）,63111X0032021A,首页 > 经销行业服务；住宿；食品和饮料服务；运输服务；及公用事业分配服务 > 住宿；食品和饮料服务 > 住宿服务 > 有每日清扫服务的面向游客的住宿服务,,13.8,kgCO2e,4,2021,房·晚
酒店住宿（阿根廷）,Hotel Accommodation（Argentina ）,63111X0042021A,首页 > 经销行业服务；住宿；食品和饮料服务；运输服务；及公用事业分配服务 > 住宿；食品和饮料服务 > 住宿服务 > 有每日清扫服务的面向游客的住宿服务,,56,kgCO2e,4,2021,房·晚
酒店住宿（澳大利亚）,Hotel Accommodation（Australia）,63111X0052021A,首页 > 经销行业服务；住宿；食品和饮料服务；运输服务；及公用事业分配服务 > 住宿；食品和饮料服务 > 住宿服务 > 有每日清扫服务的面向游客的住宿服务,,42.6,kgCO2e,4,2021,房·晚
酒店住宿（奥地利）,Hotel Accommodation（Austria,63111X0062021A,首页 > 经销行业服务；住宿；食品和饮料服务；运输服务；及公用事业分配服务 > 住宿；食品和饮料服务 > 住宿服务 > 有每日清扫服务的面向游客的住宿服务,,13.9,kgCO2e,4,2021,房·晚
酒店住宿（比利时）,Hotel Accommodation（Belgium）,63111X0072021A,首页 > 经销行业服务；住宿；食品和饮料服务；运输服务；及公用事业分配服务 > 住宿；食品和饮料服务 > 住宿服务 > 有每日清扫服务的面向游客的住宿服务,,10.9,kgCO2e,4,2021,房·晚
酒店住宿（荷兰）,Hotel Accommodation（Netherlands）,63111X0082021A,首页 > 经销行业服务；住宿；食品和饮料服务；运输服务；及公用事业分配服务 > 住宿；食品和饮料服务 > 住宿服务 > 有每日清扫服务的面向游客的住宿服务,,20.9,kgCO2e,4,2021,房·晚
酒店住宿（新西兰）,Hotel Accommodation（New Zealand）,63111X0092021A,首页 > 经销行业服务；住宿；食品和饮料服务；运输服务；及公用事业分配服务 > 住宿；食品和饮料服务 > 住宿服务 > 有每日清扫服务的面向游客的住宿服务,,10.4,kgCO2e,4,2021,房·晚
酒店住宿（巴拿马）,Hotel Accommodation（Panama）,63111X0102021A,首页 > 经销行业服务；住宿；食品和饮料服务；运输服务；及公用事业分配服务 > 住宿；食品和饮料服务 > 住宿服务 > 有每日清扫服务的面向游客的住宿服务,,22.1,kgCO2e,4,2021,房·晚
酒店住宿（秘鲁）,Hotel Accommodation（Peru）,63111X0112021A,首页 > 经销行业服务；住宿；食品和饮料服务；运输服务；及公用事业分配服务 > 住宿；食品和饮料服务 > 住宿服务 > 有每日清扫服务的面向游客的住宿服务,,22.5,kgCO2e,4,2021,房·晚
酒店住宿（菲律宾）,Hotel Accommodation（Philippines）,63111X0122021A,首页 > 经销行业服务；住宿；食品和饮料服务；运输服务；及公用事业分配服务 > 住宿；食品和饮料服务 > 住宿服务 > 有每日清扫服务的面向游客的住宿服务,,44.2,kgCO2e,4,2021,房·晚
酒店住宿（波兰）,Hotel Accommodation（Poland）,63111X0132021A,首页 > 经销行业服务；住宿；食品和饮料服务；运输服务；及公用事业分配服务 > 住宿；食品和饮料服务 > 住宿服务 > 有每日清扫服务的面向游客的住宿服务,,33.2,kgCO2e,4,2021,房·晚
酒店住宿（葡萄牙）,Hotel Accommodation（Portugal）,63111X0142021A,首页 > 经销行业服务；住宿；食品和饮料服务；运输服务；及公用事业分配服务 > 住宿；食品和饮料服务 > 住宿服务 > 有每日清扫服务的面向游客的住宿服务,,26,kgCO2e,4,2021,房·晚
酒店住宿（卡塔尔）,Hotel Accommodation（Qatar）,63111X0152021A,首页 > 经销行业服务；住宿；食品和饮料服务；运输服务；及公用事业分配服务 > 住宿；食品和饮料服务 > 住宿服务 > 有每日清扫服务的面向游客的住宿服务,,126.8,kgCO2e,4,2021,房·晚
酒店住宿（罗马尼亚）,Hotel Accommodation（Romania）,63111X0162021A,首页 > 经销行业服务；住宿；食品和饮料服务；运输服务；及公用事业分配服务 > 住宿；食品和饮料服务 > 住宿服务 > 有每日清扫服务的面向游客的住宿服务,,25.5,kgCO2e,4,2021,房·晚
酒店住宿（俄罗斯联邦）,Hotel Accommodation（Russian Federation）,63111X0172021A,首页 > 经销行业服务；住宿；食品和饮料服务；运输服务；及公用事业分配服务 > 住宿；食品和饮料服务 > 住宿服务 > 有每日清扫服务的面向游客的住宿服务,,31.8,kgCO2e,4,2021,房·晚
酒店住宿（沙特阿拉伯）,(Hotel Accommodation（Saudi Arabia）,63111X0182021A,首页 > 经销行业服务；住宿；食品和饮料服务；运输服务；及公用事业分配服务 > 住宿；食品和饮料服务 > 住宿服务 > 有每日清扫服务的面向游客的住宿服务,,114.5,kgCO2e,4,2021,房·晚
酒店住宿（新加坡）,Hotel Accommodation（Singapore）,63111X0192021A,首页 > 经销行业服务；住宿；食品和饮料服务；运输服务；及公用事业分配服务 > 住宿；食品和饮料服务 > 住宿服务 > 有每日清扫服务的面向游客的住宿服务,,37.8,kgCO2e,4,2021,房·晚
酒店住宿（斯洛伐克共和国）,Hotel Accommodation（Slovak Republic）,63111X0202021A,首页 > 经销行业服务；住宿；食品和饮料服务；运输服务；及公用事业分配服务 > 住宿；食品和饮料服务 > 住宿服务 > 有每日清扫服务的面向游客的住宿服务,,19.1,kgCO2e,4,2021,房·晚
酒店住宿（南非）,Hotel Accommodation（South Africa）,63111X0212021A,首页 > 经销行业服务；住宿；食品和饮料服务；运输服务；及公用事业分配服务 > 住宿；食品和饮料服务 > 住宿服务 > 有每日清扫服务的面向游客的住宿服务,,61,kgCO2e,4,2021,房·晚
酒店住宿（西班牙）,Hotel Accommodation（Spain）,63111X0222021A,首页 > 经销行业服务；住宿；食品和饮料服务；运输服务；及公用事业分配服务 > 住宿；食品和饮料服务 > 住宿服务 > 有每日清扫服务的面向游客的住宿服务,,18.7,kgCO2e,4,2021,房·晚
酒店住宿（瑞士）,Hotel Accommodation（Switzerland）,63111X0232021A,首页 > 经销行业服务；住宿；食品和饮料服务；运输服务；及公用事业分配服务 > 住宿；食品和饮料服务 > 住宿服务 > 有每日清扫服务的面向游客的住宿服务,,7.4,kgCO2e,4,2021,房·晚
酒店住宿（中国台湾）,"Hotel Accommodation（Taiwan, China）",63111X0242021A,首页 > 经销行业服务；住宿；食品和饮料服务；运输服务；及公用事业分配服务 > 住宿；食品和饮料服务 > 住宿服务 > 有每日清扫服务的面向游客的住宿服务,,77.3,kgCO2e,4,2021,房·晚
酒店住宿（泰国）,Hotel Accommodation（Thailand）,63111X0252021A,首页 > 经销行业服务；住宿；食品和饮料服务；运输服务；及公用事业分配服务 > 住宿；食品和饮料服务 > 住宿服务 > 有每日清扫服务的面向游客的住宿服务,,51,kgCO2e,4,2021,房·晚
酒店住宿（土耳其）,Hotel Accommodation（Turkey）,63111X0262021A,首页 > 经销行业服务；住宿；食品和饮料服务；运输服务；及公用事业分配服务 > 住宿；食品和饮料服务 > 住宿服务 > 有每日清扫服务的面向游客的住宿服务,,33.6,kgCO2e,4,2021,房·晚
酒店住宿（阿拉伯联合酋长国）,Hotel Accommodation（United Arab Emirates）,63111X0272021A,首页 > 经销行业服务；住宿；食品和饮料服务；运输服务；及公用事业分配服务 > 住宿；食品和饮料服务 > 住宿服务 > 有每日清扫服务的面向游客的住宿服务,,114.4,kgCO2e,4,2021,房·晚
酒店住宿（美国）,Hotel Accommodation（United States）,63111X0282021A,首页 > 经销行业服务；住宿；食品和饮料服务；运输服务；及公用事业分配服务 > 住宿；食品和饮料服务 > 住宿服务 > 有每日清扫服务的面向游客的住宿服务,,19.7,kgCO2e,4,2021,房·晚
酒店住宿（越南）,Hotel Accommodation（Vietnam）,63111X0292021A,首页 > 经销行业服务；住宿；食品和饮料服务；运输服务；及公用事业分配服务 > 住宿；食品和饮料服务 > 住宿服务 > 有每日清扫服务的面向游客的住宿服务,,51.8,kgCO2e,4,2021,房·晚
国内住宿差旅-基于消费数量核算,Business travel-Hotel Stays-activity-based,63290X0012024C,首页 > 经销行业服务；住宿；食品和饮料服务；运输服务；及公用事业分配服务 > 住宿；食品和饮料服务 > 其他住宿服务 > 其他未另列明的住宿服务,,66.52,kgCO2e,5,2024,晚
国内住宿差旅-基于支出金额核算,Business travel-Hotel Stays-Based on amount spent,63290X0022024C,首页 > 经销行业服务；住宿；食品和饮料服务；运输服务；及公用事业分配服务 > 住宿；食品和饮料服务 > 其他住宿服务 > 其他未另列明的住宿服务,,2.036,tCO2e,5,2024,万元人民币
排骨套餐（打包餐食）,Spareribs Takeaway meal (Box included),63399X0012019A,首页 > 经销行业服务；住宿；食品和饮料服务；运输服务；及公用事业分配服务 > 住宿；食品和饮料服务 > 食品供应服务 > 其他食品供应服务,,2.0286,kgCO2e,5,2019,份
果蔬冷链,fruit and vegetable cold chain,63399X0022018A,首页 > 经销行业服务；住宿；食品和饮料服务；运输服务；及公用事业分配服务 > 住宿；食品和饮料服务 > 食品供应服务 > 其他食品供应服务,,41.303,kgCO2e,5,2018,公吨
食物浪费-大学食堂,food waste - college canteens,63399X0032022A,首页 > 经销行业服务；住宿；食品和饮料服务；运输服务；及公用事业分配服务 > 住宿；食品和饮料服务 > 食品供应服务 > 其他食品供应服务,,95,gCO2e,4,2022,人餐
自助餐饮食,Buffet,63399X0042021A,首页 > 经销行业服务；住宿；食品和饮料服务；运输服务；及公用事业分配服务 > 住宿；食品和饮料服务 > 食品供应服务 > 其他食品供应服务,,45407,kgCO2e,5,2021,间餐厅每月
固体氧化物燃料电池电动汽车,Solid Oxide Fuel Cell Electric Vehicle,67440X0012022A,首页 > 经销行业服务；住宿；食品和饮料服务；运输服务；及公用事业分配服务 > 支助性运输服务 > 公路运输支助性服务 > 商业和私家车拖车服务,,40,gCO2e,4,2022,千米
农用拖拉机,horsepower tractor,67990X0012003A,首页 > 经销行业服务；住宿；食品和饮料服务；运输服务；及公用事业分配服务 > 支助性运输服务 > 和其他支助性运输服务 > 其他未另列明的支助性运输服务,80马力农用拖拉机,0.57,kgCO2e,4,2003,千米
大型摩托车,Motorbike,64117X0012021A,首页 > 经销行业服务；住宿；食品和饮料服务；运输服务；及公用事业分配服务 > 旅客运输服务 > 市内客运和移动观光服务 > 人力或畜力车辆公路客运服务,,0.32616,kgCO2e,4,2021,千米
轻轨,Light rail,64119X0012021A,首页 > 经销行业服务；住宿；食品和饮料服务；运输服务；及公用事业分配服务 > 旅客运输服务 > 市内客运和移动观光服务 > 其他未另列明的陆路客运服务,,0.02861,kgCO2e,4,2021,人·千米
骑自行车,Cycling,64119X0022020A,首页 > 经销行业服务；住宿；食品和饮料服务；运输服务；及公用事业分配服务 > 旅客运输服务 > 市内客运和移动观光服务 > 其他未另列明的陆路客运服务,,0.07,kgCO2e,4,2020,千米
小型柴油客车,Small diesel car,64119X0032021A,首页 > 经销行业服务；住宿；食品和饮料服务；运输服务；及公用事业分配服务 > 旅客运输服务 > 市内客运和移动观光服务 > 其他未另列明的陆路客运服务,,0.137584,kgCO2e,4,2021,千米
小型汽油客车,Small petrol car,64119X0042021A,首页 > 经销行业服务；住宿；食品和饮料服务；运输服务；及公用事业分配服务 > 旅客运输服务 > 市内客运和移动观光服务 > 其他未另列明的陆路客运服务,,0.14946,kgCO2e,4,2021,千米
小型插电式混合动力汽车,Small plug-in hybrid electric car,64119X0052021A,首页 > 经销行业服务；住宿；食品和饮料服务；运输服务；及公用事业分配服务 > 旅客运输服务 > 市内客运和移动观光服务 > 其他未另列明的陆路客运服务,,0.05568,kgCO2e,4,2021,千米
小型电动汽车,Small battery electric car,64119X0062021A,首页 > 经销行业服务；住宿；食品和饮料服务；运输服务；及公用事业分配服务 > 旅客运输服务 > 市内客运和移动观光服务 > 其他未另列明的陆路客运服务,,0.04195,kgCO2e,4,2021,千米
中型柴油客车,Medium diesel car,64119X0072021A,首页 > 经销行业服务；住宿；食品和饮料服务；运输服务；及公用事业分配服务 > 旅客运输服务 > 市内客运和移动观光服务 > 其他未另列明的陆路客运服务,,0.16496,kgCO2e,4,2021,千米
中型汽油客车,Medium petrol car,64119X0092021A,首页 > 经销行业服务；住宿；食品和饮料服务；运输服务；及公用事业分配服务 > 旅客运输服务 > 市内客运和移动观光服务 > 其他未另列明的陆路客运服务,,0.18785,kgCO2e,4,2021,千米
中型插电式混合动力汽车,Medium plug-in hybrid electric car,64119X0102021A,首页 > 经销行业服务；住宿；食品和饮料服务；运输服务；及公用事业分配服务 > 旅客运输服务 > 市内客运和移动观光服务 > 其他未另列明的陆路客运服务,,0.01977,kgCO2e,4,2021,千米
中型电动汽车,Medium battery electric car,64119X0112021A,首页 > 经销行业服务；住宿；食品和饮料服务；运输服务；及公用事业分配服务 > 旅客运输服务 > 市内客运和移动观光服务 > 其他未另列明的陆路客运服务,,0.04826,kgCO2e,4,2021,千米
客运（摩托车）,Passenger transport（motorcycle）,64119X0122021A,首页 > 经销行业服务；住宿；食品和饮料服务；运输服务；及公用事业分配服务 > 旅客运输服务 > 市内客运和移动观光服务 > 其他未另列明的陆路客运服务,,0.062,kgCO2e,4,2021,人·千米
住宅电梯（载重1000公斤）运输,Residential elevator (load 1000 kg),64119X0132021A,首页 > 经销行业服务；住宿；食品和饮料服务；运输服务；及公用事业分配服务 > 旅客运输服务 > 市内客运和移动观光服务 > 其他未另列明的陆路客运服务,,0.005,kgCO2e,4,2021,人·千米
自动扶梯客运,Escalators,64119X0142021A,首页 > 经销行业服务；住宿；食品和饮料服务；运输服务；及公用事业分配服务 > 旅客运输服务 > 市内客运和移动观光服务 > 其他未另列明的陆路客运服务,,0.177,kgCO2e,4,2021,人·千米
摩托车运输,Motorbike,64119X0152021A,首页 > 经销行业服务；住宿；食品和饮料服务；运输服务；及公用事业分配服务 > 旅客运输服务 > 市内客运和移动观光服务 > 其他未另列明的陆路客运服务,,0.11355,kgCO2e,3,2021,人·千米
电动自行车出行,Electric bicycle travel,64119X0012023A,首页 > 经销行业服务；住宿；食品和饮料服务；运输服务；及公用事业分配服务 > 旅客运输服务 > 市内客运和移动观光服务 > 其他未另列明的陆路客运服务,,12,gCO2e,5,2023,人·千米
北京2022年高碳出行人均排放,High-carbon transportation means,64119X0022023A,首页 > 经销行业服务；住宿；食品和饮料服务；运输服务；及公用事业分配服务 > 旅客运输服务 > 市内客运和移动观光服务 > 其他未另列明的陆路客运服务,,0.239,kgCO2e,5,2023,人·千米
轨道交通运行,Travel on rails,64119X0032023A,首页 > 经销行业服务；住宿；食品和饮料服务；运输服务；及公用事业分配服务 > 旅客运输服务 > 市内客运和移动观光服务 > 其他未另列明的陆路客运服务,,0.032,kgCO2e,4,2023,人·千米
骑行,Travel by bicycle,64119X0072023A,首页 > 经销行业服务；住宿；食品和饮料服务；运输服务；及公用事业分配服务 > 旅客运输服务 > 市内客运和移动观光服务 > 其他未另列明的陆路客运服务,,0.0072,kgCO2e,4,2023,人·千米
小汽车出行（停驶）,Motor vehicle stop,64119X0042023A,首页 > 经销行业服务；住宿；食品和饮料服务；运输服务；及公用事业分配服务 > 旅客运输服务 > 市内客运和移动观光服务 > 其他未另列明的陆路客运服务,,0.041,kgCO2e,4,2023,人·千米
摩托车,Motorbike,64119X0052023A,首页 > 经销行业服务；住宿；食品和饮料服务；运输服务；及公用事业分配服务 > 旅客运输服务 > 市内客运和移动观光服务 > 其他未另列明的陆路客运服务,,0.11367,kgCO2e,4,2023,人·千米
小汽车,Average car,64119X0062023A,首页 > 经销行业服务；住宿；食品和饮料服务；运输服务；及公用事业分配服务 > 旅客运输服务 > 市内客运和移动观光服务 > 其他未另列明的陆路客运服务,,0.16391,kgCO2e,4,2023,人·千米
小型客车（7座）运输,Small petrol car transportation emission factor,64119X0082021C,首页 > 经销行业服务；住宿；食品和饮料服务；运输服务；及公用事业分配服务 > 旅客运输服务 > 市内客运和移动观光服务 > 其他未另列明的陆路客运服务,,0.14946,kgCO2e,5,2021,千米
A级汽油车-SUV,A Rank Gasoline Vehicles - SUV,49113X0222020C,首页 > 经销行业服务；住宿；食品和饮料服务；运输服务；及公用事业分配服务 > 旅客运输服务 > 市内客运和移动观光服务 > 其他未另列明的陆路客运服务,,225.52,gCO2e,5,2020,千米
A0级汽油车-SUV,A0 Gasoline Vehicles - SUV,49113X0232020C,首页 > 经销行业服务；住宿；食品和饮料服务；运输服务；及公用事业分配服务 > 旅客运输服务 > 市内客运和移动观光服务 > 其他未另列明的陆路客运服务,,229.51,gCO2e,5,2020,千米
摩托车运输,motorcycle transportation emission factor,64119X0092021C,首页 > 经销行业服务；住宿；食品和饮料服务；运输服务；及公用事业分配服务 > 旅客运输服务 > 市内客运和移动观光服务 > 其他未另列明的陆路客运服务,,0.062,kgCO2e,5,2021,人·千米
中大型SUV汽油车运输,Mid-size SUV petrol car transportation emission factor,64119X0392023C,首页 > 经销行业服务；住宿；食品和饮料服务；运输服务；及公用事业分配服务 > 旅客运输服务 > 市内客运和移动观光服务 > 其他未另列明的陆路客运服务,,250.87,gCO2e,5,2023,千米
中型SUV汽油车运输,Mid-size SUV petrol car transportation emission factor,64119X0102023C,首页 > 经销行业服务；住宿；食品和饮料服务；运输服务；及公用事业分配服务 > 旅客运输服务 > 市内客运和移动观光服务 > 其他未另列明的陆路客运服务,,218.15,gCO2e,5,2023,千米
中大型汽油轿车运输,Medium and large petrol cars transportation emission factor,64119X0112023C,首页 > 经销行业服务；住宿；食品和饮料服务；运输服务；及公用事业分配服务 > 旅客运输服务 > 市内客运和移动观光服务 > 其他未另列明的陆路客运服务,,203.46,gCO2e,5,2023,千米
中型汽油轿车运输,Medium-sized petrol car transportation emission factor,64119X0122023C,首页 > 经销行业服务；住宿；食品和饮料服务；运输服务；及公用事业分配服务 > 旅客运输服务 > 市内客运和移动观光服务 > 其他未另列明的陆路客运服务,,195.67,gCO2e,5,2023,千米
小型SUV汽油车运输,Small SUV petrol car transportation emission factor,64119X0132023C,首页 > 经销行业服务；住宿；食品和饮料服务；运输服务；及公用事业分配服务 > 旅客运输服务 > 市内客运和移动观光服务 > 其他未另列明的陆路客运服务,,174.74,gCO2e,5,2023,千米
紧凑型SUV汽油车运输,Compact SUV petrol car transportation emission factor,64119X0142023C,首页 > 经销行业服务；住宿；食品和饮料服务；运输服务；及公用事业分配服务 > 旅客运输服务 > 市内客运和移动观光服务 > 其他未另列明的陆路客运服务,,198.11,gCO2e,5,2023,千米
紧凑型汽油轿车运输,Compact petrol car transportation emission factor,64119X0152023C,首页 > 经销行业服务；住宿；食品和饮料服务；运输服务；及公用事业分配服务 > 旅客运输服务 > 市内客运和移动观光服务 > 其他未另列明的陆路客运服务,,167.4,gCO2e,5,2023,千米
小微型汽油轿车运输,Small micro-petrol cars transportation emission factor,64119X0162023C,首页 > 经销行业服务；住宿；食品和饮料服务；运输服务；及公用事业分配服务 > 旅客运输服务 > 市内客运和移动观光服务 > 其他未另列明的陆路客运服务,,154.04,gCO2e,5,2023,千米
小型电动汽车运输,Small electric vehicles transportation emission factor,64119X0172023C,首页 > 经销行业服务；住宿；食品和饮料服务；运输服务；及公用事业分配服务 > 旅客运输服务 > 市内客运和移动观光服务 > 其他未另列明的陆路客运服务,,78.09,gCO2e,5,2023,千米
中型电动汽车运输,Medium-sized electric vehicles transportation emission factor,64119X0182023C,首页 > 经销行业服务；住宿；食品和饮料服务；运输服务；及公用事业分配服务 > 旅客运输服务 > 市内客运和移动观光服务 > 其他未另列明的陆路客运服务,,93.2,gCO2e,5,2023,千米
大型电动汽车运输,large-sized electric vehicles transportation emission factor,64119X0192023C,首页 > 经销行业服务；住宿；食品和饮料服务；运输服务；及公用事业分配服务 > 旅客运输服务 > 市内客运和移动观光服务 > 其他未另列明的陆路客运服务,,118.9,gCO2e,5,2023,千米
轨道交通车站运行,Railway station,64119X0382022C,首页 > 经销行业服务；住宿；食品和饮料服务；运输服务；及公用事业分配服务 > 旅客运输服务 > 市内客运和移动观光服务 > 其他未另列明的陆路客运服务,,11800,tCO2e,5,2022,年（四舍五入）
纯电动汽车行驶,Driving of pure electric vehicle ,64119X0402023C,首页 > 经销行业服务；住宿；食品和饮料服务；运输服务；及公用事业分配服务 > 旅客运输服务 > 市内客运和移动观光服务 > 其他未另列明的陆路客运服务,,0.17,kgCO2e,5,2023,千米
客梯,Elevator,64119X0352020C,首页 > 经销行业服务；住宿；食品和饮料服务；运输服务；及公用事业分配服务 > 旅客运输服务 > 市内客运和移动观光服务 > 其他未另列明的陆路客运服务,客梯10层10站,3.62,tCO2e,5,2020,台
游轮客运,Cruise passenger transport,64122X0012021A,首页 > 经销行业服务；住宿；食品和饮料服务；运输服务；及公用事业分配服务 > 旅客运输服务 > 市内客运和移动观光服务 > 内河游轮客运服务,,0.146,kgCO2e,4,2021,人·千米
商务旅行（水上客运）,Business travel- sea,64122X0012023A,首页 > 经销行业服务；住宿；食品和饮料服务；运输服务；及公用事业分配服务 > 旅客运输服务 > 市内客运和移动观光服务 > 内河游轮客运服务,,0.0187,kgCO2e,3,2023,人·千米
普通出租车,Regular taxi,64115X0012021A,首页 > 经销行业服务；住宿；食品和饮料服务；运输服务；及公用事业分配服务 > 旅客运输服务 > 市内客运和移动观光服务 > 出租车服务,,0.51332,kgCO2e,4,2021,人·千米
黑色出租车,Black cab,64115X0022021A,首页 > 经销行业服务；住宿；食品和饮料服务；运输服务；及公用事业分配服务 > 旅客运输服务 > 市内客运和移动观光服务 > 出租车服务,,0.54424,kgCO2e,4,2021,人·千米
客运（柴油出租车）,Passenger transport（Diesel Taxi）,64115X0032021A,首页 > 经销行业服务；住宿；食品和饮料服务；运输服务；及公用事业分配服务 > 旅客运输服务 > 市内客运和移动观光服务 > 出租车服务,,0.045,kgCO2e,4,2021,人·千米
插电式混合动力出租车,Plug-in hybrid taxis,64115X0012022C,首页 > 经销行业服务；住宿；食品和饮料服务；运输服务；及公用事业分配服务 > 旅客运输服务 > 市内客运和移动观光服务 > 出租车服务,,13.37,tCO2e,5,2022,年（四舍五入）
城市网约车群,Urban ride-hailing groups,64115X0022022C,首页 > 经销行业服务；住宿；食品和饮料服务；运输服务；及公用事业分配服务 > 旅客运输服务 > 市内客运和移动观光服务 > 出租车服务,,125.5,tCO2e,5,2022,天
国内出租/网约车差旅-基于消费数量核算,Taxi Travel/Ride-hailing Services-Based on consumption quantities,64115X0052024C,首页 > 经销行业服务；住宿；食品和饮料服务；运输服务；及公用事业分配服务 > 旅客运输服务 > 市内客运和移动观光服务 > 出租车服务,,0.1001,kgCO2e,5,2024,人·千米
国内出租/网约车差旅-基于支出金额核算,Taxi Travel/Ride-hailing Services-Based on amount spent,64115X0062024C,首页 > 经销行业服务；住宿；食品和饮料服务；运输服务；及公用事业分配服务 > 旅客运输服务 > 市内客运和移动观光服务 > 出租车服务,,0.5047,tCO2e,5,2024,万元人民币
国内出租/网约车差旅-燃油车-基于消费数量核算,Taxi Travel/Ride-hailing Services-Gasoline Vehicle-Based on volume of consumption,64115X0072024C,首页 > 经销行业服务；住宿；食品和饮料服务；运输服务；及公用事业分配服务 > 旅客运输服务 > 市内客运和移动观光服务 > 出租车服务,,0.1667,kgCO2e,5,2024,人·千米
国内出租/网约车差旅-燃油车-基于支出金额核算,Taxi Travel/Ride-hailing Services-Gasoline Vehicle-Based on the amount of expenditure,64115X0082024C,首页 > 经销行业服务；住宿；食品和饮料服务；运输服务；及公用事业分配服务 > 旅客运输服务 > 市内客运和移动观光服务 > 出租车服务,,0.8334,tCO2e,5,2024,万元人民币
国内出租/网约车差旅-电车-基于消费数量核算,Taxi Travel/Ride-hailing Services-Electric Vehicle-Based on volume of consumption,64115X0092024C,首页 > 经销行业服务；住宿；食品和饮料服务；运输服务；及公用事业分配服务 > 旅客运输服务 > 市内客运和移动观光服务 > 出租车服务,,0.0911,kgCO2e,5,2024,人·千米
国内出租/网约车差旅-电车-基于支出金额核算,Taxi Travel/Ride-hailing Services-Electric Vehicle-Based on the amount of expenditure,64115X0102024C,首页 > 经销行业服务；住宿；食品和饮料服务；运输服务；及公用事业分配服务 > 旅客运输服务 > 市内客运和移动观光服务 > 出租车服务,,0.4556,tCO2e,5,2024,万元人民币
电动公交车运输,Electric bus,64112X0012021A,首页 > 经销行业服务；住宿；食品和饮料服务；运输服务；及公用事业分配服务 > 旅客运输服务 > 市内客运和移动观光服务 > 城市与郊区间定期公路客运服务,,0.0088,kgCO2e,4,2021,人·千米
客运（汽油小型汽车）,Gasoline passenger car,64113X0012020A,首页 > 经销行业服务；住宿；食品和饮料服务；运输服务；及公用事业分配服务 > 旅客运输服务 > 市内客运和移动观光服务 > 城市与郊区间混合方式客运服务,,0.041,kgCO2e,4,2020,人·千米
客运（柴油小型汽车）,Diesel passenger car,64113X0022020A,首页 > 经销行业服务；住宿；食品和饮料服务；运输服务；及公用事业分配服务 > 旅客运输服务 > 市内客运和移动观光服务 > 城市与郊区间混合方式客运服务,,0.045,kgCO2e,4,2020,人·千米
电动小型载客汽车运输,Electric passenger car,64113X0032021A,首页 > 经销行业服务；住宿；食品和饮料服务；运输服务；及公用事业分配服务 > 旅客运输服务 > 市内客运和移动观光服务 > 城市与郊区间混合方式客运服务,,0.01696,kgCO2e,4,2021,人·千米
伦敦地铁,London Underground,64111X0012021A,首页 > 经销行业服务；住宿；食品和饮料服务；运输服务；及公用事业分配服务 > 旅客运输服务 > 市内客运和移动观光服务 > 城市与郊区间铁路客运服务,,0.02781,kgCO2e,4,2021,人·千米
城市地铁,Urban Rail,64111X0022021A,首页 > 经销行业服务；住宿；食品和饮料服务；运输服务；及公用事业分配服务 > 旅客运输服务 > 市内客运和移动观光服务 > 城市与郊区间铁路客运服务,,0.0153,kgCO2e,4,2021,人·千米
轻轨,Light rail,64111X0032021A,首页 > 经销行业服务；住宿；食品和饮料服务；运输服务；及公用事业分配服务 > 旅客运输服务 > 市内客运和移动观光服务 > 城市与郊区间铁路客运服务,,0.0136,kgCO2e,4,2021,人·千米
地铁（按人次）,Metro (per person),64111X0012020C,首页 > 经销行业服务；住宿；食品和饮料服务；运输服务；及公用事业分配服务 > 旅客运输服务 > 市内客运和移动观光服务 > 城市与郊区间铁路客运服务,,0.7,kgCO2e,5,2020,人·次
单轨,Monorails,64111X0022018C,首页 > 经销行业服务；住宿；食品和饮料服务；运输服务；及公用事业分配服务 > 旅客运输服务 > 市内客运和移动观光服务 > 城市与郊区间铁路客运服务,,54255.77,tCO2e,5,2018,千米
轻轨,Light Rail Transit,64111X0032021C,首页 > 经销行业服务；住宿；食品和饮料服务；运输服务；及公用事业分配服务 > 旅客运输服务 > 市内客运和移动观光服务 > 城市与郊区间铁路客运服务,土耳其开塞利的轻轨系统,23.8957,gCO2e,5,2021,人·千米
轨道交通牵引,Railway Traction,64111X0042020C,首页 > 经销行业服务；住宿；食品和饮料服务；运输服务；及公用事业分配服务 > 旅客运输服务 > 市内客运和移动观光服务 > 城市与郊区间铁路客运服务,,0.30966,kgCO2e,5,2020,人
城市轨道交通（地铁）,Urban  Rail Transit,64111X0072023C,首页 > 经销行业服务；住宿；食品和饮料服务；运输服务；及公用事业分配服务 > 旅客运输服务 > 市内客运和移动观光服务 > 城市与郊区间铁路客运服务,,8.81,gCO2e,5,2023,人·千米
城市轨道交通（地铁）的实际人公里碳排放因子,Actual  person-kilometer carbon emission factor of Urban  Rail Transit,64111X0082023C,首页 > 经销行业服务；住宿；食品和饮料服务；运输服务；及公用事业分配服务 > 旅客运输服务 > 市内客运和移动观光服务 > 城市与郊区间铁路客运服务,,43.14,gCO2e,5,2023,人·千米
英国巴士,Local bus,64118X0022021A,首页 > 经销行业服务；住宿；食品和饮料服务；运输服务；及公用事业分配服务 > 旅客运输服务 > 市内客运和移动观光服务 > 市内公共汽车和巴士包车服务,,0.38756,kgCO2e,4,2021,人·千米
公交车,bus,64118X0032021A,首页 > 经销行业服务；住宿；食品和饮料服务；运输服务；及公用事业分配服务 > 旅客运输服务 > 市内客运和移动观光服务 > 市内公共汽车和巴士包车服务,,0.07718,kgCO2e,5,2021,人·千米
公交车,bus,64118X0042021A,首页 > 经销行业服务；住宿；食品和饮料服务；运输服务；及公用事业分配服务 > 旅客运输服务 > 市内客运和移动观光服务 > 市内公共汽车和巴士包车服务,,0.10227,kgCO2e,5,2021,人·千米
客运（柴油公交车）,Passenger transport（Diesel bus）,64118X0072021A,首页 > 经销行业服务；住宿；食品和饮料服务；运输服务；及公用事业分配服务 > 旅客运输服务 > 市内客运和移动观光服务 > 市内公共汽车和巴士包车服务,,0.015,kgCO2e,4,2021,人·千米
非伦敦本地公交车运输,Local bus (not London),64118X0012021A,首页 > 经销行业服务；住宿；食品和饮料服务；运输服务；及公用事业分配服务 > 旅客运输服务 > 市内客运和移动观光服务 > 市内公共汽车和巴士包车服务,,0.11774,kgCO2e,4,2021,人·千米
公交,Bus,64118X0012023A,首页 > 经销行业服务；住宿；食品和饮料服务；运输服务；及公用事业分配服务 > 旅客运输服务 > 市内客运和移动观光服务 > 市内公共汽车和巴士包车服务,,0.053,kgCO2e,4,2023,人·千米
中型客车（8座以上，19座以下）运输,Bus transportation emission factor,64118X0022023C,首页 > 经销行业服务；住宿；食品和饮料服务；运输服务；及公用事业分配服务 > 旅客运输服务 > 市内客运和移动观光服务 > 市内公共汽车和巴士包车服务,,0.053,kgCO2e,5,2023,人·千米
快速公交,BRT,64118X0032016C,首页 > 经销行业服务；住宿；食品和饮料服务；运输服务；及公用事业分配服务 > 旅客运输服务 > 市内客运和移动观光服务 > 市内公共汽车和巴士包车服务,,35.58,gCO2e,5,2016,人·千米
氢燃料公交车（碳减排）,Hydrogen Fuel Buses（carbon emission reduction),64118X0042022C,首页 > 经销行业服务；住宿；食品和饮料服务；运输服务；及公用事业分配服务 > 旅客运输服务 > 市内客运和移动观光服务 > 市内公共汽车和巴士包车服务,,-58.6,tCO2e,5,2022,每辆每年
纯电动公交车,Electric buses,64118X0072023C,首页 > 经销行业服务；住宿；食品和饮料服务；运输服务；及公用事业分配服务 > 旅客运输服务 > 市内客运和移动观光服务 > 市内公共汽车和巴士包车服务,CA6100URBEV25,703.91,tCO2e,5,2023,辆
天然气公交车,Natural gas buses,64118X0082021C,首页 > 经销行业服务；住宿；食品和饮料服务；运输服务；及公用事业分配服务 > 旅客运输服务 > 市内客运和移动观光服务 > 市内公共汽车和巴士包车服务,CA6105SQ9,930.85,tCO2e,5,2021,辆
柴油公交车,Diesel buses,64118X0092023C,首页 > 经销行业服务；住宿；食品和饮料服务；运输服务；及公用事业分配服务 > 旅客运输服务 > 市内客运和移动观光服务 > 市内公共汽车和巴士包车服务,CA6121系列,1302.03,tCO2e,5,2023,辆
插电式混合动力公交车,Plug-in hybrid buses,64118X0102022C,首页 > 经销行业服务；住宿；食品和饮料服务；运输服务；及公用事业分配服务 > 旅客运输服务 > 市内客运和移动观光服务 > 市内公共汽车和巴士包车服务,,22.2,tCO2e,5,2022,年（四舍五入）
插电式混合动力私家车运行,Plug-in hybrid private cars use,64116X0012022C,首页 > 经销行业服务；住宿；食品和饮料服务；运输服务；及公用事业分配服务 > 旅客运输服务 > 市内客运和移动观光服务 > 配备驾驶员的小客车出租服务,,2.11,tCO2e,5,2022,年（四舍五入）
摩托车,Motorbike,64132X0012021A,首页 > 经销行业服务；住宿；食品和饮料服务；运输服务；及公用事业分配服务 > 旅客运输服务 > 市内客运和移动观光服务 > 陆路观光服务，铁路除外,,0.31669,kgCO2e,4,2021,千米
国内航空客运（超大型飞机）,Domestic air passenger transport（Very-Large aircraft）,64242X0012020A,首页 > 经销行业服务；住宿；食品和饮料服务；运输服务；及公用事业分配服务 > 旅客运输服务 > 长途客运服务 > 国内不定期航空客运服务,Airbus A380-800,0.093,kgCO2e,4,2020,人·千米
国内航空客运（大型飞机）,Domestic air passenger transport（Large aircraft）,64242X0022020A,首页 > 经销行业服务；住宿；食品和饮料服务；运输服务；及公用事业分配服务 > 旅客运输服务 > 长途客运服务 > 国内不定期航空客运服务,Boeing 777-200,0.07,kgCO2e,4,2020,人·千米
国内航空客运（中型飞机）,Domestic air passenger transport（Medium-sized aircraft）,64242X0032021A,首页 > 经销行业服务；住宿；食品和饮料服务；运输服务；及公用事业分配服务 > 旅客运输服务 > 长途客运服务 > 国内不定期航空客运服务,Boeing 737-800,0.084,kgCO2e,4,2021,人·千米
超大型飞机客运服务,Ultra-large aircraft passenger service,64241X0012021A,首页 > 经销行业服务；住宿；食品和饮料服务；运输服务；及公用事业分配服务 > 旅客运输服务 > 长途客运服务 > 国内定期航空客运服务,,0.1026,kgCO2e,4,2021,人·千米
大型飞机客运服务,Large aircraft passenger service,64241X0022021A,首页 > 经销行业服务；住宿；食品和饮料服务；运输服务；及公用事业分配服务 > 旅客运输服务 > 长途客运服务 > 国内定期航空客运服务,,0.0952,kgCO2e,4,2021,人·千米
中型飞机航客运服务,Medium-sized aircraft passenger service,64241X0032021A,首页 > 经销行业服务；住宿；食品和饮料服务；运输服务；及公用事业分配服务 > 旅客运输服务 > 长途客运服务 > 国内定期航空客运服务,,0.0817,kgCO2e,4,2021,人·千米
小型飞机客运服务,Small aircraft passenger service,64241X0042021A,首页 > 经销行业服务；住宿；食品和饮料服务；运输服务；及公用事业分配服务 > 旅客运输服务 > 长途客运服务 > 国内定期航空客运服务,,0.1124,kgCO2e,4,2021,人·千米
英国国内航班平均,Domestic to/from UK average passenger,64241X0052021A,首页 > 经销行业服务；住宿；食品和饮料服务；运输服务；及公用事业分配服务 > 旅客运输服务 > 长途客运服务 > 国内定期航空客运服务,,0.24587,kgCO2e,4,2021,人·千米
国内飞机航程,"Domestic, to/from UK",64241X0012020A,首页 > 经销行业服务；住宿；食品和饮料服务；运输服务；及公用事业分配服务 > 旅客运输服务 > 长途客运服务 > 国内定期航空客运服务,,4.49363,kgCO2e,4,2020,千米
国际航班商务舱,"International, to/from non-UK（Business class）",64243X0022021A,首页 > 经销行业服务；住宿；食品和饮料服务；运输服务；及公用事业分配服务 > 旅客运输服务 > 长途客运服务 > 国际定期航空客运服务,,0.40781,kgCO2e,4,2021,人·千米
国际航班头等舱,"International, to/from non-UK（First class）",64243X0032021A,首页 > 经销行业服务；住宿；食品和饮料服务；运输服务；及公用事业分配服务 > 旅客运输服务 > 长途客运服务 > 国际定期航空客运服务,,0.56251,kgCO2e,4,2021,人·千米
近程飞机航程经济舱,"Short-haul, to/from UK（Economy class）",64243X0012021A,首页 > 经销行业服务；住宿；食品和饮料服务；运输服务；及公用事业分配服务 > 旅客运输服务 > 长途客运服务 > 国际定期航空客运服务,,0.15102,kgCO2e,4,2021,人·千米
近程飞机航程商务舱,"Short-haul, to/from UK（Business class）",64243X0062021A,首页 > 经销行业服务；住宿；食品和饮料服务；运输服务；及公用事业分配服务 > 旅客运输服务 > 长途客运服务 > 国际定期航空客运服务,,0.22652,kgCO2e,4,2021,人·千米
远程飞机航程平均,"Long-haul, to/from UK（Average）",64243X0072021A,首页 > 经销行业服务；住宿；食品和饮料服务；运输服务；及公用事业分配服务 > 旅客运输服务 > 长途客运服务 > 国际定期航空客运服务,,0.19309,kgCO2e,4,2021,人·千米
远程飞机航程经济舱,"Long-haul, to/from UK（Economy class）",64243X0082021A,首页 > 经销行业服务；住宿；食品和饮料服务；运输服务；及公用事业分配服务 > 旅客运输服务 > 长途客运服务 > 国际定期航空客运服务,,0.14787,kgCO2e,4,2021,人·千米
远程飞机航程高端经济舱,"Long-haul, to/from UK（Premium economy class）",64243X0052021A,首页 > 经销行业服务；住宿；食品和饮料服务；运输服务；及公用事业分配服务 > 旅客运输服务 > 长途客运服务 > 国际定期航空客运服务,,0.23659,kgCO2e,4,2021,人·千米
英国出发或到达的短途航班平均,Short-haul flights to/from UK average passenger,64243X0042021A,首页 > 经销行业服务；住宿；食品和饮料服务；运输服务；及公用事业分配服务 > 旅客运输服务 > 长途客运服务 > 国际定期航空客运服务,,0.15353,kgCO2e,4,2021,人·千米
飞机,Domestic flights,64243X0012023A,首页 > 经销行业服务；住宿；食品和饮料服务；运输服务；及公用事业分配服务 > 旅客运输服务 > 长途客运服务 > 国际定期航空客运服务,,0.27258,kgCO2e,5,2023,人·千米
大型柴油客车,Large diesel car,64221X0012022A,首页 > 经销行业服务；住宿；食品和饮料服务；运输服务；及公用事业分配服务 > 旅客运输服务 > 长途客运服务 > 城市间定期公路客运服务,,0.209534,kgCO2e,5,2022,千米
大型汽油客车,Large petrol car,64221X0022022A,首页 > 经销行业服务；住宿；食品和饮料服务；运输服务；及公用事业分配服务 > 旅客运输服务 > 长途客运服务 > 城市间定期公路客运服务,,0.27639,kgCO2e,4,2022,千米
大型客车（20座以上，39座以下）运输,Large diesel car transportation emission factor,64221X0012022C,首页 > 经销行业服务；住宿；食品和饮料服务；运输服务；及公用事业分配服务 > 旅客运输服务 > 长途客运服务 > 城市间定期公路客运服务,,0.209534,kgCO2e,5,2022,千米
公路客运,Road passenger transport,64221X0032019C,首页 > 经销行业服务；住宿；食品和饮料服务；运输服务；及公用事业分配服务 > 旅客运输服务 > 长途客运服务 > 城市间定期公路客运服务,,45.36,gCO2e,5,2019,人·千米
客运铁路服务,Passenger rail service,64210X0012021A,首页 > 经销行业服务；住宿；食品和饮料服务；运输服务；及公用事业分配服务 > 旅客运输服务 > 长途客运服务 > 城市间铁路客运服务,,0.03549,kgCO2e,5,2021,人·千米
客运铁路服务,Passenger rail service,64210X0022021A,首页 > 经销行业服务；住宿；食品和饮料服务；运输服务；及公用事业分配服务 > 旅客运输服务 > 长途客运服务 > 城市间铁路客运服务,,0.00446,kgCO2e,5,2021,人·千米
高铁客运服务,Passenger Service of High-speed Railways,64210X0032021A,首页 > 经销行业服务；住宿；食品和饮料服务；运输服务；及公用事业分配服务 > 旅客运输服务 > 长途客运服务 > 城市间铁路客运服务,,69,gCO2e,5,2011,人·千米
高铁,High-speed railways,64210X0042020A,首页 > 经销行业服务；住宿；食品和饮料服务；运输服务；及公用事业分配服务 > 旅客运输服务 > 长途客运服务 > 城市间铁路客运服务,,32,gCO2e,5,2020,人·千米
火车高铁,National rail,64210X0052023A,首页 > 经销行业服务；住宿；食品和饮料服务；运输服务；及公用事业分配服务 > 旅客运输服务 > 长途客运服务 > 城市间铁路客运服务,,0.035463,kgCO2e,5,2023,人·千米
铁路（综合客运）,Rail (Integrated passenger transportation),64210X0242018C,首页 > 经销行业服务；住宿；食品和饮料服务；运输服务；及公用事业分配服务 > 旅客运输服务 > 长途客运服务 > 城市间铁路客运服务,,0.027,kgCO2e,5,2018,人·千米
铁路运输,Railway transport,64210X0112019C,首页 > 经销行业服务；住宿；食品和饮料服务；运输服务；及公用事业分配服务 > 旅客运输服务 > 长途客运服务 > 城市间铁路客运服务,,11.33,gCO2e,5,2019,公吨·公里
中国高铁,HSR train,64210X0122021C,首页 > 经销行业服务；住宿；食品和饮料服务；运输服务；及公用事业分配服务 > 旅客运输服务 > 长途客运服务 > 城市间铁路客运服务,CRH380B列车 （电网驱动）,38,gCO2e,5,2021,人·千米
802列车（电力）,CLASS 802,64210X0132023C,首页 > 经销行业服务；住宿；食品和饮料服务；运输服务；及公用事业分配服务 > 旅客运输服务 > 长途客运服务 > 城市间铁路客运服务,,29,gCO2e,5,2023,人·千米
802列车（柴油）,CLASS 802,64210X0142023C,首页 > 经销行业服务；住宿；食品和饮料服务；运输服务；及公用事业分配服务 > 旅客运输服务 > 长途客运服务 > 城市间铁路客运服务,,42,gCO2e,5,2023,人·千米
铁路运输,railway transportation,64210X0162020C,首页 > 经销行业服务；住宿；食品和饮料服务；运输服务；及公用事业分配服务 > 旅客运输服务 > 长途客运服务 > 城市间铁路客运服务,,3492910.27,tCO2e,5,2020,平方米
高铁出行（京沪高铁动车组）,High speed rail travel (EMU),64210X0182024C,首页 > 经销行业服务；住宿；食品和饮料服务；运输服务；及公用事业分配服务 > 旅客运输服务 > 长途客运服务 > 城市间铁路客运服务,CRH380A、 CRH380B、CR400AF、 CR400BF 动车组平均值,0.0211,kgCO2e,5,2024,人·千米
高铁客运服务,Passenger Service of High-speed Railways,64210X0192012A,首页 > 经销行业服务；住宿；食品和饮料服务；运输服务；及公用事业分配服务 > 旅客运输服务 > 长途客运服务 > 城市间铁路客运服务,,67,gCO2e,4,2012,人·千米
高铁客运服务,Passenger Service of High-speed Railways,64210X0202013A,首页 > 经销行业服务；住宿；食品和饮料服务；运输服务；及公用事业分配服务 > 旅客运输服务 > 长途客运服务 > 城市间铁路客运服务,,52,gCO2e,4,2013,人·千米
高铁客运服务,Passenger Service of High-speed Railways,64210X0212014A,首页 > 经销行业服务；住宿；食品和饮料服务；运输服务；及公用事业分配服务 > 旅客运输服务 > 长途客运服务 > 城市间铁路客运服务,,48,gCO2e,4,2014,人·千米
国内高铁差旅-基于支出金额核算,High-speed rail travel-Based on amount spent,64210X0232024C,首页 > 经销行业服务；住宿；食品和饮料服务；运输服务；及公用事业分配服务 > 旅客运输服务 > 长途客运服务 > 城市间铁路客运服务,,0.443,tCO2e,5,2024,万元人民币
滚装船客运,Ro-Ro passenger ship,64232X0012021A,首页 > 经销行业服务；住宿；食品和饮料服务；运输服务；及公用事业分配服务 > 旅客运输服务 > 长途客运服务 > 沿海和远洋游轮客运服务,,0.17,kgCO2e,4,2021,人·千米
邮轮客运,Liner passenger transport,64232X0022021A,首页 > 经销行业服务；住宿；食品和饮料服务；运输服务；及公用事业分配服务 > 旅客运输服务 > 长途客运服务 > 沿海和远洋游轮客运服务,,0.17,kgCO2e,4,2021,人·千米
渡轮徒步乘客,Ferry foot passenger,64231X0012021A,首页 > 经销行业服务；住宿；食品和饮料服务；运输服务；及公用事业分配服务 > 旅客运输服务 > 长途客运服务 > 沿海和远洋轮渡客运服务,,0.01874,kgCO2e,4,2021,人·千米
渡轮携车乘客,Ferry car passenger,64231X0022019A,首页 > 经销行业服务；住宿；食品和饮料服务；运输服务；及公用事业分配服务 > 旅客运输服务 > 长途客运服务 > 沿海和远洋轮渡客运服务,,0.12952,kgCO2e,4,2019,人·千米
渡轮乘客平均,Ferry Average（all passenger）,64231X0032021A,首页 > 经销行业服务；住宿；食品和饮料服务；运输服务；及公用事业分配服务 > 旅客运输服务 > 长途客运服务 > 沿海和远洋轮渡客运服务,,0.11286,kgCO2e,4,2021,人·千米
大型飞机客运服务,Large aircraft passenger service,64250X0042021C,首页 > 经销行业服务；住宿；食品和饮料服务；运输服务；及公用事业分配服务 > 旅客运输服务 > 长途客运服务 > 航天客运服务,,95.2,gCO2e,5,2021,人·千米
中型飞机客运服务,Medium-sized aircraft passenger service,64250X0052021C,首页 > 经销行业服务；住宿；食品和饮料服务；运输服务；及公用事业分配服务 > 旅客运输服务 > 长途客运服务 > 航天客运服务,,81.67,gCO2e,5,2021,人·千米
小型飞机客运服务,Small aircraft passenger service,64250X0062021C,首页 > 经销行业服务；住宿；食品和饮料服务；运输服务；及公用事业分配服务 > 旅客运输服务 > 长途客运服务 > 航天客运服务,,112.43,gCO2e,5,2021,人·千米
国内航空差旅-基于消费数量核算,Air travel-Based on consumption quantities,64250X0012024C,首页 > 经销行业服务；住宿；食品和饮料服务；运输服务；及公用事业分配服务 > 旅客运输服务 > 长途客运服务 > 航天客运服务,,0.0829,kgCO2e,5,2024,人·千米
国内航空差旅-基于支出金额核算,Air travel-Based on amount spent,64250X0022024C,首页 > 经销行业服务；住宿；食品和饮料服务；运输服务；及公用事业分配服务 > 旅客运输服务 > 长途客运服务 > 航天客运服务,,1.497,tCO2e,5,2024,万元人民币
国内高铁差旅-基于消费数量核算,High-speed rail travel-Based on consumption quantities,64250X0032024C,首页 > 经销行业服务；住宿；食品和饮料服务；运输服务；及公用事业分配服务 > 旅客运输服务 > 长途客运服务 > 航天客运服务,,0.0204,kgCO2e,5,2024,人·千米
长途公交车,Coach,64223X0012021A,首页 > 经销行业服务；住宿；食品和饮料服务；运输服务；及公用事业分配服务 > 旅客运输服务 > 长途客运服务 > 长途公共汽车和巴士包车服务,,0.02684,kgCO2e,5,2021,人·千米
大型插电式混合动力汽车,Large plug-in hybrid electric car,64223X0022022A,首页 > 经销行业服务；住宿；食品和饮料服务；运输服务；及公用事业分配服务 > 旅客运输服务 > 长途客运服务 > 长途公共汽车和巴士包车服务,,0.10148,kgCO2e,5,2022,千米
大型电动汽车,Large battery electric car,64223X0032022A,首页 > 经销行业服务；住宿；食品和饮料服务；运输服务；及公用事业分配服务 > 旅客运输服务 > 长途客运服务 > 长途公共汽车和巴士包车服务,,0.0555,kgCO2e,5,2022,千米
柴油客车平均,Average diesel car,64223X0042022A,首页 > 经销行业服务；住宿；食品和饮料服务；运输服务；及公用事业分配服务 > 旅客运输服务 > 长途客运服务 > 长途公共汽车和巴士包车服务,,0.170824,kgCO2e,5,2022,千米
天然气公交车运输,Natural gas bus,64223X0052021A,首页 > 经销行业服务；住宿；食品和饮料服务；运输服务；及公用事业分配服务 > 旅客运输服务 > 长途客运服务 > 长途公共汽车和巴士包车服务,,0.005,kgCO2e,4,2021,人·千米
长途客车,Coach bus,64223X0012023A,首页 > 经销行业服务；住宿；食品和饮料服务；运输服务；及公用事业分配服务 > 旅客运输服务 > 长途客运服务 > 长途公共汽车和巴士包车服务,,0.027181,kgCO2e,4,2023,人·千米
居民用水的GHG排放量,GHG emissions for residents' water consumption,69210X0012011A,首页 > 经销行业服务；住宿；食品和饮料服务；运输服务；及公用事业分配服务 > 水、电、气分配服务（独立账户） > 水分配服务（独立账户） > 通过主要管道的水（蒸汽及热水除外）分配服务（独立账户）,,0.213,kgCO2e,4,2011,m3
自来水,water,69210X0012019C,首页 > 经销行业服务；住宿；食品和饮料服务；运输服务；及公用事业分配服务 > 水、电、气分配服务（独立账户） > 水分配服务（独立账户） > 通过主要管道的水（蒸汽及热水除外）分配服务（独立账户）,,0.168,kgCO2e,5,2019,公吨
夏季居民生活用水的能源消耗（淋浴用水）,Energy Intensity of Household Water Use (bath shower water use),69230X0012010A,首页 > 经销行业服务；住宿；食品和饮料服务；运输服务；及公用事业分配服务 > 水、电、气分配服务（独立账户） > 水分配服务（独立账户） > 非通过主要管道的水分配服务（独立账户）,,4.44,kgCO2e,3,2010,m3
夏季居民生活用水的能源消耗（洗衣机用水）,Energy Intensity of Household Water Use (washing machine operation),69230X0022010A,首页 > 经销行业服务；住宿；食品和饮料服务；运输服务；及公用事业分配服务 > 水、电、气分配服务（独立账户） > 水分配服务（独立账户） > 非通过主要管道的水分配服务（独立账户）,,0.19,kgCO2e,3,2010,m3
夏季居民生活用水的能源消耗（其他洗漱用水）,Energy Intensity of Household Water Use (face washing),69230X0032010A,首页 > 经销行业服务；住宿；食品和饮料服务；运输服务；及公用事业分配服务 > 水、电、气分配服务（独立账户） > 水分配服务（独立账户） > 非通过主要管道的水分配服务（独立账户）,,0.12,kgCO2e,3,2010,m3
冬季居民生活用水的能源消耗（淋浴用水）,Energy Intensity of Household Water Use (bath shower water use),69230X0042010A,首页 > 经销行业服务；住宿；食品和饮料服务；运输服务；及公用事业分配服务 > 水、电、气分配服务（独立账户） > 水分配服务（独立账户） > 非通过主要管道的水分配服务（独立账户）,,6.73,kgCO2e,3,2010,m3
冬季居民生活用水的能源消耗（洗衣机用水）,Energy Intensity of Household Water Use (washing machine operation),69230X0052010A,首页 > 经销行业服务；住宿；食品和饮料服务；运输服务；及公用事业分配服务 > 水、电、气分配服务（独立账户） > 水分配服务（独立账户） > 非通过主要管道的水分配服务（独立账户）,,0.4,kgCO2e,3,2010,m3
冬季居民生活用水的能源消耗（其他洗漱用水）,Energy Intensity of Household Water Use (face washing),69230X0062010A,首页 > 经销行业服务；住宿；食品和饮料服务；运输服务；及公用事业分配服务 > 水、电、气分配服务（独立账户） > 水分配服务（独立账户） > 非通过主要管道的水分配服务（独立账户）,,1.43,kgCO2e,3,2010,m3
集装箱船货运,Container ship,65229X0032021A,首页 > 经销行业服务；住宿；食品和饮料服务；运输服务；及公用事业分配服务 > 货物运输服务 > 水路货运服务 > 其他内河货运服务,,0.01,kgCO2e,4,2021,公吨·公里
干散货船运输(载重 2500t),"Dry bulker carrier, water transport (2500t)",65229X0012019C,首页 > 经销行业服务；住宿；食品和饮料服务；运输服务；及公用事业分配服务 > 货物运输服务 > 水路货运服务 > 其他内河货运服务,,0.015,kgCO2e,5,2019,公吨·公里
水运,Waterway transport,65229X0022019C,首页 > 经销行业服务；住宿；食品和饮料服务；运输服务；及公用事业分配服务 > 货物运输服务 > 水路货运服务 > 其他内河货运服务,,8.65,gCO2e,5,2019,公吨·公里
内河水运-干散货船,Inland Water Transportation-Dry bulk carrier,65229X0052024C,首页 > 经销行业服务；住宿；食品和饮料服务；运输服务；及公用事业分配服务 > 货物运输服务 > 水路货运服务 > 其他内河货运服务,,2.134,gCO2e,5,2024,公吨·公里
内河水运-集装箱船,Inland Water Transportation-Container ship,65229X0062024C,首页 > 经销行业服务；住宿；食品和饮料服务；运输服务；及公用事业分配服务 > 货物运输服务 > 水路货运服务 > 其他内河货运服务,,4.505,gCO2e,5,2024,公吨·公里
内河水运-滚轮船,Inland Water Transportation-ro-ro cargo ship,65229X0072024C,首页 > 经销行业服务；住宿；食品和饮料服务；运输服务；及公用事业分配服务 > 货物运输服务 > 水路货运服务 > 其他内河货运服务,,2.608,gCO2e,5,2024,公吨·公里
内河水运-拖船,Inland Water Transportation-tugboat,65229X0082024C,首页 > 经销行业服务；住宿；食品和饮料服务；运输服务；及公用事业分配服务 > 货物运输服务 > 水路货运服务 > 其他内河货运服务,,6.402,gCO2e,5,2024,公吨·公里
运输过程-水路,Transportation processes - waterways,65229X0092025C,首页 > 经销行业服务；住宿；食品和饮料服务；运输服务；及公用事业分配服务 > 货物运输服务 > 水路货运服务 > 其他内河货运服务,,0.02,kgCO2e,5,2025,公吨·公里
散装货船（35000-59999dwt）,Bulk carrier ship,65219X0062018A,首页 > 经销行业服务；住宿；食品和饮料服务；运输服务；及公用事业分配服务 > 货物运输服务 > 水路货运服务 > 其他沿海和远洋货运服务,35000-59999载重吨位（dwt）,2.94,gCO2e,4,2018,公吨·公里
散装货船（60000-99999dwt）,Bulk carrier ship,65219X0072018A,首页 > 经销行业服务；住宿；食品和饮料服务；运输服务；及公用事业分配服务 > 货物运输服务 > 水路货运服务 > 其他沿海和远洋货运服务,60000-99999载重吨位（dwt）,2.25,gCO2e,4,2018,公吨·公里
散装货船（10000-34999dwt）,Bulk carrier ship,65219X0082018A,首页 > 经销行业服务；住宿；食品和饮料服务；运输服务；及公用事业分配服务 > 货物运输服务 > 水路货运服务 > 其他沿海和远洋货运服务,10000-34999载重吨位（dwt）,4.2,gCO2e,4,2018,公吨·公里
散装货船（100000-199999dwt）,Bulk carrier ship,65219X0092018A,首页 > 经销行业服务；住宿；食品和饮料服务；运输服务；及公用事业分配服务 > 货物运输服务 > 水路货运服务 > 其他沿海和远洋货运服务,100000-199999载重吨位（dwt）,1.49,gCO2e,4,2018,公吨·公里
化学品运输船（5000-9999dwt）,Chemical tanker,65219X0102018A,首页 > 经销行业服务；住宿；食品和饮料服务；运输服务；及公用事业分配服务 > 货物运输服务 > 水路货运服务 > 其他沿海和远洋货运服务,5000-9999载重吨位（dwt）,15.18,gCO2e,4,2018,公吨·公里
散装货船（200000以上dwt）,Bulk carrier ship,65219X0112018A,首页 > 经销行业服务；住宿；食品和饮料服务；运输服务；及公用事业分配服务 > 货物运输服务 > 水路货运服务 > 其他沿海和远洋货运服务,200000以上载重吨位（dwt）,1.27,gCO2e,4,2018,公吨·公里
化学品运输船（0-4999dwt）,Chemical tanker,65219X0122018A,首页 > 经销行业服务；住宿；食品和饮料服务；运输服务；及公用事业分配服务 > 货物运输服务 > 水路货运服务 > 其他沿海和远洋货运服务,0-4999载重吨位（dwt）,8.3,kgCO2e,4,2018,公吨·公里
化学品运输船（10000-19999dwt）,Chemical tanker,65219X0132018A,首页 > 经销行业服务；住宿；食品和饮料服务；运输服务；及公用事业分配服务 > 货物运输服务 > 水路货运服务 > 其他沿海和远洋货运服务,10000-19999载重吨位（dwt）,9.6,gCO2e,4,2018,公吨·公里
化学品运输船（20000-39999dwt）,Chemical tanker,65219X0142018A,首页 > 经销行业服务；住宿；食品和饮料服务；运输服务；及公用事业分配服务 > 货物运输服务 > 水路货运服务 > 其他沿海和远洋货运服务,20000-39999载重吨位（dwt）,6.2,gCO2e,4,2018,公吨·公里
化学品运输船（40000以上dwt）,Chemical tanker,65219X0152018A,首页 > 经销行业服务；住宿；食品和饮料服务；运输服务；及公用事业分配服务 > 货物运输服务 > 水路货运服务 > 其他沿海和远洋货运服务,40000以上载重吨位（dwt）,4.24,gCO2e,4,2018,公吨·公里
集装箱船（0-999teu）,Container ship,65219X0162018A,首页 > 经销行业服务；住宿；食品和饮料服务；运输服务；及公用事业分配服务 > 货物运输服务 > 水路货运服务 > 其他沿海和远洋货运服务,0-999标准箱（teu）,11.35,gCO2e,4,2018,公吨·公里
集装箱船（1000-1999teu）,Container ship,65219X0172018A,首页 > 经销行业服务；住宿；食品和饮料服务；运输服务；及公用事业分配服务 > 货物运输服务 > 水路货运服务 > 其他沿海和远洋货运服务,1000-1999标准箱（teu）,9.33,gCO2e,4,2018,公吨·公里
集装箱船（2000-2999teu）,Container ship,65219X0182018A,首页 > 经销行业服务；住宿；食品和饮料服务；运输服务；及公用事业分配服务 > 货物运输服务 > 水路货运服务 > 其他沿海和远洋货运服务,2000-2999标准箱（teu）,6.51,gCO2e,4,2018,公吨·公里
集装箱船（3000-4999teu）,Container ship,65219X0192018A,首页 > 经销行业服务；住宿；食品和饮料服务；运输服务；及公用事业分配服务 > 货物运输服务 > 水路货运服务 > 其他沿海和远洋货运服务,3000-4999标准箱（teu）,5.8,gCO2e,4,2018,公吨·公里
集装箱船（5000-7999teu）,Container ship,65219X0202018A,首页 > 经销行业服务；住宿；食品和饮料服务；运输服务；及公用事业分配服务 > 货物运输服务 > 水路货运服务 > 其他沿海和远洋货运服务,5000-7999标准箱（teu）,5.46,gCO2e,4,2018,公吨·公里
集装箱船（8000-11999teu）,Container ship,65219X0212018A,首页 > 经销行业服务；住宿；食品和饮料服务；运输服务；及公用事业分配服务 > 货物运输服务 > 水路货运服务 > 其他沿海和远洋货运服务,8000-11999标准箱（teu）,4.48,gCO2e,4,2018,公吨·公里
集装箱船（12000-14499teu）,Container ship,65219X0222018A,首页 > 经销行业服务；住宿；食品和饮料服务；运输服务；及公用事业分配服务 > 货物运输服务 > 水路货运服务 > 其他沿海和远洋货运服务,12000-14499标准箱（teu）,3.69,gCO2e,4,2018,公吨·公里
集装箱船（14500-19999teu）,Container ship,65219X0232018A,首页 > 经销行业服务；住宿；食品和饮料服务；运输服务；及公用事业分配服务 > 货物运输服务 > 水路货运服务 > 其他沿海和远洋货运服务,14500-19999标准箱（teu）,2.95,gCO2e,4,2018,公吨·公里
集装箱船（20000以上teu）,Container ship,65219X0242018A,首页 > 经销行业服务；住宿；食品和饮料服务；运输服务；及公用事业分配服务 > 货物运输服务 > 水路货运服务 > 其他沿海和远洋货运服务,20000以上标准箱（teu）,2.66,gCO2e,4,2018,公吨·公里
普通货物船（0-4999dwt）,General cargo ship,65219X0252018A,首页 > 经销行业服务；住宿；食品和饮料服务；运输服务；及公用事业分配服务 > 货物运输服务 > 水路货运服务 > 其他沿海和远洋货运服务,0-4999载重吨位（dwt）,10.18,gCO2e,4,2018,公吨·公里
普通货物船（5000-9999dwt）,General cargo ship,65219X0262018A,首页 > 经销行业服务；住宿；食品和饮料服务；运输服务；及公用事业分配服务 > 货物运输服务 > 水路货运服务 > 其他沿海和远洋货运服务,5000-9999载重吨位（dwt）,10.69,gCO2e,4,2018,公吨·公里
普通货物船（10000-19999dwt）,General cargo ship,65219X0272018A,首页 > 经销行业服务；住宿；食品和饮料服务；运输服务；及公用事业分配服务 > 货物运输服务 > 水路货运服务 > 其他沿海和远洋货运服务,10000-19999载重吨位（dwt）,9.29,gCO2e,4,2018,公吨·公里
普通货物船（20000以上dwt）,General cargo ship,65219X0282018A,首页 > 经销行业服务；住宿；食品和饮料服务；运输服务；及公用事业分配服务 > 货物运输服务 > 水路货运服务 > 其他沿海和远洋货运服务,20000以上载重吨位（dwt）,4.55,gCO2e,4,2018,公吨·公里
液化气体运输船（0-49999cbm）,Liquefied gas tanker,65219X0292018A,首页 > 经销行业服务；住宿；食品和饮料服务；运输服务；及公用事业分配服务 > 货物运输服务 > 水路货运服务 > 其他沿海和远洋货运服务,0-49999立方米（cbm）,6.93,gCO2e,4,2018,公吨·公里
液化气体运输船（50000-99999cbm）,Liquefied gas tanker,65219X0302018A,首页 > 经销行业服务；住宿；食品和饮料服务；运输服务；及公用事业分配服务 > 货物运输服务 > 水路货运服务 > 其他沿海和远洋货运服务,50000-99999立方米（cbm）,5.21,gCO2e,4,2018,公吨·公里
液化气体运输船（100000-199999cbm）,Liquefied gas tanker,65219X0322018A,首页 > 经销行业服务；住宿；食品和饮料服务；运输服务；及公用事业分配服务 > 货物运输服务 > 水路货运服务 > 其他沿海和远洋货运服务,100000-199999立方米（cbm）,6.28,gCO2e,4,2018,公吨·公里
液化气体运输船（200000以上cbm）,Liquefied gas tanker,65219X0332018A,首页 > 经销行业服务；住宿；食品和饮料服务；运输服务；及公用事业分配服务 > 货物运输服务 > 水路货运服务 > 其他沿海和远洋货运服务,200000以上立方米（cbm）,5.73,gCO2e,4,2018,公吨·公里
油轮（0-4999dwt）,Oil tanker,65219X0342018A,首页 > 经销行业服务；住宿；食品和饮料服务；运输服务；及公用事业分配服务 > 货物运输服务 > 水路货运服务 > 其他沿海和远洋货运服务,0-4999立方米（dwt）,14.19,gCO2e,4,2018,公吨·公里
油轮（5000-9999dwt）,Oil tanker,65219X0352018A,首页 > 经销行业服务；住宿；食品和饮料服务；运输服务；及公用事业分配服务 > 货物运输服务 > 水路货运服务 > 其他沿海和远洋货运服务,5000-9999立方米（dwt）,19.25,gCO2e,4,2018,公吨·公里
油轮（10000-19999dwt）,Oil tanker,65219X0362018A,首页 > 经销行业服务；住宿；食品和饮料服务；运输服务；及公用事业分配服务 > 货物运输服务 > 水路货运服务 > 其他沿海和远洋货运服务,10000-19999立方米（dwt）,13.28,gCO2e,4,2018,公吨·公里
油轮（20000-59999dwt）,Oil tanker,65219X0372018A,首页 > 经销行业服务；住宿；食品和饮料服务；运输服务；及公用事业分配服务 > 货物运输服务 > 水路货运服务 > 其他沿海和远洋货运服务,20000-59999立方米（dwt）,6.18,gCO2e,4,2018,公吨·公里
油轮（60000-79999dwt）,Oil tanker,65219X0382018A,首页 > 经销行业服务；住宿；食品和饮料服务；运输服务；及公用事业分配服务 > 货物运输服务 > 水路货运服务 > 其他沿海和远洋货运服务,60000-79999载重吨位（dwt）,3.83,gCO2e,4,2018,公吨·公里
油轮（80000-119999dwt）,Oil tanker,65219X0392018A,首页 > 经销行业服务；住宿；食品和饮料服务；运输服务；及公用事业分配服务 > 货物运输服务 > 水路货运服务 > 其他沿海和远洋货运服务,80000-119999载重吨位（dwt）,2.83,gCO2e,4,2018,公吨·公里
油轮（200000以上dwt）,Oil tanker,65219X0402018A,首页 > 经销行业服务；住宿；食品和饮料服务；运输服务；及公用事业分配服务 > 货物运输服务 > 水路货运服务 > 其他沿海和远洋货运服务,200000以上载重吨位（dwt）,1.47,gCO2e,4,2018,公吨·公里
油轮（120000-199999dwt）,Oil tanker,65219X0412018A,首页 > 经销行业服务；住宿；食品和饮料服务；运输服务；及公用事业分配服务 > 货物运输服务 > 水路货运服务 > 其他沿海和远洋货运服务,120000-199999立方米（dwt）,2.38,gCO2e,4,2018,公吨·公里
产品油轮运输,Product tanker transportation,65219X0422021A,首页 > 经销行业服务；住宿；食品和饮料服务；运输服务；及公用事业分配服务 > 货物运输服务 > 水路货运服务 > 其他沿海和远洋货运服务,,9.034,gCO2e,4,2021,公吨·公里
其他液体运输船（0-999dwt）,Other liquids tankers,65219X0432018A,首页 > 经销行业服务；住宿；食品和饮料服务；运输服务；及公用事业分配服务 > 货物运输服务 > 水路货运服务 > 其他沿海和远洋货运服务,0-999载重吨位（dwt）,23.92,gCO2e,4,2018,公吨·公里
其他液体运输船（1000以上dwt）,Other liquids tankers,65219X0442018A,首页 > 经销行业服务；住宿；食品和饮料服务；运输服务；及公用事业分配服务 > 货物运输服务 > 水路货运服务 > 其他沿海和远洋货运服务,1000以上载重吨位（dwt）,5.7,gCO2e,4,2018,公吨·公里
渡船-仅乘客（0-299t）,Ferry – passengers (pax) only,65219X0452018A,首页 > 经销行业服务；住宿；食品和饮料服务；运输服务；及公用事业分配服务 > 货物运输服务 > 水路货运服务 > 其他沿海和远洋货运服务,0-299总吨位（dwt）,1.95,gCO2e,4,2018,公吨·公里
渡船-仅乘客（300-999gt））,Ferry – passengers (pax) only,65219X0462018A,首页 > 经销行业服务；住宿；食品和饮料服务；运输服务；及公用事业分配服务 > 货物运输服务 > 水路货运服务 > 其他沿海和远洋货运服务,300-999总吨位（dwt）,289.93,gCO2e,4,2018,公吨·公里
渡船-仅乘客（1000-1999gt）,Ferry – passengers (pax) only,65219X0472018A,首页 > 经销行业服务；住宿；食品和饮料服务；运输服务；及公用事业分配服务 > 货物运输服务 > 水路货运服务 > 其他沿海和远洋货运服务,1000-1999总吨位（dwt）,95.28,gCO2e,4,2018,公吨·公里
渡船-仅乘客（2000以上gt））,Ferry– passengers (pax) only,65219X0482018A,首页 > 经销行业服务；住宿；食品和饮料服务；运输服务；及公用事业分配服务 > 货物运输服务 > 水路货运服务 > 其他沿海和远洋货运服务,2000以上总吨位（gt）,75.9,gCO2e,4,2018,公吨·公里
游艇(0-1999gt),Cruise ship,65219X0492018A,首页 > 经销行业服务；住宿；食品和饮料服务；运输服务；及公用事业分配服务 > 货物运输服务 > 水路货运服务 > 其他沿海和远洋货运服务,0-1999总吨位(gt),19.13,gCO2e,4,2018,公吨·公里
游艇(2000-9999gt),Cruise ship,65219X0502018A,首页 > 经销行业服务；住宿；食品和饮料服务；运输服务；及公用事业分配服务 > 货物运输服务 > 水路货运服务 > 其他沿海和远洋货运服务,2000-9999总吨位(gt),188.83,gCO2e,4,2018,公吨·公里
游艇10000-59999gt),Cruise ship,65219X0512018A,首页 > 经销行业服务；住宿；食品和饮料服务；运输服务；及公用事业分配服务 > 货物运输服务 > 水路货运服务 > 其他沿海和远洋货运服务,10000-59999总吨位(gt),82.6,gCO2e,4,2018,公吨·公里
游艇(60000-99999gt),Cruise ship,65219X0522018A,首页 > 经销行业服务；住宿；食品和饮料服务；运输服务；及公用事业分配服务 > 货物运输服务 > 水路货运服务 > 其他沿海和远洋货运服务,60000-99999总吨位(gt),82.26,gCO2e,4,2018,公吨·公里
游艇(100000-149999gt),Cruise ship,65219X0532018A,首页 > 经销行业服务；住宿；食品和饮料服务；运输服务；及公用事业分配服务 > 货物运输服务 > 水路货运服务 > 其他沿海和远洋货运服务,100000-149999总吨位(gt),73.76,gCO2e,4,2018,公吨·公里
游艇(150000以上gt),Cruise ship,65219X0542018A,首页 > 经销行业服务；住宿；食品和饮料服务；运输服务；及公用事业分配服务 > 货物运输服务 > 水路货运服务 > 其他沿海和远洋货运服务,150000以上总吨位(gt),59.47,gCO2e,4,2018,公吨·公里
渡轮-滚装/乘客(0-1999gt）,Ferry – roll–on/passengers ship,65219X0552018A,首页 > 经销行业服务；住宿；食品和饮料服务；运输服务；及公用事业分配服务 > 货物运输服务 > 水路货运服务 > 其他沿海和远洋货运服务,0-1999总吨位（gt）,10.76,gCO2e,4,2018,公吨·公里
渡轮-滚装/乘客(2000-4999gt）,Ferry – roll–on/passengers ship,65219X0562018A,首页 > 经销行业服务；住宿；食品和饮料服务；运输服务；及公用事业分配服务 > 货物运输服务 > 水路货运服务 > 其他沿海和远洋货运服务,2000-4999总吨位（gt）,122.22,gCO2e,4,2018,公吨·公里
渡轮-滚装/乘客5000-99999gt）,Ferry – roll–on/passengers ship,65219X0572018A,首页 > 经销行业服务；住宿；食品和饮料服务；运输服务；及公用事业分配服务 > 货物运输服务 > 水路货运服务 > 其他沿海和远洋货运服务,5000-9999总吨位（gt）,88.03,gCO2e,4,2018,公吨·公里
渡轮-滚装/乘客(10000-19999gt）,Ferry – roll–on/passengers ship,65219X0582018A,首页 > 经销行业服务；住宿；食品和饮料服务；运输服务；及公用事业分配服务 > 货物运输服务 > 水路货运服务 > 其他沿海和远洋货运服务,10000-19999总吨位（gt）,64.71,gCO2e,4,2018,公吨·公里
渡轮-滚装/乘客(20000以上gt）,Ferry – roll–on/passengers ship,65219X0592018A,首页 > 经销行业服务；住宿；食品和饮料服务；运输服务；及公用事业分配服务 > 货物运输服务 > 水路货运服务 > 其他沿海和远洋货运服务,20000以上总吨位（gt）,59.03,gCO2e,4,2018,公吨·公里
冷藏运输船（0-1999dwt）,refrigerated cargo ship,65219X0602018A,首页 > 经销行业服务；住宿；食品和饮料服务；运输服务；及公用事业分配服务 > 货物运输服务 > 水路货运服务 > 其他沿海和远洋货运服务,0-1999载重吨位（dwt）,9.34,gCO2e,4,2018,公吨·公里
冷藏运输船（2000-5999dwt）,refrigerated cargo ship,65219X0612018A,首页 > 经销行业服务；住宿；食品和饮料服务；运输服务；及公用事业分配服务 > 货物运输服务 > 水路货运服务 > 其他沿海和远洋货运服务,2000-5999载重吨位（dwt）,40.44,gCO2e,4,2018,公吨·公里
冷藏运输船（6000-9999dwt）,refrigerated cargo ship,65219X0622018A,首页 > 经销行业服务；住宿；食品和饮料服务；运输服务；及公用事业分配服务 > 货物运输服务 > 水路货运服务 > 其他沿海和远洋货运服务,6000-9999载重吨位（dwt）,26.9,gCO2e,4,2018,公吨·公里
冷藏运输船(10000dwt）,refrigerated cargo ship,65219X0632018A,首页 > 经销行业服务；住宿；食品和饮料服务；运输服务；及公用事业分配服务 > 货物运输服务 > 水路货运服务 > 其他沿海和远洋货运服务,10000以上载重吨位（dwt）,20.07,gCO2e,4,2018,公吨·公里
滚装船(0-4999dwt）,roll-on-roll-off ship,65219X0642018A,首页 > 经销行业服务；住宿；食品和饮料服务；运输服务；及公用事业分配服务 > 货物运输服务 > 水路货运服务 > 其他沿海和远洋货运服务,0-4999载重吨位（dwt）,45.93,gCO2e,4,2018,公吨·公里
滚装船(5000-9999dwt),roll-on-roll-off ship,65219X0652018A,首页 > 经销行业服务；住宿；食品和饮料服务；运输服务；及公用事业分配服务 > 货物运输服务 > 水路货运服务 > 其他沿海和远洋货运服务,5000-9999载重吨位(dwt),27.91,gCO2e,4,2018,公吨·公里
滚装船（10000-14999dwt）,roll-on-roll-off ship,65219X0662018A,首页 > 经销行业服务；住宿；食品和饮料服务；运输服务；及公用事业分配服务 > 货物运输服务 > 水路货运服务 > 其他沿海和远洋货运服务,10000-14999载重吨位（dwt）,21.47,gCO2e,4,2018,公吨·公里
滚装船（15000以上dwt）,roll-on-roll-off ship,65219X0672018A,首页 > 经销行业服务；住宿；食品和饮料服务；运输服务；及公用事业分配服务 > 货物运输服务 > 水路货运服务 > 其他沿海和远洋货运服务,15000以上载重吨位（dwt）,11.53,gCO2e,4,2018,公吨·公里
车辆运输船(0-29999gt）,vehicle cargo ship,65219X0772018A,首页 > 经销行业服务；住宿；食品和饮料服务；运输服务；及公用事业分配服务 > 货物运输服务 > 水路货运服务 > 其他沿海和远洋货运服务,0-29999载重吨位（gt）,27.48,gCO2e,4,2018,公吨·公里
车辆运输船(30000-49999gt）,vehicle cargo ship,65219X0782018A,首页 > 经销行业服务；住宿；食品和饮料服务；运输服务；及公用事业分配服务 > 货物运输服务 > 水路货运服务 > 其他沿海和远洋货运服务,30000-49999载重吨位（gt）,11.68,gCO2e,4,2018,公吨·公里
其他服务船,Service - other,65219X0792018A,首页 > 经销行业服务；住宿；食品和饮料服务；运输服务；及公用事业分配服务 > 货物运输服务 > 水路货运服务 > 其他沿海和远洋货运服务,平均水平,12.48,gCO2e,4,2018,公吨·公里
其他非海上商船,Miscellaneous - other,65219X0802018A,首页 > 经销行业服务；住宿；食品和饮料服务；运输服务；及公用事业分配服务 > 货物运输服务 > 水路货运服务 > 其他沿海和远洋货运服务,平均水平,9.02,gCO2e,4,2018,公吨·公里
车辆运输船(50000以上gt）,vehicle cargo ship,65219X0812018A,首页 > 经销行业服务；住宿；食品和饮料服务；运输服务；及公用事业分配服务 > 货物运输服务 > 水路货运服务 > 其他沿海和远洋货运服务,50000以上总吨位（gt）,8.98,gCO2e,4,2018,公吨·公里
快艇,Yacht,65219X0822018A,首页 > 经销行业服务；住宿；食品和饮料服务；运输服务；及公用事业分配服务 > 货物运输服务 > 水路货运服务 > 其他沿海和远洋货运服务,平均水平,11.92,gCO2e,4,2018,公吨·公里
拖船,Service - tug,65219X0832018A,首页 > 经销行业服务；住宿；食品和饮料服务；运输服务；及公用事业分配服务 > 货物运输服务 > 水路货运服务 > 其他沿海和远洋货运服务,平均水平,16.49,gCO2e,4,2018,公吨·公里
渔船,Miscellaneous - fishing,65219X0842018A,首页 > 经销行业服务；住宿；食品和饮料服务；运输服务；及公用事业分配服务 > 货物运输服务 > 水路货运服务 > 其他沿海和远洋货运服务,平均水平,40.14,gCO2e,4,2018,公吨·公里
近海服务船,Offshore,65219X0852018A,首页 > 经销行业服务；住宿；食品和饮料服务；运输服务；及公用事业分配服务 > 货物运输服务 > 水路货运服务 > 其他沿海和远洋货运服务,平均水平,7.85,gCO2e,4,2018,公吨·公里
沿海和远洋航运-干散货船,Coastal and Ocean Shipping-Dry bulk carrier,65219X0862024C,首页 > 经销行业服务；住宿；食品和饮料服务；运输服务；及公用事业分配服务 > 货物运输服务 > 水路货运服务 > 其他沿海和远洋货运服务,,5.337,gCO2e,5,2024,公吨·公里
沿海和远洋航运-油船, Coastal and Ocean Shipping-oil tanker,65219X0872024C,首页 > 经销行业服务；住宿；食品和饮料服务；运输服务；及公用事业分配服务 > 货物运输服务 > 水路货运服务 > 其他沿海和远洋货运服务,,4.293,gCO2e,5,2024,公吨·公里
沿海和远洋航运-液化气船,Coastal and Ocean Shipping-Liquefied Gas Carrier,65219X0882024C,首页 > 经销行业服务；住宿；食品和饮料服务；运输服务；及公用事业分配服务 > 货物运输服务 > 水路货运服务 > 其他沿海和远洋货运服务,,49.505,gCO2e,5,2024,公吨·公里
沿海和远洋航运-其他液货船,Coastal and Ocean Shipping-Other Liquefied Carriers,65219X0892024C,首页 > 经销行业服务；住宿；食品和饮料服务；运输服务；及公用事业分配服务 > 货物运输服务 > 水路货运服务 > 其他沿海和远洋货运服务,,28.775,gCO2e,5,2024,公吨·公里
沿海和远洋航运-杂货船,Coastal and Ocean Shipping-General cargo ship,65219X0902024C,首页 > 经销行业服务；住宿；食品和饮料服务；运输服务；及公用事业分配服务 > 货物运输服务 > 水路货运服务 > 其他沿海和远洋货运服务,,15.548,gCO2e,5,2024,公吨·公里
沿海和远洋航运-其他普通货船,Coastal and Ocean Shipping-Other general Cargo Ships,65219X0912024C,首页 > 经销行业服务；住宿；食品和饮料服务；运输服务；及公用事业分配服务 > 货物运输服务 > 水路货运服务 > 其他沿海和远洋货运服务,,11.719,gCO2e,5,2024,公吨·公里
沿海和远洋航运-多用途船,Coastal and Ocean Shipping-Multi-Purpose vessel,65219X0922024C,首页 > 经销行业服务；住宿；食品和饮料服务；运输服务；及公用事业分配服务 > 货物运输服务 > 水路货运服务 > 其他沿海和远洋货运服务,,9.746,gCO2e,5,2024,公吨·公里
沿海和远洋航运-均值,Coastal and Ocean Shipping-Average,65219X0932024C,首页 > 经销行业服务；住宿；食品和饮料服务；运输服务；及公用事业分配服务 > 货物运输服务 > 水路货运服务 > 其他沿海和远洋货运服务,,6.088,gCO2e,5,2024,公吨·公里
内河水运-油船, Inland Water Transportation-oil tanker,65222X0012024C,首页 > 经销行业服务；住宿；食品和饮料服务；运输服务；及公用事业分配服务 > 货物运输服务 > 水路货运服务 > 油船内河货运服务,,14.938,gCO2e,5,2024,公吨·公里
油轮运输,Oil Tanker transportation,65212X0012018A,首页 > 经销行业服务；住宿；食品和饮料服务；运输服务；及公用事业分配服务 > 货物运输服务 > 水路货运服务 > 油轮散装液体沿海和远洋货运服务,,0.005,kgCO2e,4,2018,公吨·公里
原油油轮运输,Crude tanker transportation,65212X0022021A,首页 > 经销行业服务；住宿；食品和饮料服务；运输服务；及公用事业分配服务 > 货物运输服务 > 水路货运服务 > 油轮散装液体沿海和远洋货运服务,,4.572,gCO2e,4,2021,公吨·公里
液货船运输(载重 2000t),"Tanker, water transport (2000t)",65212X0012019C,首页 > 经销行业服务；住宿；食品和饮料服务；运输服务；及公用事业分配服务 > 货物运输服务 > 水路货运服务 > 油轮散装液体沿海和远洋货运服务,,0.019,kgCO2e,5,2019,公吨·公里
散装货船运输,Bulk Carrier Transportation,65213X0012018A,首页 > 经销行业服务；住宿；食品和饮料服务；运输服务；及公用事业分配服务 > 货物运输服务 > 水路货运服务 > 集装箱船沿海和远洋集装箱货运服务,,0.004,kgCO2e,4,2018,公吨·公里
散装货船（0-9999dwt）,Bulk carrier ship,65213X0022018A,首页 > 经销行业服务；住宿；食品和饮料服务；运输服务；及公用事业分配服务 > 货物运输服务 > 水路货运服务 > 集装箱船沿海和远洋集装箱货运服务,0-9999载重吨位（dwt）,8.21,gCO2e,4,2018,公吨·公里
杂货船货运,General cargo ship,65213X0032021A,首页 > 经销行业服务；住宿；食品和饮料服务；运输服务；及公用事业分配服务 > 货物运输服务 > 水路货运服务 > 集装箱船沿海和远洋集装箱货运服务,,0.019,kgCO2e,4,2021,公吨·公里
集装箱船,Container ship,65213X0012021A,首页 > 经销行业服务；住宿；食品和饮料服务；运输服务；及公用事业分配服务 > 货物运输服务 > 水路货运服务 > 集装箱船沿海和远洋集装箱货运服务,,0.016142,kgCO2e,4,2021,公吨·公里
集装箱船运输(载重200TEU),"Container ship, water transport (200TEU)",65213X0012019C,首页 > 经销行业服务；住宿；食品和饮料服务；运输服务；及公用事业分配服务 > 货物运输服务 > 水路货运服务 > 集装箱船沿海和远洋集装箱货运服务,,0.012,kgCO2e,5,2019,公吨·公里
沿海和远洋航运-集装箱船,Coastal and Ocean Shipping-Container ship,65213X0062024C,首页 > 经销行业服务；住宿；食品和饮料服务；运输服务；及公用事业分配服务 > 货物运输服务 > 水路货运服务 > 集装箱船沿海和远洋集装箱货运服务,,8.122,gCO2e,5,2024,公吨·公里
短途航空货运,Short-haul freight flight,65311X0012021A,首页 > 经销行业服务；住宿；食品和饮料服务；运输服务；及公用事业分配服务 > 货物运输服务 > 航空航天货运服务 > 信件和包裹空运服务,,2.30229,kgCO2e,4,2021,公吨·公里
长途航空货运,Long-haul freight flight,65311X0022021A,首页 > 经销行业服务；住宿；食品和饮料服务；运输服务；及公用事业分配服务 > 货物运输服务 > 航空航天货运服务 > 信件和包裹空运服务,,1.0189,kgCO2e,4,2021,公吨·公里
国际航空货运,International freight flight,65311X0032021A,首页 > 经销行业服务；住宿；食品和饮料服务；运输服务；及公用事业分配服务 > 货物运输服务 > 航空航天货运服务 > 信件和包裹空运服务,,1.0189,kgCO2e,4,2021,公吨·公里
超大型飞机货运,Very-Large aircraft  passenger transport,65311X0042021A,首页 > 经销行业服务；住宿；食品和饮料服务；运输服务；及公用事业分配服务 > 货物运输服务 > 航空航天货运服务 > 信件和包裹空运服务,,1.286,kgCO2e,4,2021,公吨·公里
大型飞机货运,Large aircraft passenger transport,65311X0052021A,首页 > 经销行业服务；住宿；食品和饮料服务；运输服务；及公用事业分配服务 > 货物运输服务 > 航空航天货运服务 > 信件和包裹空运服务,,0.096,kgCO2e,4,2021,公吨·公里
中型飞机货运,Medium-sized aircraft,65311X0062021A,首页 > 经销行业服务；住宿；食品和饮料服务；运输服务；及公用事业分配服务 > 货物运输服务 > 航空航天货运服务 > 信件和包裹空运服务,B737,1.146,kgCO2e,4,2021,公吨·公里
小型飞机货运,Small plane passenger transport,65311X0072021A,首页 > 经销行业服务；住宿；食品和饮料服务；运输服务；及公用事业分配服务 > 货物运输服务 > 航空航天货运服务 > 信件和包裹空运服务,C200,1.467,kgCO2e,4,2021,公吨·公里
航空运输,Air (cargo),65319X0012024C,首页 > 经销行业服务；住宿；食品和饮料服务；运输服务；及公用事业分配服务 > 货物运输服务 > 航空航天货运服务 > 其他航空货运服务,,921,gCO2e,5,2024,公吨·公里
运输过程-航空,Transportation process -- aviation,65319X0022025C,首页 > 经销行业服务；住宿；食品和饮料服务；运输服务；及公用事业分配服务 > 货物运输服务 > 航空航天货运服务 > 其他航空货运服务,,1.404,kgCO2e,5,2025,公吨·公里
内燃机列车货运,Internal combustion engine train,65124X0012021A,首页 > 经销行业服务；住宿；食品和饮料服务；运输服务；及公用事业分配服务 > 货物运输服务 > 陆路货运服务 > 信件和包裹铁路运输服务,,0.007,kgCO2e,4,2021,公吨·公里
氢能汽车运输,Hydrogen energy,65119X0062017A,首页 > 经销行业服务；住宿；食品和饮料服务；运输服务；及公用事业分配服务 > 货物运输服务 > 陆路货运服务 > 其他公路货运服务,,209.6,gCO2e,4,2017,千米
氢能汽车运输,Hydrogen energy,65119X0052017A,首页 > 经销行业服务；住宿；食品和饮料服务；运输服务；及公用事业分配服务 > 货物运输服务 > 陆路货运服务 > 其他公路货运服务,,221.4,gCO2e,4,2017,千米
氢能汽车运输,Hydrogen energy,65119X0032017A,首页 > 经销行业服务；住宿；食品和饮料服务；运输服务；及公用事业分配服务 > 货物运输服务 > 陆路货运服务 > 其他公路货运服务,,146.2,gCO2e,4,2017,千米
氢能汽车运输,Hydrogen energy,65119X0042017A,首页 > 经销行业服务；住宿；食品和饮料服务；运输服务；及公用事业分配服务 > 货物运输服务 > 陆路货运服务 > 其他公路货运服务,,513.5,gCO2e,4,2017,千米
柴油货车运输服务-常温运输,Diesel non-refrigerated truck transport service,65119X0012021A,首页 > 经销行业服务；住宿；食品和饮料服务；运输服务；及公用事业分配服务 > 货物运输服务 > 陆路货运服务 > 其他公路货运服务,,0.12158,kgCO2e,4,2021,公吨·公里
重型柴油自卸车货运服务,Heavy duty diesel dump truck freight service,65119X0032022A,首页 > 经销行业服务；住宿；食品和饮料服务；运输服务；及公用事业分配服务 > 货物运输服务 > 陆路货运服务 > 其他公路货运服务,,0.1014,kgCO2e,4,2022,公吨·公里
重型天然气自卸车货运服务,Heavy duty natural gas dump truck freight service,65119X0042022A,首页 > 经销行业服务；住宿；食品和饮料服务；运输服务；及公用事业分配服务 > 货物运输服务 > 陆路货运服务 > 其他公路货运服务,,0.0641,kgCO2e,4,2022,公吨·公里
重型纯电自卸车货运服务,Heavy duty  electric dump truck freight service,65119X0052022A,首页 > 经销行业服务；住宿；食品和饮料服务；运输服务；及公用事业分配服务 > 货物运输服务 > 陆路货运服务 > 其他公路货运服务,,0.0773,kgCO2e,4,2022,公吨·公里
重型氢燃料自卸车货运服务,Heavy duty hydrogen fuel cell dump truck freight service,65119X0062022A,首页 > 经销行业服务；住宿；食品和饮料服务；运输服务；及公用事业分配服务 > 货物运输服务 > 陆路货运服务 > 其他公路货运服务,,0.2298,kgCO2e,4,2022,公吨·公里
重型货车运输,Heavy goods vehicle,65119X0072021A,首页 > 经销行业服务；住宿；食品和饮料服务；运输服务；及公用事业分配服务 > 货物运输服务 > 陆路货运服务 > 其他公路货运服务,,0.049,kgCO2e,4,2021,公吨·公里
中型货车运输,Medium goods vehicle,65119X0082021A,首页 > 经销行业服务；住宿；食品和饮料服务；运输服务；及公用事业分配服务 > 货物运输服务 > 陆路货运服务 > 其他公路货运服务,,0.041,kgCO2e,4,2021,公吨·公里
轻型货车运输,Light goods vehicle,65119X0092021A,首页 > 经销行业服务；住宿；食品和饮料服务；运输服务；及公用事业分配服务 > 货物运输服务 > 陆路货运服务 > 其他公路货运服务,,0.083,kgCO2e,4,2021,公吨·公里
微型货车运输,Minivan,65119X0102021A,首页 > 经销行业服务；住宿；食品和饮料服务；运输服务；及公用事业分配服务 > 货物运输服务 > 陆路货运服务 > 其他公路货运服务,,0.12,kgCO2e,4,2021,公吨·公里
液化石油气货车平均,LPG van average,65119X0032021A,首页 > 经销行业服务；住宿；食品和饮料服务；运输服务；及公用事业分配服务 > 货物运输服务 > 陆路货运服务 > 其他公路货运服务,,0.67659,kgCO2e,3,2021,千米
轻型汽油货车运输(载重 2t),"light goods vehicles, gasoline, freight, transport (2t)",65119X0072019C,首页 > 经销行业服务；住宿；食品和饮料服务；运输服务；及公用事业分配服务 > 货物运输服务 > 陆路货运服务 > 其他公路货运服务,,0.334,kgCO2e,5,2019,公吨·公里
中型汽油货车运输(载重8t),"Medium goods vehicles, gasoline, freight, transport (8t)",65119X0082019C,首页 > 经销行业服务；住宿；食品和饮料服务；运输服务；及公用事业分配服务 > 货物运输服务 > 陆路货运服务 > 其他公路货运服务,,0.115,kgCO2e,5,2019,公吨·公里
重型汽油货车运输(载重10t),"Heavy goods vehicles, gasoline, freight, transport (10t)",65119X0092019C,首页 > 经销行业服务；住宿；食品和饮料服务；运输服务；及公用事业分配服务 > 货物运输服务 > 陆路货运服务 > 其他公路货运服务,,0.104,kgCO2e,5,2019,公吨·公里
重型汽油货车运输(载重18t),"Heavy goods vehicles, gasoline, freight, transport (18t)",65119X0102019C,首页 > 经销行业服务；住宿；食品和饮料服务；运输服务；及公用事业分配服务 > 货物运输服务 > 陆路货运服务 > 其他公路货运服务,,0.104,kgCO2e,5,2019,公吨·公里
轻型柴油货车运输 (载重 2t),"light goods vehicles, diesel, freight, transport (2t)",65119X0112019C,首页 > 经销行业服务；住宿；食品和饮料服务；运输服务；及公用事业分配服务 > 货物运输服务 > 陆路货运服务 > 其他公路货运服务,,0.286,kgCO2e,5,2019,公吨·公里
中型柴油货车运输(载重8t),"Medium goods vehicles, diesel, freight, transport (8t)",65119X0122019C,首页 > 经销行业服务；住宿；食品和饮料服务；运输服务；及公用事业分配服务 > 货物运输服务 > 陆路货运服务 > 其他公路货运服务,,0.179,kgCO2e,5,2019,公吨·公里
重型柴油货车运输(载重 10t),"Heavy goods vehicles, diesel, freight, transport (10t)",65119X0132019C,首页 > 经销行业服务；住宿；食品和饮料服务；运输服务；及公用事业分配服务 > 货物运输服务 > 陆路货运服务 > 其他公路货运服务,,0.162,kgCO2e,5,2019,公吨·公里
重型柴油货车运输(载重 18t),"Heavy goods vehicles, diesel, freight, transport (18t)",65119X0142019C,首页 > 经销行业服务；住宿；食品和饮料服务；运输服务；及公用事业分配服务 > 货物运输服务 > 陆路货运服务 > 其他公路货运服务,,0.129,kgCO2e,5,2019,公吨·公里
重型柴油货车运输(载重 30t),"Heavy goods vehicles, diesel, freight, transport (30t)",65119X0152019C,首页 > 经销行业服务；住宿；食品和饮料服务；运输服务；及公用事业分配服务 > 货物运输服务 > 陆路货运服务 > 其他公路货运服务,,0.078,kgCO2e,5,2019,公吨·公里
重型柴油货车运输(载重46t),"Heavy goods vehicles, diesel, freight, transport (46t)",65119X0162019C,首页 > 经销行业服务；住宿；食品和饮料服务；运输服务；及公用事业分配服务 > 货物运输服务 > 陆路货运服务 > 其他公路货运服务,,0.057,kgCO2e,5,2019,公吨·公里
电力机车运输,"Battery Electric Vehicle, freight, transport ",65119X0172019C,首页 > 经销行业服务；住宿；食品和饮料服务；运输服务；及公用事业分配服务 > 货物运输服务 > 陆路货运服务 > 其他公路货运服务,,0.01,kgCO2e,5,2019,公吨·公里
公路货运,road freight,65119X0182019C,首页 > 经销行业服务；住宿；食品和饮料服务；运输服务；及公用事业分配服务 > 货物运输服务 > 陆路货运服务 > 其他公路货运服务,,97.6,gCO2e,5,2019,公吨·公里
柴油货车运输-不区分质量区间,diesel trucks transportation emission factor-No distinction between quality zones,65119X0272024C,首页 > 经销行业服务；住宿；食品和饮料服务；运输服务；及公用事业分配服务 > 货物运输服务 > 陆路货运服务 > 其他公路货运服务,,0.2157,kgCO2e,5,2024,公吨·公里
重型柴油货车运输,heavy diesel trucks transportation emission factor,65119X0282024C,首页 > 经销行业服务；住宿；食品和饮料服务；运输服务；及公用事业分配服务 > 货物运输服务 > 陆路货运服务 > 其他公路货运服务,,0.0978,kgCO2e,5,2024,公吨·公里
"重型柴油货车运输 [25000kg,31000kg]","heavy diesel trucks [25000kg,31000kg] transportation emission factor",65119X0292024C,首页 > 经销行业服务；住宿；食品和饮料服务；运输服务；及公用事业分配服务 > 货物运输服务 > 陆路货运服务 > 其他公路货运服务,,0.0936,kgCO2e,5,2024,公吨·公里
"重型柴油货车运输 [20000kg,25000kg]","heavy diesel trucks [20000kg,25000kg] transportation emission factor",65119X0302024C,首页 > 经销行业服务；住宿；食品和饮料服务；运输服务；及公用事业分配服务 > 货物运输服务 > 陆路货运服务 > 其他公路货运服务,,0.0972,kgCO2e,5,2024,公吨·公里
"重型柴油货车运输 [16000kg,20000kg]","heavy diesel trucks [16000kg,20000kg] transportation emission factor",65119X0312024C,首页 > 经销行业服务；住宿；食品和饮料服务；运输服务；及公用事业分配服务 > 货物运输服务 > 陆路货运服务 > 其他公路货运服务,,0.1025,kgCO2e,5,2024,公吨·公里
中型柴油货车运输,Transportation of medium-sized diesel trucks,65119X0322024C,首页 > 经销行业服务；住宿；食品和饮料服务；运输服务；及公用事业分配服务 > 货物运输服务 > 陆路货运服务 > 其他公路货运服务,,0.1502,kgCO2e,5,2024,公吨·公里
"中型柴油货车运输 [10500kg,12500kg]","medium-sized diesel trucks[10500kg,12500kg] transportation emission factor",65119X0332024C,首页 > 经销行业服务；住宿；食品和饮料服务；运输服务；及公用事业分配服务 > 货物运输服务 > 陆路货运服务 > 其他公路货运服务,,0.1445,kgCO2e,5,2024,公吨·公里
"中型柴油货车运输 [8500kg,10500kg]","medium-sized diesel trucks [8500kg,10500kg] transportation emission factor",65119X0342024C,首页 > 经销行业服务；住宿；食品和饮料服务；运输服务；及公用事业分配服务 > 货物运输服务 > 陆路货运服务 > 其他公路货运服务,,0.1569,kgCO2e,5,2024,公吨·公里
"中型柴油货车运输 [7000kg,8500kg]","medium-sized diesel trucks [7000kg,8500kg] transportation emission factor",65119X0352024C,首页 > 经销行业服务；住宿；食品和饮料服务；运输服务；及公用事业分配服务 > 货物运输服务 > 陆路货运服务 > 其他公路货运服务,,0.1493,kgCO2e,5,2024,公吨·公里
轻型柴油货车运输,light diesel trucks transportation emission factor,65119X0362024C,首页 > 经销行业服务；住宿；食品和饮料服务；运输服务；及公用事业分配服务 > 货物运输服务 > 陆路货运服务 > 其他公路货运服务,,0.2611,kgCO2e,5,2024,公吨·公里
汽油货车运输-不区分质量区间,Transportation of petrol trucks-No distinction between quality zones,65119X0372024C,首页 > 经销行业服务；住宿；食品和饮料服务；运输服务；及公用事业分配服务 > 货物运输服务 > 陆路货运服务 > 其他公路货运服务,,0.2252,kgCO2e,5,2024,公吨·公里
轻型汽油货车运输,Transportation of light petrol trucks,65119X0382024C,首页 > 经销行业服务；住宿；食品和饮料服务；运输服务；及公用事业分配服务 > 货物运输服务 > 陆路货运服务 > 其他公路货运服务,,0.2248,kgCO2e,5,2024,公吨·公里
微型汽油货车运输,Transportation of miniature petrol trucks,65119X0392024C,首页 > 经销行业服务；住宿；食品和饮料服务；运输服务；及公用事业分配服务 > 货物运输服务 > 陆路货运服务 > 其他公路货运服务,,0.6758,kgCO2e,5,2024,公吨·公里
纯电动货车运输-不区分质量区间,Transportation of purely electric trucks-No distinction between quality zones,65119X0402024C,首页 > 经销行业服务；住宿；食品和饮料服务；运输服务；及公用事业分配服务 > 货物运输服务 > 陆路货运服务 > 其他公路货运服务,,0.1278,kgCO2e,5,2024,公吨·公里
重型纯电动货车运输,heavy-duty pure electric trucks transportation emission factor,65119X0412024C,首页 > 经销行业服务；住宿；食品和饮料服务；运输服务；及公用事业分配服务 > 货物运输服务 > 陆路货运服务 > 其他公路货运服务,,0.1073,kgCO2e,5,2024,公吨·公里
轻型纯电动货车运输,lightweight all-electric trucks transportation emission factor,65119X0422024C,首页 > 经销行业服务；住宿；食品和饮料服务；运输服务；及公用事业分配服务 > 货物运输服务 > 陆路货运服务 > 其他公路货运服务,,0.1361,kgCO2e,5,2024,公吨·公里
微型纯电动货车运输,Transportation of miniature pure electric trucks,65119X0432024C,首页 > 经销行业服务；住宿；食品和饮料服务；运输服务；及公用事业分配服务 > 货物运输服务 > 陆路货运服务 > 其他公路货运服务,,0.2174,kgCO2e,5,2024,公吨·公里
天然气货车运输-不区分质量区间,natural gas trucks transportation emission factor-No distinction between quality zones,65119X0442024C,首页 > 经销行业服务；住宿；食品和饮料服务；运输服务；及公用事业分配服务 > 货物运输服务 > 陆路货运服务 > 其他公路货运服务,,0.2478,kgCO2e,5,2024,公吨·公里
重型天然气货车运输,Transportation of heavy natural gas trucks,65119X0452024C,首页 > 经销行业服务；住宿；食品和饮料服务；运输服务；及公用事业分配服务 > 货物运输服务 > 陆路货运服务 > 其他公路货运服务,,0.1088,kgCO2e,5,2024,公吨·公里
中型天然气货车运输,medium-sized natural gas trucks transportation emission factor,65119X0462024C,首页 > 经销行业服务；住宿；食品和饮料服务；运输服务；及公用事业分配服务 > 货物运输服务 > 陆路货运服务 > 其他公路货运服务,,0.163,kgCO2e,5,2024,公吨·公里
轻型天然气货车运输,light natural gas trucks transportation emission factor,65119X0472024C,首页 > 经销行业服务；住宿；食品和饮料服务；运输服务；及公用事业分配服务 > 货物运输服务 > 陆路货运服务 > 其他公路货运服务,,0.3013,kgCO2e,5,2024,公吨·公里
微型天然气货车运输,mini-gas trucks transportation emission factor,65119X0482024C,首页 > 经销行业服务；住宿；食品和饮料服务；运输服务；及公用事业分配服务 > 货物运输服务 > 陆路货运服务 > 其他公路货运服务,,0.8405,kgCO2e,5,2024,公吨·公里
中型纯电动货车运输,medium-sized pure electric trucks transportation emission factor,65139X0012024C,首页 > 经销行业服务；住宿；食品和饮料服务；运输服务；及公用事业分配服务 > 货物运输服务 > 陆路货运服务 > 其他货物管道运输服务,,0.1036,kgCO2e,5,2024,公吨·公里
铁路运输(中国市场平均),"Railway transport (Average, China)",65129X0022019C,首页 > 经销行业服务；住宿；食品和饮料服务；运输服务；及公用事业分配服务 > 货物运输服务 > 陆路货运服务 > 其他铁路货运服务,,0.01,kgCO2e,5,2019,公吨·公里
铁路运输,Railway (freight),65129X0032024C,首页 > 经销行业服务；住宿；食品和饮料服务；运输服务；及公用事业分配服务 > 货物运输服务 > 陆路货运服务 > 其他铁路货运服务,,6.502,gCO2e,5,2024,公吨·公里
柴油货车运输服务-冷藏运输,Diesel refrigerated truck transport service,65111X0012021A,首页 > 经销行业服务；住宿；食品和饮料服务；运输服务；及公用事业分配服务 > 货物运输服务 > 陆路货运服务 > 冷藏车公路货运服务,,0.14236,kgCO2e,4,2021,公吨·公里
重型冷链柴油货车运输,heavy duty cold chain diesel trucks transportation emission factor,65111X0022024C,首页 > 经销行业服务；住宿；食品和饮料服务；运输服务；及公用事业分配服务 > 货物运输服务 > 陆路货运服务 > 冷藏车公路货运服务,,0.1095,kgCO2e,5,2024,公吨·公里
中型冷链柴油货车运输,medium-sized cold chain diesel trucks transportation emission factor,65111X0032024C,首页 > 经销行业服务；住宿；食品和饮料服务；运输服务；及公用事业分配服务 > 货物运输服务 > 陆路货运服务 > 冷藏车公路货运服务,,0.1683,kgCO2e,5,2024,公吨·公里
轻型冷链柴油货车运输,light duty cold chain diesel trucks transportation emission factor,65111X0042024C,首页 > 经销行业服务；住宿；食品和饮料服务；运输服务；及公用事业分配服务 > 货物运输服务 > 陆路货运服务 > 冷藏车公路货运服务,,0.2925,kgCO2e,5,2024,公吨·公里
轻型冷链汽油货车运输,light duty cold chain gasoline trucks transportation emission factor,65111X0052024C,首页 > 经销行业服务；住宿；食品和饮料服务；运输服务；及公用事业分配服务 > 货物运输服务 > 陆路货运服务 > 冷藏车公路货运服务,,0.2518,kgCO2e,5,2024,公吨·公里
微型冷链汽油货车运输,miniature cold chain gasoline trucks transportation emission factor,65111X0062024C,首页 > 经销行业服务；住宿；食品和饮料服务；运输服务；及公用事业分配服务 > 货物运输服务 > 陆路货运服务 > 冷藏车公路货运服务,,0.7771,kgCO2e,5,2024,公吨·公里
重型冷链纯电动货车运输,heavy-duty cold chain pure electric trucks transportation emission factor,65111X0072024C,首页 > 经销行业服务；住宿；食品和饮料服务；运输服务；及公用事业分配服务 > 货物运输服务 > 陆路货运服务 > 冷藏车公路货运服务,,0.1202,kgCO2e,5,2024,公吨·公里
中型冷链纯电动货车运输,medium-sized cold chain pure electric trucks transportation emission factor,65111X0082024C,首页 > 经销行业服务；住宿；食品和饮料服务；运输服务；及公用事业分配服务 > 货物运输服务 > 陆路货运服务 > 冷藏车公路货运服务,,0.116,kgCO2e,5,2024,公吨·公里
轻型冷链纯电动货车运输,light cold chain pure electric trucks transportation emission factor,65111X0092024C,首页 > 经销行业服务；住宿；食品和饮料服务；运输服务；及公用事业分配服务 > 货物运输服务 > 陆路货运服务 > 冷藏车公路货运服务,,0.1524,kgCO2e,5,2024,公吨·公里
微型冷链纯电动货车运输,miniature cold chain pure electric vans transportation emission factor,65111X0102024C,首页 > 经销行业服务；住宿；食品和饮料服务；运输服务；及公用事业分配服务 > 货物运输服务 > 陆路货运服务 > 冷藏车公路货运服务,,0.25,kgCO2e,5,2024,公吨·公里
重型冷链天然气货车运输,heavy duty cold chain natural gas trucks transportation emission factor,65111X0112024C,首页 > 经销行业服务；住宿；食品和饮料服务；运输服务；及公用事业分配服务 > 货物运输服务 > 陆路货运服务 > 冷藏车公路货运服务,,0.1219,kgCO2e,5,2024,公吨·公里
中型冷链天然气货车运输,medium-sized cold chain natural gas trucks transportation emission factor,65111X0122024C,首页 > 经销行业服务；住宿；食品和饮料服务；运输服务；及公用事业分配服务 > 货物运输服务 > 陆路货运服务 > 冷藏车公路货运服务,,0.1826,kgCO2e,5,2024,公吨·公里
轻型冷链天然气货车运输,light duty cold chain natural gas trucks transportation emission factor,65111X0132024C,首页 > 经销行业服务；住宿；食品和饮料服务；运输服务；及公用事业分配服务 > 货物运输服务 > 陆路货运服务 > 冷藏车公路货运服务,,0.3374,kgCO2e,5,2024,公吨·公里
微型冷链天然气货车运输,miniature cold-chained natural gas trucks transportation emission factor,65111X0142024C,首页 > 经销行业服务；住宿；食品和饮料服务；运输服务；及公用事业分配服务 > 货物运输服务 > 陆路货运服务 > 冷藏车公路货运服务,,0.9666,kgCO2e,5,2024,公吨·公里
小型货车货运服务,Minivan freight service,65117X0042014A,首页 > 经销行业服务；住宿；食品和饮料服务；运输服务；及公用事业分配服务 > 货物运输服务 > 陆路货运服务 > 干散货公路运输服务,,0.32688,kgCO2e,4,2014,千米
轻型货车货运服务,Light truck freight service,65117X0022014A,首页 > 经销行业服务；住宿；食品和饮料服务；运输服务；及公用事业分配服务 > 货物运输服务 > 陆路货运服务 > 干散货公路运输服务,,0.50164,kgCO2e,4,2014,千米
中型货车货运服务,Medium truck freight service,65117X0032014A,首页 > 经销行业服务；住宿；食品和饮料服务；运输服务；及公用事业分配服务 > 货物运输服务 > 陆路货运服务 > 干散货公路运输服务,,0.51403,kgCO2e,4,2014,千米
重型货车货运服务,Heavy truck freight service,65117X0012014A,首页 > 经销行业服务；住宿；食品和饮料服务；运输服务；及公用事业分配服务 > 货物运输服务 > 陆路货运服务 > 干散货公路运输服务,,0.59803,kgCO2e,4,2014,千米
三轮汽车行驶,Three-wheeled vehicle in motion,65117X0112023A,首页 > 经销行业服务；住宿；食品和饮料服务；运输服务；及公用事业分配服务 > 货物运输服务 > 陆路货运服务 > 干散货公路运输服务,,80.46,gCO2e,5,2023,千米
汽油货车平均,Petrol van average,65117X0012021A,首页 > 经销行业服务；住宿；食品和饮料服务；运输服务；及公用事业分配服务 > 货物运输服务 > 陆路货运服务 > 干散货公路运输服务,,0.71915,kgCO2e,3,2021,千米
电动货车平均,Battery electric van average,65117X0022021A,首页 > 经销行业服务；住宿；食品和饮料服务；运输服务；及公用事业分配服务 > 货物运输服务 > 陆路货运服务 > 干散货公路运输服务,,0.24547,kgCO2e,3,2021,千米
运输过程-公路,Transportation processes - road,65117X0102025C,首页 > 经销行业服务；住宿；食品和饮料服务；运输服务；及公用事业分配服务 > 货物运输服务 > 陆路货运服务 > 干散货公路运输服务,,0.076,kgCO2e,5,2025,公吨·公里
内燃机车运输,Internal Combustion Locomotive Transportation,65117X0122019C,首页 > 经销行业服务；住宿；食品和饮料服务；运输服务；及公用事业分配服务 > 货物运输服务 > 陆路货运服务 > 干散货公路运输服务,,0.011,kgCO2e,5,2019,公吨·公里
铁路（货运）,Railway (freight),65125X0012021A,首页 > 经销行业服务；住宿；食品和饮料服务；运输服务；及公用事业分配服务 > 货物运输服务 > 陆路货运服务 > 干散货铁路运输服务,,0.02782,kgCO2e,3,2021,千米
铁路（综合货运）,Rail（Integrated freight）,65125X0012018C,首页 > 经销行业服务；住宿；食品和饮料服务；运输服务；及公用事业分配服务 > 货物运输服务 > 陆路货运服务 > 干散货铁路运输服务,,0.008,kgCO2e,5,2018,公吨·公里
铁路运维物资供应,Railway operation and maintenance materials supply,65125X0032021C,首页 > 经销行业服务；住宿；食品和饮料服务；运输服务；及公用事业分配服务 > 货物运输服务 > 陆路货运服务 > 干散货铁路运输服务,,106987,tCO2e,5,2021,公吨
运输过程-铁路,Transportation processes - railroads,65125X0022025C,首页 > 经销行业服务；住宿；食品和饮料服务；运输服务；及公用事业分配服务 > 货物运输服务 > 陆路货运服务 > 干散货铁路运输服务,,0.003,kgCO2e,5,2025,公吨·公里
原油管道运输,Crude oil pipeline transportation,65131X0012017A,首页 > 经销行业服务；住宿；食品和饮料服务；运输服务；及公用事业分配服务 > 货物运输服务 > 陆路货运服务 > 石油和天然气管道运输服务,,0.075,kgCO2e,4,2017,公吨·公里
天然气管道运输,Gas pipeline transportation,65131X0032022A,首页 > 经销行业服务；住宿；食品和饮料服务；运输服务；及公用事业分配服务 > 货物运输服务 > 陆路货运服务 > 石油和天然气管道运输服务,,0.056,gCO2e,4,2022,立方米·千米
原油管道运输,Crude oil pipeline transportation,65131X0042017A,首页 > 经销行业服务；住宿；食品和饮料服务；运输服务；及公用事业分配服务 > 货物运输服务 > 陆路货运服务 > 石油和天然气管道运输服务,,3,gCO2e,5,2017,桶
原油管道运输,Oil pipeline transportation,65131X0052021A,首页 > 经销行业服务；住宿；食品和饮料服务；运输服务；及公用事业分配服务 > 货物运输服务 > 陆路货运服务 > 石油和天然气管道运输服务,,3.74,tCO2e,4,2021,公吨·公里
天然气管道运输,Gas pipeline transportation,65131X0062020A,首页 > 经销行业服务；住宿；食品和饮料服务；运输服务；及公用事业分配服务 > 货物运输服务 > 陆路货运服务 > 石油和天然气管道运输服务,,1.35,gCO2e,4,2020,吉焦·千米
天然气管道运输,Gas pipeline transportation,65131X0072022A,首页 > 经销行业服务；住宿；食品和饮料服务；运输服务；及公用事业分配服务 > 货物运输服务 > 陆路货运服务 > 石油和天然气管道运输服务,,6.7216,gCO2e,4,2022,立方米·千米
牵引车货运服务,Tractor freight service,65112X0012014A,首页 > 经销行业服务；住宿；食品和饮料服务；运输服务；及公用事业分配服务 > 货物运输服务 > 陆路货运服务 > 罐车或半挂车公路货运服务,,1.11181,kgCO2e,4,2014,千米
快递包装箱（瓦楞纸箱单次使用）,Express packaging box ( Corrugated carton used once),68012X0072021A,首页 > 经销行业服务；住宿；食品和饮料服务；运输服务；及公用事业分配服务 > 邮政和信使服务 > 邮政和信使服务 > 有关包裹的邮政服务,,0.381092,kgCO2e,5,2021,次使用
快递包装箱（PP循环箱）,Express packaging box ( Polypropylene Express circulation box),68012X0092021A,首页 > 经销行业服务；住宿；食品和饮料服务；运输服务；及公用事业分配服务 > 邮政和信使服务 > 邮政和信使服务 > 有关包裹的邮政服务,,0.098068,kgCO2e,5,2021,次使用
运单（快递封装用）,Express waybill（Dedicated for express packaging）,68012X0012013C,首页 > 经销行业服务；住宿；食品和饮料服务；运输服务；及公用事业分配服务 > 邮政和信使服务 > 邮政和信使服务 > 有关包裹的邮政服务,,1.872,kgCO2e,5,2013,kg
循环快递箱,Reusable packaging,68012X0032021C,首页 > 经销行业服务；住宿；食品和饮料服务；运输服务；及公用事业分配服务 > 邮政和信使服务 > 邮政和信使服务 > 有关包裹的邮政服务,PP-单次使用,0.098,kgCO2e,5,2021,单次使用
瓦楞纸箱,Corrugated Box,68012X0072021A,首页 > 经销行业服务；住宿；食品和饮料服务；运输服务；及公用事业分配服务 > 邮政和信使服务 > 邮政和信使服务 > 有关包裹的邮政服务,,2.8,kgCO2e,4,2021,kg
远程飞机航程商务舱,"Long-haul, to/from UK（Business class）",66031X0012021A,首页 > 经销行业服务；住宿；食品和饮料服务；运输服务；及公用事业分配服务 > 配备驾驶员的交通工具出租服务 > 配备驾驶员的交通工具出租服务 > 配备驾驶员的交通工具出租服务,,0.42882,kgCO2e,4,2021,人·千米
远程飞机航程头等舱,"Long-haul, to/from UK（First class）",66031X0022021A,首页 > 经销行业服务；住宿；食品和饮料服务；运输服务；及公用事业分配服务 > 配备驾驶员的交通工具出租服务 > 配备驾驶员的交通工具出租服务 > 配备驾驶员的交通工具出租服务,,0.59147,kgCO2e,4,2021,人·千米
国际飞机航程,"International, to/from non",66031X0032021A,首页 > 经销行业服务；住宿；食品和饮料服务；运输服务；及公用事业分配服务 > 配备驾驶员的交通工具出租服务 > 配备驾驶员的交通工具出租服务 > 配备驾驶员的交通工具出租服务,,0.18362,kgCO2e,4,2021,人·千米
国际飞机航程经济舱,"International, to/from non-UK（Economy class）",66031X0042021A,首页 > 经销行业服务；住宿；食品和饮料服务；运输服务；及公用事业分配服务 > 配备驾驶员的交通工具出租服务 > 配备驾驶员的交通工具出租服务 > 配备驾驶员的交通工具出租服务,,0.140625,kgCO2e,4,2021,人·千米
国际飞机航程高端经济舱,"International, to/from non-UK（Premium economy class）",66031X0052021A,首页 > 经销行业服务；住宿；食品和饮料服务；运输服务；及公用事业分配服务 > 配备驾驶员的交通工具出租服务 > 配备驾驶员的交通工具出租服务 > 配备驾驶员的交通工具出租服务,,0.225,kgCO2e,4,2021,人·千米
汽车运输船,Vehicle transport average,66022X0022021A,首页 > 经销行业服务；住宿；食品和饮料服务；运输服务；及公用事业分配服务 > 配备驾驶员的交通工具出租服务 > 配备驾驶员的交通工具出租服务 > 配备驾驶员的交通工具出租服务,,0.038579,kgCO2e,4,2021,公吨·公里
滚装船,RoRo-Ferry,66022X0032021A,首页 > 经销行业服务；住宿；食品和饮料服务；运输服务；及公用事业分配服务 > 配备驾驶员的交通工具出租服务 > 配备驾驶员的交通工具出租服务 > 配备驾驶员的交通工具出租服务,,0.051659,kgCO2e,4,2021,公吨·公里
冷藏船,Refrigerated cargo,66022X0042021A,首页 > 经销行业服务；住宿；食品和饮料服务；运输服务；及公用事业分配服务 > 配备驾驶员的交通工具出租服务 > 配备驾驶员的交通工具出租服务 > 配备驾驶员的交通工具出租服务,,0.01308,kgCO2e,4,2021,公吨
汽油小客车运输,Gasoline Car Transportation Emission Factor,66032X0012021C,首页 > 经销行业服务；住宿；食品和饮料服务；运输服务；及公用事业分配服务 > 配备驾驶员的交通工具出租服务 > 配备驾驶员的交通工具出租服务 > 配备驾驶员的交通工具出租服务,,0.041,kgCO2e,5,2021,人·千米
电动小客车运输,Electric car transportation emission factor,66032X0022021C,首页 > 经销行业服务；住宿；食品和饮料服务；运输服务；及公用事业分配服务 > 配备驾驶员的交通工具出租服务 > 配备驾驶员的交通工具出租服务 > 配备驾驶员的交通工具出租服务,,0.022,kgCO2e,5,2021,人·千米
汽油出租车运输,Gasoline Taxi,66011X0012021A,首页 > 经销行业服务；住宿；食品和饮料服务；运输服务；及公用事业分配服务 > 配备驾驶员的交通工具出租服务 > 配备驾驶员的交通工具出租服务 > 配备驾驶员的公共汽车和大客车出租服务,,0.041,kgCO2e,4,2021,人·千米
电动出租车运输,Electric Taxi,66011X0022021A,首页 > 经销行业服务；住宿；食品和饮料服务；运输服务；及公用事业分配服务 > 配备驾驶员的交通工具出租服务 > 配备驾驶员的交通工具出租服务 > 配备驾驶员的公共汽车和大客车出租服务,,0.01696,kgCO2e,4,2021,人·千米
苹果手表系列6-(GPS) 44毫米铝制表壳，带运动环,Apple Watch Series 6-(GPS) 44mm Aluminum Case with Sport Loop,62285X0012020B,首页 > 经销行业服务；住宿；食品和饮料服务；运输服务；及公用事业分配服务 > 零售业服务 > 专销店零售业服务 > 电子产品和电子通讯器材及其零件的专销店零售业服务,Apple Watch Series 6-(GPS) 44mm Aluminum Case with Sport Loop,32,kgCO2e,5,2020,块
苹果手表系列6-(GPS + Cellular) 44mm 铝制表壳，带运动表带,Apple Watch Series 6-(GPS + Cellular) 44mm Aluminum Case with Sport Band,62285X0022020B,首页 > 经销行业服务；住宿；食品和饮料服务；运输服务；及公用事业分配服务 > 零售业服务 > 专销店零售业服务 > 电子产品和电子通讯器材及其零件的专销店零售业服务,Apple Watch Series 6-(GPS + Cellular) 44mm Aluminum Case with Sport Band,36,kgCO2e,5,2020,块
苹果手表系列6-(GPS + Cellular) 44mm 不锈钢表壳，带运动表带,Apple Watch Series 6-(GPS + Cellular) 44mm Stainless Steel Case with Sport Band,62285X0032020B,首页 > 经销行业服务；住宿；食品和饮料服务；运输服务；及公用事业分配服务 > 零售业服务 > 专销店零售业服务 > 电子产品和电子通讯器材及其零件的专销店零售业服务,Apple Watch Series 6-(GPS + Cellular) 44mm Stainless Steel Case with Sport Band,43,kgCO2e,5,2020,块
苹果手表系列6-钛金属表壳，带运动表带和运动圈,Apple Watch Series 6-(GPS + Cellular) 44mm Titanium Case with Sport Band and Sport Loop,62285X0042020B,首页 > 经销行业服务；住宿；食品和饮料服务；运输服务；及公用事业分配服务 > 零售业服务 > 专销店零售业服务 > 电子产品和电子通讯器材及其零件的专销店零售业服务,Apple Watch Series 6-(GPS + Cellular) 44mm Titanium Case with Sport Band and Sport Loop,42,kgCO2e,5,2020,块
苹果手表系列3,Apple Watch Series 3,62285X0052018B,首页 > 经销行业服务；住宿；食品和饮料服务；运输服务；及公用事业分配服务 > 零售业服务 > 专销店零售业服务 > 电子产品和电子通讯器材及其零件的专销店零售业服务,,28,kgCO2e,5,2018,块
苹果手机,mobile phone,62285X0072016B,首页 > 经销行业服务；住宿；食品和饮料服务；运输服务；及公用事业分配服务 > 零售业服务 > 专销店零售业服务 > 电子产品和电子通讯器材及其零件的专销店零售业服务,32G 黑色 iPhone 7,19.71,kgCO2e,5,2016,台
阿萨姆奶茶400ml,Assam Milk Tea 400ml,62127X0012020B,首页 > 经销行业服务；住宿；食品和饮料服务；运输服务；及公用事业分配服务 > 零售业服务 > 非专销店零售业服务 > 咖啡、茶和香料的非专销店零售业服务,,220,kgCO2e,4,2020,包
阿萨姆奶茶350ml,(Assam Milk Tea 350ml),62127X0022020B,首页 > 经销行业服务；住宿；食品和饮料服务；运输服务；及公用事业分配服务 > 零售业服务 > 非专销店零售业服务 > 咖啡、茶和香料的非专销店零售业服务,,220,kgCO2e,5,2020,包
苹果手表系列7（45mm 铝合金表壳）,Apple Watch Series 7-45mm Aluminum Case with Sport Band,62185X0012021B,首页 > 经销行业服务；住宿；食品和饮料服务；运输服务；及公用事业分配服务 > 零售业服务 > 非专销店零售业服务 > 电子产品和电子通讯器材及其零件的非专销店零售业服务,Apple Watch Series 7-45mm Aluminum Case with Sport Band,34,kgCO2e,5,2021,块
苹果手表系列7（45mm 不锈钢表壳）,Apple Watch Series 7-45mm Stainless Steel Case with Sport Band,62185X0022021B,首页 > 经销行业服务；住宿；食品和饮料服务；运输服务；及公用事业分配服务 > 零售业服务 > 非专销店零售业服务 > 电子产品和电子通讯器材及其零件的非专销店零售业服务,Apple Watch Series 7-45mm Stainless Steel Case with Sport Band,37,kgCO2e,5,2021,个
苹果手表系列7（45mm 不锈钢表带）,Apple Watch Series 7-45mm Stainless Steel with Milanese Loop,62185X0032021B,首页 > 经销行业服务；住宿；食品和饮料服务；运输服务；及公用事业分配服务 > 零售业服务 > 非专销店零售业服务 > 电子产品和电子通讯器材及其零件的非专销店零售业服务,Apple Watch Series 7-45mm Stainless Steel with Milanese Loop,34,kgCO2e,5,2021,块
苹果手表系列7（45mm 钛金属表壳）,Apple Watch Series 7-45mm Titanium Case with Sport Band and Leather Link,62185X0042021B,首页 > 经销行业服务；住宿；食品和饮料服务；运输服务；及公用事业分配服务 > 零售业服务 > 非专销店零售业服务 > 电子产品和电子通讯器材及其零件的非专销店零售业服务,Apple Watch Series 7-45mm Titanium Case with Sport Band and Leather Link,41,kgCO2e,5,2021,块
苹果手表系列6-(GPS) 44毫米铝制表壳，带运动表带,Apple Watch Series 6-(GPS) 44mm Aluminum Case with Sport Band,62185X0052020B,首页 > 经销行业服务；住宿；食品和饮料服务；运输服务；及公用事业分配服务 > 零售业服务 > 非专销店零售业服务 > 电子产品和电子通讯器材及其零件的非专销店零售业服务,Apple Watch Series 6-(GPS) 44mm Aluminum Case with Sport Band,35,kgCO2e,5,2020,块
苹果，手表系列6-(GPS + Cellular) 44毫米不锈钢表壳，带米兰式表圈,Apple Watch Series 6-(GPS + Cellular) 44mm Stainless Steel with Milanese Loop,62185X0062020B,首页 > 经销行业服务；住宿；食品和饮料服务；运输服务；及公用事业分配服务 > 零售业服务 > 非专销店零售业服务 > 电子产品和电子通讯器材及其零件的非专销店零售业服务,Apple Watch Series 6-(GPS + Cellular) 44mm Stainless Steel with Milanese Loop,41,kgCO2e,5,2020,部
苹果，手表系列SE-(GPS) 44毫米铝制运动表带,Apple Watch SE- (GPS) 44mm Aluminum Case with Sport Band,62185X0072020B,首页 > 经销行业服务；住宿；食品和饮料服务；运输服务；及公用事业分配服务 > 零售业服务 > 非专销店零售业服务 > 电子产品和电子通讯器材及其零件的非专销店零售业服务,Apple Watch SE- (GPS) 44mm Aluminum Case with Sport Band,34,kgCO2e,5,2020,个
苹果手表极致版2,Apple Watch Ultra 2,62185X0122023A,首页 > 经销行业服务；住宿；食品和饮料服务；运输服务；及公用事业分配服务 > 零售业服务 > 非专销店零售业服务 > 电子产品和电子通讯器材及其零件的非专销店零售业服务,Ultra 2,12,kgCO2e,5,2023,台
中控显示屏,Central control display screen,44918X0022021B,首页 > 金属制品、机械和设备 > 专用机械 > 其他专用机械及其零件 > 半导体晶圆、半导体设备、集成电路和液晶显示屏制造机,中控显示屏,0.00132,tCO2e,4,2021,套
KF80-LC 热泵热水器,KF80-LC heat pump water heater,44831X0012015A,首页 > 金属制品、机械和设备 > 专用机械 > 家用电器及其零件 > 下列设备的零件；配有整装电动机的家用电器具、剃须刀及剪毛器；瞬时电热水器或存储式电热水器及浸入式热水器，空间电热装置及土壤电热装置；电热烫发装置及电热手烘干机；电熨斗；其他家用电热用具,KF80-LC,5866.28,kgCO2e,4,2015,台
科沃斯T9扫地机器人,sweeping robot,44816X0082021A,首页 > 金属制品、机械和设备 > 专用机械 > 家用电器及其零件 > 其他小型家用电器（包括真空吸尘器、厨房废弃物处理器、食物搅拌器、剃须刀、吹风机、熨斗、咖啡壶和烤面包器）,,232.453,kgCO2e,4,2021,台
榨汁机/破壁机,Juicer,44816X0012016A,首页 > 金属制品、机械和设备 > 专用机械 > 家用电器及其零件 > 其他小型家用电器（包括真空吸尘器、厨房废弃物处理器、食物搅拌器、剃须刀、吹风机、熨斗、咖啡壶和烤面包器）,,304.824,kgCO2e,5,2016,台
洗碗机,Dishwasher,44816X0022013A,首页 > 金属制品、机械和设备 > 专用机械 > 家用电器及其零件 > 其他小型家用电器（包括真空吸尘器、厨房废弃物处理器、食物搅拌器、剃须刀、吹风机、熨斗、咖啡壶和烤面包器）,,3672.49,kgCO2e,5,2013,台
面包机,Bread machine,44816X0032018A,首页 > 金属制品、机械和设备 > 专用机械 > 家用电器及其零件 > 其他小型家用电器（包括真空吸尘器、厨房废弃物处理器、食物搅拌器、剃须刀、吹风机、熨斗、咖啡壶和烤面包器）,,46,kgCO2e,3,2018,台
扫地机器人,robot vacuum cleaner,44816X0092022A,首页 > 金属制品、机械和设备 > 专用机械 > 家用电器及其零件 > 其他小型家用电器（包括真空吸尘器、厨房废弃物处理器、食物搅拌器、剃须刀、吹风机、熨斗、咖啡壶和烤面包器）,科沃斯品牌T9型号,232.453,kgCO2e,4,2022,件
微波炉,Microwave,44816X0042018A,首页 > 金属制品、机械和设备 > 专用机械 > 家用电器及其零件 > 其他小型家用电器（包括真空吸尘器、厨房废弃物处理器、食物搅拌器、剃须刀、吹风机、熨斗、咖啡壶和烤面包器）,,160,kgCO2e,3,2018,台
微波炉,Microwave Oven,44816X0052010A,首页 > 金属制品、机械和设备 > 专用机械 > 家用电器及其零件 > 其他小型家用电器（包括真空吸尘器、厨房废弃物处理器、食物搅拌器、剃须刀、吹风机、熨斗、咖啡壶和烤面包器）,,2269.85,kgCO2e,5,2010,台
真空吸尘器,vacuum cleaner,44816X0062018A,首页 > 金属制品、机械和设备 > 专用机械 > 家用电器及其零件 > 其他小型家用电器（包括真空吸尘器、厨房废弃物处理器、食物搅拌器、剃须刀、吹风机、熨斗、咖啡壶和烤面包器）,-,416,kgCO2e,4,2018,个
无袋家用筒式吸尘器,Bagless Household Cartridge Vacuum Cleaner,44816X0072018A,首页 > 金属制品、机械和设备 > 专用机械 > 家用电器及其零件 > 其他小型家用电器（包括真空吸尘器、厨房废弃物处理器、食物搅拌器、剃须刀、吹风机、熨斗、咖啡壶和烤面包器）,,43,kgCO2e,3,2018,台
有袋家用筒式吸尘器,Bag Household Cartridge Vacuum Cleaner,44816X0082018A,首页 > 金属制品、机械和设备 > 专用机械 > 家用电器及其零件 > 其他小型家用电器（包括真空吸尘器、厨房废弃物处理器、食物搅拌器、剃须刀、吹风机、熨斗、咖啡壶和烤面包器）,,39,kgCO2e,3,2018,台
专业筒式吸尘器,Professional Cartridge Vacuum Cleaner,44816X0092018A,首页 > 金属制品、机械和设备 > 专用机械 > 家用电器及其零件 > 其他小型家用电器（包括真空吸尘器、厨房废弃物处理器、食物搅拌器、剃须刀、吹风机、熨斗、咖啡壶和烤面包器）,,67,kgCO2e,3,2018,台
糕点机器人,Pastry Robot,44816X0102018A,首页 > 金属制品、机械和设备 > 专用机械 > 家用电器及其零件 > 其他小型家用电器（包括真空吸尘器、厨房废弃物处理器、食物搅拌器、剃须刀、吹风机、熨斗、咖啡壶和烤面包器）,,36,kgCO2e,3,2018,台
真空吸尘器,vacuum cleaner,44816X0112016A,首页 > 金属制品、机械和设备 > 专用机械 > 家用电器及其零件 > 其他小型家用电器（包括真空吸尘器、厨房废弃物处理器、食物搅拌器、剃须刀、吹风机、熨斗、咖啡壶和烤面包器）,,45,kgCO2e,4,2016,台
水源热泵供热,Water source heat pump,44825X0012012A,首页 > 金属制品、机械和设备 > 专用机械 > 家用电器及其零件 > 可产生热水或低压蒸汽的集中供热锅炉,,620.8,kgCO2e,4,2012,GJ
电冰箱,refrigerator,44811X0012022A,首页 > 金属制品、机械和设备 > 专用机械 > 家用电器及其零件 > 电动或非电动家用冰箱及食品冷冻器,,3198.1131,kgCO2e,5,2022,台
电冰箱,Refrigerator,44811X0012009A,首页 > 金属制品、机械和设备 > 专用机械 > 家用电器及其零件 > 电动或非电动家用冰箱及食品冷冻器,,2564.958136,kgCO2e,5,2009,台
单门冰箱（250 升）,Single door refrigerator (250 liters）,44811X0022018A,首页 > 金属制品、机械和设备 > 专用机械 > 家用电器及其零件 > 电动或非电动家用冰箱及食品冷冻器,,237,kgCO2e,3,2018,台
组合冰箱（215 升 / 79 升）,Combination refrigerator (215L / 79L),44811X0032018A,首页 > 金属制品、机械和设备 > 专用机械 > 家用电器及其零件 > 电动或非电动家用冰箱及食品冷冻器,,196,kgCO2e,3,2018,台
迷你吧冰箱（33 升）,Minibar refrigerator (33 liters usable volume),44811X0042018A,首页 > 金属制品、机械和设备 > 专用机械 > 家用电器及其零件 > 电动或非电动家用冰箱及食品冷冻器,,69,kgCO2e,3,2018,台
冷藏柜（261 升）,Refrigerator (261 liters),44811X0052018A,首页 > 金属制品、机械和设备 > 专用机械 > 家用电器及其零件 > 电动或非电动家用冰箱及食品冷冻器,,243,kgCO2e,3,2018,台
立式冷冻柜（205 升）,Upright freezer (205 liters),44811X0062018A,首页 > 金属制品、机械和设备 > 专用机械 > 家用电器及其零件 > 电动或非电动家用冰箱及食品冷冻器,,332,kgCO2e,3,2018,台
电冰箱（160L),refrigerator,44811X0082019C,首页 > 金属制品、机械和设备 > 专用机械 > 家用电器及其零件 > 电动或非电动家用冰箱及食品冷冻器,BCD-160,2632.976,kgCO2e,5,2019,台
紧凑型洗碗机（9套）,Compact Dishwasher (9 replace settings),44812X0012017A,首页 > 金属制品、机械和设备 > 专用机械 > 家用电器及其零件 > 电动或非电动家用洗碗机及衣服和亚麻制品洗涤或烘干用机器,,431,kgCO2e,4,2017,台
标准洗碗机（12套）,Standard Dishwasher (12 place settings),44812X0022017A,首页 > 金属制品、机械和设备 > 专用机械 > 家用电器及其零件 > 电动或非电动家用洗碗机及衣服和亚麻制品洗涤或烘干用机器,,513,kgCO2e,4,2017,台
罩式洗碗机,Hood Dishwasher,44812X0032017A,首页 > 金属制品、机械和设备 > 专用机械 > 家用电器及其零件 > 电动或非电动家用洗碗机及衣服和亚麻制品洗涤或烘干用机器,,6365,kgCO2e,4,2017,台
上装式洗衣机,Top loading washing machine,44812X0052017A,首页 > 金属制品、机械和设备 > 专用机械 > 家用电器及其零件 > 电动或非电动家用洗碗机及衣服和亚麻制品洗涤或烘干用机器,,468,kgCO2e,4,2017,台
滚筒洗衣机,Front loading washing machine,44812X0062017A,首页 > 金属制品、机械和设备 > 专用机械 > 家用电器及其零件 > 电动或非电动家用洗碗机及衣服和亚麻制品洗涤或烘干用机器,,539,kgCO2e,4,2017,台
通风干燥机（6公斤）,Ventilation dryer (6 kg),44812X0072017A,首页 > 金属制品、机械和设备 > 专用机械 > 家用电器及其零件 > 电动或非电动家用洗碗机及衣服和亚麻制品洗涤或烘干用机器,,545,kgCO2e,4,2017,台
冷凝式干燥机（6公斤）,Condensation dryer (6 kg),44812X0082017A,首页 > 金属制品、机械和设备 > 专用机械 > 家用电器及其零件 > 电动或非电动家用洗碗机及衣服和亚麻制品洗涤或烘干用机器,,588,kgCO2e,4,2017,台
热泵烘干机（8公斤）,Heat pump dryer (8 kg),44812X0092017A,首页 > 金属制品、机械和设备 > 专用机械 > 家用电器及其零件 > 电动或非电动家用洗碗机及衣服和亚麻制品洗涤或烘干用机器,,506,kgCO2e,4,2017,台
嵌入式电烤箱（54升）,Built-in electric oven (54L),44817X0012017A,首页 > 金属制品、机械和设备 > 专用机械 > 家用电器及其零件 > 瞬时电热器或存储式电热水器及浸入式水加热器；空间电热装置及土壤电热装置；烤箱；蒸煮用具、炊事电炉、沸腾电灶、烤架及烤炉,,319,kgCO2e,4,2017,台
燃气灶烤箱（63升）,Gas stove oven（63L）,44817X0022017A,首页 > 金属制品、机械和设备 > 专用机械 > 家用电器及其零件 > 瞬时电热器或存储式电热水器及浸入式水加热器；空间电热装置及土壤电热装置；烤箱；蒸煮用具、炊事电炉、沸腾电灶、烤架及烤炉,,846,kgCO2e,4,2017,台
迷你电烤箱（33升）,Electric mini oven（33L）,44817X0032017A,首页 > 金属制品、机械和设备 > 专用机械 > 家用电器及其零件 > 瞬时电热器或存储式电热水器及浸入式水加热器；空间电热装置及土壤电热装置；烤箱；蒸煮用具、炊事电炉、沸腾电灶、烤架及烤炉,,190,kgCO2e,4,2017,台
专业的电蒸气组合烤箱,Professional electric steam combi oven,44817X0042017A,首页 > 金属制品、机械和设备 > 专用机械 > 家用电器及其零件 > 瞬时电热器或存储式电热水器及浸入式水加热器；空间电热装置及土壤电热装置；烤箱；蒸煮用具、炊事电炉、沸腾电灶、烤架及烤炉,,12676,kgCO2e,4,2017,部
KF120-LC 热泵热水器,KF120-LC heat pump water heater,44817X0052015A,首页 > 金属制品、机械和设备 > 专用机械 > 家用电器及其零件 > 瞬时电热器或存储式电热水器及浸入式水加热器；空间电热装置及土壤电热装置；烤箱；蒸煮用具、炊事电炉、沸腾电灶、烤架及烤炉,KF120-LC,8752.88,kgCO2e,4,2015,台
家用空调	,home air conditioning,44824X0012014A,首页 > 金属制品、机械和设备 > 专用机械 > 家用电器及其零件 > 装有马达驱动的风扇或鼓风机的铁或钢制非电热的空气加热器及热空气分配器,,4813,kgCO2e,5,2014,套
燃气灶,Gas hob,44832X0012018A,首页 > 金属制品、机械和设备 > 专用机械 > 家用电器及其零件 > 铁或钢制火炉、炉灶、炉篦、蒸煮用具、烤肉架、烤炉、煤气灶、加温器及类似非电动家用器具的零件,,652.6,kgCO2e,5,2018,台
电磁炉,Induction hob,44821X0022018A,首页 > 金属制品、机械和设备 > 专用机械 > 家用电器及其零件 > 铁或钢制非电动家用烹饪用器具及加热器；铜制非电动家用烹饪或取暖器具,,989.9,kgCO2e,5,2018,台
主轴套筒,spindle sleeve,44251X0012017A,首页 > 金属制品、机械和设备 > 专用机械 > 机床及其零件与配件 > 刀夹、自动开合板牙头、工件夹具、分度头及其他机床专用配件；各种类型的手用工具的刀夹；4421级所列制品的其他零件和配件,,1668.66,kgCO2e,5,2017,件
机械加工机床,CNC machine,44213X0012020A,首页 > 金属制品、机械和设备 > 专用机械 > 机床及其零件与配件 > 切削金属用机床,CAK50135di,981940,kgCO2e,5,2020,台
涂附磨具-砂轮,Coated abrasive wheel,44216X0012017A,首页 > 金属制品、机械和设备 > 专用机械 > 机床及其零件与配件 > 利用砂轮、磨料或抛光产品等手段对金属、烧结金属碳化物或金属陶瓷去毛刺、刃磨、研磨、搪磨、精磨、抛光或其他精加工用机床；刨床、牛头刨床、立刨床、拉床、切齿机、齿轮磨床或齿轮精加工机床、锯床、切断机及用切削金属、烧结金属碳化物或金属陶瓷方式进行加工的其他未另列明的机床,,33.7,kgCO2e,4,2017,公吨
数字式超声波探伤仪,ultrasonic flaw detector,44211X0022022B,首页 > 金属制品、机械和设备 > 专用机械 > 机床及其零件与配件 > 用切削材料、激光或其他光或光子束、超声波、放电、电化学、电子束、离子束或等离子体电弧工艺加工任何材料用机床,HS700,289.995,kgCO2e,5,2022,台
水泥,Cement silicate,44440X0022015A,首页 > 金属制品、机械和设备 > 专用机械 > 采矿机、采石机和建筑机械及其零件 > 固体的泥土、石料、矿石或其他矿物质用的检选、筛分、分离，洗涤、破碎、粉磨、混合或捏和机械；固体的矿物燃料、陶土泥料、未硬化水泥、粉刷材料或其他粉状、糊状矿产品用的凝集、成型或造型机械；成型铸砂模机,,0.88,tCO2e,4,2015,公吨
高贝利特硫铝酸盐水泥,high belite sulphoaluminate cement,44440X0012020A,首页 > 金属制品、机械和设备 > 专用机械 > 采矿机、采石机和建筑机械及其零件 > 固体的泥土、石料、矿石或其他矿物质用的检选、筛分、分离，洗涤、破碎、粉磨、混合或捏和机械；固体的矿物燃料、陶土泥料、未硬化水泥、粉刷材料或其他粉状、糊状矿产品用的凝集、成型或造型机械；成型铸砂模机,,550.29,kgCO2e,4,2020,公吨
32.5级 砌筑水泥,Grade 32.5 masonry cement ,44440X0012021B,首页 > 金属制品、机械和设备 > 专用机械 > 采矿机、采石机和建筑机械及其零件 > 固体的泥土、石料、矿石或其他矿物质用的检选、筛分、分离，洗涤、破碎、粉磨、混合或捏和机械；固体的矿物燃料、陶土泥料、未硬化水泥、粉刷材料或其他粉状、糊状矿产品用的凝集、成型或造型机械；成型铸砂模机,,539,kgCO2e,3,2021,公吨
豆浆机,Soybean Milk machine,44515X0012010A,首页 > 金属制品、机械和设备 > 专用机械 > 食品、饮料及烟草加工机械及其零件 > 非电热式面包烘炉；农产品用干燥机；制热饮料或蒸煮、加热食品用机械，家用的除外,,0.04,tCO2e,4,2010,公吨
苹果笔记本电脑,16-inch MacBook Pro,45141X0022021B,首页 > 金属制品、机械和设备 > 办公、会计和计算机械 > 办公和会计用机械及其零件和附件 > 计算机；会计计算机、现金出纳机、邮资盖印机、售票机及类似附有计算装置的机器,16-inch MacBook Pro 512 G,349,kgCO2e,5,2021,台
苹果笔记本电脑,16-inch MacBook Pro 1TB,45141X0032021B,首页 > 金属制品、机械和设备 > 办公、会计和计算机械 > 办公和会计用机械及其零件和附件 > 计算机；会计计算机、现金出纳机、邮资盖印机、售票机及类似附有计算装置的机器,16-inch MacBook Pro 1TB,382,kgCO2e,5,2021,台
苹果笔记本电脑,13-inch MacBook Air 512GB,45141X0042020B,首页 > 金属制品、机械和设备 > 办公、会计和计算机械 > 办公和会计用机械及其零件和附件 > 计算机；会计计算机、现金出纳机、邮资盖印机、售票机及类似附有计算装置的机器,13-inch MacBook Air 512GB,181,kgCO2e,5,2020,台
服务器,Server,45250X0012020A,首页 > 金属制品、机械和设备 > 办公、会计和计算机械 > 计算机械及其零件和附件 > 其他数字式自动数据处理机，不论在同一机壳内是否包含下列一个或两个装置：存储装置、输入装置、输出装置,,294.8,kgCO2e,3,2020,kg
服务器,Server,45250X0022020A,首页 > 金属制品、机械和设备 > 办公、会计和计算机械 > 计算机械及其零件和附件 > 其他数字式自动数据处理机，不论在同一机壳内是否包含下列一个或两个装置：存储装置、输入装置、输出装置,,1263,kgCO2e,3,2020,kg
苹果桌面电脑,Desktops,45289X0012021B,首页 > 金属制品、机械和设备 > 办公、会计和计算机械 > 计算机械及其零件和附件 > 其他自动数据处理机的装置,24-inch iMac with 4.5K Retina display Apple M1 chip with 7-core GPU and 256GB storage,481,kgCO2e,5,2021,台
苹果桌面电脑,Desktops,45289X0022021B,首页 > 金属制品、机械和设备 > 办公、会计和计算机械 > 计算机械及其零件和附件 > 其他自动数据处理机的装置,24-inch iMac with 4.5K Retina display Apple M1 chip with 8-core GPU and 512GB storage,511,kgCO2e,5,2021,台
苹果桌面电脑,Desktops,45289X0032021B,首页 > 金属制品、机械和设备 > 办公、会计和计算机械 > 计算机械及其零件和附件 > 其他自动数据处理机的装置,21.5-inch iMac with 4K Retina display 6-core Intel Core i5 processor with 256GB SSD storage,611,kgCO2e,5,2021,台
DELL台式机,DELL desktop,45289X0442020B,首页 > 金属制品、机械和设备 > 办公、会计和计算机械 > 计算机械及其零件和附件 > 其他自动数据处理机的装置,OptiPlex,543,kgCO2e,5,2020,台
Xbox Series X,Xbox Series X,45240X0062022B,首页 > 金属制品、机械和设备 > 办公、会计和计算机械 > 计算机械及其零件和附件 > 带有系统的数字式自动数据处理机,,825.3,kgCO2e,5,2022,台
苹果台式电脑,Mac mini,45240X0072023B,首页 > 金属制品、机械和设备 > 办公、会计和计算机械 > 计算机械及其零件和附件 > 带有系统的数字式自动数据处理机,Mac mini,112,kgCO2e,5,2023,台
苹果台式电脑,Mac Studio,45240X0082022B,首页 > 金属制品、机械和设备 > 办公、会计和计算机械 > 计算机械及其零件和附件 > 带有系统的数字式自动数据处理机,Mac Studio,262,kgCO2e,5,2022,台
台式电脑,Desktops,45240X0092020A,首页 > 金属制品、机械和设备 > 办公、会计和计算机械 > 计算机械及其零件和附件 > 带有系统的数字式自动数据处理机,联想，ThinkCentre M70 All-in-One，23英寸,805.78,kgCO2e,4,2020,kg
台式电脑,Desktops,45240X0102021A,首页 > 金属制品、机械和设备 > 办公、会计和计算机械 > 计算机械及其零件和附件 > 带有系统的数字式自动数据处理机,联想，IdeaCentre AIO 3 24ALC6 ，23.8英寸,736.86,kgCO2e,4,2021,kg
台式电脑,Desktops,45240X0112021A,首页 > 金属制品、机械和设备 > 办公、会计和计算机械 > 计算机械及其零件和附件 > 带有系统的数字式自动数据处理机,联想，Yoga AIO 7 27ACH6，27英寸,1109.25,kgCO2e,4,2021,kg
台式电脑,Desktops,45240X0122020A,首页 > 金属制品、机械和设备 > 办公、会计和计算机械 > 计算机械及其零件和附件 > 带有系统的数字式自动数据处理机,联想，Lenovo V50 All-in-One 24，23.8英寸,746.7,kgCO2e,4,2020,kg
台式电脑,Desktops,45240X0132021A,首页 > 金属制品、机械和设备 > 办公、会计和计算机械 > 计算机械及其零件和附件 > 带有系统的数字式自动数据处理机,联想，IdeaCentre AIO 5 24IOB06 ，23.8英寸,755.24,kgCO2e,4,2021,kg
台式电脑,Desktops,45240X0142021A,首页 > 金属制品、机械和设备 > 办公、会计和计算机械 > 计算机械及其零件和附件 > 带有系统的数字式自动数据处理机,苹果，台式24英寸256GB内存（24-inch iMac-256GB）,267.3,kgCO2e,4,2021,kg
台式电脑,Desktops,45240X0152021A,首页 > 金属制品、机械和设备 > 办公、会计和计算机械 > 计算机械及其零件和附件 > 带有系统的数字式自动数据处理机,苹果，台式24英寸512GB内存（24-inch iMac-512GB）,281.05,kgCO2e,4,2021,kg
台式电脑,Desktops,45240X0162020A,首页 > 金属制品、机械和设备 > 办公、会计和计算机械 > 计算机械及其零件和附件 > 带有系统的数字式自动数据处理机,苹果，台式256GB内存（Mac mini-256GB）,103.2,kgCO2e,4,2020,kg
台式电脑,Desktops,45240X0172020A,首页 > 金属制品、机械和设备 > 办公、会计和计算机械 > 计算机械及其零件和附件 > 带有系统的数字式自动数据处理机,苹果，台式512GB内存（Mac mini-512GB）,118.2,kgCO2e,4,2020,kg
台式电脑,Desktops,45240X0182021A,首页 > 金属制品、机械和设备 > 办公、会计和计算机械 > 计算机械及其零件和附件 > 带有系统的数字式自动数据处理机,苹果，台式512GB内存（Mac Studio-512GB）,170.3,kgCO2e,4,2021,kg
台式电脑,Desktops,45240X0192021A,首页 > 金属制品、机械和设备 > 办公、会计和计算机械 > 计算机械及其零件和附件 > 带有系统的数字式自动数据处理机,苹果，台式1T内存（Mac Studio-1T）,243.75,kgCO2e,4,2021,kg
台式电脑,Desktops,45240X0202019A,首页 > 金属制品、机械和设备 > 办公、会计和计算机械 > 计算机械及其零件和附件 > 带有系统的数字式自动数据处理机,苹果，台式256GB内存（Mac Studio-256GB）,884.8,kgCO2e,4,2019,kg
台式电脑,Desktops,45240X0212019A,首页 > 金属制品、机械和设备 > 办公、会计和计算机械 > 计算机械及其零件和附件 > 带有系统的数字式自动数据处理机,苹果，台式1.5T内存（Mac Studio-1.5T）,2238.08,kgCO2e,4,2019,kg
DELL台式机,Server,45240X0452019B,首页 > 金属制品、机械和设备 > 办公、会计和计算机械 > 计算机械及其零件和附件 > 带有系统的数字式自动数据处理机,PowerEdge C6420,6510,kgCO2e,5,2019,台
苹果主机,Apple desktop Mac mini,45230X0022020B,首页 > 金属制品、机械和设备 > 办公、会计和计算机械 > 计算机械及其零件和附件 > 数字式自动数据处理机，在同一机壳内至少包括一个中央处理器和一个输入输出装置，不论是否组合式,"Mac mini (M1, 2020)",197,kgCO2e,5,2020,台
苹果主机,Apple desktop Mac mini,45230X0032020B,首页 > 金属制品、机械和设备 > 办公、会计和计算机械 > 计算机械及其零件和附件 > 数字式自动数据处理机，在同一机壳内至少包括一个中央处理器和一个输入输出装置，不论是否组合式,"Mac mini (M1, 2020)",172,kgCO2e,5,2020,台
苹果工作室电脑,Mac Studio,45230X0042022B,首页 > 金属制品、机械和设备 > 办公、会计和计算机械 > 计算机械及其零件和附件 > 数字式自动数据处理机，在同一机壳内至少包括一个中央处理器和一个输入输出装置，不论是否组合式,Mac Studio Apple M1 Ultra with 64GB memory and 1TB storage,375,kgCO2e,5,2022,台
苹果工作室电脑,Mac Studio,45230X0052022B,首页 > 金属制品、机械和设备 > 办公、会计和计算机械 > 计算机械及其零件和附件 > 数字式自动数据处理机，在同一机壳内至少包括一个中央处理器和一个输入输出装置，不论是否组合式,Mac Studio  Apple M1 Max with 32GB memory and 512GB storage,262,kgCO2e,5,2022,台
苹果专业版电脑,Mac pro,45230X0062019B,首页 > 金属制品、机械和设备 > 办公、会计和计算机械 > 计算机械及其零件和附件 > 数字式自动数据处理机，在同一机壳内至少包括一个中央处理器和一个输入输出装置，不论是否组合式,"Mac pro 3.5GHz (8-core) processor, Radeon Pro 580X, 32GB memory, and 256GB storage",2765,kgCO2e,5,2019,台
苹果专业版电脑,Mac pro,45230X0072019B,首页 > 金属制品、机械和设备 > 办公、会计和计算机械 > 计算机械及其零件和附件 > 数字式自动数据处理机，在同一机壳内至少包括一个中央处理器和一个输入输出装置，不论是否组合式,"Mac pro 2.5GHz (28-core) processor, dual Radeon Pro Vega II Duo with Infinity Fabric Link, 1.5TB memory, Afterburner card, and 4TB storage",6994,kgCO2e,5,2019,台
联想台式主机,Laptop,45230X0082022B,首页 > 金属制品、机械和设备 > 办公、会计和计算机械 > 计算机械及其零件和附件 > 数字式自动数据处理机，在同一机壳内至少包括一个中央处理器和一个输入输出装置，不论是否组合式,ThinkCentre neo 50t Gen 3,2240,kgCO2e,5,2022,台
联想工作站电脑,Workstation computer,45230X0092022B,首页 > 金属制品、机械和设备 > 办公、会计和计算机械 > 计算机械及其零件和附件 > 数字式自动数据处理机，在同一机壳内至少包括一个中央处理器和一个输入输出装置，不论是否组合式,ThinkStation P340 Tower塔式工作站电脑,1095,kgCO2e,5,2022,台
联想迷你工业PC主机,Mini computer host,45230X0102021B,首页 > 金属制品、机械和设备 > 办公、会计和计算机械 > 计算机械及其零件和附件 > 数字式自动数据处理机，在同一机壳内至少包括一个中央处理器和一个输入输出装置，不论是否组合式,ThinkEdge SE30,748,kgCO2e,5,2021,台
苹果，第五代iPad Pro 12.9 英寸内存1T,iPad Pro 12.9-inch (5th gneration)-1T,45272X0012021B,首页 > 金属制品、机械和设备 > 办公、会计和计算机械 > 计算机械及其零件和附件 > 移动存储装置,,228,kgCO2e,5,2021,台
苹果，第五代iPad Pro 12.9 英寸内存512G,iPad Pro 12.9-inch (5th gneration)-512G,45272X0022021B,首页 > 金属制品、机械和设备 > 办公、会计和计算机械 > 计算机械及其零件和附件 > 移动存储装置,,187,kgCO2e,5,2021,台
电脑连接线,Computer connection cables,45290X0332023B,首页 > 金属制品、机械和设备 > 办公、会计和计算机械 > 计算机械及其零件和附件 > 计算机械零件和附件,,0.54,kgCO2e,5,2023,件
罗技G213 Prodigy RGB 游戏键盘,Logitech，G213 Prodigy RGB Gaming keyboard,45261X0012020A,首页 > 金属制品、机械和设备 > 办公、会计和计算机械 > 计算机械及其零件和附件 > 输入设备（键盘，摇杆，鼠标等）,,22,kgCO2e,5,2020,个
罗技，Pro无线游戏鼠标,Logitech，PRO Wireless Gaming Mouse,45261X0022020A,首页 > 金属制品、机械和设备 > 办公、会计和计算机械 > 计算机械及其零件和附件 > 输入设备（键盘，摇杆，鼠标等）,,7.84,kgCO2e,5,2020,个
罗技，G203 Lightsync 游戏鼠标,Logitech，G203 Lightsync  Gaming Mouse,45261X0032020A,首页 > 金属制品、机械和设备 > 办公、会计和计算机械 > 计算机械及其零件和附件 > 输入设备（键盘，摇杆，鼠标等）,,5.51,kgCO2e,5,2020,个
罗技，G305 光速游戏鼠标,Logitech，G305 Lightspeed Gaming Mouse,45261X0042020A,首页 > 金属制品、机械和设备 > 办公、会计和计算机械 > 计算机械及其零件和附件 > 输入设备（键盘，摇杆，鼠标等）,,8.76,kgCO2e,5,2020,个
罗技，G903 光速游戏鼠标,Logitech，G903 Lightspeed Gaming Mouse,45261X0052020A,首页 > 金属制品、机械和设备 > 办公、会计和计算机械 > 计算机械及其零件和附件 > 输入设备（键盘，摇杆，鼠标等）,,8.64,kgCO2e,5,2020,个
罗技，G502 光速游戏鼠标,Logitech，G502 Lightspeed Gaming Mouse,45261X0062020A,首页 > 金属制品、机械和设备 > 办公、会计和计算机械 > 计算机械及其零件和附件 > 输入设备（键盘，摇杆，鼠标等）,,8.69,kgCO2e,5,2020,个
罗技，G502 英雄游戏鼠标,Logitech，G502 Hero Gaming Mouse,45261X0072020A,首页 > 金属制品、机械和设备 > 办公、会计和计算机械 > 计算机械及其零件和附件 > 输入设备（键盘，摇杆，鼠标等）,,7.1,kgCO2e,5,2020,个
苹果，第六代iPad 内存64G,iPad mini (6th generation)-64G,45220X0012021B,首页 > 金属制品、机械和设备 > 办公、会计和计算机械 > 计算机械及其零件和附件 > 重量不超过10千克的便携式数字自动数据处理机、如膝上型、笔记本式和小笔记本式,,68,kgCO2e,5,2021,台
苹果，第六代iPad 内存128G,iPad mini (6th generation)-128G,45220X0032021B,首页 > 金属制品、机械和设备 > 办公、会计和计算机械 > 计算机械及其零件和附件 > 重量不超过10千克的便携式数字自动数据处理机、如膝上型、笔记本式和小笔记本式,,71,kgCO2e,5,2021,台
苹果，第六代iPad 内存512G,iPad mini (6th generation)-512G,45220X0042021B,首页 > 金属制品、机械和设备 > 办公、会计和计算机械 > 计算机械及其零件和附件 > 重量不超过10千克的便携式数字自动数据处理机、如膝上型、笔记本式和小笔记本式,,90,kgCO2e,5,2021,台
苹果，第六代iPad 内存256G,iPad mini (6th generation)-256G,45220X0052021B,首页 > 金属制品、机械和设备 > 办公、会计和计算机械 > 计算机械及其零件和附件 > 重量不超过10千克的便携式数字自动数据处理机、如膝上型、笔记本式和小笔记本式,,77,kgCO2e,5,2021,台
苹果，第五代iPad Pro 12.9 英寸内存128G,iPad Pro 12.9-inch (5th gneration)-128G,45220X0062021B,首页 > 金属制品、机械和设备 > 办公、会计和计算机械 > 计算机械及其零件和附件 > 重量不超过10千克的便携式数字自动数据处理机、如膝上型、笔记本式和小笔记本式,,138,kgCO2e,5,2021,台
苹果，第五代iPad Pro 12.9 英寸内存256G,iPad Pro 12.9-inch (5th gneration)-256G,45220X0072021B,首页 > 金属制品、机械和设备 > 办公、会计和计算机械 > 计算机械及其零件和附件 > 重量不超过10千克的便携式数字自动数据处理机、如膝上型、笔记本式和小笔记本式,,166,kgCO2e,5,2021,台
苹果，第三代iPad Pro 11英寸内存128G,iPad Pro 11-inch (3th gneration)-128G,45220X0082021B,首页 > 金属制品、机械和设备 > 办公、会计和计算机械 > 计算机械及其零件和附件 > 重量不超过10千克的便携式数字自动数据处理机、如膝上型、笔记本式和小笔记本式,,99,kgCO2e,5,2021,台
苹果，第五代iPad Pro 12.9 英寸内存2T,iPad Pro 12.9-inch (5th gneration)-2T,45220X0092021B,首页 > 金属制品、机械和设备 > 办公、会计和计算机械 > 计算机械及其零件和附件 > 重量不超过10千克的便携式数字自动数据处理机、如膝上型、笔记本式和小笔记本式,,286,kgCO2e,5,2021,台
苹果，第三代iPad Pro 11英寸内存512G,iPad Pro 11-inch (3th gneration)-512G,45220X0102021B,首页 > 金属制品、机械和设备 > 办公、会计和计算机械 > 计算机械及其零件和附件 > 重量不超过10千克的便携式数字自动数据处理机、如膝上型、笔记本式和小笔记本式,,131,kgCO2e,5,2021,台
苹果，第三代iPad Pro 11英寸内存256G,iPad Pro 11-inch (3th gneration)-256G,45220X0112021B,首页 > 金属制品、机械和设备 > 办公、会计和计算机械 > 计算机械及其零件和附件 > 重量不超过10千克的便携式数字自动数据处理机、如膝上型、笔记本式和小笔记本式,,110,kgCO2e,5,2021,台
苹果，第三代iPad Pro 11英寸内存1T,iPad Pro 11-inch (3th gneration)-1T,45220X0122021B,首页 > 金属制品、机械和设备 > 办公、会计和计算机械 > 计算机械及其零件和附件 > 重量不超过10千克的便携式数字自动数据处理机、如膝上型、笔记本式和小笔记本式,,171,kgCO2e,5,2021,台
苹果，第三代iPad Pro 11英寸内存2T,iPad Pro 11-inch (3th gneration)-2T,45220X0132021B,首页 > 金属制品、机械和设备 > 办公、会计和计算机械 > 计算机械及其零件和附件 > 重量不超过10千克的便携式数字自动数据处理机、如膝上型、笔记本式和小笔记本式,,230,kgCO2e,5,2021,台
苹果，第五代iPad Air内存64G,iPad Air (5th generation)-64G,45220X0142022B,首页 > 金属制品、机械和设备 > 办公、会计和计算机械 > 计算机械及其零件和附件 > 重量不超过10千克的便携式数字自动数据处理机、如膝上型、笔记本式和小笔记本式,,80,kgCO2e,5,2022,台
苹果，第五代iPad Air内存128G,iPad Air (5th generation)-128G,45220X0152022B,首页 > 金属制品、机械和设备 > 办公、会计和计算机械 > 计算机械及其零件和附件 > 重量不超过10千克的便携式数字自动数据处理机、如膝上型、笔记本式和小笔记本式,,84,kgCO2e,5,2022,台
苹果，第五代iPad Air内存256G,iPad Air (5th generation)-256G,45220X0162022B,首页 > 金属制品、机械和设备 > 办公、会计和计算机械 > 计算机械及其零件和附件 > 重量不超过10千克的便携式数字自动数据处理机、如膝上型、笔记本式和小笔记本式,,92,kgCO2e,5,2022,台
苹果，第九代iPad 内存64G,iPad (9th generation)-64G,45220X0172021B,首页 > 金属制品、机械和设备 > 办公、会计和计算机械 > 计算机械及其零件和附件 > 重量不超过10千克的便携式数字自动数据处理机、如膝上型、笔记本式和小笔记本式,,75,kgCO2e,5,2021,台
苹果笔记本电脑,16-inch MacBook Pro 2TB,45220X0182021B,首页 > 金属制品、机械和设备 > 办公、会计和计算机械 > 计算机械及其零件和附件 > 重量不超过10千克的便携式数字自动数据处理机、如膝上型、笔记本式和小笔记本式,16-inch MacBook Pro 2TB,395,kgCO2e,5,2021,台
苹果笔记本电脑,14-inch MacBook Pro 512 GB,45220X0192021B,首页 > 金属制品、机械和设备 > 办公、会计和计算机械 > 计算机械及其零件和附件 > 重量不超过10千克的便携式数字自动数据处理机、如膝上型、笔记本式和小笔记本式,14-inch MacBook Pro 512GB,271,kgCO2e,5,2021,台
苹果笔记本电脑,14-inch MacBook Pro 1TB,45220X0202021B,首页 > 金属制品、机械和设备 > 办公、会计和计算机械 > 计算机械及其零件和附件 > 重量不超过10千克的便携式数字自动数据处理机、如膝上型、笔记本式和小笔记本式,14-inch MacBook Pro 1TB,307,kgCO2e,5,2021,台
苹果笔记本电脑,13-inch MacBook Pro 256 GB,45220X0212020B,首页 > 金属制品、机械和设备 > 办公、会计和计算机械 > 计算机械及其零件和附件 > 重量不超过10千克的便携式数字自动数据处理机、如膝上型、笔记本式和小笔记本式,13-inch MacBook Pro 256 GB,185,kgCO2e,5,2020,台
苹果笔记本电脑,13-inch MacBook Pro 512 GB,45220X0222020B,首页 > 金属制品、机械和设备 > 办公、会计和计算机械 > 计算机械及其零件和附件 > 重量不超过10千克的便携式数字自动数据处理机、如膝上型、笔记本式和小笔记本式,13-inch MacBook Pro 512 GB,207,kgCO2e,5,2020,台
苹果笔记本电脑,13-inch MacBook Air 256 GB,45220X0232020B,首页 > 金属制品、机械和设备 > 办公、会计和计算机械 > 计算机械及其零件和附件 > 重量不超过10千克的便携式数字自动数据处理机、如膝上型、笔记本式和小笔记本式,13-inch MacBook Air 256 GB,161,kgCO2e,5,2020,台
惠普笔记本电脑,HP 14-inch laptop,45220X0252013A,首页 > 金属制品、机械和设备 > 办公、会计和计算机械 > 计算机械及其零件和附件 > 重量不超过10千克的便携式数字自动数据处理机、如膝上型、笔记本式和小笔记本式,,791.992,kgCO2e,5,2013,台
联想笔记本电脑,Lenovo ThinkPad 8,45220X0282015B,首页 > 金属制品、机械和设备 > 办公、会计和计算机械 > 计算机械及其零件和附件 > 重量不超过10千克的便携式数字自动数据处理机、如膝上型、笔记本式和小笔记本式,ThinkPad 8,220,kgCO2e,5,2015,台
联想笔记本电脑,Lenovo ThinkPad 11e Yoga 6th Gen,45220X0292019B,首页 > 金属制品、机械和设备 > 办公、会计和计算机械 > 计算机械及其零件和附件 > 重量不超过10千克的便携式数字自动数据处理机、如膝上型、笔记本式和小笔记本式,ThinkPad 11e Yoga 6th Gen,353.2,kgCO2e,5,2019,台
联想笔记本电脑,"Lenovo  ThinkPad 13 2nd Gen,ThinkPad S2 2nd Gen",45220X0302016B,首页 > 金属制品、机械和设备 > 办公、会计和计算机械 > 计算机械及其零件和附件 > 重量不超过10千克的便携式数字自动数据处理机、如膝上型、笔记本式和小笔记本式,"ThinkPad 13 2nd Gen,ThinkPad S2 2nd Gen",488,kgCO2e,5,2016,台
联想笔记本电脑,Lenovo  Edge E431,45220X0322015B,首页 > 金属制品、机械和设备 > 办公、会计和计算机械 > 计算机械及其零件和附件 > 重量不超过10千克的便携式数字自动数据处理机、如膝上型、笔记本式和小笔记本式,Edge E431,590.74,kgCO2e,5,2015,台
联想笔记本电脑,Lenovo  Edge E465,45220X0332015B,首页 > 金属制品、机械和设备 > 办公、会计和计算机械 > 计算机械及其零件和附件 > 重量不超过10千克的便携式数字自动数据处理机、如膝上型、笔记本式和小笔记本式,Edge E465,799,kgCO2e,5,2015,台
联想笔记本电脑,"Lenovo  ThinkPad E480,ThinkPad R480",45220X0342017B,首页 > 金属制品、机械和设备 > 办公、会计和计算机械 > 计算机械及其零件和附件 > 重量不超过10千克的便携式数字自动数据处理机、如膝上型、笔记本式和小笔记本式,Edge E465,389,kgCO2e,5,2017,台
联想笔记本电脑,Lenovo ThinkBook Plus G2 ITG,45220X0352021B,首页 > 金属制品、机械和设备 > 办公、会计和计算机械 > 计算机械及其零件和附件 > 重量不超过10千克的便携式数字自动数据处理机、如膝上型、笔记本式和小笔记本式,ThinkBook Plus G2 ITG,489,kgCO2e,5,2021,台
联想笔记本电脑,Lenovo ThinkPad E15 Gen 3,45220X0362021B,首页 > 金属制品、机械和设备 > 办公、会计和计算机械 > 计算机械及其零件和附件 > 重量不超过10千克的便携式数字自动数据处理机、如膝上型、笔记本式和小笔记本式,ThinkPad E15 Gen 3,551,kgCO2e,5,2021,台
联想笔记本电脑,Lenovo Yoga Creator 7 15,45220X0372020B,首页 > 金属制品、机械和设备 > 办公、会计和计算机械 > 计算机械及其零件和附件 > 重量不超过10千克的便携式数字自动数据处理机、如膝上型、笔记本式和小笔记本式,Yoga Creator 7 15,441,kgCO2e,5,2020,台
联想笔记本电脑,Lenovo 100w Gen 3 AMD,45220X0382021B,首页 > 金属制品、机械和设备 > 办公、会计和计算机械 > 计算机械及其零件和附件 > 重量不超过10千克的便携式数字自动数据处理机、如膝上型、笔记本式和小笔记本式,100w Gen 3 AMD,564,kgCO2e,5,2021,台
联想笔记本电脑,Lenovo ThinkPad X13 Yoga Gen 2,45220X0392021B,首页 > 金属制品、机械和设备 > 办公、会计和计算机械 > 计算机械及其零件和附件 > 重量不超过10千克的便携式数字自动数据处理机、如膝上型、笔记本式和小笔记本式,ThinkPad X13 Yoga Gen 2,478,kgCO2e,5,2021,台
笔记本电脑-法国,Notebook-French,45220X0402018A,首页 > 金属制品、机械和设备 > 办公、会计和计算机械 > 计算机械及其零件和附件 > 重量不超过10千克的便携式数字自动数据处理机、如膝上型、笔记本式和小笔记本式,,124,kgCO2e,3,2018,台
苹果平板电脑,iPad Pro 12.9-inch (6th generation),45220X0412022B,首页 > 金属制品、机械和设备 > 办公、会计和计算机械 > 计算机械及其零件和附件 > 重量不超过10千克的便携式数字自动数据处理机、如膝上型、笔记本式和小笔记本式,iPad Pro 12.9-inch (6th generation),135,kgCO2e,5,2022,台
苹果平板电脑,iPad Pro 11-inch (4th generation),45220X0422022B,首页 > 金属制品、机械和设备 > 办公、会计和计算机械 > 计算机械及其零件和附件 > 重量不超过10千克的便携式数字自动数据处理机、如膝上型、笔记本式和小笔记本式,iPad Pro 11-inch (4th generation),100,kgCO2e,5,2022,台
苹果平板电脑,iPad Air (5th generation),45220X0432022B,首页 > 金属制品、机械和设备 > 办公、会计和计算机械 > 计算机械及其零件和附件 > 重量不超过10千克的便携式数字自动数据处理机、如膝上型、笔记本式和小笔记本式,iPad Air (5th generation),80,kgCO2e,5,2022,台
苹果平板电脑,iPad (10th generation),45220X0442022B,首页 > 金属制品、机械和设备 > 办公、会计和计算机械 > 计算机械及其零件和附件 > 重量不超过10千克的便携式数字自动数据处理机、如膝上型、笔记本式和小笔记本式,iPad (10th generation),72,kgCO2e,5,2022,台
苹果笔记本电脑,16-inch MacBook Pro,45220X0452023B,首页 > 金属制品、机械和设备 > 办公、会计和计算机械 > 计算机械及其零件和附件 > 重量不超过10千克的便携式数字自动数据处理机、如膝上型、笔记本式和小笔记本式,16-inch MacBook Pro,300,kgCO2e,5,2023,台
苹果笔记本电脑,14-inch MacBook Pro,45220X0462023B,首页 > 金属制品、机械和设备 > 办公、会计和计算机械 > 计算机械及其零件和附件 > 重量不超过10千克的便携式数字自动数据处理机、如膝上型、笔记本式和小笔记本式,14-inch MacBook Pro,243,kgCO2e,5,2023,台
苹果，第九代iPad 内存256G,iPad (9th generation)-256G,45220X0492021B,首页 > 金属制品、机械和设备 > 办公、会计和计算机械 > 计算机械及其零件和附件 > 重量不超过10千克的便携式数字自动数据处理机、如膝上型、笔记本式和小笔记本式,,84,kgCO2e,5,2021,台
联想，ThinkPad X12 ，12.4英寸,Lenovo，ThinkPad X12 Detachable，12.4 inches,45220X0522020B,首页 > 金属制品、机械和设备 > 办公、会计和计算机械 > 计算机械及其零件和附件 > 重量不超过10千克的便携式数字自动数据处理机、如膝上型、笔记本式和小笔记本式,,423,kgCO2e,5,2020,台
联想，Lenovo Yoga Tab 11 ，10.1英寸,Lenovo，Lenovo Yoga Tab 11 ，10.1 inches,45220X0532021B,首页 > 金属制品、机械和设备 > 办公、会计和计算机械 > 计算机械及其零件和附件 > 重量不超过10千克的便携式数字自动数据处理机、如膝上型、笔记本式和小笔记本式,,134,kgCO2e,5,2021,台
联想，IdeaPad Duet 3 10IGL5，10.3英寸,Lenovo，IdeaPad Duet 3 10IGL5，10.3 inches,45220X0542020B,首页 > 金属制品、机械和设备 > 办公、会计和计算机械 > 计算机械及其零件和附件 > 重量不超过10千克的便携式数字自动数据处理机、如膝上型、笔记本式和小笔记本式,,222.4,kgCO2e,5,2020,台
联想，Lenovo Smart Tab M10 HD with Alexa Built-in 10.3英寸,Lenovo，Lenovo Smart Tab M10 HD with Alexa Built-in，10.3 inches,45220X0552020B,首页 > 金属制品、机械和设备 > 办公、会计和计算机械 > 计算机械及其零件和附件 > 重量不超过10千克的便携式数字自动数据处理机、如膝上型、笔记本式和小笔记本式,,119,kgCO2e,5,2020,台
联想，Lenovo Tab K10 ，10.3英寸,Lenovo，Lenovo Tab K10 ，10.3 inches,45220X0562021B,首页 > 金属制品、机械和设备 > 办公、会计和计算机械 > 计算机械及其零件和附件 > 重量不超过10千克的便携式数字自动数据处理机、如膝上型、笔记本式和小笔记本式,"ZA9J,ZA9K,ZA8U,ZA8N,ZA8S, ZA8R,ZA8V",137,kgCO2e,5,2021,台
苹果，第四代iPad Pro 11英寸内存128G,iPad Pro 11-inch (4th gneration)-128G,45220X0572022B,首页 > 金属制品、机械和设备 > 办公、会计和计算机械 > 计算机械及其零件和附件 > 重量不超过10千克的便携式数字自动数据处理机、如膝上型、笔记本式和小笔记本式,,107,kgCO2e,5,2022,台
苹果，第十代iPad 内存265G,iPad (10th generation)-265G,45220X0582022B,首页 > 金属制品、机械和设备 > 办公、会计和计算机械 > 计算机械及其零件和附件 > 重量不超过10千克的便携式数字自动数据处理机、如膝上型、笔记本式和小笔记本式,,82,kgCO2e,5,2022,台
苹果，第十代iPad 内存64G,iPad (10th generation)-64G,45220X0592022B,首页 > 金属制品、机械和设备 > 办公、会计和计算机械 > 计算机械及其零件和附件 > 重量不超过10千克的便携式数字自动数据处理机、如膝上型、笔记本式和小笔记本式,,72,kgCO2e,5,2022,台
苹果，第四代iPad Pro 11英寸内存2TB,iPad Pro 11-inch (4th gneration)-2TB,45220X0612022B,首页 > 金属制品、机械和设备 > 办公、会计和计算机械 > 计算机械及其零件和附件 > 重量不超过10千克的便携式数字自动数据处理机、如膝上型、笔记本式和小笔记本式,,249,kgCO2e,5,2022,台
苹果，第四代iPad Pro 11英寸内存1TB,iPad Pro 11-inch (4th gneration)-1TB,45220X0622022B,首页 > 金属制品、机械和设备 > 办公、会计和计算机械 > 计算机械及其零件和附件 > 重量不超过10千克的便携式数字自动数据处理机、如膝上型、笔记本式和小笔记本式,,148,kgCO2e,5,2022,台
苹果，第四代iPad Pro 11英寸内存512G,iPad Pro 11-inch (4th gneration)-512G,45220X0632022B,首页 > 金属制品、机械和设备 > 办公、会计和计算机械 > 计算机械及其零件和附件 > 重量不超过10千克的便携式数字自动数据处理机、如膝上型、笔记本式和小笔记本式,,121,kgCO2e,5,2022,苹果
苹果，第四代iPad Pro 11英寸内存256G,iPad Pro 11-inch (4th gneration)-256G,45220X0642022B,首页 > 金属制品、机械和设备 > 办公、会计和计算机械 > 计算机械及其零件和附件 > 重量不超过10千克的便携式数字自动数据处理机、如膝上型、笔记本式和小笔记本式,,121,kgCO2e,5,2022,台
联想笔记本电脑,Laptop,45220X0662021B,首页 > 金属制品、机械和设备 > 办公、会计和计算机械 > 计算机械及其零件和附件 > 重量不超过10千克的便携式数字自动数据处理机、如膝上型、笔记本式和小笔记本式,ThinkPad E15 Gen 3,551,kgCO2e,5,2021,台
联想平板电脑,tablet PC,45220X0752021B,首页 > 金属制品、机械和设备 > 办公、会计和计算机械 > 计算机械及其零件和附件 > 重量不超过10千克的便携式数字自动数据处理机、如膝上型、笔记本式和小笔记本式,IP Duet 5 Chromebook 13Q7C6,383,kgCO2e,5,2021,台
笔记本电脑,Notebooks,45220X0892021A,首页 > 金属制品、机械和设备 > 办公、会计和计算机械 > 计算机械及其零件和附件 > 重量不超过10千克的便携式数字自动数据处理机、如膝上型、笔记本式和小笔记本式,微软，电脑（Microsoft Surface Hub 2S 50-inch display）,738,kgCO2e,4,2021,kg
笔记本电脑,Notebooks,45220X0902021A,首页 > 金属制品、机械和设备 > 办公、会计和计算机械 > 计算机械及其零件和附件 > 重量不超过10千克的便携式数字自动数据处理机、如膝上型、笔记本式和小笔记本式,微软，电脑（MicrosoftSurface Laptop）,118.41,kgCO2e,4,2021,kg
笔记本电脑,Notebooks,45220X0912021A,首页 > 金属制品、机械和设备 > 办公、会计和计算机械 > 计算机械及其零件和附件 > 重量不超过10千克的便携式数字自动数据处理机、如膝上型、笔记本式和小笔记本式,微软，电脑（Microsoft Surface Laptop 2）,118.41,kgCO2e,4,2021,kg
笔记本电脑,Notebooks,45220X0922021A,首页 > 金属制品、机械和设备 > 办公、会计和计算机械 > 计算机械及其零件和附件 > 重量不超过10千克的便携式数字自动数据处理机、如膝上型、笔记本式和小笔记本式,"微软，电脑（Microsoft Surface Laptop 3 13.5-inch display, metal palm rest）",111,kgCO2e,4,2021,kg
笔记本电脑,Notebooks,45220X0932021A,首页 > 金属制品、机械和设备 > 办公、会计和计算机械 > 计算机械及其零件和附件 > 重量不超过10千克的便携式数字自动数据处理机、如膝上型、笔记本式和小笔记本式,"微软，电脑（Microsoft Surface Laptop 315-inch display, Alcantara® palm rest Our commitment to sustainability）",100,kgCO2e,4,2021,kg
笔记本电脑,Notebooks,45220X0942021A,首页 > 金属制品、机械和设备 > 办公、会计和计算机械 > 计算机械及其零件和附件 > 重量不超过10千克的便携式数字自动数据处理机、如膝上型、笔记本式和小笔记本式,"微软，电脑（Microsoft Surface Laptop 3 15-inch display, metal palm rest）",140,kgCO2e,4,2021,kg
笔记本电脑,Notebooks,45220X0952021A,首页 > 金属制品、机械和设备 > 办公、会计和计算机械 > 计算机械及其零件和附件 > 重量不超过10千克的便携式数字自动数据处理机、如膝上型、笔记本式和小笔记本式,"微软，电脑（Microsoft Surface Laptop 4 13.5-inch display, metal palm rest）",143,kgCO2e,4,2021,kg
笔记本电脑,Notebooks,45220X0962021A,首页 > 金属制品、机械和设备 > 办公、会计和计算机械 > 计算机械及其零件和附件 > 重量不超过10千克的便携式数字自动数据处理机、如膝上型、笔记本式和小笔记本式,"微软，电脑（Microsoft Surface Laptop 413.5-inch display, Alcantara® palm rest）",143,kgCO2e,4,2021,kg
笔记本电脑,Notebooks,45220X0972021A,首页 > 金属制品、机械和设备 > 办公、会计和计算机械 > 计算机械及其零件和附件 > 重量不超过10千克的便携式数字自动数据处理机、如膝上型、笔记本式和小笔记本式,"微软，电脑（Microsoft Surface Laptop 4 15-inch display, metal palm rest）",123,kgCO2e,4,2021,kg
笔记本电脑,Notebooks,45220X0982021A,首页 > 金属制品、机械和设备 > 办公、会计和计算机械 > 计算机械及其零件和附件 > 重量不超过10千克的便携式数字自动数据处理机、如膝上型、笔记本式和小笔记本式,微软，电脑（Microsoft Surface Laptop Go）,177,kgCO2e,4,2021,kg
笔记本电脑,Notebooks,45220X0992021A,首页 > 金属制品、机械和设备 > 办公、会计和计算机械 > 计算机械及其零件和附件 > 重量不超过10千克的便携式数字自动数据处理机、如膝上型、笔记本式和小笔记本式,微软，电脑（Microsoft Surface Laptop SE）,96,kgCO2e,4,2021,kg
笔记本电脑,Notebooks,45220X1002021A,首页 > 金属制品、机械和设备 > 办公、会计和计算机械 > 计算机械及其零件和附件 > 重量不超过10千克的便携式数字自动数据处理机、如膝上型、笔记本式和小笔记本式,微软，电脑（MicrosoftSurface Laptop Studio）,188,kgCO2e,4,2021,kg
笔记本电脑,Notebooks,45220X1012021A,首页 > 金属制品、机械和设备 > 办公、会计和计算机械 > 计算机械及其零件和附件 > 重量不超过10千克的便携式数字自动数据处理机、如膝上型、笔记本式和小笔记本式,微软，电脑（Microsoft Surface Pro (5 Gen)）,86.76,kgCO2e,4,2021,kg
笔记本电脑,Notebooks,45220X1022021A,首页 > 金属制品、机械和设备 > 办公、会计和计算机械 > 计算机械及其零件和附件 > 重量不超过10千克的便携式数字自动数据处理机、如膝上型、笔记本式和小笔记本式,微软，电脑（Microsoft Surface Pro 7+）,153,kgCO2e,4,2021,kg
笔记本电脑,Notebooks,45220X1032021A,首页 > 金属制品、机械和设备 > 办公、会计和计算机械 > 计算机械及其零件和附件 > 重量不超过10千克的便携式数字自动数据处理机、如膝上型、笔记本式和小笔记本式,微软，电脑（Microsoft Surface Pro 6）,85,kgCO2e,4,2021,kg
笔记本电脑,Notebooks,45220X1042021A,首页 > 金属制品、机械和设备 > 办公、会计和计算机械 > 计算机械及其零件和附件 > 重量不超过10千克的便携式数字自动数据处理机、如膝上型、笔记本式和小笔记本式,微软，电脑（Microsoft Surface Pro 7）,132,kgCO2e,4,2021,kg
直管型覆膜支架及输送系统,Hercules,48172X0012021C,首页 > 金属制品、机械和设备 > 医疗器械、精密和光学仪器和钟表 > 医疗和外科用设备及矫形设备 > 助听器及其他为补偿身体上的缺陷或伤残而佩戴、携带或植入体内的装置,HT3632-1600-2000,90.7,kgCO2e,5,2021,个
一次性膀胱镜-aScope,Disposable Cystoscopes aScope,48121X0012020A,首页 > 金属制品、机械和设备 > 医疗器械、精密和光学仪器和钟表 > 医疗和外科用设备及矫形设备 > 用于医疗、外科、牙科或兽医的电诊断仪,,2.06,kgCO2e,4,2020,个
无源无线室温传感器,temperature sensor,48269X0012022A,首页 > 金属制品、机械和设备 > 医疗器械、精密和光学仪器和钟表 > 测量、检验、试验、导航及其他用途仪器和器械，光学仪器除外；工业生产过程控制设备；及其零件与附件 > 未另列明的测量、检验、调节或控制仪器、器械和机器,ECW-Sensor-SOF-868,8.1,kgCO2e,4,2022,个
全自动气相色谱质谱联用仪,Fully automatic gas chromatography-mass spectrometer,48253X0012022B,首页 > 金属制品、机械和设备 > 医疗器械、精密和光学仪器和钟表 > 测量、检验、试验、导航及其他用途仪器和器械，光学仪器除外；工业生产过程控制设备；及其零件与附件 > 物理或化学分析用仪器及装置，测量或检查粘度、孔隙率、膨胀率、表面张力或类似性能的仪器及装置，或测量或检查热量、音量或光量用仪器及装置,EXPEC 2000-350,174.61,kgCO2e,5,2022,台
西铁城女式手表,CITIZEN L (Titanium bezel-less type2),48410X0012020A,首页 > 金属制品、机械和设备 > 医疗器械、精密和光学仪器和钟表 > 钟表及其零件 > 表,EG7099-12A,8.301,kgCO2e,4,2020,个
机械表芯,Mechanical watch movement,48440X0012019C,首页 > 金属制品、机械和设备 > 医疗器械、精密和光学仪器和钟表 > 钟表及其零件 > 钟表机芯,,0.226,tCO2e,5,2019,万元人民币
镁合金-熔剂保护法,Magnesium alloy-flux protection,41602X0012009A,首页 > 金属制品、机械和设备 > 基础金属 > 其他有色金属及其产物（包括废料及碎屑）；金属陶瓷及其产品；包含金属或金属化合物的灰渣（冶炼钢铁所产生的灰渣除外） > 已锻造的钨、钼、钽、镁、钴、镉、钛、锆、铍、镓、铪、铟、铌、铼、铊及其产品；镁粉,AM60,1.05,tCO2e,4,2009,公吨
镁合金AM60-熔剂保护法,magnesium slloy AM60,41602X0022009A,首页 > 金属制品、机械和设备 > 基础金属 > 其他有色金属及其产物（包括废料及碎屑）；金属陶瓷及其产品；包含金属或金属化合物的灰渣（冶炼钢铁所产生的灰渣除外） > 已锻造的钨、钼、钽、镁、钴、镉、钛、锆、铍、镓、铪、铟、铌、铼、铊及其产品；镁粉,,36.5,tCO2e,4,2009,公吨
镁合金 AM60-气体保护法,magnesium slloy AM60,41602X0032009A,首页 > 金属制品、机械和设备 > 基础金属 > 其他有色金属及其产物（包括废料及碎屑）；金属陶瓷及其产品；包含金属或金属化合物的灰渣（冶炼钢铁所产生的灰渣除外） > 已锻造的钨、钼、钽、镁、钴、镉、钛、锆、铍、镓、铪、铟、铌、铼、铊及其产品；镁粉,,32.3,tCO2e,4,2009,公吨
镁及镁合金,Magnesium and magnesium alloys,41602X0012021A,首页 > 金属制品、机械和设备 > 基础金属 > 其他有色金属及其产物（包括废料及碎屑）；金属陶瓷及其产品；包含金属或金属化合物的灰渣（冶炼钢铁所产生的灰渣除外） > 已锻造的钨、钼、钽、镁、钴、镉、钛、锆、铍、镓、铪、铟、铌、铼、铊及其产品；镁粉,,39.55,kgCO2e,3,2021,kg
氧化镁-SM90-天然气生产,Magnesia-SM90-Natural gas,41601X0012020A,首页 > 金属制品、机械和设备 > 基础金属 > 其他有色金属及其产物（包括废料及碎屑）；金属陶瓷及其产品；包含金属或金属化合物的灰渣（冶炼钢铁所产生的灰渣除外） > 未锻造的钨、钼、钽、镁、钴、镉、钛、锆、铍、镓、铪、铟、铌、铼和铊及其废料、碎屑和粉末，镁粉除外；钴锍和冶炼钴时所产生的中间产品,,2.151,kgCO2e,4,2020,kg
金属镁-电解法,Magnesium,41601X0022015A,首页 > 金属制品、机械和设备 > 基础金属 > 其他有色金属及其产物（包括废料及碎屑）；金属陶瓷及其产品；包含金属或金属化合物的灰渣（冶炼钢铁所产生的灰渣除外） > 未锻造的钨、钼、钽、镁、钴、镉、钛、锆、铍、镓、铪、铟、铌、铼和铊及其废料、碎屑和粉末，镁粉除外；钴锍和冶炼钴时所产生的中间产品,,23.3619,tCO2e,4,2015,公吨
金属镁-皮江法,Magnesium,41601X0032015A,首页 > 金属制品、机械和设备 > 基础金属 > 其他有色金属及其产物（包括废料及碎屑）；金属陶瓷及其产品；包含金属或金属化合物的灰渣（冶炼钢铁所产生的灰渣除外） > 未锻造的钨、钼、钽、镁、钴、镉、钛、锆、铍、镓、铪、铟、铌、铼和铊及其废料、碎屑和粉末，镁粉除外；钴锍和冶炼钴时所产生的中间产品,,28.673,tCO2e,3,2015,公吨
金属镁-皮江法,Magnesium,41601X0042009A,首页 > 金属制品、机械和设备 > 基础金属 > 其他有色金属及其产物（包括废料及碎屑）；金属陶瓷及其产品；包含金属或金属化合物的灰渣（冶炼钢铁所产生的灰渣除外） > 未锻造的钨、钼、钽、镁、钴、镉、钛、锆、铍、镓、铪、铟、铌、铼和铊及其废料、碎屑和粉末，镁粉除外；钴锍和冶炼钴时所产生的中间产品,,27.1,tCO2e,4,2009,公吨
钛白粉,Titanium dioxide,41601X0052006A,首页 > 金属制品、机械和设备 > 基础金属 > 其他有色金属及其产物（包括废料及碎屑）；金属陶瓷及其产品；包含金属或金属化合物的灰渣（冶炼钢铁所产生的灰渣除外） > 未锻造的钨、钼、钽、镁、钴、镉、钛、锆、铍、镓、铪、铟、铌、铼和铊及其废料、碎屑和粉末，镁粉除外；钴锍和冶炼钴时所产生的中间产品,,7.87,kgCO2e,5,2006,kg
金属镁-皮江法,Magnesium,41601X0062005A,首页 > 金属制品、机械和设备 > 基础金属 > 其他有色金属及其产物（包括废料及碎屑）；金属陶瓷及其产品；包含金属或金属化合物的灰渣（冶炼钢铁所产生的灰渣除外） > 未锻造的钨、钼、钽、镁、钴、镉、钛、锆、铍、镓、铪、铟、铌、铼和铊及其废料、碎屑和粉末，镁粉除外；钴锍和冶炼钴时所产生的中间产品,,26,tCO2e,4,2005,公吨
烧结镁砂94(氧化镁质量分数＞94%),SM94(sintered magnesia),41601X0072015A,首页 > 金属制品、机械和设备 > 基础金属 > 其他有色金属及其产物（包括废料及碎屑）；金属陶瓷及其产品；包含金属或金属化合物的灰渣（冶炼钢铁所产生的灰渣除外） > 未锻造的钨、钼、钽、镁、钴、镉、钛、锆、铍、镓、铪、铟、铌、铼和铊及其废料、碎屑和粉末，镁粉除外；钴锍和冶炼钴时所产生的中间产品,,2.70598,tCO2e,5,2015,公吨
烧结镁砂90(氧化镁质量分数＞90%),SM90(sintered magnesia),41601X0082015A,首页 > 金属制品、机械和设备 > 基础金属 > 其他有色金属及其产物（包括废料及碎屑）；金属陶瓷及其产品；包含金属或金属化合物的灰渣（冶炼钢铁所产生的灰渣除外） > 未锻造的钨、钼、钽、镁、钴、镉、钛、锆、铍、镓、铪、铟、铌、铼和铊及其废料、碎屑和粉末，镁粉除外；钴锍和冶炼钴时所产生的中间产品,,2.065,tCO2e,5,2015,公吨
电熔镁砂FM980 (I),Fused magnesia FM980 (I),41601X0092015A,首页 > 金属制品、机械和设备 > 基础金属 > 其他有色金属及其产物（包括废料及碎屑）；金属陶瓷及其产品；包含金属或金属化合物的灰渣（冶炼钢铁所产生的灰渣除外） > 未锻造的钨、钼、钽、镁、钴、镉、钛、锆、铍、镓、铪、铟、铌、铼和铊及其废料、碎屑和粉末，镁粉除外；钴锍和冶炼钴时所产生的中间产品,,11.4407,tCO2e,5,2015,公吨
电熔镁砂（大晶粒结晶）FM980 (II),Fused magnesia FM980 (II),41601X0102015A,首页 > 金属制品、机械和设备 > 基础金属 > 其他有色金属及其产物（包括废料及碎屑）；金属陶瓷及其产品；包含金属或金属化合物的灰渣（冶炼钢铁所产生的灰渣除外） > 未锻造的钨、钼、钽、镁、钴、镉、钛、锆、铍、镓、铪、铟、铌、铼和铊及其废料、碎屑和粉末，镁粉除外；钴锍和冶炼钴时所产生的中间产品,,11.85821,tCO2e,5,2015,公吨
金属镁-溶剂保护法AZ31,magnesium,41601X0012009A,首页 > 金属制品、机械和设备 > 基础金属 > 其他有色金属及其产物（包括废料及碎屑）；金属陶瓷及其产品；包含金属或金属化合物的灰渣（冶炼钢铁所产生的灰渣除外） > 未锻造的钨、钼、钽、镁、钴、镉、钛、锆、铍、镓、铪、铟、铌、铼和铊及其废料、碎屑和粉末，镁粉除外；钴锍和冶炼钴时所产生的中间产品,,1.074,tCO2e,4,2009,公吨
金属镁-气体保护法AZ31,magnesium,41601X0022009A,首页 > 金属制品、机械和设备 > 基础金属 > 其他有色金属及其产物（包括废料及碎屑）；金属陶瓷及其产品；包含金属或金属化合物的灰渣（冶炼钢铁所产生的灰渣除外） > 未锻造的钨、钼、钽、镁、钴、镉、钛、锆、铍、镓、铪、铟、铌、铼和铊及其废料、碎屑和粉末，镁粉除外；钴锍和冶炼钴时所产生的中间产品,,0.828,tCO2e,4,2009,公吨
金属镁-溶剂保护法AZ91,magnesium,41601X0032003A,首页 > 金属制品、机械和设备 > 基础金属 > 其他有色金属及其产物（包括废料及碎屑）；金属陶瓷及其产品；包含金属或金属化合物的灰渣（冶炼钢铁所产生的灰渣除外） > 未锻造的钨、钼、钽、镁、钴、镉、钛、锆、铍、镓、铪、铟、铌、铼和铊及其废料、碎屑和粉末，镁粉除外；钴锍和冶炼钴时所产生的中间产品,,1.4,tCO2e,4,2003,公吨
金属镁-气体保护法AZ91,magnesium,41601X0042003A,首页 > 金属制品、机械和设备 > 基础金属 > 其他有色金属及其产物（包括废料及碎屑）；金属陶瓷及其产品；包含金属或金属化合物的灰渣（冶炼钢铁所产生的灰渣除外） > 未锻造的钨、钼、钽、镁、钴、镉、钛、锆、铍、镓、铪、铟、铌、铼和铊及其废料、碎屑和粉末，镁粉除外；钴锍和冶炼钴时所产生的中间产品,,2.54,tCO2e,4,2003,公吨
烧结钕铁硼磁性材料,Sintered PrNdFeB Magnetic Meterial,41601X0052021A,首页 > 金属制品、机械和设备 > 基础金属 > 其他有色金属及其产物（包括废料及碎屑）；金属陶瓷及其产品；包含金属或金属化合物的灰渣（冶炼钢铁所产生的灰渣除外） > 未锻造的钨、钼、钽、镁、钴、镉、钛、锆、铍、镓、铪、铟、铌、铼和铊及其废料、碎屑和粉末，镁粉除外；钴锍和冶炼钴时所产生的中间产品,,52.41,tCO2e,4,2021,公吨
电解锰,Electrolytic manganese,41603X0012015A,首页 > 金属制品、机械和设备 > 基础金属 > 其他有色金属及其产物（包括废料及碎屑）；金属陶瓷及其产品；包含金属或金属化合物的灰渣（冶炼钢铁所产生的灰渣除外） > 铋、锑、锰、铬、锗、钒及其产品（包括废料及碎屑）,,0.93845,tCO2e,4,2015,公吨
金-耐火矿石,gold-Refractory,41320X0012011A,首页 > 金属制品、机械和设备 > 基础金属 > 基础贵金属和镀有贵金属的金属 > 金（未锻造加工或半制成状或粉状的金，包括镀铂的金）,,26840,tCO2e,5,2011,公吨
金-不耐火矿石,gold-Non-refractory,41320X0022011A,首页 > 金属制品、机械和设备 > 基础金属 > 基础贵金属和镀有贵金属的金属 > 金（未锻造加工或半制成状或粉状的金，包括镀铂的金）,,17560,tCO2e,5,2011,公吨
铜阳极泥火法银,Copper anode slime fire Silver,41310X0012015A,首页 > 金属制品、机械和设备 > 基础金属 > 基础贵金属和镀有贵金属的金属 > 银（未锻造加工或半制成状或粉状的银，包括镀金或镀铂的银）,,28.1,kgCO2e,4,2015,kg
粗钢-短流程,Crude steel-Short process,41122B0012019A,首页 > 金属制品、机械和设备 > 基础金属 > 基础钢铁 > 不锈钢或其他合金钢的锭、其他原型和半成品（短流程）,,1.55,tCO2e,5,2019,公吨
粗钢-锻造,Crude steel-Forged,41122B0022022A,首页 > 金属制品、机械和设备 > 基础金属 > 基础钢铁 > 不锈钢或其他合金钢的锭、其他原型和半成品（短流程）,,3.27,tCO2e,5,2022,公吨
粗钢-铸锭和其他初级形状或锻造,Crude steel-Ingots and other primary forms or Forged,41122B0032022A,首页 > 金属制品、机械和设备 > 基础金属 > 基础钢铁 > 不锈钢或其他合金钢的锭、其他原型和半成品（短流程）,,4.61,tCO2e,5,2022,公吨
粗钢-铸锭和其他初级形状或锻造,Crude steel-Ingots and other primary forms or Forged,41122B0042022A,首页 > 金属制品、机械和设备 > 基础金属 > 基础钢铁 > 不锈钢或其他合金钢的锭、其他原型和半成品（短流程）,,3.2,tCO2e,5,2022,公吨
粗钢-工具钢、高速钢及含锰、硅、铬、钼的合金钢,"Crude steel - tool steel, high-speed steel and alloy steel containing manganese, silicon, chromium or molybdenum",41122B0052022A,首页 > 金属制品、机械和设备 > 基础金属 > 基础钢铁 > 不锈钢或其他合金钢的锭、其他原型和半成品（短流程）,,2.35,tCO2e,5,2022,公吨
钢铁产品-宽度在 600 毫米及以上的其他合金钢平板轧材,"Iron or steel products-Flat-rolled products of other alloy steel, of a width of 600 mm or more",41122B0062022A,首页 > 金属制品、机械和设备 > 基础金属 > 基础钢铁 > 不锈钢或其他合金钢的锭、其他原型和半成品（短流程）,,2.35,tCO2e,5,2022,公吨
钢铁产品-宽度在 600 毫米及以上的其他合金钢平板轧材,"Iron or steel products-Flat-rolled products of other alloy steel, of a width of 600 mm or more",41122B0072022A,首页 > 金属制品、机械和设备 > 基础金属 > 基础钢铁 > 不锈钢或其他合金钢的锭、其他原型和半成品（短流程）,,2.46,tCO2e,5,2022,公吨
钢铁产品-宽度在 600 毫米及以上的其他合金钢平板轧材,"Iron or steel products-Flat-rolled products of other alloy steel, of a width of 600 mm or more",41122B0082022A,首页 > 金属制品、机械和设备 > 基础金属 > 基础钢铁 > 不锈钢或其他合金钢的锭、其他原型和半成品（短流程）,,2.43,tCO2e,5,2022,公吨
钢铁产品-宽度在 600 毫米及以下的其他合金钢平板轧材,"Iron or steel products-Flat-rolled products of other alloy steel, of a width of less than 600 mm",41122B0092022A,首页 > 金属制品、机械和设备 > 基础金属 > 基础钢铁 > 不锈钢或其他合金钢的锭、其他原型和半成品（短流程）,,2.35,tCO2e,5,2022,公吨
钢铁产品-宽度在 600 毫米及以下的其他合金钢平板轧材,"Iron or steel products-Flat-rolled products of other alloy steel, of a width of less than 600 mm",41122B0102022A,首页 > 金属制品、机械和设备 > 基础金属 > 基础钢铁 > 不锈钢或其他合金钢的锭、其他原型和半成品（短流程）,除冷轧（冷还原）外未经进一步加工 Not further worked than cold-rolled (cold-reduced),2.46,tCO2e,5,2022,公吨
钢铁产品-宽度在 600 毫米及以下的其他合金钢平板轧材,"Iron or steel products-Flat-rolled products of other alloy steel, of a width of less than 600 mm",41122B0112022A,首页 > 金属制品、机械和设备 > 基础金属 > 基础钢铁 > 不锈钢或其他合金钢的锭、其他原型和半成品（短流程）,,2.43,tCO2e,5,2022,公吨
碳素钢,Carbon steel,41122A0012015A,首页 > 金属制品、机械和设备 > 基础金属 > 基础钢铁 > 不锈钢或其他合金钢的锭、其他原型和半成品（长流程）,,1.96,tCO2e,5,2015,公吨
粗钢-长流程-转炉,Crude steel-Long process,41122A0012017A,首页 > 金属制品、机械和设备 > 基础金属 > 基础钢铁 > 不锈钢或其他合金钢的锭、其他原型和半成品（长流程）,,2.23,tCO2e,5,2017,公吨
粗钢-长流程-电炉,Crude steel-Long process,41122A0022017A,首页 > 金属制品、机械和设备 > 基础金属 > 基础钢铁 > 不锈钢或其他合金钢的锭、其他原型和半成品（长流程）,,2.93,tCO2e,5,2017,公吨
钢铁材料,Steel ,41122A0012021A,首页 > 金属制品、机械和设备 > 基础金属 > 基础钢铁 > 不锈钢或其他合金钢的锭、其他原型和半成品（长流程）,,2.38,kgCO2e,3,2021,kg
钢铁,Steel,41122A0052021C,首页 > 金属制品、机械和设备 > 基础金属 > 基础钢铁 > 不锈钢或其他合金钢的锭、其他原型和半成品（长流程）,,2.38,kgCO2e,5,2021,kg
粗钢-电弧炉直接还原法-氢气输入,Crude steel - electric arc furnace direct reduction method - based on hydrogen（HDRI-EAF),41115B0012017A,首页 > 金属制品、机械和设备 > 基础金属 > 基础钢铁 > 其他铁合金（短流程）,,1.1,tCO2e,5,2017,公吨
粗钢-高炉/转炉直接还原法-氢气输入,Crude Steel - Direct Reduction Process via Blast Furnace/BOF - Hydrogen Input,41115B0022018A,首页 > 金属制品、机械和设备 > 基础金属 > 基础钢铁 > 其他铁合金（短流程）,,1.87,tCO2e,5,2018,公吨
粗钢-电弧炉直接还原-天然气输入,Crude steel - electric arc furnace direct reduction - based on natural gas,41115B0032017A,首页 > 金属制品、机械和设备 > 基础金属 > 基础钢铁 > 其他铁合金（短流程）,,1.27,tCO2e,5,2017,公吨
粗钢-电弧炉直接还原法-焦煤气输入,Crude steel - electric arc furnace direct reduction method - based on coking gas,41115B0042017A,首页 > 金属制品、机械和设备 > 基础金属 > 基础钢铁 > 其他铁合金（短流程）,,1.408,tCO2e,5,2017,公吨
粗钢--电弧炉直接还原法,Crude steel - electric arc furnace direct reduction method(DRI-EAF),41115B0052017A,首页 > 金属制品、机械和设备 > 基础金属 > 基础钢铁 > 其他铁合金（短流程）,,1.691,tCO2e,5,2017,公吨
粗钢-其他,Crude steel-Other,41115B0062022A,首页 > 金属制品、机械和设备 > 基础金属 > 基础钢铁 > 其他铁合金（短流程）,,2.2,tCO2e,5,2022,公吨
硅锰,Silicomanganese,41115A0012020A,首页 > 金属制品、机械和设备 > 基础金属 > 基础钢铁 > 其他铁合金（长流程）,,0.055,tCO2e,4,2020,公吨
钼铁合金,Ferro-molybdenum,41115A0022020A,首页 > 金属制品、机械和设备 > 基础金属 > 基础钢铁 > 其他铁合金（长流程）,,0.018,tCO2e,4,2020,公吨
低碳锰铁,Low-carbon ferromanganese,41115A0032020A,首页 > 金属制品、机械和设备 > 基础金属 > 基础钢铁 > 其他铁合金（长流程）,,0.017,tCO2e,4,2020,公吨
硅铁,Ferrosilicon,41115A0042020A,首页 > 金属制品、机械和设备 > 基础金属 > 基础钢铁 > 其他铁合金（长流程）,,0.003,tCO2e,4,2020,公吨
低铝硅铁,Low aluminum ferrosilicon,41115A0052020A,首页 > 金属制品、机械和设备 > 基础金属 > 基础钢铁 > 其他铁合金（长流程）,,0.001,tCO2e,4,2020,公吨
铁产品-煤气化直接还原法-印度,Iron Products - Direct Reduction of Coal Gasification - India,41115A0062016A,首页 > 金属制品、机械和设备 > 基础金属 > 基础钢铁 > 其他铁合金（长流程）,,1.818,tCO2e,5,2016,公吨
稀土硅铁合金,Rare earth ferrosilicon alloy,41115A0012013A,首页 > 金属制品、机械和设备 > 基础金属 > 基础钢铁 > 其他铁合金（长流程）,,9.71,kgCO2e,4,2013,kg
合金-初次合成,Alloy-Primary Synthesis,41115A0092023A,首页 > 金属制品、机械和设备 > 基础金属 > 基础钢铁 > 其他铁合金（长流程）,,27.5,tCO2e,5,2023,公吨
合金-二次合成,Alloy-Secondary Synthesis,41115A0102023A,首页 > 金属制品、机械和设备 > 基础金属 > 基础钢铁 > 其他铁合金（长流程）,,8.25,tCO2e,5,2023,公吨
钢铁,Steel,41111A0012014A,首页 > 金属制品、机械和设备 > 基础金属 > 基础钢铁 > 生铁和镜铁（锭状、块状或其他形状）（长流程）,,2308.9,kgCO2e,5,2014,厂（）
铁产品-回转窑直接还原法-印度,Iron Products - Direct Reduction of Rotary Kiln - India,41111A0022016A,首页 > 金属制品、机械和设备 > 基础金属 > 基础钢铁 > 生铁和镜铁（锭状、块状或其他形状）（长流程）,,1.59,tCO2e,5,2016,公吨
生铁,pig iron,41111A0032019A,首页 > 金属制品、机械和设备 > 基础金属 > 基础钢铁 > 生铁和镜铁（锭状、块状或其他形状）（长流程）,,2.05,tCO2e,5,2019,公吨
炼钢生铁,pig iron for steel manufacture,41111A0012022C,首页 > 金属制品、机械和设备 > 基础金属 > 基础钢铁 > 生铁和镜铁（锭状、块状或其他形状）（长流程）,,1700,kgCO2e,5,2022,公吨
铸造生铁,foundry pig iron,41111A0022022C,首页 > 金属制品、机械和设备 > 基础金属 > 基础钢铁 > 生铁和镜铁（锭状、块状或其他形状）（长流程）,,2280,kgCO2e,5,2022,公吨
车轮,wheels,41111A0072021C,首页 > 金属制品、机械和设备 > 基础金属 > 基础钢铁 > 生铁和镜铁（锭状、块状或其他形状）（长流程）,主要材料是车轮钢，车轮钢主要由铁、铬和镍元素组成，并含有少量的其他合金元素,3.33,tCO2e,5,2021,公吨
碳素钢,Carbon Steel,41111A0082015A,首页 > 金属制品、机械和设备 > 基础金属 > 基础钢铁 > 生铁和镜铁（锭状、块状或其他形状）（长流程）,,2.183,kgCO2e,4,2015,kg
生铁,Pig iron,41111A0092022A,首页 > 金属制品、机械和设备 > 基础金属 > 基础钢铁 > 生铁和镜铁（锭状、块状或其他形状）（长流程）,,2.07,tCO2e,5,2022,公吨
钢铁产品-生铁、铸铁、铁或钢的颗粒和粉末（如不属于生铁类别）,"Iron or steel products-Granules and powders, of pig iron, spiegeleisen, iron or steel (if not covered under category pig iron)",41111A0102022A,首页 > 金属制品、机械和设备 > 基础金属 > 基础钢铁 > 生铁和镜铁（锭状、块状或其他形状）（长流程）,,2.07,tCO2e,5,2022,公吨
铁产品-直接还原法,Iron products - direct reduction method,41116B0012016A,首页 > 金属制品、机械和设备 > 基础金属 > 基础钢铁 > 用铁矿石和其他海绵铁产品直接还原法获得的块状、丸状或类似形状的含铁产品；其最低纯度为99.94%的块状、丸状或类似形状的铁；生铁、镜铁、铁或钢的颗粒和粉末（短流程）,,1.5,tCO2e,5,2016,公吨
粗钢-氢气气基竖炉-电炉短流程,Crude steel-hydrogen shaft furnace-electric furnace process,41116B0022021A,首页 > 金属制品、机械和设备 > 基础金属 > 基础钢铁 > 用铁矿石和其他海绵铁产品直接还原法获得的块状、丸状或类似形状的含铁产品；其最低纯度为99.94%的块状、丸状或类似形状的铁；生铁、镜铁、铁或钢的颗粒和粉末（短流程）,,1079.56,kgCO2e,4,2021,公吨
直接还原炼铁-天然气催化,natural gas-based direct reduced ironmaking,41116B0012009A,首页 > 金属制品、机械和设备 > 基础金属 > 基础钢铁 > 用铁矿石和其他海绵铁产品直接还原法获得的块状、丸状或类似形状的含铁产品；其最低纯度为99.94%的块状、丸状或类似形状的铁；生铁、镜铁、铁或钢的颗粒和粉末（短流程）,,0.92,kgCO2e,4,2009,公吨
直接还原炼铁-煤催化,coal-based direct reduced ironmaking,41116B0022009A,首页 > 金属制品、机械和设备 > 基础金属 > 基础钢铁 > 用铁矿石和其他海绵铁产品直接还原法获得的块状、丸状或类似形状的含铁产品；其最低纯度为99.94%的块状、丸状或类似形状的铁；生铁、镜铁、铁或钢的颗粒和粉末（短流程）,,1.7,kgCO2e,4,2009,公吨
直接还原炼铁-回转窑,rotary kiln-based directly reduced iron,41116B0032022A,首页 > 金属制品、机械和设备 > 基础金属 > 基础钢铁 > 用铁矿石和其他海绵铁产品直接还原法获得的块状、丸状或类似形状的含铁产品；其最低纯度为99.94%的块状、丸状或类似形状的铁；生铁、镜铁、铁或钢的颗粒和粉末（短流程）,,1590,kgCO2e,4,2022,公吨
直接还原炼铁-煤气化炉,coal gasifier-based  directly reduced iron,41116B0042022A,首页 > 金属制品、机械和设备 > 基础金属 > 基础钢铁 > 用铁矿石和其他海绵铁产品直接还原法获得的块状、丸状或类似形状的含铁产品；其最低纯度为99.94%的块状、丸状或类似形状的铁；生铁、镜铁、铁或钢的颗粒和粉末（短流程）,,1818,kgCO2e,4,2022,公吨
铁矿石,Iron ore,41116A0012014A,首页 > 金属制品、机械和设备 > 基础金属 > 基础钢铁 > 用铁矿石和其他海绵铁产品直接还原法获得的块状、丸状或类似形状的含铁产品；其最低纯度为99.94%的块状、丸状或类似形状的铁；生铁、镜铁、铁或钢的颗粒和粉末（长流程）,,2.138,tCO2e,4,2014,公吨
铁矿石,Iron ore,41116A0022014A,首页 > 金属制品、机械和设备 > 基础金属 > 基础钢铁 > 用铁矿石和其他海绵铁产品直接还原法获得的块状、丸状或类似形状的含铁产品；其最低纯度为99.94%的块状、丸状或类似形状的铁；生铁、镜铁、铁或钢的颗粒和粉末（长流程）,,0.07,tCO2e,4,2014,公吨
球团矿,Pellet,41116A0032016A,首页 > 金属制品、机械和设备 > 基础金属 > 基础钢铁 > 用铁矿石和其他海绵铁产品直接还原法获得的块状、丸状或类似形状的含铁产品；其最低纯度为99.94%的块状、丸状或类似形状的铁；生铁、镜铁、铁或钢的颗粒和粉末（长流程）,,58.5,kgCO2e,5,2016,kg
粗钢-长流程,Crude-long process,41116A0012021A,首页 > 金属制品、机械和设备 > 基础金属 > 基础钢铁 > 用铁矿石和其他海绵铁产品直接还原法获得的块状、丸状或类似形状的含铁产品；其最低纯度为99.94%的块状、丸状或类似形状的铁；生铁、镜铁、铁或钢的颗粒和粉末（长流程）,,2054.33,kgCO2e,4,2021,公吨
直接还原炼铁-天然气催化,natural gas-based directly reduced iron,41116A0042022A,首页 > 金属制品、机械和设备 > 基础金属 > 基础钢铁 > 用铁矿石和其他海绵铁产品直接还原法获得的块状、丸状或类似形状的含铁产品；其最低纯度为99.94%的块状、丸状或类似形状的铁；生铁、镜铁、铁或钢的颗粒和粉末（长流程）,,1068,kgCO2e,4,2022,公吨
硼镁铁精粉,Boron-mafic fine powder,41116A0172023C,首页 > 金属制品、机械和设备 > 基础金属 > 基础钢铁 > 用铁矿石和其他海绵铁产品直接还原法获得的块状、丸状或类似形状的含铁产品；其最低纯度为99.94%的块状、丸状或类似形状的铁；生铁、镜铁、铁或钢的颗粒和粉末（长流程）,品位为54%的硼镁铁精粉,94.1,kgCO2e,5,2023,公吨
球团矿,Pellets,41116A0182022C,首页 > 金属制品、机械和设备 > 基础金属 > 基础钢铁 > 用铁矿石和其他海绵铁产品直接还原法获得的块状、丸状或类似形状的含铁产品；其最低纯度为99.94%的块状、丸状或类似形状的铁；生铁、镜铁、铁或钢的颗粒和粉末（长流程）,品位64.64%的球团矿,244.46,kgCO2e,5,2022,公吨
球团矿,Pelletizing,41116A0192022B,首页 > 金属制品、机械和设备 > 基础金属 > 基础钢铁 > 用铁矿石和其他海绵铁产品直接还原法获得的块状、丸状或类似形状的含铁产品；其最低纯度为99.94%的块状、丸状或类似形状的铁；生铁、镜铁、铁或钢的颗粒和粉末（长流程）,1000kg,242.5,kgCO2e,5,2022,公吨
球团矿,Pelletizing,41116A0202021B,首页 > 金属制品、机械和设备 > 基础金属 > 基础钢铁 > 用铁矿石和其他海绵铁产品直接还原法获得的块状、丸状或类似形状的含铁产品；其最低纯度为99.94%的块状、丸状或类似形状的铁；生铁、镜铁、铁或钢的颗粒和粉末（长流程）,1000kg,159.2,kgCO2e,5,2021,公吨
铁锰合金,FeMn-Ferro-manganese,41116A0212022A,首页 > 金属制品、机械和设备 > 基础金属 > 基础钢铁 > 用铁矿石和其他海绵铁产品直接还原法获得的块状、丸状或类似形状的含铁产品；其最低纯度为99.94%的块状、丸状或类似形状的铁；生铁、镜铁、铁或钢的颗粒和粉末（长流程）,,3.51,tCO2e,5,2022,公吨
铁铬合金,FeCr-Ferro-chromium,41116A0222022A,首页 > 金属制品、机械和设备 > 基础金属 > 基础钢铁 > 用铁矿石和其他海绵铁产品直接还原法获得的块状、丸状或类似形状的含铁产品；其最低纯度为99.94%的块状、丸状或类似形状的铁；生铁、镜铁、铁或钢的颗粒和粉末（长流程）,,5.45,tCO2e,5,2022,公吨
铁镍合金,FeNi-Ferro-nickel,41116A0232022A,首页 > 金属制品、机械和设备 > 基础金属 > 基础钢铁 > 用铁矿石和其他海绵铁产品直接还原法获得的块状、丸状或类似形状的含铁产品；其最低纯度为99.94%的块状、丸状或类似形状的铁；生铁、镜铁、铁或钢的颗粒和粉末（长流程）,,6.26,tCO2e,5,2022,公吨
直接还原铁,DRI-direct reduced iron,41116A0242022A,首页 > 金属制品、机械和设备 > 基础金属 > 基础钢铁 > 用铁矿石和其他海绵铁产品直接还原法获得的块状、丸状或类似形状的含铁产品；其最低纯度为99.94%的块状、丸状或类似形状的铁；生铁、镜铁、铁或钢的颗粒和粉末（长流程）,,4.81,tCO2e,5,2022,公吨
粗钢（废钢电弧炉法）,Crude steel cast（Scrap-EAF）,41121B0012021A,首页 > 金属制品、机械和设备 > 基础金属 > 基础钢铁 > 铁或非合金钢的锭、其他原型及半成品（短流程）,,0.67,tCO2e,5,2021,公吨
粗钢（直接还原铁—电弧炉炼铁法）,Crude steel(Direct Reduced Iron- Electric Arc Furnace ironmaking method),41121B0022021A,首页 > 金属制品、机械和设备 > 基础金属 > 基础钢铁 > 铁或非合金钢的锭、其他原型及半成品（短流程）,,1.65,tCO2e,5,2021,公吨
粗钢-钢锭,Crude steel-Ingots,41121B0032022A,首页 > 金属制品、机械和设备 > 基础金属 > 基础钢铁 > 铁或非合金钢的锭、其他原型及半成品（短流程）,,2.75,tCO2e,5,2022,公吨
粗钢-铁或非合金钢半成品,Crude steel-Semi-finished products of iron or non-alloy steel,41121B0042022A,首页 > 金属制品、机械和设备 > 基础金属 > 基础钢铁 > 铁或非合金钢的锭、其他原型及半成品（短流程）,,2.21,tCO2e,5,2022,公吨
粗钢-横截面为矩形（非正方形），轧制或通过连续铸造获得,"Crude steel-rectangular (other than square) cross-section,Rolled or obtained by continuous casting",41121B0052022A,首页 > 金属制品、机械和设备 > 基础金属 > 基础钢铁 > 铁或非合金钢的锭、其他原型及半成品（短流程）,,4.08,tCO2e,5,2022,公吨
粗钢（混合工艺）,Crude steel cast,41121A0012021A,首页 > 金属制品、机械和设备 > 基础金属 > 基础钢铁 > 铁或非合金钢的锭、其他原型及半成品（长流程）,粗钢,1.91,tCO2e,5,2021,公吨
粗钢（高炉转炉法）,crude steel cast（BF-BOF）,41121A0022021A,首页 > 金属制品、机械和设备 > 基础金属 > 基础钢铁 > 铁或非合金钢的锭、其他原型及半成品（长流程）,,2.32,tCO2e,5,2021,公吨
粗钢,Crude steel,41121A0032014A,首页 > 金属制品、机械和设备 > 基础金属 > 基础钢铁 > 铁或非合金钢的锭、其他原型及半成品（长流程）,,2.31,tCO2e,5,2014,公吨
粗钢-CSE工艺,Crude steel,41121A0042018A,首页 > 金属制品、机械和设备 > 基础金属 > 基础钢铁 > 铁或非合金钢的锭、其他原型及半成品（长流程）,,2.66,tCO2e,4,2018,公吨
低碳钢,mild steel,41121A0012019A,首页 > 金属制品、机械和设备 > 基础金属 > 基础钢铁 > 铁或非合金钢的锭、其他原型及半成品（长流程）,,2.63,tCO2e,5,2019,公吨
热轧碳钢小型型钢,Hot rolled carbon steel small section,41121A0012022C,首页 > 金属制品、机械和设备 > 基础金属 > 基础钢铁 > 铁或非合金钢的锭、其他原型及半成品（长流程）,,2310,kgCO2e,5,2022,公吨
热轧碳钢中型型钢,Hot rolled carbon steel medium section,41121A0022022C,首页 > 金属制品、机械和设备 > 基础金属 > 基础钢铁 > 铁或非合金钢的锭、其他原型及半成品（长流程）,,2365,kgCO2e,5,2022,公吨
热轧碳钢大型轨梁（方圆坯、管坯）,Hot rolled carbon steel large rail beam,41121A0032022C,首页 > 金属制品、机械和设备 > 基础金属 > 基础钢铁 > 铁或非合金钢的锭、其他原型及半成品（长流程）,,2340,kgCO2e,5,2022,公吨
热轧碳钢大型轨梁（重轨、普通型钢）,"Hot rolled carbon steel large rail beam (heavy rail, ordinary steel)",41121A0042022C,首页 > 金属制品、机械和设备 > 基础金属 > 基础钢铁 > 铁或非合金钢的锭、其他原型及半成品（长流程）,,2380,kgCO2e,5,2022,公吨
热轧碳钢中厚板,Hot rolled carbon steel medium thick plate,41121A0052022C,首页 > 金属制品、机械和设备 > 基础金属 > 基础钢铁 > 铁或非合金钢的锭、其他原型及半成品（长流程）,,2400,kgCO2e,5,2022,公吨
热轧碳钢H钢,Hot rolled carbon steel H steel,41121A0062022C,首页 > 金属制品、机械和设备 > 基础金属 > 基础钢铁 > 铁或非合金钢的锭、其他原型及半成品（长流程）,,2350,kgCO2e,5,2022,公吨
热轧碳钢宽带钢,Hot rolled carbon steel wide strip,41121A0072022C,首页 > 金属制品、机械和设备 > 基础金属 > 基础钢铁 > 铁或非合金钢的锭、其他原型及半成品（长流程）,,2310,kgCO2e,5,2022,公吨
热轧碳钢钢筋,Hot rolled carbon steel rebar,41121A0082022C,首页 > 金属制品、机械和设备 > 基础金属 > 基础钢铁 > 铁或非合金钢的锭、其他原型及半成品（长流程）,,2340,kgCO2e,5,2022,公吨
热轧碳钢高线材,Hot rolled carbon steel high wire,41121A0092022C,首页 > 金属制品、机械和设备 > 基础金属 > 基础钢铁 > 铁或非合金钢的锭、其他原型及半成品（长流程）,,2375,kgCO2e,5,2022,公吨
热轧碳钢棒材,Hot rolled carbon steel bar,41121A0102022C,首页 > 金属制品、机械和设备 > 基础金属 > 基础钢铁 > 铁或非合金钢的锭、其他原型及半成品（长流程）,,2340,kgCO2e,5,2022,公吨
线材产品,wire rod,41121A0162022C,首页 > 金属制品、机械和设备 > 基础金属 > 基础钢铁 > 铁或非合金钢的锭、其他原型及半成品（长流程）,线材产品包括普线、预应力钢绞线用钢、焊接用钢、优质碳素结构钢、带钢、冷镦钢、建筑用钢、合金结构钢等,2.97,tCO2e,5,2022,公吨
连铸钢坯,Continuous casting billet,41121A0172022C,首页 > 金属制品、机械和设备 > 基础金属 > 基础钢铁 > 铁或非合金钢的锭、其他原型及半成品（长流程）,连铸钢坯产品包括弹簧钢、齿轮钢、轴承钢、车轮钢、车轴钢、锚连钢、非调质钢、管坯 钢、优质碳素钢、合金结构钢等优特钢。,2.04,tCO2e,5,2022,公吨
中碳铬铁,Medium Carbon Ferro Chrome,41113B0012020A,首页 > 金属制品、机械和设备 > 基础金属 > 基础钢铁 > 铬铁合金（短流程）,,0.061,tCO2e,4,2020,公吨
锰矿石,Manganese ore,41112A0012015A,首页 > 金属制品、机械和设备 > 基础金属 > 基础钢铁 > 锰铁合金（长流程）,,0.939,tCO2e,5,2015,公吨
中碳锰铁,Mid-carbon ferromanganese,41112A0012020A,首页 > 金属制品、机械和设备 > 基础金属 > 基础钢铁 > 锰铁合金（长流程）,,0.043,tCO2e,4,2020,公吨
锰铁合金（高碳铁锰）,Ferromanganese,41112A0022016A,首页 > 金属制品、机械和设备 > 基础金属 > 基础钢铁 > 锰铁合金（长流程）,高碳铁锰（74–82 wt.% Mn and less than 7.5 wt.% C）,5.06,kgCO2e,4,2016,kg
锰铁合金（硅锰）,Ferromanganese,41112A0032016A,首页 > 金属制品、机械和设备 > 基础金属 > 基础钢铁 > 锰铁合金（长流程）,65–68 wt.% Mn and less than 2.0 wt.% C,6.94,kgCO2e,4,2016,kg
锰铁合金（精炼锰铁）,Refined ferromanganese,41112A0042016A,首页 > 金属制品、机械和设备 > 基础金属 > 基础钢铁 > 锰铁合金（长流程）,80–85 wt.% Mn and less than 1.5 wt.% C,6.18,kgCO2e,4,2016,kg
锰铁合金（平均值）,Ferromanganese,41112A0052016A,首页 > 金属制品、机械和设备 > 基础金属 > 基础钢铁 > 锰铁合金（长流程）,40 % HC FeMn 40 % SiMn 20 % Ref. FeMn,6.03,kgCO2e,4,2016,kg
锰铁,Ferromanganese,41112A0022020A,首页 > 金属制品、机械和设备 > 基础金属 > 基础钢铁 > 锰铁合金（长流程）,,0.235,tCO2e,4,2020,公吨
镍铁合金,Nickeloy,41114A0012020A,首页 > 金属制品、机械和设备 > 基础金属 > 基础钢铁 > 镍铁合金（长流程）,,0.037,tCO2e,4,2020,公吨
镍（镍/铜共生矿石生产）,nickel  （produced by coexistence ore）,41114A0062005A,首页 > 金属制品、机械和设备 > 基础金属 > 基础钢铁 > 镍铁合金（长流程）,镍/铜共生矿石生产,34377.1,kgCO2e,4,2005,公吨
铜（镍/铜共生矿石生产）,copper  （produced by coexistence ore）,41114A0072005A,首页 > 金属制品、机械和设备 > 基础金属 > 基础钢铁 > 镍铁合金（长流程）,镍/铜共生矿石生产,15463.8,kgCO2e,4,2005,公吨
不锈钢,Stainless steel,41114A0082004A,首页 > 金属制品、机械和设备 > 基础金属 > 基础钢铁 > 镍铁合金（长流程）,,6.8,kgCO2e,4,2004,kg
不锈钢螺丝钉,Stainless steel screws,41114A0102022A,首页 > 金属制品、机械和设备 > 基础金属 > 基础钢铁 > 镍铁合金（长流程）,直径为 4.8 - 8 mm，长度为 19 - 300mm,5.58,kgCO2e,4,2022,kg
304不锈钢,304 Stainless Steel,41114A0112004A,首页 > 金属制品、机械和设备 > 基础金属 > 基础钢铁 > 镍铁合金（长流程）,使用铁镍合金作为镍源生产的304不锈钢,6.8,kgCO2e,4,2004,kg
金属铜-镍铜共生,copper-nickel copper symbiosis,41412X0012005A,首页 > 金属制品、机械和设备 > 基础金属 > 未锻造的铜、镍、铝、氧化铝、铅、锌和锡 > 未精炼的铜；用于电解精炼的铜阳极,,15.46,tCO2e,4,2005,公吨
精铜矿,Refined copper ore,41413X0012009A,首页 > 金属制品、机械和设备 > 基础金属 > 未锻造的铜、镍、铝、氧化铝、铅、锌和锡 > 未锻造的精炼铜及铜合金；母铜合金,,29.95,tCO2e,4,2009,公吨
铝（拜耳法-火电电解）,Aluminum (Bayer Method - Thermal power),41431X0012011A,首页 > 金属制品、机械和设备 > 基础金属 > 未锻造的铜、镍、铝、氧化铝、铅、锌和锡 > 未锻造的铝,,29.004,tCO2e,5,2011,kg
铝（拜耳法-水电电解）,Aluminum (Bayer method - Hydroelectricity),41431X0032011A,首页 > 金属制品、机械和设备 > 基础金属 > 未锻造的铜、镍、铝、氧化铝、铅、锌和锡 > 未锻造的铝,,13.904,tCO2e,5,2011,kg
铝（电解）,electrolytic aluminium,41431X0042016A,首页 > 金属制品、机械和设备 > 基础金属 > 未锻造的铜、镍、铝、氧化铝、铅、锌和锡 > 未锻造的铝,电解,15.8,tCO2e,4,2016,公吨
铝（再生法）,secondary aluminum,41431X0052016A,首页 > 金属制品、机械和设备 > 基础金属 > 未锻造的铜、镍、铝、氧化铝、铅、锌和锡 > 未锻造的铝,以废旧铝为原材料生产铝,0.722,tCO2e,4,2016,kg
原铝,Primary aluminum,41431X0062012A,首页 > 金属制品、机械和设备 > 基础金属 > 未锻造的铜、镍、铝、氧化铝、铅、锌和锡 > 未锻造的铝,,15.8,tCO2e,3,2012,公吨
再生铝,Recycled aluminum,41431X0072012A,首页 > 金属制品、机械和设备 > 基础金属 > 未锻造的铜、镍、铝、氧化铝、铅、锌和锡 > 未锻造的铝,,0.72,tCO2e,3,2012,公吨
电解铝,electrolytic aluminium,41431X0102018C,首页 > 金属制品、机械和设备 > 基础金属 > 未锻造的铜、镍、铝、氧化铝、铅、锌和锡 > 未锻造的铝,,20300,kgCO2e,5,2018,公吨
电解铝,electrolytic aluminium,41431X0112022B,首页 > 金属制品、机械和设备 > 基础金属 > 未锻造的铜、镍、铝、氧化铝、铅、锌和锡 > 未锻造的铝,,17.61,tCO2e,5,2022,公吨
电解铝,electrolytic aluminium,41431X0122021B,首页 > 金属制品、机械和设备 > 基础金属 > 未锻造的铜、镍、铝、氧化铝、铅、锌和锡 > 未锻造的铝,,17.23,tCO2e,5,2021,公吨
原生铝（中国地区，使用混合电力生产）,Primary aluminum（Mix electricity）,41431X0132016A,首页 > 金属制品、机械和设备 > 基础金属 > 未锻造的铜、镍、铝、氧化铝、铅、锌和锡 > 未锻造的铝,中国地区，使用混合电力生产,9.48,kgCO2e,4,2016,kg
铝电解,aluminum electrolysis,41431X0142018A,首页 > 金属制品、机械和设备 > 基础金属 > 未锻造的铜、镍、铝、氧化铝、铅、锌和锡 > 未锻造的铝,,12142.82,kgCO2e,5,2018,公吨
原铝生产,Primary aluminum production,41431X0152018A,首页 > 金属制品、机械和设备 > 基础金属 > 未锻造的铜、镍、铝、氧化铝、铅、锌和锡 > 未锻造的铝,,16125.26,kgCO2e,5,2018,公吨
原铝生产,Primary aluminum production,41431X0162019A,首页 > 金属制品、机械和设备 > 基础金属 > 未锻造的铜、镍、铝、氧化铝、铅、锌和锡 > 未锻造的铝,,14772.72,kgCO2e,5,2019,公吨
铝产品-未锻轧铝,Aluminium-Unwrought aluminium,41431X0172022A,首页 > 金属制品、机械和设备 > 基础金属 > 未锻造的铜、镍、铝、氧化铝、铅、锌和锡 > 未锻造的铝,,10.49,tCO2e,5,2022,公吨
金属锌-湿法,zinc,41442X0012013A,首页 > 金属制品、机械和设备 > 基础金属 > 未锻造的铜、镍、铝、氧化铝、铅、锌和锡 > 未锻造的锌,,6.12,tCO2e,4,2013,公吨
精锡,Refined tin,41443X0012015A,首页 > 金属制品、机械和设备 > 基础金属 > 未锻造的铜、镍、铝、氧化铝、铅、锌和锡 > 未锻造的锡,,21.6,kgCO2e,4,2015,kg
金属镍,Nickel metal,41422X0012015A,首页 > 金属制品、机械和设备 > 基础金属 > 未锻造的铜、镍、铝、氧化铝、铅、锌和锡 > 未锻造的镍,,24.7,kgCO2e,4,2015,kg
金属镍-镍铜共生,copper-nickel nickel symbiosis,41422X0012005A,首页 > 金属制品、机械和设备 > 基础金属 > 未锻造的铜、镍、铝、氧化铝、铅、锌和锡 > 未锻造的镍,,34.38,tCO2e,4,2005,公吨
氧化铝,Alumina,41432X0012021A,首页 > 金属制品、机械和设备 > 基础金属 > 未锻造的铜、镍、铝、氧化铝、铅、锌和锡 > 氧化铝（铝的氧化物），人造刚玉除外,,811.19,kgCO2e,4,2021,公吨
铝制品,Aluminum Production,41432X0012019A,首页 > 金属制品、机械和设备 > 基础金属 > 未锻造的铜、镍、铝、氧化铝、铅、锌和锡 > 氧化铝（铝的氧化物），人造刚玉除外,,14.3,kgCO2e,4,2019,kg
氧化铝-拜耳法,Aluminum-Bayer,41432X0052011A,首页 > 金属制品、机械和设备 > 基础金属 > 未锻造的铜、镍、铝、氧化铝、铅、锌和锡 > 氧化铝（铝的氧化物），人造刚玉除外,,0.665949,tCO2e,4,2011,公吨
氧化铝-烧结法,Aluminum-sinter,41432X0032011A,首页 > 金属制品、机械和设备 > 基础金属 > 未锻造的铜、镍、铝、氧化铝、铅、锌和锡 > 氧化铝（铝的氧化物），人造刚玉除外,,0.122369,tCO2e,4,2011,公吨
氧化铝（拜耳法）,Alumina (Bayer method),41432X0042011A,首页 > 金属制品、机械和设备 > 基础金属 > 未锻造的铜、镍、铝、氧化铝、铅、锌和锡 > 氧化铝（铝的氧化物），人造刚玉除外,,2.165,tCO2e,4,2011,kg
氧化铝-混联法,Alumina-mixed process,41432X0022011A,首页 > 金属制品、机械和设备 > 基础金属 > 未锻造的铜、镍、铝、氧化铝、铅、锌和锡 > 氧化铝（铝的氧化物），人造刚玉除外,,3.75,tCO2e,4,2011,公吨
熔铸锆刚玉,Fused ZirconiaI Alumina,41432X0012021B,首页 > 金属制品、机械和设备 > 基础金属 > 未锻造的铜、镍、铝、氧化铝、铅、锌和锡 > 氧化铝（铝的氧化物），人造刚玉除外,氧化法熔铸AZS系列锆刚玉,12.66,tCO2e,3,2021,公吨
氧化铝生产,Aluminum oxide production,41432X0092018A,首页 > 金属制品、机械和设备 > 基础金属 > 未锻造的铜、镍、铝、氧化铝、铅、锌和锡 > 氧化铝（铝的氧化物），人造刚玉除外,,1304.8,kgCO2e,5,2018,公吨
硫酸镍,nickel sulfate,41421X0012021A,首页 > 金属制品、机械和设备 > 基础金属 > 未锻造的铜、镍、铝、氧化铝、铅、锌和锡 > 镍锍、氧化镍渣及冶炼镍时所产生的其他中间产品,,74.6,kgCO2e,4,2021,kg
铁制品,iron products,41243X0012017A,首页 > 金属制品、机械和设备 > 基础金属 > 钢铁制品 > 不规则盘绕的、经热轧的不锈钢或其他合金钢的条材和棒材,,2.29,tCO2e,4,2017,公吨
钢制品,steel products,41243X0022017A,首页 > 金属制品、机械和设备 > 基础金属 > 钢铁制品 > 不规则盘绕的、经热轧的不锈钢或其他合金钢的条材和棒材,,2.3,tCO2e,5,2017,公吨
热轧盘条,hot rolled wire rod,41243X0072021B,首页 > 金属制品、机械和设备 > 基础金属 > 钢铁制品 > 不规则盘绕的、经热轧的不锈钢或其他合金钢的条材和棒材,,1640,kgCO2e,4,2021,公吨
不锈钢丝制品,Stainless steel wire ,41243X0082024A,首页 > 金属制品、机械和设备 > 基础金属 > 钢铁制品 > 不规则盘绕的、经热轧的不锈钢或其他合金钢的条材和棒材,,2.56,kgCO2e,3,2024,kg
钢铁产品-热轧铁或非合金钢平板轧材,Iron or steel products-Flat-rolled products of iron or non-alloy steel,41243X0092022A,首页 > 金属制品、机械和设备 > 基础金属 > 钢铁制品 > 不规则盘绕的、经热轧的不锈钢或其他合金钢的条材和棒材,未包、镀或涂层，宽度在600毫米及以上,2.28,tCO2e,5,2022,公吨
钢铁产品-铁或非合金钢平板轧材,Iron or steel products-Flat-rolled products of iron or non-alloy steel,41243X0102022A,首页 > 金属制品、机械和设备 > 基础金属 > 钢铁制品 > 不规则盘绕的、经热轧的不锈钢或其他合金钢的条材和棒材,宽度大于等于 600 毫米，冷轧（冷减），未包、镀或涂层,2.39,tCO2e,5,2022,公吨
钢铁产品-铁或非合金钢平板轧材,Iron or steel products-Flat-rolled products of iron or non-alloy steel,41243X0112022A,首页 > 金属制品、机械和设备 > 基础金属 > 钢铁制品 > 不规则盘绕的、经热轧的不锈钢或其他合金钢的条材和棒材,宽度大于或等于 600 毫米，包覆、电镀或涂层,2.35,tCO2e,5,2022,公吨
钢铁产品-铁或非合金钢平板轧材,Iron or steel products-Flat-rolled products of iron or non-alloy steel,41243X0122022A,首页 > 金属制品、机械和设备 > 基础金属 > 钢铁制品 > 不规则盘绕的、经热轧的不锈钢或其他合金钢的条材和棒材,宽度小于 600 毫米，未包覆、镀层或涂层，,2.28,tCO2e,5,2022,公吨
钢铁产品-铁或非合金钢平板轧材-含碳量低于 0.25%或其他,"Iron or steel products-Flat-rolled products of iron or non-alloy steel-Containing by weight less than 0,25 % of carbon or others",41243X0132022A,首页 > 金属制品、机械和设备 > 基础金属 > 钢铁制品 > 不规则盘绕的、经热轧的不锈钢或其他合金钢的条材和棒材,,2.39,tCO2e,5,2022,公吨
钢铁产品-热轧的铁或非合金钢的不规则棒材和杆材,"Iron or steel products-Bars and rods, hot-rolled, in irregularly wound coils of iron or non-alloy steel",41243X0142022A,首页 > 金属制品、机械和设备 > 基础金属 > 钢铁制品 > 不规则盘绕的、经热轧的不锈钢或其他合金钢的条材和棒材,,2.21,tCO2e,5,2022,公吨
钢铁产品-经锻造的铁或非合金钢的棒材和杆材,Iron or steel products-Forged Bars and rods of iron or non-alloy steel,41243X0152022A,首页 > 金属制品、机械和设备 > 基础金属 > 钢铁制品 > 不规则盘绕的、经热轧的不锈钢或其他合金钢的条材和棒材,锻造   CN7214 10 00 ,3.27,tCO2e,5,2022,公吨
钢铁产品-经锻造的铁或非合金钢的棒材和杆材,Iron or steel products-Forged Bars and rods of iron or non-alloy steel,41243X0162022A,首页 > 金属制品、机械和设备 > 基础金属 > 钢铁制品 > 不规则盘绕的、经热轧的不锈钢或其他合金钢的条材和棒材,,2.21,tCO2e,5,2022,公吨
钢铁产品-其他合金钢热轧条杆、不规则卷材,"Iron or steel products-Bars and rods, hot-rolled, in irregularly wound coils, of other alloy steel",41243X0172022A,首页 > 金属制品、机械和设备 > 基础金属 > 钢铁制品 > 不规则盘绕的、经热轧的不锈钢或其他合金钢的条材和棒材,,2.43,tCO2e,5,2022,公吨
钢铁产品-其他合金钢棒材和杆材；其他合金钢角钢、型钢和型材；合金钢或非合金钢空心钻杆和钻杆,"Iron or steel products-Other bars and rods of other alloy steel; angles, shapes and sections, of other alloy steel; hollow drill bars and rods, of alloy or non-alloy steel",41243X0182022A,首页 > 金属制品、机械和设备 > 基础金属 > 钢铁制品 > 不规则盘绕的、经热轧的不锈钢或其他合金钢的条材和棒材,,2.43,tCO2e,5,2022,公吨
钢铁产品-其他合金钢棒材和杆材；其他合金钢角钢、型钢和型材；合金钢或非合金钢空心钻杆和钻杆,"Iron or steel products-Other bars and rods of other alloy steel; angles, shapes and sections, of other alloy steel; hollow drill bars and rods, of alloy or non-alloy steel",41243X0192022A,首页 > 金属制品、机械和设备 > 基础金属 > 钢铁制品 > 不规则盘绕的、经热轧的不锈钢或其他合金钢的条材和棒材,除锻造外未经进一步加工的其他棒材和杆材,3.2,tCO2e,5,2022,公吨
盘条,Wire rod,41243X0202025C,首页 > 金属制品、机械和设备 > 基础金属 > 钢铁制品 > 不规则盘绕的、经热轧的不锈钢或其他合金钢的条材和棒材,,2135.7,kgCO2e,5,2025,公吨
钢铁产品-经热轧的不规则的棒材和杆材,"Iron or steel products-Bars and rods, hot-rolled, in irregularly wound coils, of stainless steel",41241X0012022A,首页 > 金属制品、机械和设备 > 基础金属 > 钢铁制品 > 不规则盘绕的、经热轧的铁或非合金钢的条材和棒材,,4.3,tCO2e,5,2022,公吨
钢铁产品-其他不锈钢棒材和杆材，不锈钢角材、型材和断面材,"Iron or steel products-Other bars and rods of stainless steel; angles, shapes and sections of stainless steel",41241X0022022A,首页 > 金属制品、机械和设备 > 基础金属 > 钢铁制品 > 不规则盘绕的、经热轧的铁或非合金钢的条材和棒材,,4.3,tCO2e,5,2022,公吨
钢铁产品-其他不锈钢棒材和杆材，不锈钢角材、型材和断面材,"Iron or steel products-Other bars and rods of stainless steel; angles, shapes and sections of stainless steel",41241X0032022A,首页 > 金属制品、机械和设备 > 基础金属 > 钢铁制品 > 不规则盘绕的、经热轧的铁或非合金钢的条材和棒材,Other bars and rods 其他棒材和杆材,4.61,tCO2e,5,2022,公吨
不锈钢管道,Stainless steel pipeline,41283X0012021A,首页 > 金属制品、机械和设备 > 基础金属 > 钢铁制品 > 其他无缝的钢管或中空型材,,1.889,tCO2e,5,2021,公吨
钢铁产品-其他截面为圆形，外径超过 406.4 毫米的铁或钢管,"Iron or steel products-Other tubes and pipes, having circular cross-sections, the external diameter of which exceeds 406,4 mm, of iron or steel",41283X0022022A,首页 > 金属制品、机械和设备 > 基础金属 > 钢铁制品 > 其他无缝的钢管或中空型材,,2.39,tCO2e,5,2022,公吨
钢铁产品-铁或钢的管或管接头,Iron or steel products-Tube or pipe fittings of iron or steel,41283X0032022A,首页 > 金属制品、机械和设备 > 基础金属 > 钢铁制品 > 其他无缝的钢管或中空型材,,3.11,tCO2e,5,2022,公吨
钢铁产品-铁或钢的管或管接头,Iron or steel products-Tube or pipe fittings of iron or steel,41283X0042022A,首页 > 金属制品、机械和设备 > 基础金属 > 钢铁制品 > 其他无缝的钢管或中空型材,,1.66,tCO2e,5,2022,公吨
钢铁产品-铁或钢的管或管接头,Iron or steel products-Tube or pipe fittings of iron or steel,41283X0052022A,首页 > 金属制品、机械和设备 > 基础金属 > 钢铁制品 > 其他无缝的钢管或中空型材,,2.3,tCO2e,5,2022,公吨
钢铁产品-铁或钢的管或管接头,Iron or steel products-Tube or pipe fittings of iron or steel,41283X0062022A,首页 > 金属制品、机械和设备 > 基础金属 > 钢铁制品 > 其他无缝的钢管或中空型材,,2.21,tCO2e,5,2022,公吨
焊接钢管,Welded steel pipes,41283X0072025C,首页 > 金属制品、机械和设备 > 基础金属 > 钢铁制品 > 其他无缝的钢管或中空型材,,2530,kgCO2e,5,2025,公吨
普通碳钢（市场平均）,carbon steel,41232X0092022C,首页 > 金属制品、机械和设备 > 基础金属 > 钢铁制品 > 压延不锈钢（经进一步加工的）,,2050,kgCO2e,5,2022,公吨
奥氏体不锈钢冷轧板,Austenitic stainless steel cold rolled plate,41232X0072020B,首页 > 金属制品、机械和设备 > 基础金属 > 钢铁制品 > 压延不锈钢（经进一步加工的）,奥氏体不锈钢冷轧板,3125,kgCO2e,3,2020,公吨
钢铁产品-不锈钢丝,Iron or steel products-Wire of stainless steel,41232X0082022A,首页 > 金属制品、机械和设备 > 基础金属 > 钢铁制品 > 压延不锈钢（经进一步加工的）,,4.49,tCO2e,5,2022,公吨
不锈钢建筑型材,Stainless Steel Architectural Profiles,41232X0102025C,首页 > 金属制品、机械和设备 > 基础金属 > 钢铁制品 > 压延不锈钢（经进一步加工的）,,4186,kgCO2e,5,2025,公吨
汽车钢板（短流程工艺，EAF）,"Automotive Steel Sheet (Short Process, EAF)",41223X0012022A,首页 > 金属制品、机械和设备 > 基础金属 > 钢铁制品 > 压延合金钢（已冷轧而未进一步加工的宽度为600毫米或600毫米以上的合金钢压延产品，电硅钢或高速钢产品除外）,,1054.9,kgCO2e,5,2022,公吨
厚钢板,Thick steel plate,41213X0032021B,首页 > 金属制品、机械和设备 > 基础金属 > 钢铁制品 > 压延合金钢（已热轧而未进一步加工的宽度为600毫米或600毫米以上的合金钢的压延产品，电硅钢或高速钢产品除外）,,2340,kgCO2e,3,2021,公吨
厚钢板,thick steel plate,41213X0042021B,首页 > 金属制品、机械和设备 > 基础金属 > 钢铁制品 > 压延合金钢（已热轧而未进一步加工的宽度为600毫米或600毫米以上的合金钢的压延产品，电硅钢或高速钢产品除外）,,2310,kgCO2e,3,2021,公吨
厚钢板,thick steel plate,41213X0052022B,首页 > 金属制品、机械和设备 > 基础金属 > 钢铁制品 > 压延合金钢（已热轧而未进一步加工的宽度为600毫米或600毫米以上的合金钢的压延产品，电硅钢或高速钢产品除外）,,2069,kgCO2e,4,2022,公吨
汽车钢板（长流程工艺，BF-BOF）,"Automotive Steel Sheet (Long process, BF-BOF)",41221X0012022A,首页 > 金属制品、机械和设备 > 基础金属 > 钢铁制品 > 压延非合金钢（已冷轧而未进一步加工的宽度为600毫米或600毫米以上的非合金钢的压延产品）,,2111.7,kgCO2e,4,2022,公吨
帘线钢产品,Cord steel products,41221X0032022B,首页 > 金属制品、机械和设备 > 基础金属 > 钢铁制品 > 压延非合金钢（已冷轧而未进一步加工的宽度为600毫米或600毫米以上的非合金钢的压延产品）,1000kg,3000,kgCO2e,5,2022,公吨
连续热镀锌钢板及钢带,Continuous hot-dip galvanized steel sheet and strip,41221X0042023B,首页 > 金属制品、机械和设备 > 基础金属 > 钢铁制品 > 压延非合金钢（已冷轧而未进一步加工的宽度为600毫米或600毫米以上的非合金钢的压延产品）,1000kg,2550,kgCO2e,5,2023,公吨
冷轧钢板及钢带,Cold-rolled steel plate and strip,41221X0052021B,首页 > 金属制品、机械和设备 > 基础金属 > 钢铁制品 > 压延非合金钢（已冷轧而未进一步加工的宽度为600毫米或600毫米以上的非合金钢的压延产品）,1000kg,2572,kgCO2e,5,2021,公吨
钢铁产品-宽度大于等于 600 毫米的不锈钢平板轧材,"Iron or steel products-Flat-rolled products of stainless steel, of a width of 600 mm or more·",41221X0072022A,首页 > 金属制品、机械和设备 > 基础金属 > 钢铁制品 > 压延非合金钢（已冷轧而未进一步加工的宽度为600毫米或600毫米以上的非合金钢的压延产品）,,4.08,tCO2e,5,2022,公吨
钢铁产品-宽度大于等于 600 毫米的不锈钢平板轧材,"Iron or steel products-Flat-rolled products of stainless steel, of a width of 600 mm or more·",41221X0082022A,首页 > 金属制品、机械和设备 > 基础金属 > 钢铁制品 > 压延非合金钢（已冷轧而未进一步加工的宽度为600毫米或600毫米以上的非合金钢的压延产品）,,4.19,tCO2e,5,2022,公吨
冷轧钢板及钢带,cold rolled plate&strip,41222X0012022B,首页 > 金属制品、机械和设备 > 基础金属 > 钢铁制品 > 压延非合金钢（已冷轧而未进一步加工的宽度在600毫米以下的非合金钢压延产品）,,2.572,tCO2e,4,2022,公吨
汽车用冷轧钢带,Cold-rolled steel strip for automobiles,41222X0032022C,首页 > 金属制品、机械和设备 > 基础金属 > 钢铁制品 > 压延非合金钢（已冷轧而未进一步加工的宽度在600毫米以下的非合金钢压延产品）,"汽车用冷轧钢带具有低屈服、高伸长率、高n值及r值的特性，特别适合材料深拉延成型, 显微组织为100%F，具备无时效特性及 更好的延展性和抗凹性。",2.69,tCO2e,5,2022,公吨
汽车用罩式退火冷轧钢带,Hood-annealed cold-rolled steel strip  products for automotive application,41222X0042022C,首页 > 金属制品、机械和设备 > 基础金属 > 钢铁制品 > 压延非合金钢（已冷轧而未进一步加工的宽度在600毫米以下的非合金钢压延产品）,厚度规格范围 0.40mm~3.00mm、宽度规格范围780mm~1900mm。,3.002,tCO2e,5,2022,公吨
马氏体不锈钢冷轧钢板及钢带,"Martensitic stainless steel, cold-rolled steel plate and steel strip",41222X0052021C,首页 > 金属制品、机械和设备 > 基础金属 > 钢铁制品 > 压延非合金钢（已冷轧而未进一步加工的宽度在600毫米以下的非合金钢压延产品）,产品包括NO.1产品、2B产品、Ht产品等，NO.1产品厚度2.5mm-6.0mm，宽度900mm-1530mm；2B/Ht产品厚度0.3mm-3.0mm，宽度900mm-1530mm,4.48,tCO2e,5,2021,公吨
热连轧钢板及钢带,hot continuous rolling steel sheet and strip,41222X0062021B,首页 > 金属制品、机械和设备 > 基础金属 > 钢铁制品 > 压延非合金钢（已冷轧而未进一步加工的宽度在600毫米以下的非合金钢压延产品）,,2270,kgCO2e,4,2021,公吨
钢铁产品-宽度小于 600 毫米的不锈钢平板轧材,"Iron or steel products-Flat-rolled products stainless steel, of a width of less than 600 mm",41222X0072022A,首页 > 金属制品、机械和设备 > 基础金属 > 钢铁制品 > 压延非合金钢（已冷轧而未进一步加工的宽度在600毫米以下的非合金钢压延产品）,,4.08,tCO2e,5,2022,公吨
钢铁产品-宽度小于 600 毫米的不锈钢平板轧材,"Iron or steel products-Flat-rolled products stainless steel, of a width of less than 600 mm",41222X0082022A,首页 > 金属制品、机械和设备 > 基础金属 > 钢铁制品 > 压延非合金钢（已冷轧而未进一步加工的宽度在600毫米以下的非合金钢压延产品）,除冷轧（冷还原）外，未经进一步加工,4.19,tCO2e,5,2022,公吨
热连轧钢板及钢带,hot rolled plate&strip,41212X0022023B,首页 > 金属制品、机械和设备 > 基础金属 > 钢铁制品 > 压延非合金钢（已热轧而未进一步加工的宽度在600毫米以下的非合金钢的压延产品）,,2.3,tCO2e,5,2023,公吨
热连轧钢板及钢带,Hot continuous rolling steel plate and steel strip,41212X0112021C,首页 > 金属制品、机械和设备 > 基础金属 > 钢铁制品 > 压延非合金钢（已热轧而未进一步加工的宽度在600毫米以下的非合金钢的压延产品）,厚度范围0.8mm～25.4mm，宽度800mm～2050mm尺寸全覆盖。,2.27,tCO2e,5,2021,公吨
厚钢板,Thick steel plates,41212X0122022C,首页 > 金属制品、机械和设备 > 基础金属 > 钢铁制品 > 压延非合金钢（已热轧而未进一步加工的宽度在600毫米以下的非合金钢的压延产品）,产品规格：厚度范围为6mm-150mm，宽度范围为1500mm-4100mm，长度范围为3000mm-24000mm。,2.42,tCO2e,5,2022,公吨
厚钢板,Thick steel plates,41212X0132022C,首页 > 金属制品、机械和设备 > 基础金属 > 钢铁制品 > 压延非合金钢（已热轧而未进一步加工的宽度在600毫米以下的非合金钢的压延产品）,沙钢厚钢板产品包括：船板钢、桥梁钢、风塔钢、高强钢、管线钢、模具钢、容器钢、耐磨钢、高建钢、结构钢等。,2.069,tCO2e,5,2022,公吨
彩色涂层钢带,Color-coated steel strip,41212X0142022C,首页 > 金属制品、机械和设备 > 基础金属 > 钢铁制品 > 压延非合金钢（已热轧而未进一步加工的宽度在600毫米以下的非合金钢的压延产品）,产品厚度为0.22mm～2.0mm，面漆种类包括聚酯、硅改性聚酯、高耐久性聚酯、聚偏氟乙烯等，基板种类包括普 冷、热镀锌、热镀铝锌、热镀锌铝镁、热镀铝锌镁等。基板表面预处理类型主要为无铬化学预处理,3.19,tCO2e,5,2022,公吨
钢轨,rail,41212X0152022C,首页 > 金属制品、机械和设备 > 基础金属 > 钢铁制品 > 压延非合金钢（已热轧而未进一步加工的宽度在600毫米以下的非合金钢的压延产品）,37.2kg/m～75kg/m、强度级别 800Mpa～1400Mpa、定尺长度9m～100m的系列钢轨,2.62,tCO2e,5,2022,公吨
厚钢板,Steel Plate,41212X0162022C,首页 > 金属制品、机械和设备 > 基础金属 > 钢铁制品 > 压延非合金钢（已热轧而未进一步加工的宽度在600毫米以下的非合金钢的压延产品）,厚度范围为6mm～50mm，宽度范围为1600mm-3250mm,2.55,tCO2e,5,2022,公吨
热轧钢带,Hot rolled steel strip,41212X0172022C,首页 > 金属制品、机械和设备 > 基础金属 > 钢铁制品 > 压延非合金钢（已热轧而未进一步加工的宽度在600毫米以下的非合金钢的压延产品）,宝钢集团新疆八一钢铁有限公司生产的热轧钢带,2.5,tCO2e,5,2022,公吨
热镀锌IF钢,Hot-dip galvanized IF steel,41212X0182021C,首页 > 金属制品、机械和设备 > 基础金属 > 钢铁制品 > 压延非合金钢（已热轧而未进一步加工的宽度在600毫米以下的非合金钢的压延产品）,厚度范围0.4mm-2.5mm，宽度范围800mm-1870mm。DC52D+Z、DC53D+Z、DC54D+Z、DC56D+Z、DC57D+Z,2.828,tCO2e,5,2021,公吨
碳素结构钢热轧钢板及钢带,"Carbon structural steel, hot-rolled steel plate and steel strip",41212X0192021C,首页 > 金属制品、机械和设备 > 基础金属 > 钢铁制品 > 压延非合金钢（已热轧而未进一步加工的宽度在600毫米以下的非合金钢的压延产品）,产品厚度范围为1.2mm~19mm×1000mm~1620mm,2.4,tCO2e,5,2021,公吨
桥梁结构用厚钢板,Thick steel plates are used for bridge structures,41212X0202021C,首页 > 金属制品、机械和设备 > 基础金属 > 钢铁制品 > 压延非合金钢（已热轧而未进一步加工的宽度在600毫米以下的非合金钢的压延产品）,产品厚度范围为8mm~80mm×2000mm~3600mm,2.38,tCO2e,5,2021,公吨
稀土耐磨钢,Rare earth wear-resistant steel,41212X0212021C,首页 > 金属制品、机械和设备 > 基础金属 > 钢铁制品 > 压延非合金钢（已热轧而未进一步加工的宽度在600毫米以下的非合金钢的压延产品）,精品板材，产品厚度范围16mm-60mm,2.676,tCO2e,5,2021,公吨
热连轧钢板及钢带,hot continuous rolling steel sheet and strip,41212X0222020B,首页 > 金属制品、机械和设备 > 基础金属 > 钢铁制品 > 压延非合金钢（已热轧而未进一步加工的宽度在600毫米以下的非合金钢的压延产品）,,2293,kgCO2e,4,2020,公吨
热连轧钢板及钢带,hot continuous rolling steel sheet and strip,41212X0232020B,首页 > 金属制品、机械和设备 > 基础金属 > 钢铁制品 > 压延非合金钢（已热轧而未进一步加工的宽度在600毫米以下的非合金钢的压延产品）,,1090,kgCO2e,4,2020,公吨
热连轧钢板及钢带,hot continuous rolling steel sheet and strip,41212X0242022B,首页 > 金属制品、机械和设备 > 基础金属 > 钢铁制品 > 压延非合金钢（已热轧而未进一步加工的宽度在600毫米以下的非合金钢的压延产品）,,2280,kgCO2e,3,2022,公吨
热连轧钢板及钢带,hot continuous rolling steel sheet and strip,41212X0252023B,首页 > 金属制品、机械和设备 > 基础金属 > 钢铁制品 > 压延非合金钢（已热轧而未进一步加工的宽度在600毫米以下的非合金钢的压延产品）,,2158,kgCO2e,4,2023,公吨
热浸镀锌钢卷,Hot dip galvanized steel coil,41231X0022022B,首页 > 金属制品、机械和设备 > 基础金属 > 钢铁制品 > 压延非合金钢（非合金钢的其他压延产品，经金属包覆、镀或涂的）,1000kg,3020,kgCO2e,4,2022,公吨
热镀锌铝镁（低铝） 合金镀层钢板及钢带,Hot-dip galvanized aluminum-magnesium (low aluminum) alloy coated steel sheet and strip,41231X0032023B,首页 > 金属制品、机械和设备 > 基础金属 > 钢铁制品 > 压延非合金钢（非合金钢的其他压延产品，经金属包覆、镀或涂的）,1000kg,2660,kgCO2e,5,2023,公吨
热镀铝锌钢带,Hot-dip aluminum-zinc steel strip,41231X0042023B,首页 > 金属制品、机械和设备 > 基础金属 > 钢铁制品 > 压延非合金钢（非合金钢的其他压延产品，经金属包覆、镀或涂的）,1000kg,2890,kgCO2e,5,2023,公吨
全工艺冷轧无取向电工钢钢带,Cold-rolled non-oriented electrical steel strip,41231X0052023B,首页 > 金属制品、机械和设备 > 基础金属 > 钢铁制品 > 压延非合金钢（非合金钢的其他压延产品，经金属包覆、镀或涂的）,1000kg,3020,kgCO2e,5,2023,公吨
汽车用冷轧钢带,Cold-rolled steel strips for automobiles,41231X0062022B,首页 > 金属制品、机械和设备 > 基础金属 > 钢铁制品 > 压延非合金钢（非合金钢的其他压延产品，经金属包覆、镀或涂的）,1000kg,2690,kgCO2e,5,2022,公吨
冷轧热浸镀锌钢板及钢带,Cold-rolled hot-dip galvanized steel sheet and strip,41231X0072022B,首页 > 金属制品、机械和设备 > 基础金属 > 钢铁制品 > 压延非合金钢（非合金钢的其他压延产品，经金属包覆、镀或涂的）,1000kg,2600,kgCO2e,5,2022,公吨
冷轧连续退火钢板及钢带,Cold rolled continuously annealed steel sheet and strip,41231X0082022B,首页 > 金属制品、机械和设备 > 基础金属 > 钢铁制品 > 压延非合金钢（非合金钢的其他压延产品，经金属包覆、镀或涂的）,1000kg,2570,kgCO2e,5,2022,公吨
冷轧连退钢板及钢带,Cold-rolled strip and strip,41231X0092022B,首页 > 金属制品、机械和设备 > 基础金属 > 钢铁制品 > 压延非合金钢（非合金钢的其他压延产品，经金属包覆、镀或涂的）,1000kg,2530,kgCO2e,5,2022,公吨
冷轧钢板及钢带,Cold-rolled steel plate and strip,41231X0102022B,首页 > 金属制品、机械和设备 > 基础金属 > 钢铁制品 > 压延非合金钢（非合金钢的其他压延产品，经金属包覆、镀或涂的）,1000kg,2600,kgCO2e,5,2022,公吨
冷轧钢板及钢带,Cold-rolled steel plate and strip,41231X0112021B,首页 > 金属制品、机械和设备 > 基础金属 > 钢铁制品 > 压延非合金钢（非合金钢的其他压延产品，经金属包覆、镀或涂的）,1000kg,2940,kgCO2e,5,2021,公吨
热轧型钢,hot rolled section steel,41231X0122022B,首页 > 金属制品、机械和设备 > 基础金属 > 钢铁制品 > 压延非合金钢（非合金钢的其他压延产品，经金属包覆、镀或涂的）,,2050,kgCO2e,3,2022,公吨
热轧酸洗钢带,Hot rolled pickling steel strip,41231X0132021B,首页 > 金属制品、机械和设备 > 基础金属 > 钢铁制品 > 压延非合金钢（非合金钢的其他压延产品，经金属包覆、镀或涂的）,,2650,kgCO2e,3,2021,公吨
热轧酸洗钢板及钢带,Hot rolled pickling steel sheet and strip,41231X0142022B,首页 > 金属制品、机械和设备 > 基础金属 > 钢铁制品 > 压延非合金钢（非合金钢的其他压延产品，经金属包覆、镀或涂的）,,2320,kgCO2e,3,2022,公吨
热轧酸洗钢板及钢带,Hot rolled pickling steel sheet and strip,41231X0152022B,首页 > 金属制品、机械和设备 > 基础金属 > 钢铁制品 > 压延非合金钢（非合金钢的其他压延产品，经金属包覆、镀或涂的）,,2343,kgCO2e,4,2022,公吨
厚钢板,thick steel plate,41231X0162022B,首页 > 金属制品、机械和设备 > 基础金属 > 钢铁制品 > 压延非合金钢（非合金钢的其他压延产品，经金属包覆、镀或涂的）,,2550,kgCO2e,3,2022,公吨
高强度热轧带肋钢筋,High strength hot rolled ribbed steel bars,41231X0172022B,首页 > 金属制品、机械和设备 > 基础金属 > 钢铁制品 > 压延非合金钢（非合金钢的其他压延产品，经金属包覆、镀或涂的）,,2200,kgCO2e,3,2022,公吨
钢轨,Rail,41231X0182022B,首页 > 金属制品、机械和设备 > 基础金属 > 钢铁制品 > 压延非合金钢（非合金钢的其他压延产品，经金属包覆、镀或涂的）,,2620,kgCO2e,3,2022,1000kg 钢轨
低碳钢热轧圆盘条,Mild steel hot rolled round wire rod,41231X0192022B,首页 > 金属制品、机械和设备 > 基础金属 > 钢铁制品 > 压延非合金钢（非合金钢的其他压延产品，经金属包覆、镀或涂的）,,2150,kgCO2e,3,2022,公吨
低合金结构用热连轧钢板及钢带,Hot rolled steel plates and strips for low alloy structures,41231X0202022B,首页 > 金属制品、机械和设备 > 基础金属 > 钢铁制品 > 压延非合金钢（非合金钢的其他压延产品，经金属包覆、镀或涂的）,,2260,kgCO2e,3,2022,公吨
氮气,Nitrogen,41231X0212022B,首页 > 金属制品、机械和设备 > 基础金属 > 钢铁制品 > 压延非合金钢（非合金钢的其他压延产品，经金属包覆、镀或涂的）,,90.8,gCO2e,4,2022,1000立方米
低合金结构用厚钢板,Thick steel plates for low alloy structures,41231X0222022B,首页 > 金属制品、机械和设备 > 基础金属 > 钢铁制品 > 压延非合金钢（非合金钢的其他压延产品，经金属包覆、镀或涂的）,,2440,kgCO2e,3,2022,公吨
彩色涂层钢带,Color coated steel strip,41231X0232022B,首页 > 金属制品、机械和设备 > 基础金属 > 钢铁制品 > 压延非合金钢（非合金钢的其他压延产品，经金属包覆、镀或涂的）,,3190,kgCO2e,4,2022,公吨
钢丝,Steel wire,41267X0012020A,首页 > 金属制品、机械和设备 > 基础金属 > 钢铁制品 > 合金钢丝,,2.46,kgCO2e,4,2020,kg
钢铁产品-其他合金钢线材,Iron or steel products-Wire of other alloy steel,41267X0022022A,首页 > 金属制品、机械和设备 > 基础金属 > 钢铁制品 > 合金钢丝,,2.59,tCO2e,5,2022,公吨
大H型钢,Large H-shaped steel,41251X0072021B,首页 > 金属制品、机械和设备 > 基础金属 > 钢铁制品 > 已热轧、热拉或热挤压而未进一步加工的铁或非合金钢的角铁或角钢、型铁或型钢,,2404,kgCO2e,4,2021,公吨
热轧钢筋（带肋、光圆）,"hot rolled steel bar (ribbed, rounded)",41251X0082021B,首页 > 金属制品、机械和设备 > 基础金属 > 钢铁制品 > 已热轧、热拉或热挤压而未进一步加工的铁或非合金钢的角铁或角钢、型铁或型钢,,2170,kgCO2e,4,2021,公吨
热轧钢筋（带肋、光圆）,"hot rolled steel bar (ribbed, rounded)",41251X0092021B,首页 > 金属制品、机械和设备 > 基础金属 > 钢铁制品 > 已热轧、热拉或热挤压而未进一步加工的铁或非合金钢的角铁或角钢、型铁或型钢,,2170,kgCO2e,4,2021,公吨
热轧带肋钢筋,hot rolled ribbed bar,41251X0102021B,首页 > 金属制品、机械和设备 > 基础金属 > 钢铁制品 > 已热轧、热拉或热挤压而未进一步加工的铁或非合金钢的角铁或角钢、型铁或型钢,,790,kgCO2e,4,2021,公吨
热轧带肋钢筋,hot rolled ribbed bar,41251X0112021B,首页 > 金属制品、机械和设备 > 基础金属 > 钢铁制品 > 已热轧、热拉或热挤压而未进一步加工的铁或非合金钢的角铁或角钢、型铁或型钢,,3690,kgCO2e,4,2021,公吨
热轧带肋钢筋,hot rolled ribbed bar,41251X0122021B,首页 > 金属制品、机械和设备 > 基础金属 > 钢铁制品 > 已热轧、热拉或热挤压而未进一步加工的铁或非合金钢的角铁或角钢、型铁或型钢,,1970,kgCO2e,4,2021,公吨
热轧带肋钢筋,hot rolled ribbed bar,41251X0132021B,首页 > 金属制品、机械和设备 > 基础金属 > 钢铁制品 > 已热轧、热拉或热挤压而未进一步加工的铁或非合金钢的角铁或角钢、型铁或型钢,,2140,kgCO2e,4,2021,公吨
热轧带肋钢筋,hot rolled ribbed bar,41251X0142022B,首页 > 金属制品、机械和设备 > 基础金属 > 钢铁制品 > 已热轧、热拉或热挤压而未进一步加工的铁或非合金钢的角铁或角钢、型铁或型钢,,2140,kgCO2e,4,2022,公吨
热轧带肋钢筋,hot rolled ribbed bar,41251X0152023B,首页 > 金属制品、机械和设备 > 基础金属 > 钢铁制品 > 已热轧、热拉或热挤压而未进一步加工的铁或非合金钢的角铁或角钢、型铁或型钢,,2162,kgCO2e,4,2023,公吨
热轧带肋钢筋,hot rolled ribbed bar,41251X0162022B,首页 > 金属制品、机械和设备 > 基础金属 > 钢铁制品 > 已热轧、热拉或热挤压而未进一步加工的铁或非合金钢的角铁或角钢、型铁或型钢,,2100,kgCO2e,4,2022,公吨
碳钢热镀锌板卷,Carbon Steel Hot-Dip Galvanized Coil,41239X0012019A,首页 > 金属制品、机械和设备 > 基础金属 > 钢铁制品 > 未另列明的不锈钢或其他合金钢的其他压延产品,,3110,kgCO2e,3,2019,公吨
桥梁结构用厚钢板,Thick steel plates are used for bridge structures,41239X0052021B,首页 > 金属制品、机械和设备 > 基础金属 > 钢铁制品 > 未另列明的不锈钢或其他合金钢的其他压延产品,1000kg,2380,kgCO2e,5,2021,公吨
连续热浸镀锌系列合金镀层钢板及钢带,Continuous hot-dip galvanized alloy coated steel sheet and strip,41239X0062021B,首页 > 金属制品、机械和设备 > 基础金属 > 钢铁制品 > 未另列明的不锈钢或其他合金钢的其他压延产品,1000kg,2560,kgCO2e,5,2021,公吨
钢铁产品-铁或钢结构及结构部件；准备用于铁或钢结构的板、杆、角钢、型材、截面、管材及类似材料,"Iron or steel products-Structures and parts of structures, of iron or steel; plates, rods, angles, shapes, sections, tubes and the like, prepared for use in structures, of iron or steel",41239X0072022A,首页 > 金属制品、机械和设备 > 基础金属 > 钢铁制品 > 未另列明的不锈钢或其他合金钢的其他压延产品,,5.01,tCO2e,5,2022,公吨
钢铁产品-容量超过 300 升的任何铁或钢材料的贮水池、储罐、大桶和类似容器,"Iron or steel products-Reservoirs, tanks, vats and similar containers for any material of iron or steel",41239X0082022A,首页 > 金属制品、机械和设备 > 基础金属 > 钢铁制品 > 未另列明的不锈钢或其他合金钢的其他压延产品,,2.35,tCO2e,5,2022,公吨
钢铁产品-容量不超过 300 升的任何钢铁材料的罐、桶、罐、箱及类似容器,"Iron or steel products-Tanks, casks, drums, cans, boxes and similar containers, for any material of iron or steel",41239X0092022A,首页 > 金属制品、机械和设备 > 基础金属 > 钢铁制品 > 未另列明的不锈钢或其他合金钢的其他压延产品,,2.35,tCO2e,5,2022,公吨
钢铁产品-铁或钢制压缩或液化气体容器,"Iron or steel products-Containers for compressed or liquefied gas, of iron or steel",41239X0102022A,首页 > 金属制品、机械和设备 > 基础金属 > 钢铁制品 > 未另列明的不锈钢或其他合金钢的其他压延产品,,2.21,tCO2e,5,2022,公吨
钢铁产品-铁或钢的螺钉、螺栓、螺母、车用螺钉、螺钩、铆钉、开口销、垫圈（包括弹簧垫圈）及类似物品,"Iron or steel products-Screws, bolts, nuts, coach screws, screw hooks, rivets, cotters, cotter pins, washers (including spring washers) and similar articles, of iron or steel",41239X0112022A,首页 > 金属制品、机械和设备 > 基础金属 > 钢铁制品 > 未另列明的不锈钢或其他合金钢的其他压延产品,,2.21,tCO2e,5,2022,公吨
钢铁产品-铁或钢的螺钉、螺栓、螺母、车用螺钉、螺钩、铆钉、开口销、垫圈（包括弹簧垫圈）及类似物品,"Iron or steel products-Screws, bolts, nuts, coach screws, screw hooks, rivets, cotters, cotter pins, washers (including spring washers) and similar articles, of iron or steel",41239X0122022A,首页 > 金属制品、机械和设备 > 基础金属 > 钢铁制品 > 未另列明的不锈钢或其他合金钢的其他压延产品,,4.1,tCO2e,5,2022,公吨
钢铁产品-磨机用研磨球及其他类似物品,Iron or steel products-Grinding balls and similar articles for mills and others,41239X0132022A,首页 > 金属制品、机械和设备 > 基础金属 > 钢铁制品 > 未另列明的不锈钢或其他合金钢的其他压延产品,,3.27,tCO2e,5,2022,公吨
钢铁产品-梯子和台阶、托盘和用于搬运货物的平台及其他类似产品,"Iron or steel products-Ladders and steps, Pallets and similar platforms for handling goods and others",41239X0142022A,首页 > 金属制品、机械和设备 > 基础金属 > 钢铁制品 > 未另列明的不锈钢或其他合金钢的其他压延产品,,2.21,tCO2e,5,2022,公吨
钢铁产品-其他钢铁制品,Iron or steel products-Other articles of iron or steel,41239X0152022A,首页 > 金属制品、机械和设备 > 基础金属 > 钢铁制品 > 未另列明的不锈钢或其他合金钢的其他压延产品,,2.35,tCO2e,5,2022,公吨
铝塑复合板,Aluminum-plastic composite panels,41239X0172025C,首页 > 金属制品、机械和设备 > 基础金属 > 钢铁制品 > 未另列明的不锈钢或其他合金钢的其他压延产品,,8.06,kgCO2e,5,2025,平方米
天然气管道,Gas pipeline,41285X0012022A,首页 > 金属制品、机械和设备 > 基础金属 > 钢铁制品 > 用于石油或煤气管道的钢的干线用管，无缝管材除外,,7.64,gCO2e,5,2022,立方米·千米
天然气管道,Natural gas transmission pipelines,41285X0022020A,首页 > 金属制品、机械和设备 > 基础金属 > 钢铁制品 > 用于石油或煤气管道的钢的干线用管，无缝管材除外,,0.058,gCO2e,4,2020,立方米·千米
碳钢钢管,Carbon steel pipelines,41281X0012021A,首页 > 金属制品、机械和设备 > 基础金属 > 钢铁制品 > 用于石油或煤气管道的钢的无缝干线用管,,0.922,tCO2e,5,2021,公吨
冶金级硅制品,Metallurgical Grade Silicon Production,41233X0012019A,首页 > 金属制品、机械和设备 > 基础金属 > 钢铁制品 > 电硅钢的压延产品,,11.3,kgCO2e,4,2019,kg
单晶硅光伏组件,Monocrystalline silicon solar modules,41233X0022021B,首页 > 金属制品、机械和设备 > 基础金属 > 钢铁制品 > 电硅钢的压延产品,,141000,kgCO2e,5,2021,兆瓦
钢铁产品-铸铁管、管材和空心型材,"Iron or steel products-Tubes, pipes and hollow profiles, of cast iron",41291X0012022A,首页 > 金属制品、机械和设备 > 基础金属 > 钢铁制品 > 离心铸造空心钢管材,,2.56,tCO2e,5,2022,公吨
钢铁产品-铁（铸铁除外）或钢的无缝管、管材和空心型材,"Iron or steel products-Tubes, pipes and hollow profiles, seamless, of iron (other than cast iron) or steel",41291X0022022A,首页 > 金属制品、机械和设备 > 基础金属 > 钢铁制品 > 离心铸造空心钢管材,,2.2,tCO2e,5,2022,公吨
钢铁产品-铁（铸铁除外）或钢的无缝管、管材和空心型材,"Iron or steel products-Tubes, pipes and hollow profiles, seamless, of iron (other than cast iron) or steel",41291X0032022A,首页 > 金属制品、机械和设备 > 基础金属 > 钢铁制品 > 离心铸造空心钢管材,,2.21,tCO2e,5,2022,公吨
钢铁产品-其他铁或钢管、管材和空心型材,"Iron or steel products-Other tubes, pipes and hollow profiles of iron or steel",41291X0042022A,首页 > 金属制品、机械和设备 > 基础金属 > 钢铁制品 > 离心铸造空心钢管材,,2.44,tCO2e,5,2022,公吨
钢铁产品-其他铁或钢管、管材和空心型材,"Iron or steel products-Other tubes, pipes and hollow profiles of iron or steel",41291X0052022A,首页 > 金属制品、机械和设备 > 基础金属 > 钢铁制品 > 离心铸造空心钢管材,,2.39,tCO2e,5,2022,公吨
钢铁产品-其他铁或钢管、管材和空心型材,"Iron or steel products-Other tubes, pipes and hollow profiles of iron or steel",41291X0062022A,首页 > 金属制品、机械和设备 > 基础金属 > 钢铁制品 > 离心铸造空心钢管材,,2.28,tCO2e,5,2022,公吨
钢铁产品-其他铁或钢管、管材和空心型材,"Iron or steel products-Other tubes, pipes and hollow profiles of iron or steel",41291X0072022A,首页 > 金属制品、机械和设备 > 基础金属 > 钢铁制品 > 离心铸造空心钢管材,,2.35,tCO2e,5,2022,公吨
钢铁产品-其他铁或钢管、管材和空心型材,"Iron or steel products-Other tubes, pipes and hollow profiles of iron or steel",41291X0082022A,首页 > 金属制品、机械和设备 > 基础金属 > 钢铁制品 > 离心铸造空心钢管材,,2.28,tCO2e,5,2022,公吨
钢铁产品-其他铁或钢管、管材和空心型材,"Iron or steel products-Other tubes, pipes and hollow profiles of iron or steel",41291X0092022A,首页 > 金属制品、机械和设备 > 基础金属 > 钢铁制品 > 离心铸造空心钢管材,,2.38,tCO2e,5,2022,公吨
铸铁管,Cast iron pipe,41291X0102025C,首页 > 金属制品、机械和设备 > 基础金属 > 钢铁制品 > 离心铸造空心钢管材,,3515,kgCO2e,5,2025,公吨
球墨铸铁管,Ductile iron pipes,41291X0112025C,首页 > 金属制品、机械和设备 > 基础金属 > 钢铁制品 > 离心铸造空心钢管材,,3210,kgCO2e,5,2025,公吨
不锈钢管,Stainless steel pipes,41291X0122025C,首页 > 金属制品、机械和设备 > 基础金属 > 钢铁制品 > 离心铸造空心钢管材,,3.699,kgCO2e,5,2025,米
热浸镀锌钢管,Hot-dip galvanized steel pipes,41291X0132025C,首页 > 金属制品、机械和设备 > 基础金属 > 钢铁制品 > 离心铸造空心钢管材,,4524,kgCO2e,5,2025,公吨
热镀锌钢带,Hot-dip galvanized steel strip,41244X0012023B,首页 > 金属制品、机械和设备 > 基础金属 > 钢铁制品 > 经热轧、热拉或热挤压而未进一步加工的不锈钢或其他合金钢的其他条材和棒材（高速钢或硅锰钢钢条与钢棒除外）,1000kg,2890,kgCO2e,5,2023,公吨
热轧卷,Hot rolled coil,41242X0012012A,首页 > 金属制品、机械和设备 > 基础金属 > 钢铁制品 > 经锻造、热轧、热拉或热挤压而未进一步加工，但包括轧制后加以盘绕的铁或非合金钢的其他条材和棒材,,1.124,tCO2e,4,2012,公吨
连铸钢坯,Continuous casting billet,41242X0042022B,首页 > 金属制品、机械和设备 > 基础金属 > 钢铁制品 > 经锻造、热轧、热拉或热挤压而未进一步加工，但包括轧制后加以盘绕的铁或非合金钢的其他条材和棒材,1000kg,2040,kgCO2e,5,2022,公吨
热轧钢带,hot rolled steel strip,41242X0052022B,首页 > 金属制品、机械和设备 > 基础金属 > 钢铁制品 > 经锻造、热轧、热拉或热挤压而未进一步加工，但包括轧制后加以盘绕的铁或非合金钢的其他条材和棒材,,2500,kgCO2e,4,2022,公吨
热轧钢带,hot rolled steel strip,41242X0062022B,首页 > 金属制品、机械和设备 > 基础金属 > 钢铁制品 > 经锻造、热轧、热拉或热挤压而未进一步加工，但包括轧制后加以盘绕的铁或非合金钢的其他条材和棒材,,2470,kgCO2e,4,2022,公吨
热轧钢棒,hot rolled steel bar,41242X0072022B,首页 > 金属制品、机械和设备 > 基础金属 > 钢铁制品 > 经锻造、热轧、热拉或热挤压而未进一步加工，但包括轧制后加以盘绕的铁或非合金钢的其他条材和棒材,,2430,kgCO2e,4,2022,公吨
热轧碳钢小型型钢,Hot rolled carbon steel small section,41265X0372022C,首页 > 金属制品、机械和设备 > 基础金属 > 钢铁制品 > 进一步加工的经热轧或冷轧的不锈钢或其他合金钢的条材和棒材,,2310,kgCO2e,5,2022,公吨
转炉碳钢,Converter carbon steel,41265X0342022C,首页 > 金属制品、机械和设备 > 基础金属 > 钢铁制品 > 进一步加工的经热轧或冷轧的不锈钢或其他合金钢的条材和棒材,,1990,kgCO2e,5,2022,公吨
电炉碳钢,Electric furnace carbon steel,41265X0352022C,首页 > 金属制品、机械和设备 > 基础金属 > 钢铁制品 > 进一步加工的经热轧或冷轧的不锈钢或其他合金钢的条材和棒材,,3030,kgCO2e,5,2022,公吨
汽车用连续退火冷轧钢带,Continuously annealed cold-rolled steel strip for automobiles,41265X0182022C,首页 > 金属制品、机械和设备 > 基础金属 > 钢铁制品 > 进一步加工的经热轧或冷轧的不锈钢或其他合金钢的条材和棒材,厚度规格范围0.30mm~3.00mm、宽度规格范围780mm~1900mm,2.98,tCO2e,5,2022,公吨
冷轧钢板及钢带,Cold-rolled steel plate and steel strip,41265X0362022C,首页 > 金属制品、机械和设备 > 基础金属 > 钢铁制品 > 进一步加工的经热轧或冷轧的不锈钢或其他合金钢的条材和棒材,厚度范围0.3mm～2.5mm，宽度800mm～1850mm尺寸全覆盖,2.6,tCO2e,5,2022,公吨
热镀锌IF钢,Hot-dip galvanized IF steel,41265X0192023B,首页 > 金属制品、机械和设备 > 基础金属 > 钢铁制品 > 进一步加工的经热轧或冷轧的不锈钢或其他合金钢的条材和棒材,1000kg,2830,kgCO2e,5,2023,公吨
汽车用罩式退火冷轧钢带,Hood annealed cold rolled steel strips for automobiles,41265X0202022B,首页 > 金属制品、机械和设备 > 基础金属 > 钢铁制品 > 进一步加工的经热轧或冷轧的不锈钢或其他合金钢的条材和棒材,1000kg,3000,kgCO2e,5,2022,公吨
汽车用热轧钢带,Hot-rolled steel strips for automobiles,41265X0212022B,首页 > 金属制品、机械和设备 > 基础金属 > 钢铁制品 > 进一步加工的经热轧或冷轧的不锈钢或其他合金钢的条材和棒材,1000kg,2420,kgCO2e,5,2022,公吨
汽车用连续退火冷轧钢带,Continuously annealed cold-rolled steel strips for automobiles,41265X0222022B,首页 > 金属制品、机械和设备 > 基础金属 > 钢铁制品 > 进一步加工的经热轧或冷轧的不锈钢或其他合金钢的条材和棒材,1000kg,2980,kgCO2e,5,2022,公吨
汽车用冷硬钢带,Cold-hardened steel strips for automobiles,41265X0232022B,首页 > 金属制品、机械和设备 > 基础金属 > 钢铁制品 > 进一步加工的经热轧或冷轧的不锈钢或其他合金钢的条材和棒材,1000kg,2600,kgCO2e,5,2022,公吨
马氏体不锈钢冷轧钢板及钢带,Martensitic stainless steel cold-rolled steel plates and strips,41265X0242021B,首页 > 金属制品、机械和设备 > 基础金属 > 钢铁制品 > 进一步加工的经热轧或冷轧的不锈钢或其他合金钢的条材和棒材,1000kg,4480,kgCO2e,5,2021,公吨
马氏体不锈钢冷轧板,Cold-rolled Martensitic stainless steel,41265X0252020B,首页 > 金属制品、机械和设备 > 基础金属 > 钢铁制品 > 进一步加工的经热轧或冷轧的不锈钢或其他合金钢的条材和棒材,1000kg,4350,kgCO2e,5,2020,公吨
冷连轧钢板及钢带,Cold continuous rolling of steel plates and strips,41265X0262022B,首页 > 金属制品、机械和设备 > 基础金属 > 钢铁制品 > 进一步加工的经热轧或冷轧的不锈钢或其他合金钢的条材和棒材,1000kg,2660,kgCO2e,5,2022,公吨
碳素结构钢热轧钢板及钢带,Carbon structural steel hot rolled sheet and strip,41265X0272021B,首页 > 金属制品、机械和设备 > 基础金属 > 钢铁制品 > 进一步加工的经热轧或冷轧的不锈钢或其他合金钢的条材和棒材,,2400,kgCO2e,3,2021,公吨
双相不锈钢冷轧钢板及钢带,Duplex stainless steel cold rolled steel sheet and strip,41265X0282021B,首页 > 金属制品、机械和设备 > 基础金属 > 钢铁制品 > 进一步加工的经热轧或冷轧的不锈钢或其他合金钢的条材和棒材,,5690,kgCO2e,3,2021,公吨
双辊铸轧热轧超薄钢带,Double roll casting hot rolled ultra-thin steel strip,41265X0292021B,首页 > 金属制品、机械和设备 > 基础金属 > 钢铁制品 > 进一步加工的经热轧或冷轧的不锈钢或其他合金钢的条材和棒材,,1480,kgCO2e,3,2021,公吨
厚钢板,thick steel plate,41265X0302022B,首页 > 金属制品、机械和设备 > 基础金属 > 钢铁制品 > 进一步加工的经热轧或冷轧的不锈钢或其他合金钢的条材和棒材,,2540,kgCO2e,3,2022,公吨
厚钢板,thick steel plate,41265X0312022B,首页 > 金属制品、机械和设备 > 基础金属 > 钢铁制品 > 进一步加工的经热轧或冷轧的不锈钢或其他合金钢的条材和棒材,,2240,kgCO2e,3,2022,公吨
厚钢板,thick steel plate,41265X0322022B,首页 > 金属制品、机械和设备 > 基础金属 > 钢铁制品 > 进一步加工的经热轧或冷轧的不锈钢或其他合金钢的条材和棒材,,2550,kgCO2e,3,2022,公吨
奥氏体不锈钢冷轧钢板及钢带,Austenitic stainless steel cold-rolled steel plates and strips,41265X0332021B,首页 > 金属制品、机械和设备 > 基础金属 > 钢铁制品 > 进一步加工的经热轧或冷轧的不锈钢或其他合金钢的条材和棒材,奥氏体不锈钢冷轧钢板及钢带,3870,kgCO2e,3,2021,公吨
钢筋混凝土用热轧钢筋（带肋、光圆）,hot rolled bar (round steel & ribbed) for reinforced concrete,41263X0012022B,首页 > 金属制品、机械和设备 > 基础金属 > 钢铁制品 > 铁或非合金钢丝,,2.22,tCO2e,4,2022,公吨
钢筋混凝土用热轧钢筋,Hot-rolled steel bars for reinforced concrete,41263X0092021B,首页 > 金属制品、机械和设备 > 基础金属 > 钢铁制品 > 铁或非合金钢丝,带肋、光圆,2220,kgCO2e,3,2021,公吨
钢铁产品-铁或钢制的铁路或有轨电车轨道建筑材料,Iron or steel products-Railway or tramway track construction material of iron or steel,41253X0012022A,首页 > 金属制品、机械和设备 > 基础金属 > 钢铁制品 > 铁道或电车轨道施工用的钢铁材料,,2.21,tCO2e,5,2022,公吨
铸铁材料,Cast Iron,41292X0012021A,首页 > 金属制品、机械和设备 > 基础金属 > 钢铁制品 > 铸铁或钢的管道配件,,1.82,kgCO2e,3,2021,kg
钢铁,steel,41271X0032020A,首页 > 金属制品、机械和设备 > 基础金属 > 钢铁制品 > 高速钢条材和棒材,,2550.9,kgCO2e,4,2020,公吨
铝罐和铝箔,Aluminium cans and foil,41535X0012021A,首页 > 金属制品、机械和设备 > 基础金属 > 铜、镍、铝、铅、锌、锡或其合金的半制成品 > 厚度不超过0.2毫米的铝箔,,9122.64,kgCO2e,4,2021,公吨
铝产品-厚度不超过0.2毫米的铝箔,"Aluminium -Aluminium foil of a thickness not exceeding 0,2 mm ",41535X0032022A,首页 > 金属制品、机械和设备 > 基础金属 > 铜、镍、铝、铅、锌、锡或其合金的半制成品 > 厚度不超过0.2毫米的铝箔,,12.11,tCO2e,5,2022,公吨
阴极铜-金峰工艺,JinFeng Copper,41514X0022019A,首页 > 金属制品、机械和设备 > 基础金属 > 铜、镍、铝、铅、锌、锡或其合金的半制成品 > 厚度超过0.15毫米的铜板、铜薄板及钢带条,,27.2,tCO2e,5,2019,公吨
阴极铜-水口山炼铜工艺,Cathode cooper-SKS cooper smelting process,41514X0042019A,首页 > 金属制品、机械和设备 > 基础金属 > 铜、镍、铝、铅、锌、锡或其合金的半制成品 > 厚度超过0.15毫米的铜板、铜薄板及钢带条,,26.71,tCO2e,5,2019,公吨
铝塑复合板,Aluminium-plastic Composite Panel,41534X0012014A,首页 > 金属制品、机械和设备 > 基础金属 > 铜、镍、铝、铅、锌、锡或其合金的半制成品 > 厚度超过0.2毫米的铝板、铝薄板及铝带条,,4.584,kgCO2e,4,2014,kg
再生铝,Recycled aluminum,41534X0022014A,首页 > 金属制品、机械和设备 > 基础金属 > 铜、镍、铝、铅、锌、锡或其合金的半制成品 > 厚度超过0.2毫米的铝板、铝薄板及铝带条,,0.72182,tCO2e,4,2014,公吨
原铝,Aluminum,41534X0022005A,首页 > 金属制品、机械和设备 > 基础金属 > 铜、镍、铝、铅、锌、锡或其合金的半制成品 > 厚度超过0.2毫米的铝板、铝薄板及铝带条,,21.6,tCO2e,4,2005,公吨
铝板带,Aluminium strip,41534X0012018C,首页 > 金属制品、机械和设备 > 基础金属 > 铜、镍、铝、铅、锌、锡或其合金的半制成品 > 厚度超过0.2毫米的铝板、铝薄板及铝带条,,28500,kgCO2e,5,2018,公吨
铜球,Copper Balls,41512X0012023B,首页 > 金属制品、机械和设备 > 基础金属 > 铜、镍、铝、铅、锌、锡或其合金的半制成品 > 钢条、铜棒及铜型材,ф11-55 mm,7.53,kgCO2e,5,2023,kg
铅,Lead,41542X0022021A,首页 > 金属制品、机械和设备 > 基础金属 > 铜、镍、铝、铅、锌、锡或其合金的半制成品 > 铅条、铅棒、铅型材和铅丝,,2.74,kgCO2e,3,2021,kg
铜及铜合金,Copper and copper alloys,41516X0012021A,首页 > 金属制品、机械和设备 > 基础金属 > 铜、镍、铝、铅、锌、锡或其合金的半制成品 > 铜管及铜管接头或铜管配件,,4.23,kgCO2e,3,2021,kg
建筑给水铜管,Copper pipes for building water supply,41516X0022025C,首页 > 金属制品、机械和设备 > 基础金属 > 铜、镍、铝、铅、锌、锡或其合金的半制成品 > 铜管及铜管接头或铜管配件,,3.1,kgCO2e,5,2025,米
铜矿,Copper ore,41511X0012018A,首页 > 金属制品、机械和设备 > 基础金属 > 铜、镍、铝、铅、锌、锡或其合金的半制成品 > 铜粉及铜片,,1.92,tCO2e,4,2018,公吨
铜,Copper production,41511X0012015A,首页 > 金属制品、机械和设备 > 基础金属 > 铜、镍、铝、铅、锌、锡或其合金的半制成品 > 铜粉及铜片,,5.795,kgCO2e,5,2015,kg
二次铜,secondary copper,41511X0042018A,首页 > 金属制品、机械和设备 > 基础金属 > 铜、镍、铝、铅、锌、锡或其合金的半制成品 > 铜粉及铜片,,376,kgCO2e,5,2018,公吨
金属铜,copper,41511X0022019A,首页 > 金属制品、机械和设备 > 基础金属 > 铜、镍、铝、铅、锌、锡或其合金的半制成品 > 铜粉及铜片,,26.7,kgCO2e,4,2019,kg
铝产品-铝线,Aluminium-Aluminium wire ,41533X0012022A,首页 > 金属制品、机械和设备 > 基础金属 > 铜、镍、铝、铅、锌、锡或其合金的半制成品 > 铝丝,,9.8,tCO2e,5,2022,公吨
铝型材,Aluminum profile,41532X0012012A,首页 > 金属制品、机械和设备 > 基础金属 > 铜、镍、铝、铅、锌、锡或其合金的半制成品 > 铝条、铝棒及铝型材,,15.8,tCO2e,4,2012,公吨
水电铝锭,Hydroelectric aluminum ingot,41532X0012020B,首页 > 金属制品、机械和设备 > 基础金属 > 铜、镍、铝、铅、锌、锡或其合金的半制成品 > 铝条、铝棒及铝型材,,1.8203,tCO2e,5,2020,公吨
铝及铝合金,Aluminum and aluminum alloys,41532X0022021A,首页 > 金属制品、机械和设备 > 基础金属 > 铜、镍、铝、铅、锌、锡或其合金的半制成品 > 铝条、铝棒及铝型材,,16.38,kgCO2e,3,2021,kg
铝产品-非合金铝棒和铝杆,"Aluminium-Bars and rods of aluminium, not alloyed",41532X0062022A,首页 > 金属制品、机械和设备 > 基础金属 > 铜、镍、铝、铅、锌、锡或其合金的半制成品 > 铝条、铝棒及铝型材,,9.8,tCO2e,5,2022,公吨
铝产品-非合金铝型材,"Aluminium-Profiles of aluminium, not alloyed",41532X0072022A,首页 > 金属制品、机械和设备 > 基础金属 > 铜、镍、铝、铅、锌、锡或其合金的半制成品 > 铝条、铝棒及铝型材,,12.04,tCO2e,5,2022,公吨
铝产品-铝合金中空型材,Aluminium-Hollow profiles of aluminium alloys,41532X0082022A,首页 > 金属制品、机械和设备 > 基础金属 > 铜、镍、铝、铅、锌、锡或其合金的半制成品 > 铝条、铝棒及铝型材,,12.04,tCO2e,5,2022,公吨
铝产品-铝合金棒材和杆材,Aluminium-Bars and rods of aluminium alloys,41532X0092022A,首页 > 金属制品、机械和设备 > 基础金属 > 铜、镍、铝、铅、锌、锡或其合金的半制成品 > 铝条、铝棒及铝型材,,9.8,tCO2e,5,2022,公吨
铝产品-铝合金型材,Aluminium-Profiles of aluminium alloys,41532X0102022A,首页 > 金属制品、机械和设备 > 基础金属 > 铜、镍、铝、铅、锌、锡或其合金的半制成品 > 铝条、铝棒及铝型材,,12.04,tCO2e,5,2022,公吨
铝型材,Aluminum profiles,41532X0112025C,首页 > 金属制品、机械和设备 > 基础金属 > 铜、镍、铝、铅、锌、锡或其合金的半制成品 > 铝条、铝棒及铝型材,,22258.1,kgCO2e,5,2025,公吨
氧化铝,Alumina,41536X0012016A,首页 > 金属制品、机械和设备 > 基础金属 > 铜、镍、铝、铅、锌、锡或其合金的半制成品 > 铝管、铝管接头或铝管配件,,0.704,kgCO2e,5,2016,kg
铝产品-铝制管和铝制管道,Aluminium -Aluminium tubes and pipes ,41536X0022022A,首页 > 金属制品、机械和设备 > 基础金属 > 铜、镍、铝、铅、锌、锡或其合金的半制成品 > 铝管、铝管接头或铝管配件,,12.04,tCO2e,5,2022,公吨
铝产品-铝管或管道配件,Aluminium -Aluminium tube or pipe fittings,41536X0032022A,首页 > 金属制品、机械和设备 > 基础金属 > 铜、镍、铝、铅、锌、锡或其合金的半制成品 > 铝管、铝管接头或铝管配件,,12.04,tCO2e,5,2022,公吨
铝土矿,Bauxite,41531X0012010A,首页 > 金属制品、机械和设备 > 基础金属 > 铜、镍、铝、铅、锌、锡或其合金的半制成品 > 铝粉和铝片,,3.01,kgCO2e,4,2010,kg
铝产品-铝粉和铝片,Aluminium-Aluminium powders and flakes,41531X0032022A,首页 > 金属制品、机械和设备 > 基础金属 > 铜、镍、铝、铅、锌、锡或其合金的半制成品 > 铝粉和铝片,,10.88,tCO2e,5,2022,公吨
铝产品-厚度超过 0.2 毫米的铝板、铝片和铝带,"Aluminium -Aluminium plates, sheets and strip,  of a thickness exceeding 0,2 mm",41531X0042022A,首页 > 金属制品、机械和设备 > 基础金属 > 铜、镍、铝、铅、锌、锡或其合金的半制成品 > 铝粉和铝片,,12.11,tCO2e,5,2022,公吨
金属锌-湿法,zinc,41544X0012005A,首页 > 金属制品、机械和设备 > 基础金属 > 铜、镍、铝、铅、锌、锡或其合金的半制成品 > 锌末、锌粉及锌片,,2.132,kgCO2e,4,2005,kg
氧化镍合金,Nickel Oxide,41521X0012020A,首页 > 金属制品、机械和设备 > 基础金属 > 铜、镍、铝、铅、锌、锡或其合金的半制成品 > 镍粉和镍片,,30,kgCO2e,4,2020,kg
手机,mobile phone,47311X0012016A,首页 > 金属制品、机械和设备 > 收音机、电视及通信设备和装置 > 无线电广播和电视接收机；录音录像及重放装置；话筒、扬声器、扩音器等；无线电话或无线电报用接收装置 > 无线电广播接收机（机动车辆用的除外）包括也能接收无线电话或无线电报的装置，不论是否装有录音或重放装置或时钟,苹果手机7,18.66,kgCO2e,5,2016,kg
手机,mobile phone,47311X0022021A,首页 > 金属制品、机械和设备 > 收音机、电视及通信设备和装置 > 无线电广播和电视接收机；录音录像及重放装置；话筒、扬声器、扩音器等；无线电话或无线电报用接收装置 > 无线电广播接收机（机动车辆用的除外）包括也能接收无线电话或无线电报的装置，不论是否装有录音或重放装置或时钟,,78.91,kgCO2e,5,2021,kg
显示器,Monitor,47315X0012020A,首页 > 金属制品、机械和设备 > 收音机、电视及通信设备和装置 > 无线电广播和电视接收机；录音录像及重放装置；话筒、扬声器、扩音器等；无线电话或无线电报用接收装置 > 显示器和投影仪（主要用在自动数据处理系统中的显示器和投影仪）,14英寸TFT液晶模块 （14' TFT LCD Module）,75,kgCO2e,3,2020,kg
显示器,Monitor,47315X0022020A,首页 > 金属制品、机械和设备 > 收音机、电视及通信设备和装置 > 无线电广播和电视接收机；录音录像及重放装置；话筒、扬声器、扩音器等；无线电话或无线电报用接收装置 > 显示器和投影仪（主要用在自动数据处理系统中的显示器和投影仪）,32英寸电视液晶显示器-开放电池 (32' TV LCD Display -Open Cell),75,kgCO2e,3,2020,kg
显示器,Monitor,47315X0032020A,首页 > 金属制品、机械和设备 > 收音机、电视及通信设备和装置 > 无线电广播和电视接收机；录音录像及重放装置；话筒、扬声器、扩音器等；无线电话或无线电报用接收装置 > 显示器和投影仪（主要用在自动数据处理系统中的显示器和投影仪）,7英寸面板 （ 7' Panel）,6.75,kgCO2e,3,2020,kg
显示器,Monitor,47315X0042020A,首页 > 金属制品、机械和设备 > 收音机、电视及通信设备和装置 > 无线电广播和电视接收机；录音录像及重放装置；话筒、扬声器、扩音器等；无线电话或无线电报用接收装置 > 显示器和投影仪（主要用在自动数据处理系统中的显示器和投影仪）,18.5英寸TFT液晶显示屏 （18.5' TFT LCD Panel）,50,kgCO2e,3,2020,kg
智能设备,Smart devices,47315X0052018A,首页 > 金属制品、机械和设备 > 收音机、电视及通信设备和装置 > 无线电广播和电视接收机；录音录像及重放装置；话筒、扬声器、扩音器等；无线电话或无线电报用接收装置 > 显示器和投影仪（主要用在自动数据处理系统中的显示器和投影仪）,联想，视频会议一体机，Lenovo ThinkSmart Hub 500,323.1,kgCO2e,4,2018,kg
智能设备,Smart devices,47315X0062018A,首页 > 金属制品、机械和设备 > 收音机、电视及通信设备和装置 > 无线电广播和电视接收机；录音录像及重放装置；话筒、扬声器、扩音器等；无线电话或无线电报用接收装置 > 显示器和投影仪（主要用在自动数据处理系统中的显示器和投影仪）,联想，视频会议一体机，ThinkSmart Hub 700,354.45,kgCO2e,4,2018,kg
笔记本电脑显示屏,14-inch laptop display,47314X0012013A,首页 > 金属制品、机械和设备 > 收音机、电视及通信设备和装置 > 无线电广播和电视接收机；录音录像及重放装置；话筒、扬声器、扩音器等；无线电话或无线电报用接收装置 > 显示器和投影仪（没有电视接收功能且不是主要用在自动数据处理系统中的显示器和投影仪）,,597,kgCO2e,5,2013,台
苹果播放器 32G,iPod touch 32G,47314X0022019B,首页 > 金属制品、机械和设备 > 收音机、电视及通信设备和装置 > 无线电广播和电视接收机；录音录像及重放装置；话筒、扬声器、扩音器等；无线电话或无线电报用接收装置 > 显示器和投影仪（没有电视接收功能且不是主要用在自动数据处理系统中的显示器和投影仪）,iPod touch (7th generation),32,kgCO2e,4,2019,个
苹果播放器 128G,iPod touch 128G,47314X0032019B,首页 > 金属制品、机械和设备 > 收音机、电视及通信设备和装置 > 无线电广播和电视接收机；录音录像及重放装置；话筒、扬声器、扩音器等；无线电话或无线电报用接收装置 > 显示器和投影仪（没有电视接收功能且不是主要用在自动数据处理系统中的显示器和投影仪）,iPod touch-64GB,38,kgCO2e,5,2019,个
苹果播放器 256G,iPod touch 256G,47314X0042019B,首页 > 金属制品、机械和设备 > 收音机、电视及通信设备和装置 > 无线电广播和电视接收机；录音录像及重放装置；话筒、扬声器、扩音器等；无线电话或无线电报用接收装置 > 显示器和投影仪（没有电视接收功能且不是主要用在自动数据处理系统中的显示器和投影仪）,,48,kgCO2e,5,2019,个
苹果显示器,Apple Pro Display XDR,47314X0052019B,首页 > 金属制品、机械和设备 > 收音机、电视及通信设备和装置 > 无线电广播和电视接收机；录音录像及重放装置；话筒、扬声器、扩音器等；无线电话或无线电报用接收装置 > 显示器和投影仪（没有电视接收功能且不是主要用在自动数据处理系统中的显示器和投影仪）,,974,kgCO2e,5,2019,台
苹果显示器,Apple Studio Display,47314X0062022B,首页 > 金属制品、机械和设备 > 收音机、电视及通信设备和装置 > 无线电广播和电视接收机；录音录像及重放装置；话筒、扬声器、扩音器等；无线电话或无线电报用接收装置 > 显示器和投影仪（没有电视接收功能且不是主要用在自动数据处理系统中的显示器和投影仪）,,544,kgCO2e,5,2022,个
LCD液晶显示器,Liquid crystal display,47314X0092016A,首页 > 金属制品、机械和设备 > 收音机、电视及通信设备和装置 > 无线电广播和电视接收机；录音录像及重放装置；话筒、扬声器、扩音器等；无线电话或无线电报用接收装置 > 显示器和投影仪（没有电视接收功能且不是主要用在自动数据处理系统中的显示器和投影仪）,薄膜晶体管液晶显示器 ( TFT － LCD),5441.1963,kgCO2e,5,2016,台
联想显示器,monitor,47314X0102021B,首页 > 金属制品、机械和设备 > 收音机、电视及通信设备和装置 > 无线电广播和电视接收机；录音录像及重放装置；话筒、扬声器、扩音器等；无线电话或无线电报用接收装置 > 显示器和投影仪（没有电视接收功能且不是主要用在自动数据处理系统中的显示器和投影仪）,Lenovo L32p-30 联想31.5英寸显示器,914,kgCO2e,5,2021,台
联想显示器,monitor,47314X0112021B,首页 > 金属制品、机械和设备 > 收音机、电视及通信设备和装置 > 无线电广播和电视接收机；录音录像及重放装置；话筒、扬声器、扩音器等；无线电话或无线电报用接收装置 > 显示器和投影仪（没有电视接收功能且不是主要用在自动数据处理系统中的显示器和投影仪）,ThinkVision Creator Extreme,1134,kgCO2e,5,2021,台
联想显示器,monitor,47314X0122021B,首页 > 金属制品、机械和设备 > 收音机、电视及通信设备和装置 > 无线电广播和电视接收机；录音录像及重放装置；话筒、扬声器、扩音器等；无线电话或无线电报用接收装置 > 显示器和投影仪（没有电视接收功能且不是主要用在自动数据处理系统中的显示器和投影仪）,ThinkVision M14t 联想14英寸显示器,399,kgCO2e,5,2021,台
苹果电视,Apple TV HD-2nd generation,47313X0012021B,首页 > 金属制品、机械和设备 > 收音机、电视及通信设备和装置 > 无线电广播和电视接收机；录音录像及重放装置；话筒、扬声器、扩音器等；无线电话或无线电报用接收装置 > 电视接收机，不论是否有无线电广播接收机或录音、录像、重放装置,Apple TV HD-2nd generation,61,kgCO2e,5,2021,台
苹果电视 32GB,Apple TV 4K-32GB,47313X0022021B,首页 > 金属制品、机械和设备 > 收音机、电视及通信设备和装置 > 无线电广播和电视接收机；录音录像及重放装置；话筒、扬声器、扩音器等；无线电话或无线电报用接收装置 > 电视接收机，不论是否有无线电广播接收机或录音、录像、重放装置,Apple TV 4K-32GB,59,kgCO2e,5,2021,个
苹果电视 64GB,Apple TV 4K-64GB,47313X0042021B,首页 > 金属制品、机械和设备 > 收音机、电视及通信设备和装置 > 无线电广播和电视接收机；录音录像及重放装置；话筒、扬声器、扩音器等；无线电话或无线电报用接收装置 > 电视接收机，不论是否有无线电广播接收机或录音、录像、重放装置,Apple TV 4K-64GB,62,kgCO2e,5,2021,个
手机,mobile phone,47312X0012021A,首页 > 金属制品、机械和设备 > 收音机、电视及通信设备和装置 > 无线电广播和电视接收机；录音录像及重放装置；话筒、扬声器、扩音器等；无线电话或无线电报用接收装置 > 车辆用没有外接电源就不能操作的无线电广播接收机，包括能兼收无线电话和无线电报的装置,,81.09,kgCO2e,5,2021,kg
发光二极管(LED)灯具,Light Emitting Diode (LED) luminaire,47150X0022021A,首页 > 金属制品、机械和设备 > 收音机、电视及通信设备和装置 > 电子管和管；电子元件；及其零件 > 二极管、晶体管及类似半导体器件；光敏半导体器件；发光二极管；模制压电晶体,,26.4,kgCO2e,5,2021,kg
395W单晶高效组件-天合光能,TSM-DE15M(II),47150X0542020B,首页 > 金属制品、机械和设备 > 收音机、电视及通信设备和装置 > 电子管和管；电子元件；及其零件 > 二极管、晶体管及类似半导体器件；光敏半导体器件；发光二极管；模制压电晶体,TSM-DE15M(II),0.01254,kgCO2e,4,2020,千瓦时
440-465W单晶高效组件,440-465W monocrystalline high-efficiency modules,47150X0552020B,首页 > 金属制品、机械和设备 > 收音机、电视及通信设备和装置 > 电子管和管；电子元件；及其零件 > 二极管、晶体管及类似半导体器件；光敏半导体器件；发光二极管；模制压电晶体,TSM-DE17M (II),0.0122,kgCO2e,5,2020,千瓦时
太阳能单晶硅光伏双面双玻璃组件,Solar monocrystalline silicon photovoltaic bifacial double-glass modules,47150X0562020B,首页 > 金属制品、机械和设备 > 收音机、电视及通信设备和装置 > 电子管和管；电子元件；及其零件 > 二极管、晶体管及类似半导体器件；光敏半导体器件；发光二极管；模制压电晶体,TSM-DEG15M.20(II),0.0136,kgCO2e,4,2020,千瓦时
太阳能单晶硅光伏双面双玻璃组件,Solar monocrystalline silicon photovoltaic bifacial double-glass modules,47150X0572020B,首页 > 金属制品、机械和设备 > 收音机、电视及通信设备和装置 > 电子管和管；电子元件；及其零件 > 二极管、晶体管及类似半导体器件；光敏半导体器件；发光二极管；模制压电晶体,TSM-DEG15MC.20(II),0.0133,kgCO2e,4,2020,千瓦时
太阳能单晶硅光伏双面双玻璃组件,Solar monocrystalline silicon photovoltaic bifacial double-glass modules,47150X0582020B,首页 > 金属制品、机械和设备 > 收音机、电视及通信设备和装置 > 电子管和管；电子元件；及其零件 > 二极管、晶体管及类似半导体器件；光敏半导体器件；发光二极管；模制压电晶体,TSM-DEG17M.20(II),0.0126,kgCO2e,4,2020,千瓦时
太阳能单晶硅光伏双面双玻璃组件,Solar monocrystalline silicon photovoltaic bifacial double-glass modules,47150X0592020B,首页 > 金属制品、机械和设备 > 收音机、电视及通信设备和装置 > 电子管和管；电子元件；及其零件 > 二极管、晶体管及类似半导体器件；光敏半导体器件；发光二极管；模制压电晶体,TSM-DEG17MC.20(II),0.0126,kgCO2e,4,2020,千瓦时
单晶硅光伏（PV）组件,Mono-crystalline silicon photovoltaic (PV) modules,47150X0602020B,首页 > 金属制品、机械和设备 > 收音机、电视及通信设备和装置 > 电子管和管；电子元件；及其零件 > 二极管、晶体管及类似半导体器件；光敏半导体器件；发光二极管；模制压电晶体,JKMXXXM-72H-TV,0.0105,kgCO2e,5,2020,千瓦时
太阳能光伏组件,solar photovoltaic modules,47150X0612023B,首页 > 金属制品、机械和设备 > 收音机、电视及通信设备和装置 > 电子管和管；电子元件；及其零件 > 二极管、晶体管及类似半导体器件；光敏半导体器件；发光二极管；模制压电晶体,"Mono-crystalline Double glass, PType",0.3851,kgCO2e,4,2023,峰值千瓦
太阳能单晶硅光伏模块,Photovoltaic Modules,47150X0622021B,首页 > 金属制品、机械和设备 > 收音机、电视及通信设备和装置 > 电子管和管；电子元件；及其零件 > 二极管、晶体管及类似半导体器件；光敏半导体器件；发光二极管；模制压电晶体,LR4-72HBD,0.0177,kgCO2e,4,2021,千瓦时
太阳能单晶硅光伏模块,Photovoltaic Modules,47150X0632021B,首页 > 金属制品、机械和设备 > 收音机、电视及通信设备和装置 > 电子管和管；电子元件；及其零件 > 二极管、晶体管及类似半导体器件；光敏半导体器件；发光二极管；模制压电晶体,LR5-72HBD,0.0174,kgCO2e,4,2021,千瓦时
太阳能单晶硅光伏模块,Photovoltaic Modules,47150X0642021B,首页 > 金属制品、机械和设备 > 收音机、电视及通信设备和装置 > 电子管和管；电子元件；及其零件 > 二极管、晶体管及类似半导体器件；光敏半导体器件；发光二极管；模制压电晶体,LR5-72HPH,0.0145,kgCO2e,4,2021,千瓦时
太阳能单晶硅光伏模块,Photovoltaic Modules,47150X0662021B,首页 > 金属制品、机械和设备 > 收音机、电视及通信设备和装置 > 电子管和管；电子元件；及其零件 > 二极管、晶体管及类似半导体器件；光敏半导体器件；发光二极管；模制压电晶体,LR5-72HIBD,0.0145,kgCO2e,3,2021,千瓦时
光伏组件,PV Modules,47150X0672021B,首页 > 金属制品、机械和设备 > 收音机、电视及通信设备和装置 > 电子管和管；电子元件；及其零件 > 二极管、晶体管及类似半导体器件；光敏半导体器件；发光二极管；模制压电晶体,LR5-72HIH,0.0174,kgCO2e,4,2021,千瓦时
双面双玻光伏组件,Bifacial double glass PV modules,47150X0682021B,首页 > 金属制品、机械和设备 > 收音机、电视及通信设备和装置 > 电子管和管；电子元件；及其零件 > 二极管、晶体管及类似半导体器件；光敏半导体器件；发光二极管；模制压电晶体,LR5-54HPH,0.0146,kgCO2e,4,2021,千瓦时
双面双玻光伏组件,Bifacial double glass photovoltaic modules,47150X0692021B,首页 > 金属制品、机械和设备 > 收音机、电视及通信设备和装置 > 电子管和管；电子元件；及其零件 > 二极管、晶体管及类似半导体器件；光敏半导体器件；发光二极管；模制压电晶体,LR5-54HIH,0.0146,kgCO2e,4,2021,千瓦时
双面光伏组件,Bifacial photovoltaic module,47150X0702021B,首页 > 金属制品、机械和设备 > 收音机、电视及通信设备和装置 > 电子管和管；电子元件；及其零件 > 二极管、晶体管及类似半导体器件；光敏半导体器件；发光二极管；模制压电晶体,LR5-54HIB,0.0149,kgCO2e,4,2021,千瓦时
光伏组件,Photovoltaic Module,47150X0712021B,首页 > 金属制品、机械和设备 > 收音机、电视及通信设备和装置 > 电子管和管；电子元件；及其零件 > 二极管、晶体管及类似半导体器件；光敏半导体器件；发光二极管；模制压电晶体,隆基LR4-72HBD,0.0177,kgCO2e,4,2021,千瓦时
太阳能双面玻璃光伏组件,Solar PV Bifacial double glass modules,47150X0722021B,首页 > 金属制品、机械和设备 > 收音机、电视及通信设备和装置 > 电子管和管；电子元件；及其零件 > 二极管、晶体管及类似半导体器件；光敏半导体器件；发光二极管；模制压电晶体,TRACI Result-LR5-72HBD,0.0177,kgCO2e,4,2021,千瓦时
光伏组件,photovoltaic module,47150X0732021B,首页 > 金属制品、机械和设备 > 收音机、电视及通信设备和装置 > 电子管和管；电子元件；及其零件 > 二极管、晶体管及类似半导体器件；光敏半导体器件；发光二极管；模制压电晶体,TRACI Result-LR5-72HPH,0.0145,kgCO2e,4,2021,千瓦时
双面玻璃光伏组件,Bifacial double glass photovoltaic module,47150X0742021B,首页 > 金属制品、机械和设备 > 收音机、电视及通信设备和装置 > 电子管和管；电子元件；及其零件 > 二极管、晶体管及类似半导体器件；光敏半导体器件；发光二极管；模制压电晶体,TRACI Result-LR5-72HIBD,0.0169,kgCO2e,4,2021,千瓦时
双面玻璃光伏组件,Bifacial double glass photovoltaic module,47150X0752021B,首页 > 金属制品、机械和设备 > 收音机、电视及通信设备和装置 > 电子管和管；电子元件；及其零件 > 二极管、晶体管及类似半导体器件；光敏半导体器件；发光二极管；模制压电晶体,TRACI Result-LR5-72HIH,0.0175,kgCO2e,4,2021,千瓦时
双面光伏组件,Bifacial PV Module,47150X0762021B,首页 > 金属制品、机械和设备 > 收音机、电视及通信设备和装置 > 电子管和管；电子元件；及其零件 > 二极管、晶体管及类似半导体器件；光敏半导体器件；发光二极管；模制压电晶体,TRACI Result-LR5-54HPH,0.0149,kgCO2e,4,2021,千瓦时
太阳能光伏组件,solar photovoltaic modules,47150X0772023B,首页 > 金属制品、机械和设备 > 收音机、电视及通信设备和装置 > 电子管和管；电子元件；及其零件 > 二极管、晶体管及类似半导体器件；光敏半导体器件；发光二极管；模制压电晶体,"Mono-crystalline Double glass, N-Type",0.4493,kgCO2e,4,2023,峰值千瓦
光伏组件,photovoltaic module,47150X0782021B,首页 > 金属制品、机械和设备 > 收音机、电视及通信设备和装置 > 电子管和管；电子元件；及其零件 > 二极管、晶体管及类似半导体器件；光敏半导体器件；发光二极管；模制压电晶体, LR5-54HIH,0.0131,kgCO2e,4,2021,千瓦时
双面光伏组件,HIB Bifacial photovoltaic module,47150X0792021B,首页 > 金属制品、机械和设备 > 收音机、电视及通信设备和装置 > 电子管和管；电子元件；及其零件 > 二极管、晶体管及类似半导体器件；光敏半导体器件；发光二极管；模制压电晶体,LR5-54HIB,0.0175,kgCO2e,4,2021,千瓦时
单晶单玻P型太阳能光伏组件,"Mono-crystalline Single glass, P-Type, solar photovoltaic modules",47150X0802023B,首页 > 金属制品、机械和设备 > 收音机、电视及通信设备和装置 > 电子管和管；电子元件；及其零件 > 二极管、晶体管及类似半导体器件；光敏半导体器件；发光二极管；模制压电晶体,,0.2053,kgCO2e,3,2023,千瓦时
单晶硅光伏组件,Monocrystalline Silicon Photovoltaic Module,47150X0812021B,首页 > 金属制品、机械和设备 > 收音机、电视及通信设备和装置 > 电子管和管；电子元件；及其零件 > 二极管、晶体管及类似半导体器件；光敏半导体器件；发光二极管；模制压电晶体,JAM72S10-XXX/MR,0.18,kgCO2e,3,2021,千瓦时
单晶硅光伏组件,Mono-crystalline Silicon Photovoltaic Module,47150X0822022B,首页 > 金属制品、机械和设备 > 收音机、电视及通信设备和装置 > 电子管和管；电子元件；及其零件 > 二极管、晶体管及类似半导体器件；光敏半导体器件；发光二极管；模制压电晶体,JAM72S20-XXX/MR,0.0182,kgCO2e,4,2022,千瓦时
光伏组件,Photovoltaic Module,47150X0832022B,首页 > 金属制品、机械和设备 > 收音机、电视及通信设备和装置 > 电子管和管；电子元件；及其零件 > 二极管、晶体管及类似半导体器件；光敏半导体器件；发光二极管；模制压电晶体,JAM72S30-XXX/MR,0.0185,kgCO2e,3,2022,千瓦时
太阳能光伏组件,Solar photovoltaic modules,47150X0842021B,首页 > 金属制品、机械和设备 > 收音机、电视及通信设备和装置 > 电子管和管；电子元件；及其零件 > 二极管、晶体管及类似半导体器件；光敏半导体器件；发光二极管；模制压电晶体,JAM72S30-XXX/MR,0.0183,kgCO2e,3,2021,千瓦时
太阳能光伏组件,Solar photovoltaic modules,47150X0852021B,首页 > 金属制品、机械和设备 > 收音机、电视及通信设备和装置 > 电子管和管；电子元件；及其零件 > 二极管、晶体管及类似半导体器件；光敏半导体器件；发光二极管；模制压电晶体,JAM54S30-XXX/MR,0.0177,kgCO2e,4,2021,千瓦时
光伏组件,Photovoltaic Module,47150X0862021B,首页 > 金属制品、机械和设备 > 收音机、电视及通信设备和装置 > 电子管和管；电子元件；及其零件 > 二极管、晶体管及类似半导体器件；光敏半导体器件；发光二极管；模制压电晶体,JAM72D10-XXX/MB,0.0175,kgCO2e,4,2021,千瓦时
光伏组件,Photovoltaic Module,47150X0872021B,首页 > 金属制品、机械和设备 > 收音机、电视及通信设备和装置 > 电子管和管；电子元件；及其零件 > 二极管、晶体管及类似半导体器件；光敏半导体器件；发光二极管；模制压电晶体,JAM72D20-XXX/MB,0.0174,kgCO2e,4,2021,千瓦时
双面玻璃光伏组件,Double Glass Photovoltaic Module,47150X0882021B,首页 > 金属制品、机械和设备 > 收音机、电视及通信设备和装置 > 电子管和管；电子元件；及其零件 > 二极管、晶体管及类似半导体器件；光敏半导体器件；发光二极管；模制压电晶体,JAM72D30-XXX/MB,0.0178,kgCO2e,4,2021,千瓦时
光伏组件,photovoltaic module,47150X0892021B,首页 > 金属制品、机械和设备 > 收音机、电视及通信设备和装置 > 电子管和管；电子元件；及其零件 > 二极管、晶体管及类似半导体器件；光敏半导体器件；发光二极管；模制压电晶体,JAM72D30-XXX/MB,0.178,kgCO2e,4,2021,千瓦时
单晶硅光伏组件,Mono-crystalline silicon photovoltaic (PV) modules,47150X0902020B,首页 > 金属制品、机械和设备 > 收音机、电视及通信设备和装置 > 电子管和管；电子元件；及其零件 > 二极管、晶体管及类似半导体器件；光敏半导体器件；发光二极管；模制压电晶体,JKMXXXM-72H-V,0.0105,kgCO2e,4,2020,千瓦时
单晶硅光伏(PV)模块,Mono-crystalline silicon photovoltaic (PV) modules,47150X0912020B,首页 > 金属制品、机械和设备 > 收音机、电视及通信设备和装置 > 电子管和管；电子元件；及其零件 > 二极管、晶体管及类似半导体器件；光敏半导体器件；发光二极管；模制压电晶体,JKMXXXM-7RL3-V,0.0099,kgCO2e,4,2020,千瓦时
单晶硅光伏(PV)模块,Mono-crystalline silicon photovoltaic (PV) modules,47150X0922020B,首页 > 金属制品、机械和设备 > 收音机、电视及通信设备和装置 > 电子管和管；电子元件；及其零件 > 二极管、晶体管及类似半导体器件；光敏半导体器件；发光二极管；模制压电晶体,JKMXXXM-7RL3-TV,0.01,kgCO2e,4,2020,千瓦时
单晶硅光伏组件,Mono-crystalline silicon photovoltaic (PV) modules,47150X0932020B,首页 > 金属制品、机械和设备 > 收音机、电视及通信设备和装置 > 电子管和管；电子元件；及其零件 > 二极管、晶体管及类似半导体器件；光敏半导体器件；发光二极管；模制压电晶体,JKMXXXM-78H-V,0.0104,kgCO2e,4,2020,千瓦时
户内全彩LED屏,Indoor full color LED screen,47150X0942023B,首页 > 金属制品、机械和设备 > 收音机、电视及通信设备和装置 > 电子管和管；电子元件；及其零件 > 二极管、晶体管及类似半导体器件；光敏半导体器件；发光二极管；模制压电晶体,A1.25,52.68,kgCO2e,5,2023,台
高纯多晶硅,High-purity polysilicon,47150X0952025C,首页 > 金属制品、机械和设备 > 收音机、电视及通信设备和装置 > 电子管和管；电子元件；及其零件 > 二极管、晶体管及类似半导体器件；光敏半导体器件；发光二极管；模制压电晶体,,45.1,kgCO2e,5,2025,kg
单晶硅片（182 mm×182 mm）,Monocrystalline silicon wafers (182 mm x 182 mm),47150X0962025C,首页 > 金属制品、机械和设备 > 收音机、电视及通信设备和装置 > 电子管和管；电子元件；及其零件 > 二极管、晶体管及类似半导体器件；光敏半导体器件；发光二极管；模制压电晶体,182 mm×182 mm,1.32,kgCO2e,5,2025,片
多晶硅片（182 mm×182 mm）,Polycrystalline wafers (182 mm x 182 mm),47150X0972025C,首页 > 金属制品、机械和设备 > 收音机、电视及通信设备和装置 > 电子管和管；电子元件；及其零件 > 二极管、晶体管及类似半导体器件；光敏半导体器件；发光二极管；模制压电晶体,182 mm×182 mm,1.1,kgCO2e,5,2025,片
单晶电池片（182 mm×182 mm）,Monocrystalline cell (182 mm×182 mm),47150X0982025C,首页 > 金属制品、机械和设备 > 收音机、电视及通信设备和装置 > 电子管和管；电子元件；及其零件 > 二极管、晶体管及类似半导体器件；光敏半导体器件；发光二极管；模制压电晶体,182 mm×182 mm,1.59,kgCO2e,5,2025,片
多晶电池片（182 mm×182 mm）,Polycrystalline cell (182 mm x 182 mm),47150X0992025C,首页 > 金属制品、机械和设备 > 收音机、电视及通信设备和装置 > 电子管和管；电子元件；及其零件 > 二极管、晶体管及类似半导体器件；光敏半导体器件；发光二极管；模制压电晶体,182 mm×182 mm,1.36,kgCO2e,5,2025,片
印刷电路板-基材阻燃剂 FR-4,PCB-Substrate Flame Retardant 4 (FR4),47130X0022024A,首页 > 金属制品、机械和设备 > 收音机、电视及通信设备和装置 > 电子管和管；电子元件；及其零件 > 印刷电路,,17.7,kgCO2e,5,2024,平方米
印刷电路板-纸基,Paper-based PCB,47130X0032024A,首页 > 金属制品、机械和设备 > 收音机、电视及通信设备和装置 > 电子管和管；电子元件；及其零件 > 印刷电路,,4.7,kgCO2e,5,2024,平方米
印刷电路板-叶骨架增强电子学,PCB-Leaftronic substrate,47130X0042024A,首页 > 金属制品、机械和设备 > 收音机、电视及通信设备和装置 > 电子管和管；电子元件；及其零件 > 印刷电路,LS-EC,1.64,kgCO2e,5,2024,平方米
可通信传感器	,Communicable Sensors,47140X0012022A,首页 > 金属制品、机械和设备 > 收音机、电视及通信设备和装置 > 电子管和管；电子元件；及其零件 > 热离子管、冷阴极管或光阴极管及其他管（包括阴极射线管）,,8.1,kgCO2e,5,2022,台
印刷电路板,Printed Circuit Board,47160X0002014C,首页 > 金属制品、机械和设备 > 收音机、电视及通信设备和装置 > 电子管和管；电子元件；及其零件 > 电子集成电路,汽车点火系统PCB配件,282.9331,kgCO2e,5,2014,平方米
创维电视机55E6000,Skyworth TV 55E6000,47212X0152019A,首页 > 金属制品、机械和设备 > 收音机、电视及通信设备和装置 > 电视及无级电发射机，电视，摄像机及数码相机，有绳电话 > 无接收装置的信号发射装置,55E6000,171.419,kgCO2e,4,2019,台
苹果电视,Apple TV- 4K (3rd generation) with Siri Remote,47212X0012022B,首页 > 金属制品、机械和设备 > 收音机、电视及通信设备和装置 > 电视及无级电发射机，电视，摄像机及数码相机，有绳电话 > 无接收装置的信号发射装置,Apple TV- 4K (3rd generation) with Siri Remote,43,kgCO2e,5,2022,台
电视,Television,47211X0012018A,首页 > 金属制品、机械和设备 > 收音机、电视及通信设备和装置 > 电视及无级电发射机，电视，摄像机及数码相机，有绳电话 > 有接收装置的信号发射装置,,320,kgCO2e,3,2018,台
电视,Television,47211X0022018A,首页 > 金属制品、机械和设备 > 收音机、电视及通信设备和装置 > 电视及无级电发射机，电视，摄像机及数码相机，有绳电话 > 有接收装置的信号发射装置,,350,kgCO2e,3,2018,台
电视,Television,47211X0032018A,首页 > 金属制品、机械和设备 > 收音机、电视及通信设备和装置 > 电视及无级电发射机，电视，摄像机及数码相机，有绳电话 > 有接收装置的信号发射装置,,466,kgCO2e,3,2018,台
创维液晶电视,LCD TV,47211X0042019A,首页 > 金属制品、机械和设备 > 收音机、电视及通信设备和装置 > 电视及无级电发射机，电视，摄像机及数码相机，有绳电话 > 有接收装置的信号发射装置,55E6000,8629.981,kgCO2e,5,2019,台
苹果手机11代 64G内存,Apple iPhone 11 64G,47222X0132019B,首页 > 金属制品、机械和设备 > 收音机、电视及通信设备和装置 > 电视及无级电发射机，电视，摄像机及数码相机，有绳电话 > 移动无线电话,Apple iPhone 11 64G,72,kgCO2e,5,2019,部
苹果手机11代 128G内存,Apple iPhone 11 128G,47222X0142019B,首页 > 金属制品、机械和设备 > 收音机、电视及通信设备和装置 > 电视及无级电发射机，电视，摄像机及数码相机，有绳电话 > 移动无线电话,Apple iPhone 11 128G,77,kgCO2e,5,2019,部
苹果手机11代 256G内存,Apple iPhone 11 256G,47222X0152019B,首页 > 金属制品、机械和设备 > 收音机、电视及通信设备和装置 > 电视及无级电发射机，电视，摄像机及数码相机，有绳电话 > 移动无线电话,Apple iPhone 11 256G,89,kgCO2e,5,2019,部
苹果手机SE 64G内存,Apple iPhone SE 64G,47222X0162022B,首页 > 金属制品、机械和设备 > 收音机、电视及通信设备和装置 > 电视及无级电发射机，电视，摄像机及数码相机，有绳电话 > 移动无线电话,Apple iPhone SE 64G,46,kgCO2e,5,2022,部
苹果手机SE 128G内存,Apple iPhone SE 128G,47222X0172022B,首页 > 金属制品、机械和设备 > 收音机、电视及通信设备和装置 > 电视及无级电发射机，电视，摄像机及数码相机，有绳电话 > 移动无线电话,Apple iPhone SE 128G,50,kgCO2e,5,2022,部
苹果手机SE 256G内存,Apple iPhone SE 256G,47222X0182022B,首页 > 金属制品、机械和设备 > 收音机、电视及通信设备和装置 > 电视及无级电发射机，电视，摄像机及数码相机，有绳电话 > 移动无线电话,Apple iPhone SE 256G,58,kgCO2e,5,2022,部
苹果手机,iPhone 14 Pro Max,47222X0192022B,首页 > 金属制品、机械和设备 > 收音机、电视及通信设备和装置 > 电视及无级电发射机，电视，摄像机及数码相机，有绳电话 > 移动无线电话,iPhone 14 Pro Max,73,kgCO2e,5,2022,台
苹果手机,iPhone 14 Pro,47222X0202022B,首页 > 金属制品、机械和设备 > 收音机、电视及通信设备和装置 > 电视及无级电发射机，电视，摄像机及数码相机，有绳电话 > 移动无线电话,iPhone 14 Pro,65,kgCO2e,5,2022,台
苹果手机,iPhone 14 Plus,47222X0212022B,首页 > 金属制品、机械和设备 > 收音机、电视及通信设备和装置 > 电视及无级电发射机，电视，摄像机及数码相机，有绳电话 > 移动无线电话,iPhone 14 Plus,68,kgCO2e,5,2022,台
苹果手机,iPhone 14,47222X0222022B,首页 > 金属制品、机械和设备 > 收音机、电视及通信设备和装置 > 电视及无级电发射机，电视，摄像机及数码相机，有绳电话 > 移动无线电话,iPhone 14,61,kgCO2e,5,2022,台
华为手机,Mobile Phone,47222X3292020A,首页 > 金属制品、机械和设备 > 收音机、电视及通信设备和装置 > 电视及无级电发射机，电视，摄像机及数码相机，有绳电话 > 移动无线电话,HUAWEI，P40 Pro,82.418,kgCO2e,5,2020,台
华为手机,Mobile Phone,47222X3282020A,首页 > 金属制品、机械和设备 > 收音机、电视及通信设备和装置 > 电视及无级电发射机，电视，摄像机及数码相机，有绳电话 > 移动无线电话,HUAWEI，Mate 40 Pro,84.6,kgCO2e,5,2020,台
三星折叠屏手机,Samsung folding screen mobile phone,47222X0622022B,首页 > 金属制品、机械和设备 > 收音机、电视及通信设备和装置 > 电视及无级电发射机，电视，摄像机及数码相机，有绳电话 > 移动无线电话,Galaxy Z Fold4,42.38,kgCO2e,5,2022,台
三星折叠屏手机,Samsung folding screen mobile phone,47222X0002022B,首页 > 金属制品、机械和设备 > 收音机、电视及通信设备和装置 > 电视及无级电发射机，电视，摄像机及数码相机，有绳电话 > 移动无线电话,Galaxy Z Fold4,42.38,kgCO2e,5,2022,台
手机-iPhone 15 Pro 128G,Mobile phone-iPhone 15 Pro 128G,47222X3302023B,首页 > 金属制品、机械和设备 > 收音机、电视及通信设备和装置 > 电视及无级电发射机，电视，摄像机及数码相机，有绳电话 > 移动无线电话, iPhone 15 Pro 128G,66,kgCO2e,4,2023,台
手机-iPhone 15 Pro 256G,Mobile phone-iPhone 15 Pro 256G,47222X3312023B,首页 > 金属制品、机械和设备 > 收音机、电视及通信设备和装置 > 电视及无级电发射机，电视，摄像机及数码相机，有绳电话 > 移动无线电话, iPhone 15 Pro 256G,71,kgCO2e,4,2023,台
手机-iPhone 15 Pro 512G,Mobile phone-iPhone 15 Pro 512G,47222X3322023B,首页 > 金属制品、机械和设备 > 收音机、电视及通信设备和装置 > 电视及无级电发射机，电视，摄像机及数码相机，有绳电话 > 移动无线电话,iPhone 15 Pro 512G,83,kgCO2e,4,2023,台
苹果手机16代Pro 128GB内存,iPhone 16 Pro 128GB,47222X3342024A,首页 > 金属制品、机械和设备 > 收音机、电视及通信设备和装置 > 电视及无级电发射机，电视，摄像机及数码相机，有绳电话 > 移动无线电话,iPhone 16 Pro 128GB,66,kgCO2e,5,2024,个
芯片,chip,47920X0072020B,首页 > 金属制品、机械和设备 > 收音机、电视及通信设备和装置 > 磁条卡或芯片卡 > 芯片卡,芯片-台积电（chip-tsmc）,0.59,kgCO2e,5,2020,片
芯片,chip,47920X0082020B,首页 > 金属制品、机械和设备 > 收音机、电视及通信设备和装置 > 磁条卡或芯片卡 > 芯片卡,芯片-三星（chip-samsung）,0.53,kgCO2e,5,2020,片
智能卡,SmartCard,47920X0202023A,首页 > 金属制品、机械和设备 > 收音机、电视及通信设备和装置 > 磁条卡或芯片卡 > 芯片卡,,0.59,kgCO2e,5,2023,片
多晶硅光伏系统,Polycrystalline silicon - Photovoltaic System,46960X0012008A,首页 > 金属制品、机械和设备 > 电动机械和装置 > 其他电力设备及其零件 > 46910和46920次级所列制品的零件；未另列明的机器或设备的电气零件,200吨多晶硅以及高效太阳能电池和光伏组件生产项目,3054.6,tCO2e,4,2008,兆瓦
逆变器,Inverter,46960X0022016A,首页 > 金属制品、机械和设备 > 电动机械和装置 > 其他电力设备及其零件 > 46910和46920次级所列制品的零件；未另列明的机器或设备的电气零件,PV-150型号，功率2.5kW,0.51,tCO2e,3,2016,台
逆变器,Inverter,46960X0032016A,首页 > 金属制品、机械和设备 > 电动机械和装置 > 其他电力设备及其零件 > 46910和46920次级所列制品的零件；未另列明的机器或设备的电气零件,PV-150型号，功率5kW,0.81,tCO2e,3,2016,台
逆变器,Inverter,46960X0042016A,首页 > 金属制品、机械和设备 > 电动机械和装置 > 其他电力设备及其零件 > 46910和46920次级所列制品的零件；未另列明的机器或设备的电气零件,,1.3,tCO2e,3,2016,台
逆变器,Inverter,46960X0052016A,首页 > 金属制品、机械和设备 > 电动机械和装置 > 其他电力设备及其零件 > 46910和46920次级所列制品的零件；未另列明的机器或设备的电气零件,"PV-150型号,功率20kW",2.08,tCO2e,3,2016,台
210 mm 单晶硅片,210 mm monocrystalline silicon wafer,46960X0112021B,首页 > 金属制品、机械和设备 > 电动机械和装置 > 其他电力设备及其零件 > 46910和46920次级所列制品的零件；未另列明的机器或设备的电气零件,210 mm,104014.52,kgCO2e,4,2021,公吨
酸奶机,Yogurt maker,46939X0012018A,首页 > 金属制品、机械和设备 > 电动机械和装置 > 其他电力设备及其零件 > 未另列明的电力设备（包括电磁铁；永久磁铁；电磁连轴器；离合器及制动器；电磁起重装置；电气粒子加速器；电信号发生器；及电镀、电解或电泳设备）,,19,kgCO2e,3,2018,个
子午胎成型机,Radial tire forming machine,46939X0042021B,首页 > 金属制品、机械和设备 > 电动机械和装置 > 其他电力设备及其零件 > 未另列明的电力设备（包括电磁铁；永久磁铁；电磁连轴器；离合器及制动器；电磁起重装置；电气粒子加速器；电信号发生器；及电镀、电解或电泳设备）,子午胎成型机,29698,kgCO2e,5,2021,台
高效智能永磁直驱电动滚筒,Permanent magnet direct drive electric drum,46939X0032021B,首页 > 金属制品、机械和设备 > 电动机械和装置 > 其他电力设备及其零件 > 未另列明的电力设备（包括电磁铁；永久磁铁；电磁连轴器；离合器及制动器；电磁起重装置；电气粒子加速器；电信号发生器；及电镀、电解或电泳设备）,S/F TYB 功率-带速度-滚径-带宽（660/1140）,22.7534,tCO2e,5,2021,台
空心电抗器,Air core reactor,46939X0022021B,首页 > 金属制品、机械和设备 > 电动机械和装置 > 其他电力设备及其零件 > 未另列明的电力设备（包括电磁铁；永久磁铁；电磁连轴器；离合器及制动器；电磁起重装置；电气粒子加速器；电信号发生器；及电镀、电解或电泳设备）,,3.27,kgCO2e,5,2021,kVar
电沉积,electrodeposition,46939X0052022A,首页 > 金属制品、机械和设备 > 电动机械和装置 > 其他电力设备及其零件 > 未另列明的电力设备（包括电磁铁；永久磁铁；电磁连轴器；离合器及制动器；电磁起重装置；电气粒子加速器；电信号发生器；及电镀、电解或电泳设备）,太阳能集热器电镀,16.912,kgCO2e,4,2022,工序
多晶硅太阳能光伏电池,Polycrystalline silicon photovoltaic battery,46950X0022017A,首页 > 金属制品、机械和设备 > 电动机械和装置 > 其他电力设备及其零件 > 碳电极、碳刷、弧光灯碳极、电池碳极及其他电气用石墨或碳制品,,2223.29,kgCO2e,5,2017,峰值千瓦
电极,Electrode,46950X0032020A,首页 > 金属制品、机械和设备 > 电动机械和装置 > 其他电力设备及其零件 > 碳电极、碳刷、弧光灯碳极、电池碳极及其他电气用石墨或碳制品,,3.663,tCO2e,5,2020,公吨
锂离子电池阳极石墨,Anode graphite for lithium ion battery,46950X0022015A,首页 > 金属制品、机械和设备 > 电动机械和装置 > 其他电力设备及其零件 > 碳电极、碳刷、弧光灯碳极、电池碳极及其他电气用石墨或碳制品,,4.7,kgCO2e,4,2015,kg
石墨,Graphite,46950X0012021A,首页 > 金属制品、机械和设备 > 电动机械和装置 > 其他电力设备及其零件 > 碳电极、碳刷、弧光灯碳极、电池碳极及其他电气用石墨或碳制品,,5.48,kgCO2e,3,2021,kg
电解铝的阳极生产过程,Anode production process for electrolytic aluminum,46950X0082018A,首页 > 金属制品、机械和设备 > 电动机械和装置 > 其他电力设备及其零件 > 碳电极、碳刷、弧光灯碳极、电池碳极及其他电气用石墨或碳制品,,1067.602,kgCO2e,5,2018,公吨
光伏逆变器,Solar inverter,46121X0012019B,首页 > 金属制品、机械和设备 > 电动机械和装置 > 电动机、发电机及变压器及其零件 > 变压器,SUN2000-100KTL-M1,16946.63,kgCO2e,4,2019,个
110kV变电站,110kV substation,46121X0142022A,首页 > 金属制品、机械和设备 > 电动机械和装置 > 电动机、发电机及变压器及其零件 > 变压器,,5306.581,tCO2e,4,2022,个
变压器,Transformer,46121X0022022A,首页 > 金属制品、机械和设备 > 电动机械和装置 > 电动机、发电机及变压器及其零件 > 变压器,,184.43,tCO2e,5,2022,台
光伏逆变器,Solar inverter,46121X0032019B,首页 > 金属制品、机械和设备 > 电动机械和装置 > 电动机、发电机及变压器及其零件 > 变压器,SUN2000-100KTL-H1,12873.06,kgCO2e,4,2019,个
光伏逆变器,Solar inverter,46121X0042019B,首页 > 金属制品、机械和设备 > 电动机械和装置 > 电动机、发电机及变压器及其零件 > 变压器,SUN2000-10KTL-M0,2177.19,kgCO2e,4,2019,个
光伏逆变器,Solar inverter,46121X0052019B,首页 > 金属制品、机械和设备 > 电动机械和装置 > 电动机、发电机及变压器及其零件 > 变压器,SUN2000-6KTL-M1,1696.53,kgCO2e,4,2019,个
光伏逆变器,Solar inverter,46121X0062019B,首页 > 金属制品、机械和设备 > 电动机械和装置 > 电动机、发电机及变压器及其零件 > 变压器,SUN2000-3KTL-L1,1043.57,kgCO2e,4,2019,个
变压器,Transformer,46121X0142017A,首页 > 金属制品、机械和设备 > 电动机械和装置 > 电动机、发电机及变压器及其零件 > 变压器,SFPZ-240000/330,5400700.7,tCO2e,5,2017,个
私人电动汽车充电桩,Private electric vehicle charging pile,46121X0152021A,首页 > 金属制品、机械和设备 > 电动机械和装置 > 电动机、发电机及变压器及其零件 > 变压器,,3167.24,kgCO2e,4,2021,个
光伏组件,PV Module,46131X0022019A,首页 > 金属制品、机械和设备 > 电动机械和装置 > 电动机、发电机及变压器及其零件 > 电动机、发电机及类似机械的零件,多晶电池片 （Polysilicon solar cell）,189.49,kgCO2e,5,2019,平方米
电力牵引电机,Electric traction motors,46131X0042016A,首页 > 金属制品、机械和设备 > 电动机械和装置 > 电动机、发电机及变压器及其零件 > 电动机、发电机及类似机械的零件,,1.85,gCO2e,4,2016,km
小功率电机,Low -power machine,46131X0052015A,首页 > 金属制品、机械和设备 > 电动机械和装置 > 电动机、发电机及变压器及其零件 > 电动机、发电机及类似机械的零件,,332.32,kgCO2e,4,2015,台
定子,stator,46131X0092021B,首页 > 金属制品、机械和设备 > 电动机械和装置 > 电动机、发电机及变压器及其零件 > 电动机、发电机及类似机械的零件,Φ54 定子,3.0394,kgCO2e,5,2021,个
异质结（HJT）光伏组件,Heterojunction (HJT) photovoltaic modules,46131X0122023C,首页 > 金属制品、机械和设备 > 电动机械和装置 > 电动机、发电机及变压器及其零件 > 电动机、发电机及类似机械的零件,HJT,427.98,kgCO2e,5,2023,千瓦
隧穿氧化层钝化接触（TOPCon）光伏组件,Tunneling oxide passivation contact (TOPCon) photovoltaic modules,46131X0132023C,首页 > 金属制品、机械和设备 > 电动机械和装置 > 电动机、发电机及变压器及其零件 > 电动机、发电机及类似机械的零件,TOPCon,474.24,kgCO2e,5,2023,千瓦
新型钙钛矿太阳电池（PSCs）光伏组件,New perovskite solar cell (PSCs) photovoltaic modules,46131X0142023C,首页 > 金属制品、机械和设备 > 电动机械和装置 > 电动机、发电机及变压器及其零件 > 电动机、发电机及类似机械的零件,PSCs,500.55,kgCO2e,5,2023,千瓦
定子总成,Stator assembly,46131X0102021C,首页 > 金属制品、机械和设备 > 电动机械和装置 > 电动机、发电机及变压器及其零件 > 电动机、发电机及类似机械的零件,A5E50135881,1.9383,tCO2e,5,2021,台
鼓风机电机,Blower motor,46131X0112023B,首页 > 金属制品、机械和设备 > 电动机械和装置 > 电动机、发电机及变压器及其零件 > 电动机、发电机及类似机械的零件,,39.42,kgCO2e,5,2023,台
415602G 前后电机支架,415602G Front and rear motor brackets,46131X0152021B,首页 > 金属制品、机械和设备 > 电动机械和装置 > 电动机、发电机及变压器及其零件 > 电动机、发电机及类似机械的零件,415602GP007 494*290*71mm & 415602GP008 494*222*66mm,22.42,kgCO2e,5,2021,个
固定颜色灯,Parabolic Aluminum Reflector,46510X0032022B,首页 > 金属制品、机械和设备 > 电动机械和装置 > 白炽灯或放电灯；弧光灯；照明设备；及其零件 > 白炽灯或放电灯；弧光灯, TL- SL201,17.56,kgCO2e,5,2022,台
同轴电缆,Coaxial cable,46320X0012005A,首页 > 金属制品、机械和设备 > 电动机械和装置 > 绝缘电线及电缆；光导纤维电缆 > 同轴电缆及其他同轴导线,,0.07,kgCO2e,4,2005,米
同轴电缆,Coaxial cable,46320X0022005A,首页 > 金属制品、机械和设备 > 电动机械和装置 > 绝缘电线及电缆；光导纤维电缆 > 同轴电缆及其他同轴导线,,0.14,kgCO2e,4,2005,米
同轴电缆,Coaxial cable,46320X0032005A,首页 > 金属制品、机械和设备 > 电动机械和装置 > 绝缘电线及电缆；光导纤维电缆 > 同轴电缆及其他同轴导线,,0.17,kgCO2e,4,2005,米
电力电缆,Power Cable,46320X0042022B,首页 > 金属制品、机械和设备 > 电动机械和装置 > 绝缘电线及电缆；光导纤维电缆 > 同轴电缆及其他同轴导线, ZC-YJLW03-Z64/110kV1*800m㎡,16195788.85,kgCO2e,5,2022,千米
绝缘导线,Insulated wire,46310X0012005A,首页 > 金属制品、机械和设备 > 电动机械和装置 > 绝缘电线及电缆；光导纤维电缆 > 绝缘绕卷线,,0.25,kgCO2e,4,2005,米
绝缘导线,Insulated wire,46310X0022005A,首页 > 金属制品、机械和设备 > 电动机械和装置 > 绝缘电线及电缆；光导纤维电缆 > 绝缘绕卷线,,0.02,kgCO2e,4,2005,米
绝缘导线,Insulated wire,46310X0032005A,首页 > 金属制品、机械和设备 > 电动机械和装置 > 绝缘电线及电缆；光导纤维电缆 > 绝缘绕卷线,,0.21,kgCO2e,4,2005,米
绝缘导线,Insulated wire,46310X0042005A,首页 > 金属制品、机械和设备 > 电动机械和装置 > 绝缘电线及电缆；光导纤维电缆 > 绝缘绕卷线,,0.34,kgCO2e,4,2005,米
绝缘导线,Insulated wire,46310X0052005A,首页 > 金属制品、机械和设备 > 电动机械和装置 > 绝缘电线及电缆；光导纤维电缆 > 绝缘绕卷线,,0.13,kgCO2e,4,2005,米
磷酸铁锂电池正极材料,LiFePO4/C cathode material,46430X0012017A,首页 > 金属制品、机械和设备 > 电动机械和装置 > 蓄电池、原电池、原电池组及其零件 > 原电池、原电池组及蓄电池（包括分离器）的零件,,11.4131,tCO2e,4,2017,公吨
钙钛矿太阳能电池（PSC）模块,Perovskite solar cells module,46430X0012021A,首页 > 金属制品、机械和设备 > 电动机械和装置 > 蓄电池、原电池、原电池组及其零件 > 原电池、原电池组及蓄电池（包括分离器）的零件,,32.88,kgCO2e,4,2021,个
镍氢电池正极材料,NiMH Cathode material,46430X0022017A,首页 > 金属制品、机械和设备 > 电动机械和装置 > 蓄电池、原电池、原电池组及其零件 > 原电池、原电池组及蓄电池（包括分离器）的零件,,27.1833,kgCO2e,4,2017,kg
钠离子（NaFePO4/C）电池,Sodium-ion （NaFePO4/C） battery,46430X0042017A,首页 > 金属制品、机械和设备 > 电动机械和装置 > 蓄电池、原电池、原电池组及其零件 > 原电池、原电池组及蓄电池（包括分离器）的零件,,4.4187,tCO2e,4,2017,公吨
锂电池正极材料,Cathode material of lithium electronic battery（LiFe0.98Mn0.02PO4/C）,46430X0082017A,首页 > 金属制品、机械和设备 > 电动机械和装置 > 蓄电池、原电池、原电池组及其零件 > 原电池、原电池组及蓄电池（包括分离器）的零件,LiFe0.98Mn0.02PO4/C,11.4598,tCO2e,4,2017,公吨
锂电池正极材料,Cathode material of lithium electronic battery（FeF3(H2O)3/C）,46430X0092017A,首页 > 金属制品、机械和设备 > 电动机械和装置 > 蓄电池、原电池、原电池组及其零件 > 原电池、原电池组及蓄电池（包括分离器）的零件,FeF3(H2O)3/C,8.712,tCO2e,4,2017,公吨
锂电池正极材料,Cathode material of lithium electronic battery（Li1.2Ni0.2Mn0.6O2）,46430X0102017A,首页 > 金属制品、机械和设备 > 电动机械和装置 > 蓄电池、原电池、原电池组及其零件 > 原电池、原电池组及蓄电池（包括分离器）的零件,Li1.2Ni0.2Mn0.6O2,20.5462,tCO2e,4,2017,公吨
锂电池正极材料,Cathode material of lithium electronic battery（iNi1/3Co1/3Mn1/3O2）,46430X0112017A,首页 > 金属制品、机械和设备 > 电动机械和装置 > 蓄电池、原电池、原电池组及其零件 > 原电池、原电池组及蓄电池（包括分离器）的零件,LiNi1/3Co1/3Mn1/3O2,19.559,tCO2e,4,2017,公吨
锂电池正极材料,Cathode material of lithium electronic battery（LiNi0.8Co0.2O2/C）,46430X0122017A,首页 > 金属制品、机械和设备 > 电动机械和装置 > 蓄电池、原电池、原电池组及其零件 > 原电池、原电池组及蓄电池（包括分离器）的零件,LiNi0.8Co0.2O2/C,20.555,tCO2e,4,2017,公吨
锰酸锂,LiMn2O4,46430X0022012A,首页 > 金属制品、机械和设备 > 电动机械和装置 > 蓄电池、原电池、原电池组及其零件 > 原电池、原电池组及蓄电池（包括分离器）的零件,,5.1,kgCO2e,4,2012,kg
镍钴锰酸锂,LiNixCoyMnOzO2,46430X0032014A,首页 > 金属制品、机械和设备 > 电动机械和装置 > 蓄电池、原电池、原电池组及其零件 > 原电池、原电池组及蓄电池（包括分离器）的零件,,0.17,kgCO2e,4,2014,kg
磷酸铁锂,lithium iron phosphate (LiFePO4),46430X0172025C,首页 > 金属制品、机械和设备 > 电动机械和装置 > 蓄电池、原电池、原电池组及其零件 > 原电池、原电池组及蓄电池（包括分离器）的零件,,7.9,kgCO2e,5,2025,kg
镍钴锰酸锂,lithium nickel-cobalt-manganese (Li-NiCoO2),46430X0182025C,首页 > 金属制品、机械和设备 > 电动机械和装置 > 蓄电池、原电池、原电池组及其零件 > 原电池、原电池组及蓄电池（包括分离器）的零件,,22.5,kgCO2e,5,2025,kg
锂电池隔膜,Lithium battery separator,46430X0192024B,首页 > 金属制品、机械和设备 > 电动机械和装置 > 蓄电池、原电池、原电池组及其零件 > 原电池、原电池组及蓄电池（包括分离器）的零件,,0.160534,kgCO2e,5,2024,万平方米
南孚聚能环4代7号碱性电池,Nanfu Power Ring 4th Generation AA Alkaline Battery,46430X0202024B,首页 > 金属制品、机械和设备 > 电动机械和装置 > 蓄电池、原电池、原电池组及其零件 > 原电池、原电池组及蓄电池（包括分离器）的零件,净重11g，50mA电流模式下电池最低容量为 1235mAh,0.0508,kgCO2e,5,2024,个
钠硫电池,sodium-sulfur,46410X0042012A,首页 > 金属制品、机械和设备 > 电动机械和装置 > 蓄电池、原电池、原电池组及其零件 > 原电池和原电池组,,0.67,kgCO2e,4,2012,kg
铅酸电池,lead-acid,46410X0052012A,首页 > 金属制品、机械和设备 > 电动机械和装置 > 蓄电池、原电池、原电池组及其零件 > 原电池和原电池组,,0.11,kgCO2e,4,2012,kg
镍氢电池,nickel-metal hydride,46410X0062012A,首页 > 金属制品、机械和设备 > 电动机械和装置 > 蓄电池、原电池、原电池组及其零件 > 原电池和原电池组,,0.62,kgCO2e,4,2012,kg
镍镉电池,nickel–cadmium,46410X0072012A,首页 > 金属制品、机械和设备 > 电动机械和装置 > 蓄电池、原电池、原电池组及其零件 > 原电池和原电池组,,0.28,kgCO2e,4,2012,kg
锂电池,Batteries - Li ion,46410X0082021A,首页 > 金属制品、机械和设备 > 电动机械和装置 > 蓄电池、原电池、原电池组及其零件 > 原电池和原电池组,,6.31,kgCO2e,4,2021,kg
镍氢电池,Batteries - NiMh,46410X0092021A,首页 > 金属制品、机械和设备 > 电动机械和装置 > 蓄电池、原电池、原电池组及其零件 > 原电池和原电池组,,28.38,kgCO2e,4,2021,kg
碱性电池,Batteries - Alkaline,46410X0102021A,首页 > 金属制品、机械和设备 > 电动机械和装置 > 蓄电池、原电池、原电池组及其零件 > 原电池和原电池组,,4.63,kgCO2e,4,2021,kg
锰酸锂,LiMn2O4,46410X0112010A,首页 > 金属制品、机械和设备 > 电动机械和装置 > 蓄电池、原电池、原电池组及其零件 > 原电池和原电池组,,6,tCO2e,4,2010,瓦时
铝离子,Al-ion,46410X0122019A,首页 > 金属制品、机械和设备 > 电动机械和装置 > 蓄电池、原电池、原电池组及其零件 > 原电池和原电池组,,2.6,tCO2e,4,2019,瓦时
磷酸铁锂,LiFePO4,46410X0132019A,首页 > 金属制品、机械和设备 > 电动机械和装置 > 蓄电池、原电池、原电池组及其零件 > 原电池和原电池组,,1.14,tCO2e,4,2019,瓦时
镍钴锰酸锂,Li(NiCoMn)O2,46410X0142021A,首页 > 金属制品、机械和设备 > 电动机械和装置 > 蓄电池、原电池、原电池组及其零件 > 原电池和原电池组,,1.11,tCO2e,4,2021,瓦时
磷酸铁锂,LiFePO4,46410X0152010A,首页 > 金属制品、机械和设备 > 电动机械和装置 > 蓄电池、原电池、原电池组及其零件 > 原电池和原电池组,,25,kgCO2e,4,2010,kg
磷酸铁锂,Lithium iron phosphate,46410X0012021A,首页 > 金属制品、机械和设备 > 电动机械和装置 > 蓄电池、原电池、原电池组及其零件 > 原电池和原电池组,,2.93,kgCO2e,3,2021,kg
镍钴锰酸锂,Nickel Cobalt Manganese,46410X0022021A,首页 > 金属制品、机械和设备 > 电动机械和装置 > 蓄电池、原电池、原电池组及其零件 > 原电池和原电池组,,17.4,kgCO2e,3,2021,kg
PERC 太阳电池,PERC solar cell,46410X0212023C,首页 > 金属制品、机械和设备 > 电动机械和装置 > 蓄电池、原电池、原电池组及其零件 > 原电池和原电池组,PERC,469.25,kgCO2e,5,2023,千瓦
南孚聚能环4代5号碱性电池,Nanfu shaped ring 4 generation 5 alkaline battery,46410X0202024B,首页 > 金属制品、机械和设备 > 电动机械和装置 > 蓄电池、原电池、原电池组及其零件 > 原电池和原电池组,,0.1028,kgCO2e,5,2024,kg
磷酸铁锂电池,LFePO4 battery,46420X0012019A,首页 > 金属制品、机械和设备 > 电动机械和装置 > 蓄电池、原电池、原电池组及其零件 > 蓄电池,,101.99,kgCO2e,5,2019,千瓦时
镍钴锰酸锂电池,NCM battery,46420X0022019A,首页 > 金属制品、机械和设备 > 电动机械和装置 > 蓄电池、原电池、原电池组及其零件 > 蓄电池,,105.46,kgCO2e,5,2019,千瓦时
光伏电池,Photovoltaic cell,46420X0012010A,首页 > 金属制品、机械和设备 > 电动机械和装置 > 蓄电池、原电池、原电池组及其零件 > 蓄电池,单晶组件,285.24,kgCO2e,4,2010,峰值千瓦
锰酸锂电池-中国,LiMn2O4 batteries,46420X0032019A,首页 > 金属制品、机械和设备 > 电动机械和装置 > 蓄电池、原电池、原电池组及其零件 > 蓄电池,,1866,kgCO2e,4,2019,个
磷酸铁锂电池-中国,LiFePO4 batteries,46420X0042019A,首页 > 金属制品、机械和设备 > 电动机械和装置 > 蓄电池、原电池、原电池组及其零件 > 蓄电池,,8827,kgCO2e,4,2019,个
锰酸锂电池-欧盟,LiMn2O4 batteries,46420X0052019A,首页 > 金属制品、机械和设备 > 电动机械和装置 > 蓄电池、原电池、原电池组及其零件 > 蓄电池,,1814,kgCO2e,4,2019,个
磷酸铁锂电池-欧盟,LiFePO4 batteries,46420X0062019A,首页 > 金属制品、机械和设备 > 电动机械和装置 > 蓄电池、原电池、原电池组及其零件 > 蓄电池,,7713,kgCO2e,4,2019,个
镍氢电池,Nickel metal hydride battery,46420X0022015A,首页 > 金属制品、机械和设备 > 电动机械和装置 > 蓄电池、原电池、原电池组及其零件 > 蓄电池,AA 型,12.7,kgCO2e,4,2015,千瓦时
钛酸锂电池,Lithium titanate battery,46420X0072016A,首页 > 金属制品、机械和设备 > 电动机械和装置 > 蓄电池、原电池、原电池组及其零件 > 蓄电池,,1860,kgCO2e,4,2016,千瓦时
动力铅蓄电池-电动自行车,Power lead battery - electric bicycle,46420X0032018A,首页 > 金属制品、机械和设备 > 电动机械和装置 > 蓄电池、原电池、原电池组及其零件 > 蓄电池,,338,kgCO2e,4,2018,千瓦时
铅酸蓄电池,Lead acid battery,46420X0162022B,首页 > 金属制品、机械和设备 > 电动机械和装置 > 蓄电池、原电池、原电池组及其零件 > 蓄电池,12V32AH,13.4097,kgCO2e,5,2022,个
锰酸锂,Lithium manganate,46420X0012021A,首页 > 金属制品、机械和设备 > 电动机械和装置 > 蓄电池、原电池、原电池组及其零件 > 蓄电池,,4.73,kgCO2e,3,2021,kg
镍钴锰酸锂电池包,Nickel Cobalt Manganese Battery Pack,46420X0022021A,首页 > 金属制品、机械和设备 > 电动机械和装置 > 蓄电池、原电池、原电池组及其零件 > 蓄电池,,87.78,kgCO2e,3,2021,千瓦时
磷酸铁锂电池包, Lithium Iron Phosphate Battery Pack,46420X0032021A,首页 > 金属制品、机械和设备 > 电动机械和装置 > 蓄电池、原电池、原电池组及其零件 > 蓄电池,,73.51,kgCO2e,3,2021,千瓦时
锰酸锂电池包,Lithium Manganate Battery Pack,46420X0042021A,首页 > 金属制品、机械和设备 > 电动机械和装置 > 蓄电池、原电池、原电池组及其零件 > 蓄电池,,67.9,kgCO2e,3,2021,千瓦时
磷酸铁锂电池包, Lithium Iron Phosphate Battery Pack,46420X0172021C,首页 > 金属制品、机械和设备 > 电动机械和装置 > 蓄电池、原电池、原电池组及其零件 > 蓄电池,,73.51,kgCO2e,5,2021,千瓦时
镍钴锰酸锂电池包,Nickel Cobalt Manganese Battery Pack,46420X0182021C,首页 > 金属制品、机械和设备 > 电动机械和装置 > 蓄电池、原电池、原电池组及其零件 > 蓄电池,,87.78,kgCO2e,5,2021,千瓦时
铅酸蓄电池,Lead-acid battery,46420X0192022B,首页 > 金属制品、机械和设备 > 电动机械和装置 > 蓄电池、原电池、原电池组及其零件 > 蓄电池,,17.09,kgCO2e,5,2022,千伏安时
碳酸锂, lithium carbonate,46420X0202021A,首页 > 金属制品、机械和设备 > 电动机械和装置 > 蓄电池、原电池、原电池组及其零件 > 蓄电池,,2.9,tCO2e,4,2021,公吨
碳酸锂, lithium carbonate,46420X0212021A,首页 > 金属制品、机械和设备 > 电动机械和装置 > 蓄电池、原电池、原电池组及其零件 > 蓄电池,,20.4,tCO2e,4,2021,公吨
配电开关,Power distribution switch,46212X0012019B,首页 > 金属制品、机械和设备 > 电动机械和装置 > 配电及控电设备及其零件 > 用于开关、保护或联接电压不超过1000伏电路的电器,,8.7,kgCO2e,5,2019,台
空气绝缘开关柜,Air insulated switchgear,46214X0022021C,首页 > 金属制品、机械和设备 > 电动机械和装置 > 配电及控电设备及其零件 > 配以电开关等装置，用于控电或配电、电压超过1000伏的配电盘、控制台、箱及其他底座, NXAirS 12kV,2160,kgCO2e,5,2021,台
电动自行车,Electric Bicycle,49913X0042023A,首页 > 金属制品、机械和设备 > 运输设备 > 其他运输设备及其零件 > 摩托车及装有辅助马达的脚踏车，装有往复式活塞内燃机者除外；摩托车挎斗,Yadi-TDR2481Z,793.8,kgCO2e,4,2023,台
共享单车/自行车-中国,bike sharing-China,49921X0012020A,首页 > 金属制品、机械和设备 > 运输设备 > 其他运输设备及其零件 > 未装有马达的自行车及其他脚踏车,,34.56,kgCO2e,5,2020,辆
竹架自行车-德国,bamboo-frame-bicycle-Germany,49921X0022012A,首页 > 金属制品、机械和设备 > 运输设备 > 其他运输设备及其零件 > 未装有马达的自行车及其他脚踏车,,232.5,kgCO2e,3,2012,辆
铝架自行车-德国,aluminum-frame-bicycle-Germany,49921X0032012A,首页 > 金属制品、机械和设备 > 运输设备 > 其他运输设备及其零件 > 未装有马达的自行车及其他脚踏车,,237.9,kgCO2e,3,2012,辆
互联网租赁自行车,Free-floating Bike Sharing,49921X0012019C,首页 > 金属制品、机械和设备 > 运输设备 > 其他运输设备及其零件 > 未装有马达的自行车及其他脚踏车,摩拜单车（美团单车）,76.686,kgCO2e,5,2019,辆
共享单车,bike sharing,49942X0012015A,首页 > 金属制品、机械和设备 > 运输设备 > 其他运输设备及其零件 > 自行车和其他非机动脚踏车的零件和附件，残疾人座车的零件和附件,,34.56,kgCO2e,4,2015,辆
自行车链条（118目）,Bicycle Chain (118 mesh),49942X0012021A,首页 > 金属制品、机械和设备 > 运输设备 > 其他运输设备及其零件 > 自行车和其他非机动脚踏车的零件和附件，残疾人座车的零件和附件,钢铁制链条，X11SL 银色 118目,2.6,kgCO2e,5,2021,件
自行车后变速器,Rear derailleur,49942X0042023B,首页 > 金属制品、机械和设备 > 运输设备 > 其他运输设备及其零件 > 自行车和其他非机动脚踏车的零件和附件，残疾人座车的零件和附件, RD-M36L,2.9019,kgCO2e,5,2023,个
自行车500货架26-28寸,Bicycle 500 Rack 26-28 Inch,49942X0052023B,首页 > 金属制品、机械和设备 > 运输设备 > 其他运输设备及其零件 > 自行车和其他非机动脚踏车的零件和附件，残疾人座车的零件和附件,26-28寸,8.7214,kgCO2e,5,2023,个
燃料电池汽车,Fuel cell vehicle,49113X0012017A,首页 > 金属制品、机械和设备 > 运输设备 > 机动车、挂车和半挂车及其零件和附件 > 专门为载客而设计的汽车及其他机动车辆（公共运输车辆、专门为在雪上行驶而设计的车辆、打高尔夫球用车及类似车辆除外）,,0.2,kgCO2e,4,2017,千米
插电式混合动力汽车,Plug-in hybrid vehicle,49113X0022016A,首页 > 金属制品、机械和设备 > 运输设备 > 机动车、挂车和半挂车及其零件和附件 > 专门为载客而设计的汽车及其他机动车辆（公共运输车辆、专门为在雪上行驶而设计的车辆、打高尔夫球用车及类似车辆除外）,,0.154,kgCO2e,4,2016,千米
国Ⅰ小型汽油客车,Small gasoline cars（National Stage I）,49113X0182019A,首页 > 金属制品、机械和设备 > 运输设备 > 机动车、挂车和半挂车及其零件和附件 > 专门为载客而设计的汽车及其他机动车辆（公共运输车辆、专门为在雪上行驶而设计的车辆、打高尔夫球用车及类似车辆除外）,,328.48,gCO2e,4,2019,千米
国Ⅱ小型汽油客车,Small gasoline cars（National Stage Ⅱ）,49113X0212019A,首页 > 金属制品、机械和设备 > 运输设备 > 机动车、挂车和半挂车及其零件和附件 > 专门为载客而设计的汽车及其他机动车辆（公共运输车辆、专门为在雪上行驶而设计的车辆、打高尔夫球用车及类似车辆除外）,,319.01,gCO2e,4,2019,千米
国Ⅲ小型汽油客车,Small gasoline cars（National Stage Ⅲ）,49113X0202019A,首页 > 金属制品、机械和设备 > 运输设备 > 机动车、挂车和半挂车及其零件和附件 > 专门为载客而设计的汽车及其他机动车辆（公共运输车辆、专门为在雪上行驶而设计的车辆、打高尔夫球用车及类似车辆除外）,,305.44,gCO2e,4,2019,千米
国Ⅳ小型汽油客车,Small gasoline cars（National Stage Ⅳ）,49113X0192019A,首页 > 金属制品、机械和设备 > 运输设备 > 机动车、挂车和半挂车及其零件和附件 > 专门为载客而设计的汽车及其他机动车辆（公共运输车辆、专门为在雪上行驶而设计的车辆、打高尔夫球用车及类似车辆除外）,,300.86,gCO2e,4,2019,千米
国Ⅴ小型汽油客车,Small gasoline cars（National Stage Ⅴ）,49113X0172019A,首页 > 金属制品、机械和设备 > 运输设备 > 机动车、挂车和半挂车及其零件和附件 > 专门为载客而设计的汽车及其他机动车辆（公共运输车辆、专门为在雪上行驶而设计的车辆、打高尔夫球用车及类似车辆除外）,,309.71,gCO2e,4,2019,千米
平均型小型汽油客车（国Ⅰ-国Ⅴ）,Average small gasoline cars（National Stage I-Ⅴ）,49113X0162019A,首页 > 金属制品、机械和设备 > 运输设备 > 机动车、挂车和半挂车及其零件和附件 > 专门为载客而设计的汽车及其他机动车辆（公共运输车辆、专门为在雪上行驶而设计的车辆、打高尔夫球用车及类似车辆除外）,,303.12,gCO2e,4,2019,千米
极星2汽车,Polestar 2,49113X0112019B,首页 > 金属制品、机械和设备 > 运输设备 > 机动车、挂车和半挂车及其零件和附件 > 专门为载客而设计的汽车及其他机动车辆（公共运输车辆、专门为在雪上行驶而设计的车辆、打高尔夫球用车及类似车辆除外）,,50,tCO2e,5,2019,辆
极星2汽车,Polestar 2,49113X0122020B,首页 > 金属制品、机械和设备 > 运输设备 > 机动车、挂车和半挂车及其零件和附件 > 专门为载客而设计的汽车及其他机动车辆（公共运输车辆、专门为在雪上行驶而设计的车辆、打高尔夫球用车及类似车辆除外）,极星2单电机长续航型,46,tCO2e,5,2020,辆
极星2汽车,Polestar 2,49113X0132020B,首页 > 金属制品、机械和设备 > 运输设备 > 机动车、挂车和半挂车及其零件和附件 > 专门为载客而设计的汽车及其他机动车辆（公共运输车辆、专门为在雪上行驶而设计的车辆、打高尔夫球用车及类似车辆除外）,极星2单电机标准续航,45,tCO2e,5,2020,辆
极星2汽车,Polestar 2,49113X0142020B,首页 > 金属制品、机械和设备 > 运输设备 > 机动车、挂车和半挂车及其零件和附件 > 专门为载客而设计的汽车及其他机动车辆（公共运输车辆、专门为在雪上行驶而设计的车辆、打高尔夫球用车及类似车辆除外）,极星2双电机长续航型,50,tCO2e,5,2020,辆
极星2汽车,Polestar 2,49113X0152019B,首页 > 金属制品、机械和设备 > 运输设备 > 机动车、挂车和半挂车及其零件和附件 > 专门为载客而设计的汽车及其他机动车辆（公共运输车辆、专门为在雪上行驶而设计的车辆、打高尔夫球用车及类似车辆除外）,,50,tCO2e,5,2019,辆
薄膜晶体管液晶显示器,Thin-film transistor liquid crystal display（TFT － LCD）,49113X0172018A,首页 > 金属制品、机械和设备 > 运输设备 > 机动车、挂车和半挂车及其零件和附件 > 专门为载客而设计的汽车及其他机动车辆（公共运输车辆、专门为在雪上行驶而设计的车辆、打高尔夫球用车及类似车辆除外）,,3179.155,kgCO2e,5,2018,台
纯电动乘用车,Pure electric passenger vehicle,49113X0182022A,首页 > 金属制品、机械和设备 > 运输设备 > 机动车、挂车和半挂车及其零件和附件 > 专门为载客而设计的汽车及其他机动车辆（公共运输车辆、专门为在雪上行驶而设计的车辆、打高尔夫球用车及类似车辆除外）,,27.19,tCO2e,4,2022,辆
电动汽车（比亚迪 E6）,Electric vehicle（BYD E6）,49113X0192021A,首页 > 金属制品、机械和设备 > 运输设备 > 机动车、挂车和半挂车及其零件和附件 > 专门为载客而设计的汽车及其他机动车辆（公共运输车辆、专门为在雪上行驶而设计的车辆、打高尔夫球用车及类似车辆除外）,比亚迪 E6,36966.86,kgCO2e,4,2021,辆
内燃机汽车（福田Transit-350）,internal combustion engine vehicles（Ford transit-350）,49113X0202022A,首页 > 金属制品、机械和设备 > 运输设备 > 机动车、挂车和半挂车及其零件和附件 > 专门为载客而设计的汽车及其他机动车辆（公共运输车辆、专门为在雪上行驶而设计的车辆、打高尔夫球用车及类似车辆除外）,福田Transit-350,469,gCO2e,5,2022,千米
电动汽车（福田E-Transit-350）,electric vehicles（Ford e-transit-350 ）,49113X0212022A,首页 > 金属制品、机械和设备 > 运输设备 > 机动车、挂车和半挂车及其零件和附件 > 专门为载客而设计的汽车及其他机动车辆（公共运输车辆、专门为在雪上行驶而设计的车辆、打高尔夫球用车及类似车辆除外）,福田E-Transit-350,363.2,gCO2e,5,2022,千米
A级轿车,Car Level-A00,49113X0162020A,首页 > 金属制品、机械和设备 > 运输设备 > 机动车、挂车和半挂车及其零件和附件 > 专门为载客而设计的汽车及其他机动车辆（公共运输车辆、专门为在雪上行驶而设计的车辆、打高尔夫球用车及类似车辆除外）,,34.89,tCO2e,4,2020,辆
A0级轿车,Car Level-A00,49113X0172020A,首页 > 金属制品、机械和设备 > 运输设备 > 机动车、挂车和半挂车及其零件和附件 > 专门为载客而设计的汽车及其他机动车辆（公共运输车辆、专门为在雪上行驶而设计的车辆、打高尔夫球用车及类似车辆除外）,,34.31,tCO2e,4,2020,辆
C级轿车,Car Level-C,49113X0182020A,首页 > 金属制品、机械和设备 > 运输设备 > 机动车、挂车和半挂车及其零件和附件 > 专门为载客而设计的汽车及其他机动车辆（公共运输车辆、专门为在雪上行驶而设计的车辆、打高尔夫球用车及类似车辆除外）,,46.13,tCO2e,4,2020,辆
B级轿车,Car Level-B,49113X0192020A,首页 > 金属制品、机械和设备 > 运输设备 > 机动车、挂车和半挂车及其零件和附件 > 专门为载客而设计的汽车及其他机动车辆（公共运输车辆、专门为在雪上行驶而设计的车辆、打高尔夫球用车及类似车辆除外）,,37.89,tCO2e,4,2020,辆
汽车轿车A0级（纯电动）,Car Level-A0 (pure electric),49113X0202020A,首页 > 金属制品、机械和设备 > 运输设备 > 机动车、挂车和半挂车及其零件和附件 > 专门为载客而设计的汽车及其他机动车辆（公共运输车辆、专门为在雪上行驶而设计的车辆、打高尔夫球用车及类似车辆除外）,,8.385,tCO2e,4,2020,辆
汽车轿车A00级（纯电动）,Car Level-A00 (pure electric),49113X0212020A,首页 > 金属制品、机械和设备 > 运输设备 > 机动车、挂车和半挂车及其零件和附件 > 专门为载客而设计的汽车及其他机动车辆（公共运输车辆、专门为在雪上行驶而设计的车辆、打高尔夫球用车及类似车辆除外）,,5.805,tCO2e,4,2020,辆
汽车轿车A级（纯电动）,Car Level-A (pure electric),49113X0222020A,首页 > 金属制品、机械和设备 > 运输设备 > 机动车、挂车和半挂车及其零件和附件 > 专门为载客而设计的汽车及其他机动车辆（公共运输车辆、专门为在雪上行驶而设计的车辆、打高尔夫球用车及类似车辆除外）,,9.78,tCO2e,5,2020,辆
汽车轿车A0级（汽油）,Car Level-A0 (gasoline),49113X0232020A,首页 > 金属制品、机械和设备 > 运输设备 > 机动车、挂车和半挂车及其零件和附件 > 专门为载客而设计的汽车及其他机动车辆（公共运输车辆、专门为在雪上行驶而设计的车辆、打高尔夫球用车及类似车辆除外）,,5.1,tCO2e,5,2020,辆
汽车轿车B级（纯电动）,Car Level-B (pure electric),49113X0242020A,首页 > 金属制品、机械和设备 > 运输设备 > 机动车、挂车和半挂车及其零件和附件 > 专门为载客而设计的汽车及其他机动车辆（公共运输车辆、专门为在雪上行驶而设计的车辆、打高尔夫球用车及类似车辆除外）,,10.995,tCO2e,5,2020,辆
汽车轿车A级（常规混合动力）,Car Level-A (conventional hybrid),49113X0532020A,首页 > 金属制品、机械和设备 > 运输设备 > 机动车、挂车和半挂车及其零件和附件 > 专门为载客而设计的汽车及其他机动车辆（公共运输车辆、专门为在雪上行驶而设计的车辆、打高尔夫球用车及类似车辆除外）,,5.985,tCO2e,5,2020,辆
汽车轿车A级（插电式混合动力）,Car Level-A (plug-in hybrid),49113X0262020A,首页 > 金属制品、机械和设备 > 运输设备 > 机动车、挂车和半挂车及其零件和附件 > 专门为载客而设计的汽车及其他机动车辆（公共运输车辆、专门为在雪上行驶而设计的车辆、打高尔夫球用车及类似车辆除外）,,7.47,tCO2e,5,2020,辆
汽车轿车A级（汽油）,Car Level-A (gasoline),49113X0552020A,首页 > 金属制品、机械和设备 > 运输设备 > 机动车、挂车和半挂车及其零件和附件 > 专门为载客而设计的汽车及其他机动车辆（公共运输车辆、专门为在雪上行驶而设计的车辆、打高尔夫球用车及类似车辆除外）,,6.12,tCO2e,5,2020,辆
汽车轿车C级（纯电动）,Car Level-C (pure electric),49113X0282020A,首页 > 金属制品、机械和设备 > 运输设备 > 机动车、挂车和半挂车及其零件和附件 > 专门为载客而设计的汽车及其他机动车辆（公共运输车辆、专门为在雪上行驶而设计的车辆、打高尔夫球用车及类似车辆除外）,,13.395,tCO2e,5,2020,辆
汽车轿车B级（常规混合动力）,Car Level-C (conventional hybrid),49113X0292020A,首页 > 金属制品、机械和设备 > 运输设备 > 机动车、挂车和半挂车及其零件和附件 > 专门为载客而设计的汽车及其他机动车辆（公共运输车辆、专门为在雪上行驶而设计的车辆、打高尔夫球用车及类似车辆除外）,,6.735,tCO2e,5,2020,辆
汽车轿车B级（插电式混合动力）,Car Level-B (plug-in hybrid),49113X0302020A,首页 > 金属制品、机械和设备 > 运输设备 > 机动车、挂车和半挂车及其零件和附件 > 专门为载客而设计的汽车及其他机动车辆（公共运输车辆、专门为在雪上行驶而设计的车辆、打高尔夫球用车及类似车辆除外）,,8.31,tCO2e,5,2020,辆
汽车轿车B级（汽油）,Car Level-B (gasoline),49113X0592020A,首页 > 金属制品、机械和设备 > 运输设备 > 机动车、挂车和半挂车及其零件和附件 > 专门为载客而设计的汽车及其他机动车辆（公共运输车辆、专门为在雪上行驶而设计的车辆、打高尔夫球用车及类似车辆除外）,,7.305,tCO2e,5,2020,辆
汽车轿车C级（插电式混合动力）,Car Level-C (plug-in hybrid),49113X0332020A,首页 > 金属制品、机械和设备 > 运输设备 > 机动车、挂车和半挂车及其零件和附件 > 专门为载客而设计的汽车及其他机动车辆（公共运输车辆、专门为在雪上行驶而设计的车辆、打高尔夫球用车及类似车辆除外）,,11.73,tCO2e,5,2020,辆
汽车轿车C级（汽油）,Car Level-C (gasoline),49113X0612020A,首页 > 金属制品、机械和设备 > 运输设备 > 机动车、挂车和半挂车及其零件和附件 > 专门为载客而设计的汽车及其他机动车辆（公共运输车辆、专门为在雪上行驶而设计的车辆、打高尔夫球用车及类似车辆除外）,,8.475,tCO2e,5,2020,辆
传统燃油汽车,traditional fuel car,49113X0222019A,首页 > 金属制品、机械和设备 > 运输设备 > 机动车、挂车和半挂车及其零件和附件 > 专门为载客而设计的汽车及其他机动车辆（公共运输车辆、专门为在雪上行驶而设计的车辆、打高尔夫球用车及类似车辆除外）,,38.71,tCO2e,4,2019,辆
电动汽车,electric car,49113X0232019A,首页 > 金属制品、机械和设备 > 运输设备 > 机动车、挂车和半挂车及其零件和附件 > 专门为载客而设计的汽车及其他机动车辆（公共运输车辆、专门为在雪上行驶而设计的车辆、打高尔夫球用车及类似车辆除外）,,42.87,tCO2e,4,2019,辆
SUVA0级汽车（纯电动）,SUV Level-A0 (pure electric）,49113X0522020A,首页 > 金属制品、机械和设备 > 运输设备 > 机动车、挂车和半挂车及其零件和附件 > 专门为载客而设计的汽车及其他机动车辆（公共运输车辆、专门为在雪上行驶而设计的车辆、打高尔夫球用车及类似车辆除外）,,9.825,tCO2e,4,2020,辆
SUVA0级汽车（汽油）,SUV Level-A0 (gasoline),49113X0252020A,首页 > 金属制品、机械和设备 > 运输设备 > 机动车、挂车和半挂车及其零件和附件 > 专门为载客而设计的汽车及其他机动车辆（公共运输车辆、专门为在雪上行驶而设计的车辆、打高尔夫球用车及类似车辆除外）,,6.015,tCO2e,4,2020,辆
SUVA0级汽车（插电式混合动力）,SUV Level-A0 (plug-in hybrid),49113X0542020A,首页 > 金属制品、机械和设备 > 运输设备 > 机动车、挂车和半挂车及其零件和附件 > 专门为载客而设计的汽车及其他机动车辆（公共运输车辆、专门为在雪上行驶而设计的车辆、打高尔夫球用车及类似车辆除外）,,7.695,tCO2e,4,2020,辆
SUVA级汽车（纯电动）,SUV Level-A (pure electric),49113X0272020A,首页 > 金属制品、机械和设备 > 运输设备 > 机动车、挂车和半挂车及其零件和附件 > 专门为载客而设计的汽车及其他机动车辆（公共运输车辆、专门为在雪上行驶而设计的车辆、打高尔夫球用车及类似车辆除外）,,10.635,tCO2e,4,2020,辆
SUVA级汽车（汽油）,SUV Level-A (gasoline),49113X0562020A,首页 > 金属制品、机械和设备 > 运输设备 > 机动车、挂车和半挂车及其零件和附件 > 专门为载客而设计的汽车及其他机动车辆（公共运输车辆、专门为在雪上行驶而设计的车辆、打高尔夫球用车及类似车辆除外）,,7.155,tCO2e,4,2020,辆
SUVA级汽车（插电式混合动力）,SUV Level-A (plug-in hybrid),49113X0572020A,首页 > 金属制品、机械和设备 > 运输设备 > 机动车、挂车和半挂车及其零件和附件 > 专门为载客而设计的汽车及其他机动车辆（公共运输车辆、专门为在雪上行驶而设计的车辆、打高尔夫球用车及类似车辆除外）,,9.21,tCO2e,4,2020,辆
SUVA级汽车（柴油）,SUV Level-A (diesel),49113X0582020A,首页 > 金属制品、机械和设备 > 运输设备 > 机动车、挂车和半挂车及其零件和附件 > 专门为载客而设计的汽车及其他机动车辆（公共运输车辆、专门为在雪上行驶而设计的车辆、打高尔夫球用车及类似车辆除外）,,9.165,tCO2e,4,2020,辆
SUVA级汽车（常规混合动力）,SUV Level-A (conventional hybrid),49113X0312020A,首页 > 金属制品、机械和设备 > 运输设备 > 机动车、挂车和半挂车及其零件和附件 > 专门为载客而设计的汽车及其他机动车辆（公共运输车辆、专门为在雪上行驶而设计的车辆、打高尔夫球用车及类似车辆除外）,,7.155,tCO2e,4,2020,辆
SUVB级汽车（纯电动）,SUV Level-B (pure electric),49113X0322020A,首页 > 金属制品、机械和设备 > 运输设备 > 机动车、挂车和半挂车及其零件和附件 > 专门为载客而设计的汽车及其他机动车辆（公共运输车辆、专门为在雪上行驶而设计的车辆、打高尔夫球用车及类似车辆除外）,,13.515,tCO2e,4,2020,辆
SUVB级汽车（汽油）,SUV Level-B (gasoline),49113X0602020A,首页 > 金属制品、机械和设备 > 运输设备 > 机动车、挂车和半挂车及其零件和附件 > 专门为载客而设计的汽车及其他机动车辆（公共运输车辆、专门为在雪上行驶而设计的车辆、打高尔夫球用车及类似车辆除外）,,8.34,tCO2e,4,2020,辆
SUVB级汽车（插电式混合动力）,SUV Level-B (plug-in hybrid),49113X0342020A,首页 > 金属制品、机械和设备 > 运输设备 > 机动车、挂车和半挂车及其零件和附件 > 专门为载客而设计的汽车及其他机动车辆（公共运输车辆、专门为在雪上行驶而设计的车辆、打高尔夫球用车及类似车辆除外）,,9.495,tCO2e,4,2020,辆
SUVB级汽车（柴油）,SUV Level-B (diesel),49113X0352020A,首页 > 金属制品、机械和设备 > 运输设备 > 机动车、挂车和半挂车及其零件和附件 > 专门为载客而设计的汽车及其他机动车辆（公共运输车辆、专门为在雪上行驶而设计的车辆、打高尔夫球用车及类似车辆除外）,,9.945,tCO2e,4,2020,辆
SUVB级汽车（常规混合动力）,SUV Level-B (conventional hybrid),49113X0362020A,首页 > 金属制品、机械和设备 > 运输设备 > 机动车、挂车和半挂车及其零件和附件 > 专门为载客而设计的汽车及其他机动车辆（公共运输车辆、专门为在雪上行驶而设计的车辆、打高尔夫球用车及类似车辆除外）,,11.49,tCO2e,4,2020,辆
SUVC级汽车（纯电动）,SUV Level-C (pure electric),49113X0372020A,首页 > 金属制品、机械和设备 > 运输设备 > 机动车、挂车和半挂车及其零件和附件 > 专门为载客而设计的汽车及其他机动车辆（公共运输车辆、专门为在雪上行驶而设计的车辆、打高尔夫球用车及类似车辆除外）,,16.515,tCO2e,4,2020,辆
SUVC级汽车（汽油）,SUV Level-C (gasoline),49113X0382020A,首页 > 金属制品、机械和设备 > 运输设备 > 机动车、挂车和半挂车及其零件和附件 > 专门为载客而设计的汽车及其他机动车辆（公共运输车辆、专门为在雪上行驶而设计的车辆、打高尔夫球用车及类似车辆除外）,,10.11,tCO2e,4,2020,辆
SUVC级汽车（插电式混合动力）,SUV Level-C (plug-in hybrid),49113X0392020A,首页 > 金属制品、机械和设备 > 运输设备 > 机动车、挂车和半挂车及其零件和附件 > 专门为载客而设计的汽车及其他机动车辆（公共运输车辆、专门为在雪上行驶而设计的车辆、打高尔夫球用车及类似车辆除外）,,11.07,tCO2e,4,2020,辆
SUVC级汽车（柴油）,SUV Level-C (diesel),49113X0402020A,首页 > 金属制品、机械和设备 > 运输设备 > 机动车、挂车和半挂车及其零件和附件 > 专门为载客而设计的汽车及其他机动车辆（公共运输车辆、专门为在雪上行驶而设计的车辆、打高尔夫球用车及类似车辆除外）,,10.62,tCO2e,4,2020,辆
MPVA0级汽车（纯电动）,MPV Level-A0 (pure electric),49113X0412020A,首页 > 金属制品、机械和设备 > 运输设备 > 机动车、挂车和半挂车及其零件和附件 > 专门为载客而设计的汽车及其他机动车辆（公共运输车辆、专门为在雪上行驶而设计的车辆、打高尔夫球用车及类似车辆除外）,,9.795,tCO2e,4,2020,辆
MPVA0级汽车（汽油）,MPV Level-A0 (gasoline),49113X0422020A,首页 > 金属制品、机械和设备 > 运输设备 > 机动车、挂车和半挂车及其零件和附件 > 专门为载客而设计的汽车及其他机动车辆（公共运输车辆、专门为在雪上行驶而设计的车辆、打高尔夫球用车及类似车辆除外）,,6.195,tCO2e,4,2020,辆
MPVA级汽车（纯电动）,MPV Level-A (pure electric),49113X0432020A,首页 > 金属制品、机械和设备 > 运输设备 > 机动车、挂车和半挂车及其零件和附件 > 专门为载客而设计的汽车及其他机动车辆（公共运输车辆、专门为在雪上行驶而设计的车辆、打高尔夫球用车及类似车辆除外）,,10.26,tCO2e,4,2020,辆
MPVA级汽车（汽油）,MPV Level-A (gasoline),49113X0442020A,首页 > 金属制品、机械和设备 > 运输设备 > 机动车、挂车和半挂车及其零件和附件 > 专门为载客而设计的汽车及其他机动车辆（公共运输车辆、专门为在雪上行驶而设计的车辆、打高尔夫球用车及类似车辆除外）,,7.32,tCO2e,4,2020,辆
MPVA级汽车（插电式混合动力）,MPV Level-A (plug-in hybrid),49113X0452020A,首页 > 金属制品、机械和设备 > 运输设备 > 机动车、挂车和半挂车及其零件和附件 > 专门为载客而设计的汽车及其他机动车辆（公共运输车辆、专门为在雪上行驶而设计的车辆、打高尔夫球用车及类似车辆除外）,,8.64,tCO2e,4,2020,辆
MPVA级汽车（常规混合动力）,MPV Level-A (conventional hybrid),49113X0462020A,首页 > 金属制品、机械和设备 > 运输设备 > 机动车、挂车和半挂车及其零件和附件 > 专门为载客而设计的汽车及其他机动车辆（公共运输车辆、专门为在雪上行驶而设计的车辆、打高尔夫球用车及类似车辆除外）,,8.16,tCO2e,4,2020,辆
MPVB级汽车（纯电动）,MPV Level-B (pure electric),49113X0472020A,首页 > 金属制品、机械和设备 > 运输设备 > 机动车、挂车和半挂车及其零件和附件 > 专门为载客而设计的汽车及其他机动车辆（公共运输车辆、专门为在雪上行驶而设计的车辆、打高尔夫球用车及类似车辆除外）,,12.63,tCO2e,4,2020,辆
MPVB级汽车（汽油）,MPV Level-B (gasoline),49113X0482020A,首页 > 金属制品、机械和设备 > 运输设备 > 机动车、挂车和半挂车及其零件和附件 > 专门为载客而设计的汽车及其他机动车辆（公共运输车辆、专门为在雪上行驶而设计的车辆、打高尔夫球用车及类似车辆除外）,,9.765,tCO2e,4,2020,辆
MPVB级汽车（柴油）,MPV Level-B (diesel),49113X0492020A,首页 > 金属制品、机械和设备 > 运输设备 > 机动车、挂车和半挂车及其零件和附件 > 专门为载客而设计的汽车及其他机动车辆（公共运输车辆、专门为在雪上行驶而设计的车辆、打高尔夫球用车及类似车辆除外）,,9.45,tCO2e,4,2020,辆
MPVB级汽车（常规混合动力）,MPV Level-B (conventional hybrid),49113X0502020A,首页 > 金属制品、机械和设备 > 运输设备 > 机动车、挂车和半挂车及其零件和附件 > 专门为载客而设计的汽车及其他机动车辆（公共运输车辆、专门为在雪上行驶而设计的车辆、打高尔夫球用车及类似车辆除外）,,8.775,tCO2e,4,2020,辆
交叉型乘用汽车（纯电动）,Cross passenger car (pure electric),49113X0512020A,首页 > 金属制品、机械和设备 > 运输设备 > 机动车、挂车和半挂车及其零件和附件 > 专门为载客而设计的汽车及其他机动车辆（公共运输车辆、专门为在雪上行驶而设计的车辆、打高尔夫球用车及类似车辆除外）,,10.62138,tCO2e,4,2020,辆
纯电动汽车（比亚迪e5）,Electric Vehicle（BYDe5）,49113X0242019C,首页 > 金属制品、机械和设备 > 运输设备 > 机动车、挂车和半挂车及其零件和附件 > 专门为载客而设计的汽车及其他机动车辆（公共运输车辆、专门为在雪上行驶而设计的车辆、打高尔夫球用车及类似车辆除外）,BYD E5300,34970,kgCO2e,5,2019,辆
燃料电池汽车,Fuel Cell Vehicles,49113X0252022C,首页 > 金属制品、机械和设备 > 运输设备 > 机动车、挂车和半挂车及其零件和附件 > 专门为载客而设计的汽车及其他机动车辆（公共运输车辆、专门为在雪上行驶而设计的车辆、打高尔夫球用车及类似车辆除外）,,205,gCO2e,5,2022,千米
领克01插电式混合动力汽车,Lynk & Co 01 plug-in hybrid electric vehicle,49113X1162022B,首页 > 金属制品、机械和设备 > 运输设备 > 机动车、挂车和半挂车及其零件和附件 > 专门为载客而设计的汽车及其他机动车辆（公共运输车辆、专门为在雪上行驶而设计的车辆、打高尔夫球用车及类似车辆除外）,,0.20127,kgCO2e,4,2022,1千米，运送1名乘客
长安深蓝 S07纯电动车,DEEPAL S07 Battery Electric Vehicle,49113X1172023B,首页 > 金属制品、机械和设备 > 运输设备 > 机动车、挂车和半挂车及其零件和附件 > 专门为载客而设计的汽车及其他机动车辆（公共运输车辆、专门为在雪上行驶而设计的车辆、打高尔夫球用车及类似车辆除外）,,0.17433,kgCO2e,4,2023,1千米，运送1名乘客
汽油客车平均,Average petrol car,49112X0012022A,首页 > 金属制品、机械和设备 > 运输设备 > 机动车、挂车和半挂车及其零件和附件 > 公共交通用载客机动车,,0.17048,kgCO2e,4,2022,千米
平均型插电式混合动力汽车,Average plug-in hybrid electric ar,49112X0022022A,首页 > 金属制品、机械和设备 > 运输设备 > 机动车、挂车和半挂车及其零件和附件 > 公共交通用载客机动车,,0.0684,kgCO2e,4,2022,千米
平均型电动汽车,Average battery electric car,49112X0032021A,首页 > 金属制品、机械和设备 > 运输设备 > 机动车、挂车和半挂车及其零件和附件 > 公共交通用载客机动车,,0.05477,kgCO2e,4,2021,千米
小型摩托车,Small motorbike,49112X0042022A,首页 > 金属制品、机械和设备 > 运输设备 > 机动车、挂车和半挂车及其零件和附件 > 公共交通用载客机动车,,0.08306,kgCO2e,4,2022,千米
中型摩托车,Medium motorbike,49112X0052022A,首页 > 金属制品、机械和设备 > 运输设备 > 机动车、挂车和半挂车及其零件和附件 > 公共交通用载客机动车,,0.1009,kgCO2e,4,2022,千米
轻型冷藏车（柴油）,Light Refrigerated Vehicles（diesel),49114X0012023C,首页 > 金属制品、机械和设备 > 运输设备 > 机动车、挂车和半挂车及其零件和附件 > 未另列明的机动运货车辆,,571.1,gCO2e,5,2023,公吨·公里
电动重卡,Electric Heavy-duty Truck,49114X0022021C,首页 > 金属制品、机械和设备 > 运输设备 > 机动车、挂车和半挂车及其零件和附件 > 未另列明的机动运货车辆,汉马科技之华菱之星6×4换电式纯电动牵引车HN4253H36C8BEV,0.001136,tCO2e,5,2021,千米
柴油重卡,heavy-duty truck,49114X0032021C,首页 > 金属制品、机械和设备 > 运输设备 > 机动车、挂车和半挂车及其零件和附件 > 未另列明的机动运货车辆,,1655.67,tCO2e,5,2021,辆
矿用柴油重卡,Mining diesel heavy trucks,49114X0042023C,首页 > 金属制品、机械和设备 > 运输设备 > 机动车、挂车和半挂车及其零件和附件 > 未另列明的机动运货车辆,,540.031,tCO2e,5,2023,辆
氢燃料电池重型商用车（煤气化）,Hydrogen Fuel Cell Heavy-Duty Commercial Vehicles (Coal gasification),49114X0052023C,首页 > 金属制品、机械和设备 > 运输设备 > 机动车、挂车和半挂车及其零件和附件 > 未另列明的机动运货车辆,,1711300,kgCO2e,5,2023,辆（40万km）
氢燃料电池重型商用车（甲烷重整）,Hydrogen Fuel Cell Heavy-Duty Commercial Vehicles (methane reforming),49114X0062023C,首页 > 金属制品、机械和设备 > 运输设备 > 机动车、挂车和半挂车及其零件和附件 > 未另列明的机动运货车辆,,1281300,kgCO2e,5,2023,辆（40万km）
氢燃料电池重型商用车（混合电力电解水）,Hydrogen Fuel Cell Heavy-Duty Commercial Vehicles (Hybrid power electrolyzed water),49114X0072023C,首页 > 金属制品、机械和设备 > 运输设备 > 机动车、挂车和半挂车及其零件和附件 > 未另列明的机动运货车辆,,2141300,kgCO2e,5,2023,辆（40万km）
氢燃料电池重型商用车（光伏电解水）,Hydrogen Fuel Cell Heavy-Duty Commercial Vehicles (Photovoltaic electrolysis of water),49114X0082023C,首页 > 金属制品、机械和设备 > 运输设备 > 机动车、挂车和半挂车及其零件和附件 > 未另列明的机动运货车辆,,262300,kgCO2e,5,2023,辆（40万km）
汽车保险杠,Automotive bumper,49129X0012021A,首页 > 金属制品、机械和设备 > 运输设备 > 机动车、挂车和半挂车及其零件和附件 > 机动车辆用其他未另列明的零件及附件（包括制动器、变速箱、轮轴、车轮、悬式减震器、散热器、消声器、排气管、离合器、方向盘、转向柱管、转向器箱及其零件）,S201XXX型保险杠,872.13,kgCO2e,5,2021,个
车用铝合金,Automotive aluminum alloy,49129X0022012A,首页 > 金属制品、机械和设备 > 运输设备 > 机动车、挂车和半挂车及其零件和附件 > 机动车辆用其他未另列明的零件及附件（包括制动器、变速箱、轮轴、车轮、悬式减震器、散热器、消声器、排气管、离合器、方向盘、转向柱管、转向器箱及其零件）,,2301.06,kgCO2e,4,2012,五只轮毂
汽车引擎盖,car hood,49129X0032012A,首页 > 金属制品、机械和设备 > 运输设备 > 机动车、挂车和半挂车及其零件和附件 > 机动车辆用其他未另列明的零件及附件（包括制动器、变速箱、轮轴、车轮、悬式减震器、散热器、消声器、排气管、离合器、方向盘、转向柱管、转向器箱及其零件）,,2.37,gCO2e,4,2012,千米
汽车引擎盖,car hood,49129X0042012A,首页 > 金属制品、机械和设备 > 运输设备 > 机动车、挂车和半挂车及其零件和附件 > 机动车辆用其他未另列明的零件及附件（包括制动器、变速箱、轮轴、车轮、悬式减震器、散热器、消声器、排气管、离合器、方向盘、转向柱管、转向器箱及其零件）,,2.18,gCO2e,4,2012,千米
发动机缸盖,Engine cylinder head,49129X0052014A,首页 > 金属制品、机械和设备 > 运输设备 > 机动车、挂车和半挂车及其零件和附件 > 机动车辆用其他未另列明的零件及附件（包括制动器、变速箱、轮轴、车轮、悬式减震器、散热器、消声器、排气管、离合器、方向盘、转向柱管、转向器箱及其零件）,,0.4,gCO2e,4,2014,千米
发动机缸盖,Engine cylinder head,49129X0062014A,首页 > 金属制品、机械和设备 > 运输设备 > 机动车、挂车和半挂车及其零件和附件 > 机动车辆用其他未另列明的零件及附件（包括制动器、变速箱、轮轴、车轮、悬式减震器、散热器、消声器、排气管、离合器、方向盘、转向柱管、转向器箱及其零件）,,0.74,gCO2e,4,2014,千米
驱动电机,Drive motor,49129X0072011A,首页 > 金属制品、机械和设备 > 运输设备 > 机动车、挂车和半挂车及其零件和附件 > 机动车辆用其他未另列明的零件及附件（包括制动器、变速箱、轮轴、车轮、悬式减震器、散热器、消声器、排气管、离合器、方向盘、转向柱管、转向器箱及其零件）,,6,gCO2e,4,2011,千米
发动机缸体,Engine block,49129X0092012A,首页 > 金属制品、机械和设备 > 运输设备 > 机动车、挂车和半挂车及其零件和附件 > 机动车辆用其他未另列明的零件及附件（包括制动器、变速箱、轮轴、车轮、悬式减震器、散热器、消声器、排气管、离合器、方向盘、转向柱管、转向器箱及其零件）,JL474Q,1208.275,kgCO2e,4,2012,件
汽车保险杠,Car bumper,49129X0102021A,首页 > 金属制品、机械和设备 > 运输设备 > 机动车、挂车和半挂车及其零件和附件 > 机动车辆用其他未另列明的零件及附件（包括制动器、变速箱、轮轴、车轮、悬式减震器、散热器、消声器、排气管、离合器、方向盘、转向柱管、转向器箱及其零件）,,2.91,gCO2e,4,2021,千米
汽车保险杠,Car bumper,49129X0142021A,首页 > 金属制品、机械和设备 > 运输设备 > 机动车、挂车和半挂车及其零件和附件 > 机动车辆用其他未另列明的零件及附件（包括制动器、变速箱、轮轴、车轮、悬式减震器、散热器、消声器、排气管、离合器、方向盘、转向柱管、转向器箱及其零件）,S201XXX 型保险杠,872.13,kgCO2e,5,2021,个
车轮,wheel,49129X0172021B,首页 > 金属制品、机械和设备 > 运输设备 > 机动车、挂车和半挂车及其零件和附件 > 机动车辆用其他未另列明的零件及附件（包括制动器、变速箱、轮轴、车轮、悬式减震器、散热器、消声器、排气管、离合器、方向盘、转向柱管、转向器箱及其零件）,,3330,kgCO2e,3,2021,公吨
定子总成,A5E50135881,49129X0182022A,首页 > 金属制品、机械和设备 > 运输设备 > 机动车、挂车和半挂车及其零件和附件 > 机动车辆用其他未另列明的零件及附件（包括制动器、变速箱、轮轴、车轮、悬式减震器、散热器、消声器、排气管、离合器、方向盘、转向柱管、转向器箱及其零件）,,1.9383,kgCO2e,4,2022,台
电动汽车,electric vehicle,49115X0012022A,首页 > 金属制品、机械和设备 > 运输设备 > 机动车、挂车和半挂车及其零件和附件 > 起重汽车,,36967.36,kgCO2e,5,2022,辆
白车身,Body in white,49210X0012015A,首页 > 金属制品、机械和设备 > 运输设备 > 机动车辆车身；挂车及半挂车；及其零件和附件 > 机动车辆的车体,,1160,kgCO2e,4,2015,件
汽车,Vehicles,49210X0012022A,首页 > 金属制品、机械和设备 > 运输设备 > 机动车辆车身；挂车及半挂车；及其零件和附件 > 机动车辆的车体,纯电动汽车（BEV）,113.3,gCO2e,4,2022,g∙km-1（1g∙km-1）
汽车,Vehicles,49210X0022022A,首页 > 金属制品、机械和设备 > 运输设备 > 机动车辆车身；挂车及半挂车；及其零件和附件 > 机动车辆的车体,燃料电池汽车（FCV）,204.7,gCO2e,4,2022,千米
汽车,Vehicles,49210X0032022A,首页 > 金属制品、机械和设备 > 运输设备 > 机动车辆车身；挂车及半挂车；及其零件和附件 > 机动车辆的车体,传统燃油汽车（ICEV）,207.8,gCO2e,4,2022,g∙km-1（1g∙km-1）
汽车,Vehicles,49210X0042022A,首页 > 金属制品、机械和设备 > 运输设备 > 机动车辆车身；挂车及半挂车；及其零件和附件 > 机动车辆的车体,轻度混合动力汽车（MHEV）,195.2,gCO2e,4,2022,g∙km-1（1g∙km-1）
汽车,Vehicles,49210X0052022A,首页 > 金属制品、机械和设备 > 运输设备 > 机动车辆车身；挂车及半挂车；及其零件和附件 > 机动车辆的车体,重度混合动力汽车（HEV）,149.9,gCO2e,4,2022,g∙km-1（1g∙km-1）
整车生产,Vehicle Production,49210X0012021A,首页 > 金属制品、机械和设备 > 运输设备 > 机动车辆车身；挂车及半挂车；及其零件和附件 > 机动车辆的车体,,550,kgCO2e,3,2021,辆
铸钢件汽车前后桥,Cast steel automotive front and rear axles,49210X0282024B,首页 > 金属制品、机械和设备 > 运输设备 > 机动车辆车身；挂车及半挂车；及其零件和附件 > 机动车辆的车体,,598.42,kgCO2e,4,2024,公吨
国内航空客运（小型飞机）,Domestic air passenger transport（Small plane）,49623X0012022A,首页 > 金属制品、机械和设备 > 运输设备 > 航空器和航天器及其零件 > 飞机及其他动力航空器，自重超过2吨者,,0.106,kgCO2e,4,2022,人·千米
普通货船,General cargo average,49314X0012021A,首页 > 金属制品、机械和设备 > 运输设备 > 船舶 > 其他货船和其他客货两用船,,0.013232,kgCO2e,4,2021,千米
化学品油轮平均,Chemical tanker average,49312X0012021A,首页 > 金属制品、机械和设备 > 运输设备 > 船舶 > 油轮（船）,,0.010322,kgCO2e,4,2021,千米
液化天然气油轮平均,（LNG tanker average）,49312X0022021A,首页 > 金属制品、机械和设备 > 运输设备 > 船舶 > 油轮（船）,,0.011548,kgCO2e,4,2021,千米
液化石油气运输油轮平均,LPG Tanker average,49312X0032021A,首页 > 金属制品、机械和设备 > 运输设备 > 船舶 > 油轮（船）,,0.010382,kgCO2e,4,2021,千米
中国高铁,Chinese high-speed railways,49511X0012014A,首页 > 金属制品、机械和设备 > 运输设备 > 铁路及有轨电车的机车和列车及其零件 > 外接电源作为动力的铁路机车,京沪高铁,48,gCO2e,4,2014,人·千米
京沪高铁线,High-Speed Railways in China Beijing-Shanghai Line,49511X0022019A,首页 > 金属制品、机械和设备 > 运输设备 > 铁路及有轨电车的机车和列车及其零件 > 外接电源作为动力的铁路机车,,2277.69,tCO2e,4,2019,千米
重型地铁列车,heavy metro train,49532X0012013A,首页 > 金属制品、机械和设备 > 运输设备 > 铁路及有轨电车的机车和列车及其零件 > 铁路或有轨电车用非自动客车；非自动行李车、邮政车及其他铁路或有轨电车专用车辆（维修或服务车除外）,,10.399,kgCO2e,5,2013,车公里
空气源热泵,Air source heat pump,43913X0012020A,首页 > 金属制品、机械和设备 > 通用机械 > 其他通用机械及其零件 > 冷藏及冷冻设备及热泵，家用型设备除外,,30.2,kgCO2e,4,2020,平方米
地源热泵,Ground source heat pump,43913X0022020A,首页 > 金属制品、机械和设备 > 通用机械 > 其他通用机械及其零件 > 冷藏及冷冻设备及热泵，家用型设备除外,,20.1,kgCO2e,4,2020,平方米
再生水源热泵,Reuse Water source heat pump,43913X0032020A,首页 > 金属制品、机械和设备 > 通用机械 > 其他通用机械及其零件 > 冷藏及冷冻设备及热泵，家用型设备除外,,17.3,kgCO2e,4,2020,平方米
冷藏车机械制冷系统,mechanical refrigeration system,43913X0042020A,首页 > 金属制品、机械和设备 > 通用机械 > 其他通用机械及其零件 > 冷藏及冷冻设备及热泵，家用型设备除外,,218.42,kgCO2e,5,2020,公吨
蓄冷系统,Cold storage system,43913X0052020A,首页 > 金属制品、机械和设备 > 通用机械 > 其他通用机械及其零件 > 冷藏及冷冻设备及热泵，家用型设备除外,,227.19,kgCO2e,5,2020,公吨
空气源热泵-地板辐射供暖,Air source heat pump,43941X0012018A,首页 > 金属制品、机械和设备 > 通用机械 > 其他通用机械及其零件 > 发生炉煤气或水煤气发生器零件；乙炔发生器及类似水法气体发生器零件；43912次级所列制品的零件；冷藏和冷冻设备及热泵的零件；利用改变温度的方法处理材料的机械用零件,,0.3984,kgCO2e,4,2018,千瓦时
带潜热储能的空气源热泵,air source heat pump system combined with latent thermal energy storage (ASHPLTES),43941X0012021A,首页 > 金属制品、机械和设备 > 通用机械 > 其他通用机械及其零件 > 发生炉煤气或水煤气发生器零件；乙炔发生器及类似水法气体发生器零件；43912次级所列制品的零件；冷藏和冷冻设备及热泵的零件；利用改变温度的方法处理材料的机械用零件,,44.56,kgCO2e,4,2021,平方米
准二级空气源热泵,Quasi-two stage air source heat pump(QTASHP),43941X0022021A,首页 > 金属制品、机械和设备 > 通用机械 > 其他通用机械及其零件 > 发生炉煤气或水煤气发生器零件；乙炔发生器及类似水法气体发生器零件；43912次级所列制品的零件；冷藏和冷冻设备及热泵的零件；利用改变温度的方法处理材料的机械用零件,,40.5,kgCO2e,4,2021,平方米
风冷机组中央空调,central air conditioning,43912X0012012A,首页 > 金属制品、机械和设备 > 通用机械 > 其他通用机械及其零件 > 空调器,,6537933,kgCO2e,4,2012,台
冷水机组中央空调,central air conditioning,43912X0022012A,首页 > 金属制品、机械和设备 > 通用机械 > 其他通用机械及其零件 > 空调器,,4332883.025,kgCO2e,5,2012,台
地源热泵机组空调系统,central air conditioning,43912X0032012A,首页 > 金属制品、机械和设备 > 通用机械 > 其他通用机械及其零件 > 空调器,,844181,kgCO2e,5,2012,台
分体式空调,split air conditioner,43912X0032020A,首页 > 金属制品、机械和设备 > 通用机械 > 其他通用机械及其零件 > 空调器,R290冷煤分体式空调,2424.62,kgCO2e,5,2020,台
分体式空调,split air conditioner,43912X0042020A,首页 > 金属制品、机械和设备 > 通用机械 > 其他通用机械及其零件 > 空调器,R32冷煤分体式空调,2841.43,kgCO2e,5,2020,台
分体式房间空调器,Split room air conditioner,43912X0122021B,首页 > 金属制品、机械和设备 > 通用机械 > 其他通用机械及其零件 > 空调器,KFR-35GW/12KEA81U1,4710.4399,kgCO2e,5,2021,台
新发动机,New engine,43122X0012008A,首页 > 金属制品、机械和设备 > 通用机械 > 发动机和涡轮机及其零件 > 汽缸容量超过1000毫升的火花往复式活塞内燃机,,860,kgCO2e,4,2008,台
再造发动机（先进技术）,Remanufactured engine（Advanced technology）,43123X0012017A,首页 > 金属制品、机械和设备 > 通用机械 > 发动机和涡轮机及其零件 > 车辆用压燃式活塞内燃机，铁道或电车轨道车辆除外,WD615.87A,8550000,kgCO2e,4,2017,台
再造发动机（传统技术）,Remanufactured engine（Traditional technology）,43123X0022017A,首页 > 金属制品、机械和设备 > 通用机械 > 发动机和涡轮机及其零件 > 车辆用压燃式活塞内燃机，铁道或电车轨道车辆除外,WD615.87A,8570000,kgCO2e,4,2017,台
发动机,Engine,43123X0032017A,首页 > 金属制品、机械和设备 > 通用机械 > 发动机和涡轮机及其零件 > 车辆用压燃式活塞内燃机，铁道或电车轨道车辆除外,WD615.87A,9140000,kgCO2e,5,2017,台
柴油发动机,diesel engine,43251X0012010A,首页 > 金属制品、机械和设备 > 通用机械 > 泵、压缩机、水力及风力发动机、阀门及其零件 > 43211和43212次级所列制品的零件；除涡轮喷气发动机外的反作用式发动机零件,,474223.155,kgCO2e,5,2010,个
水冷螺杆式冷水机组,Water cooled screw chiller,43230X0012023A,首页 > 金属制品、机械和设备 > 通用机械 > 泵、压缩机、水力及风力发动机、阀门及其零件 > 空气泵或真空泵；空气或其他气体压缩机,,16893.9,kgCO2e,5,2023,台
风冷螺杆式热泵机组,Air cooled screw heat pump unit,43230X0022023A,首页 > 金属制品、机械和设备 > 通用机械 > 泵、压缩机、水力及风力发动机、阀门及其零件 > 空气泵或真空泵；空气或其他气体压缩机,,21414.95,kgCO2e,5,2023,台
燃气热水器	,Gas water heaters,43410X0012023A,首页 > 金属制品、机械和设备 > 通用机械 > 烘箱、燃烧炉及其零件 > 使用液体燃料、粉状固体燃料或气体燃料的燃烧炉；机械加媒机、机械筛、机械除灰器以及类似装置,,5681.029,kgCO2e,4,2023,台
曳引式电梯 ,Traction Elevators,43560X0012022C,首页 > 金属制品、机械和设备 > 通用机械 > 起重和装卸设备及其零件 > 其他起重、装卸、装载、或卸载机械,,27.18,kgCO2e,5,2022,公吨·公里
切削齿轮,Cutting gear,43320X0012014A,首页 > 金属制品、机械和设备 > 通用机械 > 轴承、齿轮、齿轮装置及传动装置部件及其零件 > 传动轴和曲柄；轴承箱及普通轴承；齿轮及齿轮传动装置；球形或滚柱形螺钉；齿轮箱及其他变速器；飞轮和滑轮；离合器和联轴节；铰接链,,0.3,tCO2e,4,2014,个
双离合自动变速器,Dual Clutch Transmission（DCT）,43320X0022022C,首页 > 金属制品、机械和设备 > 通用机械 > 轴承、齿轮、齿轮装置及传动装置部件及其零件 > 传动轴和曲柄；轴承箱及普通轴承；齿轮及齿轮传动装置；球形或滚柱形螺钉；齿轮箱及其他变速器；飞轮和滑轮；离合器和联轴节；铰接链,DL382,999.24,kgCO2e,5,2022,件
不锈钢筷子（四方筷）21cm,Stainless steel chopsticks 21cm,42916X0012021A,首页 > 金属制品、机械和设备 > 金属制品，机械和设备除外 > 其他预制的金属制品 > 匙、叉、勺、漏勺、蛋糕叉、食鱼刀、黄油刀、糖夹及类似的厨房用具或餐具,台灣第一筷 寶筷 ＃316 (21cm),1.4,kgCO2e,4,2021,双
不锈钢筷子（四方筷）23cm,Stainless steel chopsticks 23cm,42916X0022021A,首页 > 金属制品、机械和设备 > 金属制品，机械和设备除外 > 其他预制的金属制品 > 匙、叉、勺、漏勺、蛋糕叉、食鱼刀、黄油刀、糖夹及类似的厨房用具或餐具,台灣第一筷 寶筷 ＃316 (23cm),1.4,kgCO2e,4,2021,双
不锈钢筷子（四方筷）27cm,Stainless steel chopsticks 27cm,42916X0032021A,首页 > 金属制品、机械和设备 > 金属制品，机械和设备除外 > 其他预制的金属制品 > 匙、叉、勺、漏勺、蛋糕叉、食鱼刀、黄油刀、糖夹及类似的厨房用具或餐具,台灣第一筷 寶筷 ＃316 (27cm),1.4,kgCO2e,4,2021,双
不锈钢汤匙,Stainless steel tablespoon,42916X0052021A,首页 > 金属制品、机械和设备 > 金属制品，机械和设备除外 > 其他预制的金属制品 > 匙、叉、勺、漏勺、蛋糕叉、食鱼刀、黄油刀、糖夹及类似的厨房用具或餐具,台灣第一筷台灣湯＃316(大),1.5,kgCO2e,4,2021,个
啤酒发酵罐,Beer Fermenter,42931X0032020A,首页 > 金属制品、机械和设备 > 金属制品，机械和设备除外 > 其他预制的金属制品 > 容量不超过300升的铁、钢或铝制容槽、桶、筒、罐、盒及类似容器（压缩或液化气体的除外），但未装有机械或热功设备,,28.08,tCO2e,5,2020,个
铝产品-铝制桶、鼓、罐、 箱及其他类似容器,"Aluminium -Aluminium casks, drums, cans,  boxes and similar containers ",42931X0042022A,首页 > 金属制品、机械和设备 > 金属制品，机械和设备除外 > 其他预制的金属制品 > 容量不超过300升的铁、钢或铝制容槽、桶、筒、罐、盒及类似容器（压缩或液化气体的除外），但未装有机械或热功设备,,12.11,tCO2e,5,2022,公吨
烧结类砌体材料,Sintered masonry materials,42922X0012021B,首页 > 金属制品、机械和设备 > 金属制品，机械和设备除外 > 其他预制的金属制品 > 手工工具或机床的可互换工具，包括金属拉制或压挤模具、用于钻岩或土钻的工具；机器用刀具；烧结金属碳化物或金属陶瓷制的用作工具而未安装的板、杆及类似品,,149,kgCO2e,3,2021,公吨
混合罐,Mixed cans,42999X0012021A,首页 > 金属制品、机械和设备 > 金属制品，机械和设备除外 > 其他预制的金属制品 > 未另列明的金属制品,,5268.56,kgCO2e,4,2021,公吨
钢罐,Steel cans,42999X0022021A,首页 > 金属制品、机械和设备 > 金属制品，机械和设备除外 > 其他预制的金属制品 > 未另列明的金属制品,,3100.64,kgCO2e,4,2021,公吨
热轧碳钢无缝钢管,Hot rolled carbon steel seamless pipe,42999X0032019A,首页 > 金属制品、机械和设备 > 金属制品，机械和设备除外 > 其他预制的金属制品 > 未另列明的金属制品,,3150,kgCO2e,3,2019,公吨
热轧碳钢中厚板,Hot rolled carbon steel plate,42999X0042019A,首页 > 金属制品、机械和设备 > 金属制品，机械和设备除外 > 其他预制的金属制品 > 未另列明的金属制品,,2400,kgCO2e,3,2019,公吨
铝制品-铝丝制成的布料、栅格、网和围栏,"Aluminium -Cloth, grill, netting and fencing, of aluminium wire ",42999X0052022A,首页 > 金属制品、机械和设备 > 金属制品，机械和设备除外 > 其他预制的金属制品 > 未另列明的金属制品,,12.11,tCO2e,5,2022,公吨
冷轧钢板和钢带,Cold rolled steel plates and strips,42932X0012024A,首页 > 金属制品、机械和设备 > 金属制品，机械和设备除外 > 其他预制的金属制品 > 贱金属制的塞、帽及盖（包括软木塞盖）、瓶盖、螺丝盖、桶盖、瓶封口及其他包装附件,,2.67,kgCO2e,4,2024,kg
铝制品-钉子、图钉、订书钉,"Aluminium -Nails, tacks, staples",42995X0012022A,首页 > 金属制品、机械和设备 > 金属制品，机械和设备除外 > 其他预制的金属制品 > 贱金属制的用于活页夹、卷宗夹、信件夹、信件角曲别针、索引标签及类似文具的配件；贱金属制的条形订书钉,,12.11,tCO2e,5,2022,公吨
电脑钥匙,Computer key,42992X0012023B,首页 > 金属制品、机械和设备 > 金属制品，机械和设备除外 > 其他预制的金属制品 > 贱金属制的锁和挂锁；贱金属制的锁钩和带钩环框；贱金属制的钥匙及其零件；家具、门、鞍具及类似用品的贱金属配件,FKYD,12.7,kgCO2e,5,2023,个
智能钥匙,intelligent key,42992X0022023B,首页 > 金属制品、机械和设备 > 金属制品，机械和设备除外 > 其他预制的金属制品 > 贱金属制的锁和挂锁；贱金属制的锁钩和带钩环框；贱金属制的钥匙及其零件；家具、门、鞍具及类似用品的贱金属配件,E405,8.15,kgCO2e,5,2023,个
焊条,Welding rod,42950X0022008A,首页 > 金属制品、机械和设备 > 金属制品，机械和设备除外 > 其他预制的金属制品 > 贱金属或金属碳化物制的丝、杆、管、板、电极及类似品，表面涂焊剂或空心装焊剂，用作软焊、硬焊或熔接或用作金属或金属碳化物镀层、贱金属粉末凝聚的丝和杆，供金属喷镀用,E5015(J507)低氢型焊条,55.3,gCO2e,5,2008,kg
自保护药芯焊丝,self-shielded flux-cored wire,42950X0082008A,首页 > 金属制品、机械和设备 > 金属制品，机械和设备除外 > 其他预制的金属制品 > 贱金属或金属碳化物制的丝、杆、管、板、电极及类似品，表面涂焊剂或空心装焊剂，用作软焊、硬焊或熔接或用作金属或金属碳化物镀层、贱金属粉末凝聚的丝和杆，供金属喷镀用,E501T－8L(A5．20 E71T－8J)型,17.6,gCO2e,5,2008,kg
不锈钢真空保温杯 - 方圆杯 SVC-A 产品,Stainless Steel Vacuum Insulated Cup - Square-Round Cup SVC-A Product,42912X0072024B,首页 > 金属制品、机械和设备 > 金属制品，机械和设备除外 > 其他预制的金属制品 > 铁、钢、铜或铝制的餐桌、厨具或其他家用器具及零件；铁、钢、铜或铝制的洗锅器和擦洗抛光垫、手套及类似品；铁或钢棉；食品或饮料备制、调制或上桌用重量为10公斤或10公斤以下的手工操作器具,SVC-380A,4.9442,kgCO2e,5,2024,个
不锈钢真空保温瓶 - 乐跃瓶,Stainless Steel Vacuum Insulated Bottle - LeYue Bottle,42912X0082024B,首页 > 金属制品、机械和设备 > 金属制品，机械和设备除外 > 其他预制的金属制品 > 铁、钢、铜或铝制的餐桌、厨具或其他家用器具及零件；铁、钢、铜或铝制的洗锅器和擦洗抛光垫、手套及类似品；铁或钢棉；食品或饮料备制、调制或上桌用重量为10公斤或10公斤以下的手工操作器具,SVF-500X,3.783,kgCO2e,5,2024,个
不锈钢真空保温瓶 - 乐跃瓶,Stainless Steel Vacuum Insulated Bottle - LeYue Bottle,42912X0092024B,首页 > 金属制品、机械和设备 > 金属制品，机械和设备除外 > 其他预制的金属制品 > 铁、钢、铜或铝制的餐桌、厨具或其他家用器具及零件；铁、钢、铜或铝制的洗锅器和擦洗抛光垫、手套及类似品；铁或钢棉；食品或饮料备制、调制或上桌用重量为10公斤或10公斤以下的手工操作器具,SVF-750X,4.3875,kgCO2e,5,2024,个
不锈钢真空保温壶 - 乐得壶 SVP-NB 系列产品,Stainless Steel Vacuum Insulated Bottle - Lede Bottle SVP-NB Series,42912X0102024B,首页 > 金属制品、机械和设备 > 金属制品，机械和设备除外 > 其他预制的金属制品 > 铁、钢、铜或铝制的餐桌、厨具或其他家用器具及零件；铁、钢、铜或铝制的洗锅器和擦洗抛光垫、手套及类似品；铁或钢棉；食品或饮料备制、调制或上桌用重量为10公斤或10公斤以下的手工操作器具,SVP-2000NB,10.1376,kgCO2e,5,2024,个
不锈钢真空保温壶 - 乐得壶 SVP-NB 系列产品,Stainless Steel Vacuum Insulated Bottle - Lede Bottle SVP-NB Series,42912X0112024B,首页 > 金属制品、机械和设备 > 金属制品，机械和设备除外 > 其他预制的金属制品 > 铁、钢、铜或铝制的餐桌、厨具或其他家用器具及零件；铁、钢、铜或铝制的洗锅器和擦洗抛光垫、手套及类似品；铁或钢棉；食品或饮料备制、调制或上桌用重量为10公斤或10公斤以下的手工操作器具,SVP-1000NB,7.8449,kgCO2e,5,2024,个
不锈钢真空保温壶 - 乐得壶 SVP-NB 系列产品,Stainless Steel Vacuum Insulated Bottle - Lede Bottle SVP-NB Series,42912X0122024B,首页 > 金属制品、机械和设备 > 金属制品，机械和设备除外 > 其他预制的金属制品 > 铁、钢、铜或铝制的餐桌、厨具或其他家用器具及零件；铁、钢、铜或铝制的洗锅器和擦洗抛光垫、手套及类似品；铁或钢棉；食品或饮料备制、调制或上桌用重量为10公斤或10公斤以下的手工操作器具,SVP-1200NB,8.7335,kgCO2e,5,2024,个
不锈钢真空保温壶 - 乐得壶 SVP-NB 系列产品,Stainless Steel Vacuum Insulated Bottle - Lede Bottle SVP-NB Series,42912X0132024B,首页 > 金属制品、机械和设备 > 金属制品，机械和设备除外 > 其他预制的金属制品 > 铁、钢、铜或铝制的餐桌、厨具或其他家用器具及零件；铁、钢、铜或铝制的洗锅器和擦洗抛光垫、手套及类似品；铁或钢棉；食品或饮料备制、调制或上桌用重量为10公斤或10公斤以下的手工操作器具,SVP-1600NB,9.411,kgCO2e,5,2024,个
不锈钢汤锅【元气-Vito】18x10.5cm 双耳汤锅,Stainless Steel Soup Pot【Genki-Vito】18x10.5cm Double-Handled Soup Pot,42912X0142023B,首页 > 金属制品、机械和设备 > 金属制品，机械和设备除外 > 其他预制的金属制品 > 铁、钢、铜或铝制的餐桌、厨具或其他家用器具及零件；铁、钢、铜或铝制的洗锅器和擦洗抛光垫、手套及类似品；铁或钢棉；食品或饮料备制、调制或上桌用重量为10公斤或10公斤以下的手工操作器具,【元气-Vito】18x10.5cm 双耳汤锅,12.09,kgCO2e,5,2023,个
不锈钢真空保温瓶-乐跃瓶,Stainless Steel Vacuum Insulated Bottle - LeYue Bottle,42912X0152023B,首页 > 金属制品、机械和设备 > 金属制品，机械和设备除外 > 其他预制的金属制品 > 铁、钢、铜或铝制的餐桌、厨具或其他家用器具及零件；铁、钢、铜或铝制的洗锅器和擦洗抛光垫、手套及类似品；铁或钢棉；食品或饮料备制、调制或上桌用重量为10公斤或10公斤以下的手工操作器具,SVF-500X,2.2904,kgCO2e,5,2023,个
不锈钢真空保温壶-乐得壶,Stainless Steel Vacuum Thermos - Lede Pot,42912X0162023B,首页 > 金属制品、机械和设备 > 金属制品，机械和设备除外 > 其他预制的金属制品 > 铁、钢、铜或铝制的餐桌、厨具或其他家用器具及零件；铁、钢、铜或铝制的洗锅器和擦洗抛光垫、手套及类似品；铁或钢棉；食品或饮料备制、调制或上桌用重量为10公斤或10公斤以下的手工操作器具,SVP-1000NB,4.12,kgCO2e,5,2023,个
钢铁产品-铁丝或非合金钢丝-未电镀且无涂层,Iron or steel products-Wire of iron or non-alloy steel-Not plated or coated,42943X0012022A,首页 > 金属制品、机械和设备 > 金属制品，机械和设备除外 > 其他预制的金属制品 > 铁丝、钢丝或铜丝制的布、格栅、网及篱网，铁、钢或铜制板网,,2.37,tCO2e,5,2022,公吨
钢铁产品-铁丝或非合金钢丝-电镀或有涂层,Iron or steel products-Wire of iron or non-alloy steel-Plated or coated,42943X0022022A,首页 > 金属制品、机械和设备 > 金属制品，机械和设备除外 > 其他预制的金属制品 > 铁丝、钢丝或铜丝制的布、格栅、网及篱网，铁、钢或铜制板网,,2.46,tCO2e,5,2022,公吨
钢铁产品-铁丝或钢丝制品,Iron or steel products-Articles of iron or steel wire,42943X0032022A,首页 > 金属制品、机械和设备 > 金属制品，机械和设备除外 > 其他预制的金属制品 > 铁丝、钢丝或铜丝制的布、格栅、网及篱网，铁、钢或铜制板网,,2.46,tCO2e,5,2022,公吨
发条盒,barrel,42945X0012018A,首页 > 金属制品、机械和设备 > 金属制品，机械和设备除外 > 其他预制的金属制品 > 铁或钢制弹簧及弹簧片；铜制弹簧,,58.3,kgCO2e,3,2018,个
固定板条床架,fxed slatted bed frame,42945X0032018A,首页 > 金属制品、机械和设备 > 金属制品，机械和设备除外 > 其他预制的金属制品 > 铁或钢制弹簧及弹簧片；铜制弹簧,,35,kgCO2e,3,2018,个
汽车零部件弹簧（压簧、拉簧、扭簧等）,Auto parts spring,42945X0042024A,首页 > 金属制品、机械和设备 > 金属制品，机械和设备除外 > 其他预制的金属制品 > 铁或钢制弹簧及弹簧片；铜制弹簧,碳钢70%、不锈钢30%,7.212,kgCO2e,4,2024,kg
铜纽扣,Copper button,42997X0012014A,首页 > 金属制品、机械和设备 > 金属制品，机械和设备除外 > 其他预制的金属制品 > 铁或钢制的手用缝衣针、编结针、锥子、钩针、刺绣打眼锥及类似品；未另列明的铁或钢制的安全别针及其他别针；贱金属制的用于服装、鞋类、遮阳篷、手提包、旅行用具或其他制成物品的搭扣、附有搭扣的架框、环箍搭扣、钩、眼、眼孔及类似品；贱金属制的管形铆钉或开口铆钉；贱金属制的珠子及金属装饰片,无,17.59,kgCO2e,5,2014,kg
铝合金纽扣-预焙技术,Aluminum button,42997X0022014A,首页 > 金属制品、机械和设备 > 金属制品，机械和设备除外 > 其他预制的金属制品 > 铁或钢制的手用缝衣针、编结针、锥子、钩针、刺绣打眼锥及类似品；未另列明的铁或钢制的安全别针及其他别针；贱金属制的用于服装、鞋类、遮阳篷、手提包、旅行用具或其他制成物品的搭扣、附有搭扣的架框、环箍搭扣、钩、眼、眼孔及类似品；贱金属制的管形铆钉或开口铆钉；贱金属制的珠子及金属装饰片,,15.5,kgCO2e,5,2014,kg
铝合金纽扣-Soderberg技术,Aluminum button,42997X0032014A,首页 > 金属制品、机械和设备 > 金属制品，机械和设备除外 > 其他预制的金属制品 > 铁或钢制的手用缝衣针、编结针、锥子、钩针、刺绣打眼锥及类似品；未另列明的铁或钢制的安全别针及其他别针；贱金属制的用于服装、鞋类、遮阳篷、手提包、旅行用具或其他制成物品的搭扣、附有搭扣的架框、环箍搭扣、钩、眼、眼孔及类似品；贱金属制的管形铆钉或开口铆钉；贱金属制的珠子及金属装饰片,,15.6,kgCO2e,5,2014,kg
钢合金纽扣,Steel button,42997X0042014A,首页 > 金属制品、机械和设备 > 金属制品，机械和设备除外 > 其他预制的金属制品 > 铁或钢制的手用缝衣针、编结针、锥子、钩针、刺绣打眼锥及类似品；未另列明的铁或钢制的安全别针及其他别针；贱金属制的用于服装、鞋类、遮阳篷、手提包、旅行用具或其他制成物品的搭扣、附有搭扣的架框、环箍搭扣、钩、眼、眼孔及类似品；贱金属制的管形铆钉或开口铆钉；贱金属制的珠子及金属装饰片,,15.6,kgCO2e,5,2014,kg
空气源热泵,Air source heat pump,42991X0012018A,首页 > 金属制品、机械和设备 > 金属制品，机械和设备除外 > 其他预制的金属制品 > 铁或钢制的链（铰接链除外）及其零件；铜链及其零件,,0.4392,kgCO2e,5,2018,千瓦时
铝产品-未经电气绝缘处理的铝制多股线、电缆、编织带等,"Aluminium -Stranded wire, cables, plaited bands and the like, of aluminium, not electrically insulated ",42942X0012022A,首页 > 金属制品、机械和设备 > 金属制品，机械和设备除外 > 其他预制的金属制品 > 非电绝缘的铜或铝制的绞股线、缆、编带及类似用品,,9.8,tCO2e,5,2022,公吨
钢筋,Steel bar,42190X0052017A,首页 > 金属制品、机械和设备 > 金属制品，机械和设备除外 > 结构金属制品及其零件 > 铁、钢或铝制的其他结构物（预制建筑物除外）及构件；用于建筑的钢、铁或铝的板、棒、角、型材、配件、管材及类似品，脚手架、模板或矿井支柱用的支撑物及类似设备,,4.077,tCO2e,5,2017,公吨
型钢,Section steel,42190X0062017A,首页 > 金属制品、机械和设备 > 金属制品，机械和设备除外 > 结构金属制品及其零件 > 铁、钢或铝制的其他结构物（预制建筑物除外）及构件；用于建筑的钢、铁或铝的板、棒、角、型材、配件、管材及类似品，脚手架、模板或矿井支柱用的支撑物及类似设备,,4.347,tCO2e,5,2017,公吨
大型钢材,steel products,42190X0072017A,首页 > 金属制品、机械和设备 > 金属制品，机械和设备除外 > 结构金属制品及其零件 > 铁、钢或铝制的其他结构物（预制建筑物除外）及构件；用于建筑的钢、铁或铝的板、棒、角、型材、配件、管材及类似品，脚手架、模板或矿井支柱用的支撑物及类似设备,,2.669,tCO2e,5,2017,公吨
小型钢材,steel products,42190X0082017A,首页 > 金属制品、机械和设备 > 金属制品，机械和设备除外 > 结构金属制品及其零件 > 铁、钢或铝制的其他结构物（预制建筑物除外）及构件；用于建筑的钢、铁或铝的板、棒、角、型材、配件、管材及类似品，脚手架、模板或矿井支柱用的支撑物及类似设备,,2.415,tCO2e,5,2017,公吨
H 型钢,Section steel,42190X0092022A,首页 > 金属制品、机械和设备 > 金属制品，机械和设备除外 > 结构金属制品及其零件 > 铁、钢或铝制的其他结构物（预制建筑物除外）及构件；用于建筑的钢、铁或铝的板、棒、角、型材、配件、管材及类似品，脚手架、模板或矿井支柱用的支撑物及类似设备,,212.69,kgCO2e,4,2022,公吨
建筑用铝型材,Aluminum profiles for building architectural,42190X0012018A,首页 > 金属制品、机械和设备 > 金属制品，机械和设备除外 > 结构金属制品及其零件 > 铁、钢或铝制的其他结构物（预制建筑物除外）及构件；用于建筑的钢、铁或铝的板、棒、角、型材、配件、管材及类似品，脚手架、模板或矿井支柱用的支撑物及类似设备,,9.8,kgCO2e,4,2018,kg
螺旋埋弧焊管,Spiral submerged arc welded pipe（SSAW）,42190X0022018C,首页 > 金属制品、机械和设备 > 金属制品，机械和设备除外 > 结构金属制品及其零件 > 铁、钢或铝制的其他结构物（预制建筑物除外）及构件；用于建筑的钢、铁或铝的板、棒、角、型材、配件、管材及类似品，脚手架、模板或矿井支柱用的支撑物及类似设备,,2520,kgCO2e,5,2018,公吨
大口径埋弧焊直缝钢管,Large caliber submerged arc welded straight seam steel pipe,42190X0032018C,首页 > 金属制品、机械和设备 > 金属制品，机械和设备除外 > 结构金属制品及其零件 > 铁、钢或铝制的其他结构物（预制建筑物除外）及构件；用于建筑的钢、铁或铝的板、棒、角、型材、配件、管材及类似品，脚手架、模板或矿井支柱用的支撑物及类似设备,,3150,kgCO2e,5,2018,公吨
焊接直缝钢管,Welding straight seam steel pipe,42190X0042018C,首页 > 金属制品、机械和设备 > 金属制品，机械和设备除外 > 结构金属制品及其零件 > 铁、钢或铝制的其他结构物（预制建筑物除外）及构件；用于建筑的钢、铁或铝的板、棒、角、型材、配件、管材及类似品，脚手架、模板或矿井支柱用的支撑物及类似设备,,2530,kgCO2e,5,2018,公吨
热轧碳钢无缝钢管,Hot rolled carbon steel seamless steel pipe,42190X0052018C,首页 > 金属制品、机械和设备 > 金属制品，机械和设备除外 > 结构金属制品及其零件 > 铁、钢或铝制的其他结构物（预制建筑物除外）及构件；用于建筑的钢、铁或铝的板、棒、角、型材、配件、管材及类似品，脚手架、模板或矿井支柱用的支撑物及类似设备,,3150,kgCO2e,5,2018,公吨
冷轧冷拔碳钢无缝钢管,Cold-rolled and cold-drawn seamless carbon steel pipe,42190X0062018C,首页 > 金属制品、机械和设备 > 金属制品，机械和设备除外 > 结构金属制品及其零件 > 铁、钢或铝制的其他结构物（预制建筑物除外）及构件；用于建筑的钢、铁或铝的板、棒、角、型材、配件、管材及类似品，脚手架、模板或矿井支柱用的支撑物及类似设备,,3680,kgCO2e,5,2018,公吨
碳钢热镀锌板卷,Carbon steel hot galvanized sheet coil,42190X0072018C,首页 > 金属制品、机械和设备 > 金属制品，机械和设备除外 > 结构金属制品及其零件 > 铁、钢或铝制的其他结构物（预制建筑物除外）及构件；用于建筑的钢、铁或铝的板、棒、角、型材、配件、管材及类似品，脚手架、模板或矿井支柱用的支撑物及类似设备,,3110,kgCO2e,5,2018,公吨
碳钢电镀锌板卷,Carbon steel electrogalvanized sheet coil,42190X0082018C,首页 > 金属制品、机械和设备 > 金属制品，机械和设备除外 > 结构金属制品及其零件 > 铁、钢或铝制的其他结构物（预制建筑物除外）及构件；用于建筑的钢、铁或铝的板、棒、角、型材、配件、管材及类似品，脚手架、模板或矿井支柱用的支撑物及类似设备,,3020,kgCO2e,5,2018,公吨
碳钢电镀锡板卷,Carbon steel electroplated tin plate roll,42190X0092018C,首页 > 金属制品、机械和设备 > 金属制品，机械和设备除外 > 结构金属制品及其零件 > 铁、钢或铝制的其他结构物（预制建筑物除外）及构件；用于建筑的钢、铁或铝的板、棒、角、型材、配件、管材及类似品，脚手架、模板或矿井支柱用的支撑物及类似设备,,2870,kgCO2e,5,2018,公吨
酸洗板卷,Pickling sheet roll,42190X0102018C,首页 > 金属制品、机械和设备 > 金属制品，机械和设备除外 > 结构金属制品及其零件 > 铁、钢或铝制的其他结构物（预制建筑物除外）及构件；用于建筑的钢、铁或铝的板、棒、角、型材、配件、管材及类似品，脚手架、模板或矿井支柱用的支撑物及类似设备,,1730,kgCO2e,5,2018,公吨
冷轧碳钢板卷,Cold-rolled carbon steel coil,42190X0112018C,首页 > 金属制品、机械和设备 > 金属制品，机械和设备除外 > 结构金属制品及其零件 > 铁、钢或铝制的其他结构物（预制建筑物除外）及构件；用于建筑的钢、铁或铝的板、棒、角、型材、配件、管材及类似品，脚手架、模板或矿井支柱用的支撑物及类似设备,,2530,kgCO2e,5,2018,公吨
冷硬碳钢板卷,Chilled carbon steel roll,42190X0122018C,首页 > 金属制品、机械和设备 > 金属制品，机械和设备除外 > 结构金属制品及其零件 > 铁、钢或铝制的其他结构物（预制建筑物除外）及构件；用于建筑的钢、铁或铝的板、棒、角、型材、配件、管材及类似品，脚手架、模板或矿井支柱用的支撑物及类似设备,,2410,kgCO2e,5,2018,公吨
热轧带肋钢筋,Hot-rolled ribbed steel bars,42190X0412022C,首页 > 金属制品、机械和设备 > 金属制品，机械和设备除外 > 结构金属制品及其零件 > 铁、钢或铝制的其他结构物（预制建筑物除外）及构件；用于建筑的钢、铁或铝的板、棒、角、型材、配件、管材及类似品，脚手架、模板或矿井支柱用的支撑物及类似设备,HRB400E、HRB500E、HRB600等热轧带肋钢筋,2.07,tCO2e,5,2022,公吨
热轧型钢,Hot-rolled sections,42190X0422022C,首页 > 金属制品、机械和设备 > 金属制品，机械和设备除外 > 结构金属制品及其零件 > 铁、钢或铝制的其他结构物（预制建筑物除外）及构件；用于建筑的钢、铁或铝的板、棒、角、型材、配件、管材及类似品，脚手架、模板或矿井支柱用的支撑物及类似设备,工字钢 Ⅰ14∽Ⅰ22b 槽钢 ［6.3 ∽［20b 角钢 ∠40×3 ∽ ∠100×10,2.05,tCO2e,5,2022,公吨
热轧带肋钢筋,Hot-rolled ribbed steel bars,42190X0432022C,首页 > 金属制品、机械和设备 > 金属制品，机械和设备除外 > 结构金属制品及其零件 > 铁、钢或铝制的其他结构物（预制建筑物除外）及构件；用于建筑的钢、铁或铝的板、棒、角、型材、配件、管材及类似品，脚手架、模板或矿井支柱用的支撑物及类似设备,HRB400\HRB400E、HRB500\HRB500EΦ6mm—14mm。,2.1,tCO2e,5,2022,公吨
重型H型钢,Heavy-duty H-beam,42190X0442022C,首页 > 金属制品、机械和设备 > 金属制品，机械和设备除外 > 结构金属制品及其零件 > 铁、钢或铝制的其他结构物（预制建筑物除外）及构件；用于建筑的钢、铁或铝的板、棒、角、型材、配件、管材及类似品，脚手架、模板或矿井支柱用的支撑物及类似设备,最大高度1150mm、最大宽度480mm、最大翼缘厚度140mm的热轧H型钢,2.24,tCO2e,5,2022,公吨
热轧带肋钢筋,Hot-rolled ribbed steel bars,42190X0452021C,首页 > 金属制品、机械和设备 > 金属制品，机械和设备除外 > 结构金属制品及其零件 > 铁、钢或铝制的其他结构物（预制建筑物除外）及构件；用于建筑的钢、铁或铝的板、棒、角、型材、配件、管材及类似品，脚手架、模板或矿井支柱用的支撑物及类似设备,产品规格范围为8mm~40mm,3.69,tCO2e,5,2021,公吨
多功能动力电池生产线骨架平台,Multi-functional power battery production line skeleton platform,42190X0462022B,首页 > 金属制品、机械和设备 > 金属制品，机械和设备除外 > 结构金属制品及其零件 > 铁、钢或铝制的其他结构物（预制建筑物除外）及构件；用于建筑的钢、铁或铝的板、棒、角、型材、配件、管材及类似品，脚手架、模板或矿井支柱用的支撑物及类似设备,产品重量42.30t/套,167850.32,kgCO2e,5,2022,1套（42.30t）
铝铸锭,aluminum ingot,42190X0482018A,首页 > 金属制品、机械和设备 > 金属制品，机械和设备除外 > 结构金属制品及其零件 > 铁、钢或铝制的其他结构物（预制建筑物除外）及构件；用于建筑的钢、铁或铝的板、棒、角、型材、配件、管材及类似品，脚手架、模板或矿井支柱用的支撑物及类似设备,,884,kgCO2e,5,2018,公吨
钢铁产品-铁或钢的钢板桩；铁或钢的焊接角钢、型钢和型钢,"Iron or steel products-Sheet piling of iron or steel; welded angles, shapes and sections, of iron or steel",42190X0492022A,首页 > 金属制品、机械和设备 > 金属制品，机械和设备除外 > 结构金属制品及其零件 > 铁、钢或铝制的其他结构物（预制建筑物除外）及构件；用于建筑的钢、铁或铝的板、棒、角、型材、配件、管材及类似品，脚手架、模板或矿井支柱用的支撑物及类似设备,无论是否钻孔、冲孔或由组装件制成,2.39,tCO2e,5,2022,公吨
铝产品-铝结构和结构部件,Aluminium-Aluminium structures and parts of structures ,42190X0502022A,首页 > 金属制品、机械和设备 > 金属制品，机械和设备除外 > 结构金属制品及其零件 > 铁、钢或铝制的其他结构物（预制建筑物除外）及构件；用于建筑的钢、铁或铝的板、棒、角、型材、配件、管材及类似品，脚手架、模板或矿井支柱用的支撑物及类似设备,,12.04,tCO2e,5,2022,公吨
钢筋,Reinforcing bars,42190X0512025C,首页 > 金属制品、机械和设备 > 金属制品，机械和设备除外 > 结构金属制品及其零件 > 铁、钢或铝制的其他结构物（预制建筑物除外）及构件；用于建筑的钢、铁或铝的板、棒、角、型材、配件、管材及类似品，脚手架、模板或矿井支柱用的支撑物及类似设备,,2135.7,kgCO2e,5,2025,公吨
不锈钢窗帘导轨,NRAIL Curtain Rail,42120X0012020A,首页 > 金属制品、机械和设备 > 金属制品，机械和设备除外 > 结构金属制品及其零件 > 铁、钢或铝制的门、窗、门窗框及门槛,,2.9,kgCO2e,4,2020,套（长度为1.82m规格的产品）
断桥铝合金窗（100%原生铝型材）,Broken bridge aluminum window,42120X0022018C,首页 > 金属制品、机械和设备 > 金属制品，机械和设备除外 > 结构金属制品及其零件 > 铁、钢或铝制的门、窗、门窗框及门槛,,254,kgCO2e,5,2018,平方米
断桥铝合金窗（原生铝：再生铝=7：3）,Broken bridge aluminum window (primary aluminum: recycled aluminum = 7:3),42120X0032018C,首页 > 金属制品、机械和设备 > 金属制品，机械和设备除外 > 结构金属制品及其零件 > 铁、钢或铝制的门、窗、门窗框及门槛,,194,kgCO2e,5,2018,平方米
铝木复合窗（100%原生铝型材）,Aluminum-wood composite window (100% original aluminum),42120X0042018C,首页 > 金属制品、机械和设备 > 金属制品，机械和设备除外 > 结构金属制品及其零件 > 铁、钢或铝制的门、窗、门窗框及门槛,,147,kgCO2e,5,2018,平方米
铝木复合窗（原生铝：再生铝=7：3）,Aluminum-wood composite window (primary aluminum: recycled aluminum = 7:3),42120X0052018C,首页 > 金属制品、机械和设备 > 金属制品，机械和设备除外 > 结构金属制品及其零件 > 铁、钢或铝制的门、窗、门窗框及门槛,,122.5,kgCO2e,5,2018,平方米
铝塑共挤窗,Aluminum-plastic co-extrusion window,42120X0062019C,首页 > 金属制品、机械和设备 > 金属制品，机械和设备除外 > 结构金属制品及其零件 > 铁、钢或铝制的门、窗、门窗框及门槛,,129.5,kgCO2e,5,2019,平方米
塑钢窗,plastic steel window,42120X0072018C,首页 > 金属制品、机械和设备 > 金属制品，机械和设备除外 > 结构金属制品及其零件 > 铁、钢或铝制的门、窗、门窗框及门槛,,121,kgCO2e,5,2018,平方米
喷粉铝合金型材,Powder coated aluminium alloy profiles,42120X0082020B,首页 > 金属制品、机械和设备 > 金属制品，机械和设备除外 > 结构金属制品及其零件 > 铁、钢或铝制的门、窗、门窗框及门槛,,27.1,kgCO2e,3,2020,kg
宝马G70前后门托架,BMW G70 front and rear door brackets,42120X0092023B,首页 > 金属制品、机械和设备 > 金属制品，机械和设备除外 > 结构金属制品及其零件 > 铁、钢或铝制的门、窗、门窗框及门槛,TJ-1593A-G,2.27,kgCO2e,5,2023,块
燃煤锅炉+钢制散热器,Coal fired boiler + steel radiator,42330X0012018A,首页 > 金属制品、机械和设备 > 金属制品，机械和设备除外 > 蒸汽锅炉（集中供热锅炉除外）及其零件 > 锅炉的辅助设备；蒸汽或其他蒸汽动力机组用冷凝器,,0.863,kgCO2e,5,2018,千瓦时
燃气锅炉+钢制散热器,Gas fired boiler + steel radiator,42330X0022018A,首页 > 金属制品、机械和设备 > 金属制品，机械和设备除外 > 蒸汽锅炉（集中供热锅炉除外）及其零件 > 锅炉的辅助设备；蒸汽或其他蒸汽动力机组用冷凝器,GZ-2-6-1.0 钢制柱型散热器,0.257,kgCO2e,5,2018,千瓦时
钢桶,Steel Drum,42210X0012015A,首页 > 金属制品、机械和设备 > 金属制品，机械和设备除外 > 铁、钢或铝制的桶、储藏器和容器 > 容量超过300升的铁、钢或铝制储藏器、桶、缸及类似容器（压缩或液化气体的容器除外），但未装有机械或热功设备,密封新制造钢桶（1.2/0.9/1.2 mm）,34.32,kgCO2e,4,2015,个
铝产品-铝制储罐、水箱、大桶 及其他类似容器,"Aluminium -Aluminium reservoirs, tanks, vats  and similar containers",42210X0022022A,首页 > 金属制品、机械和设备 > 金属制品，机械和设备除外 > 铁、钢或铝制的桶、储藏器和容器 > 容量超过300升的铁、钢或铝制储藏器、桶、缸及类似容器（压缩或液化气体的容器除外），但未装有机械或热功设备,,12.11,tCO2e,5,2022,公吨
铝产品-用于压缩或液化气体的铝制容器,Aluminium -Aluminium containers for compressed or liquefied gas ,42220X0022022A,首页 > 金属制品、机械和设备 > 金属制品，机械和设备除外 > 铁、钢或铝制的桶、储藏器和容器 > 铁、钢或铝制压缩或液化气体用的容器,,12.11,tCO2e,5,2022,公吨
化妆品瓶,Cosmetic Bottle,42220X0032023B,首页 > 金属制品、机械和设备 > 金属制品，机械和设备除外 > 铁、钢或铝制的桶、储藏器和容器 > 铁、钢或铝制压缩或液化气体用的容器,YY-5890(50ml +白色收缩膜(哑光)RV),0.15,kgCO2e,5,2023,个
乳制品-中国,milk-China,22290X0012023A,首页 > 食品、饮料和烟草；纺织品，服装和皮革制品 > 乳制品和蛋制品 > 其他乳制品 > 其他未另列明的乳制品,,6.63,kgCO2e,4,2023,kg
白酸奶-奥地利,Yogurt white-Austria,22290X0062010A,首页 > 食品、饮料和烟草；纺织品，服装和皮革制品 > 乳制品和蛋制品 > 其他乳制品 > 其他未另列明的乳制品,,1.38,kgCO2e,4,2010,L
白酸奶-美国,Yogurt white-USA,22290X0072013A,首页 > 食品、饮料和烟草；纺织品，服装和皮革制品 > 乳制品和蛋制品 > 其他乳制品 > 其他未另列明的乳制品,,2.2,kgCO2e,4,2013,kg
苏氏酸奶-意大利,Soy Yogurt-Italy,22290X0082017A,首页 > 食品、饮料和烟草；纺织品，服装和皮革制品 > 乳制品和蛋制品 > 其他乳制品 > 其他未另列明的乳制品,,1.36,kgCO2e,5,2017,kg
马苏里拉奶酪-意大利,Mozzarella-Italy,22290X0032017A,首页 > 食品、饮料和烟草；纺织品，服装和皮革制品 > 乳制品和蛋制品 > 其他乳制品 > 其他未另列明的乳制品,,8.17,kgCO2e,4,2017,kg
奶油-加拿大,cream-Canada,22290X0042011A,首页 > 食品、饮料和烟草；纺织品，服装和皮革制品 > 乳制品和蛋制品 > 其他乳制品 > 其他未另列明的乳制品,,2.1,kgCO2e,4,2011,kg
半硬质芝士-荷兰,Pecorino-Netherlands,22290X0052007A,首页 > 食品、饮料和烟草；纺织品，服装和皮革制品 > 乳制品和蛋制品 > 其他乳制品 > 其他未另列明的乳制品,,8.5,kgCO2e,4,2007,kg
珍珠奶茶酥,pearl milk tea crisp,22290X0112024C,首页 > 食品、饮料和烟草；纺织品，服装和皮革制品 > 乳制品和蛋制品 > 其他乳制品 > 其他未另列明的乳制品,每颗42g±9％,220,gCO2e,5,2024,颗
切达奶酪,Cheddar cheese,22259X0012022A,首页 > 食品、饮料和烟草；纺织品，服装和皮革制品 > 乳制品和蛋制品 > 其他乳制品 > 其他未另列明的乳酪（新鲜或加工的）,,14.02,kgCO2e,4,2022,kg
阿夏戈奶酪-意大利,Asiago-Italy,22259X0022015A,首页 > 食品、饮料和烟草；纺织品，服装和皮革制品 > 乳制品和蛋制品 > 其他乳制品 > 其他未另列明的乳酪（新鲜或加工的）,,10.13,kgCO2e,4,2015,kg
干酪-加拿大,Cheese-Canada,22259X0032006A,首页 > 食品、饮料和烟草；纺织品，服装和皮革制品 > 乳制品和蛋制品 > 其他乳制品 > 其他未另列明的乳酪（新鲜或加工的）,,5.3,kgCO2e,4,2006,kg
干酪-加拿大,Cheese-Canada,22259X0042006A,首页 > 食品、饮料和烟草；纺织品，服装和皮革制品 > 乳制品和蛋制品 > 其他乳制品 > 其他未另列明的乳酪（新鲜或加工的）,,5.3,kgCO2e,4,2006,kg
干酪-世界,Cheese-World,22259X0052003A,首页 > 食品、饮料和烟草；纺织品，服装和皮革制品 > 乳制品和蛋制品 > 其他乳制品 > 其他未另列明的乳酪（新鲜或加工的）,,0.13,kgCO2e,4,2003,kg
格拉娜·帕达诺干酪-意大利,Grana padano-Italy,22259X0062017A,首页 > 食品、饮料和烟草；纺织品，服装和皮革制品 > 乳制品和蛋制品 > 其他乳制品 > 其他未另列明的乳酪（新鲜或加工的）,,10.3,kgCO2e,4,2017,kg
雷奇亚干酪-意大利,Parmiggiano reggiano-Italy,22259X0072018A,首页 > 食品、饮料和烟草；纺织品，服装和皮革制品 > 乳制品和蛋制品 > 其他乳制品 > 其他未另列明的乳酪（新鲜或加工的）,,12.4,kgCO2e,4,2018,kg
羊乳干酪-意大利,Pecorino-Italy,22259X0082018A,首页 > 食品、饮料和烟草；纺织品，服装和皮革制品 > 乳制品和蛋制品 > 其他乳制品 > 其他未另列明的乳酪（新鲜或加工的）,,22.13,kgCO2e,5,2018,kg
香草冰激凌-基础款,Vanilla regular ice cream,22270X0012018A,首页 > 食品、饮料和烟草；纺织品，服装和皮革制品 > 乳制品和蛋制品 > 其他乳制品 > 冰激凌和其他食用冰,,3.75,kgCO2e,4,2018,kg
香草冰激凌-升级款,Vanilla premium ice cream,22270X0022018A,首页 > 食品、饮料和烟草；纺织品，服装和皮革制品 > 乳制品和蛋制品 > 其他乳制品 > 冰激凌和其他食用冰,,3.94,kgCO2e,4,2018,kg
巧克力冰激凌-基础款,chocolate regular ice cream,22270X0032018A,首页 > 食品、饮料和烟草；纺织品，服装和皮革制品 > 乳制品和蛋制品 > 其他乳制品 > 冰激凌和其他食用冰,,3.66,kgCO2e,4,2018,kg
巧克力冰激凌-升级款,chocolate premium ice cream,22270X0042018A,首页 > 食品、饮料和烟草；纺织品，服装和皮革制品 > 乳制品和蛋制品 > 其他乳制品 > 冰激凌和其他食用冰,,3.91,kgCO2e,4,2018,kg
冰淇淋-世界,Ice Cream-World,22270X0052016A,首页 > 食品、饮料和烟草；纺织品，服装和皮革制品 > 乳制品和蛋制品 > 其他乳制品 > 冰激凌和其他食用冰,,1.02,kgCO2e,5,2016,kg
炼乳,Condensed milk,22222X0012014A,首页 > 食品、饮料和烟草；纺织品，服装和皮革制品 > 乳制品和蛋制品 > 其他乳制品 > 炼乳,,8.86,kgCO2e,4,2014,kg
葡萄牙熟奶酪,Portuguese mature cheese,22251X0012010A,首页 > 食品、饮料和烟草；纺织品，服装和皮革制品 > 乳制品和蛋制品 > 其他乳制品 > 牛奶制成的乳酪（新鲜或加工的）,,7.49,kgCO2e,4,2010,kg
芝士,Cheese,22251X0022018A,首页 > 食品、饮料和烟草；纺织品，服装和皮革制品 > 乳制品和蛋制品 > 其他乳制品 > 牛奶制成的乳酪（新鲜或加工的）,,0.11,kgCO2e,4,2018,100g 蛋白质
黄油-加拿大,Butter-Canada,22241X0012015A,首页 > 食品、饮料和烟草；纺织品，服装和皮革制品 > 乳制品和蛋制品 > 其他乳制品 > 牛奶提取的黄油和其他油脂,,7.29,kgCO2e,4,2015,kg
黄油-英国,UK butter,22241X0022010A,首页 > 食品、饮料和烟草；纺织品，服装和皮革制品 > 乳制品和蛋制品 > 其他乳制品 > 牛奶提取的黄油和其他油脂,,4.8,kgCO2e,4,2010,kg
黄油易涂抹-英国,UK spreadable,22241X0032010A,首页 > 食品、饮料和烟草；纺织品，服装和皮革制品 > 乳制品和蛋制品 > 其他乳制品 > 牛奶提取的黄油和其他油脂,,3.7,kgCO2e,4,2010,kg
黄油-德国,DE butter,22241X0042010A,首页 > 食品、饮料和烟草；纺织品，服装和皮革制品 > 乳制品和蛋制品 > 其他乳制品 > 牛奶提取的黄油和其他油脂,,4.5,kgCO2e,4,2010,kg
黄油-法国,FR butter,22241X0052010A,首页 > 食品、饮料和烟草；纺织品，服装和皮革制品 > 乳制品和蛋制品 > 其他乳制品 > 牛奶提取的黄油和其他油脂,,3.6,kgCO2e,4,2010,kg
调制酸奶,yogurt flavoured-Italy,22230X0012021A,首页 > 食品、饮料和烟草；纺织品，服装和皮革制品 > 乳制品和蛋制品 > 其他乳制品 > 酸乳和其他发酵或酸化的奶和奶油,,2.81,kgCO2e,4,2021,kg
不含乳糖酸奶-意大利,（yogurt lactose free-Italy）,22230X0022021A,首页 > 食品、饮料和烟草；纺织品，服装和皮革制品 > 乳制品和蛋制品 > 其他乳制品 > 酸乳和其他发酵或酸化的奶和奶油,,3.16,kgCO2e,4,2021,kg
白酸奶-意大利,（yogurt white-Italy）,22230X0032021A,首页 > 食品、饮料和烟草；纺织品，服装和皮革制品 > 乳制品和蛋制品 > 其他乳制品 > 酸乳和其他发酵或酸化的奶和奶油,,2.1,kgCO2e,4,2021,kg
发酵乳,Fermented milk,22230X0072019C,首页 > 食品、饮料和烟草；纺织品，服装和皮革制品 > 乳制品和蛋制品 > 其他乳制品 > 酸乳和其他发酵或酸化的奶和奶油,,0.4923,tCO2e,5,2019,公吨
蛋-中国,egg-China,22300X0012023A,首页 > 食品、饮料和烟草；纺织品，服装和皮革制品 > 乳制品和蛋制品 > 带壳蛋（保藏的或熟制的） > 带壳蛋（保藏的或熟制的）,,0.83,kgCO2e,4,2023,kg
集体农场鸡蛋,Aggregated farm egg,22300X0012010A,首页 > 食品、饮料和烟草；纺织品，服装和皮革制品 > 乳制品和蛋制品 > 带壳蛋（保藏的或熟制的） > 带壳蛋（保藏的或熟制的）,四川集体农场,3.46,kgCO2e,4,2010,kg
家庭农场鸡蛋,Household farm egg,22300X0022010A,首页 > 食品、饮料和烟草；纺织品，服装和皮革制品 > 乳制品和蛋制品 > 带壳蛋（保藏的或熟制的） > 带壳蛋（保藏的或熟制的）,四川家庭农场,3.7,kgCO2e,4,2010,kg
鸡蛋-东亚及东南亚,Eggs-east and south-east,22300X0032013A,首页 > 食品、饮料和烟草；纺织品，服装和皮革制品 > 乳制品和蛋制品 > 带壳蛋（保藏的或熟制的） > 带壳蛋（保藏的或熟制的）,,4.2,kgCO2e,4,2013,kg
马苏里拉奶酪-美国,Mozzarella-USA,22130X0012009A,首页 > 食品、饮料和烟草；纺织品，服装和皮革制品 > 乳制品和蛋制品 > 经加工的液体牛奶、奶油和乳清 > 乳清,,14.22,kgCO2e,5,2009,公吨
牛奶-意大利,cow milk-Italy,22110X0022019A,首页 > 食品、饮料和烟草；纺织品，服装和皮革制品 > 乳制品和蛋制品 > 经加工的液体牛奶、奶油和乳清 > 经加工的液体牛奶,,1.052,kgCO2e,5,2019,kg
豆奶,Soy milk,22110X0032017A,首页 > 食品、饮料和烟草；纺织品，服装和皮革制品 > 乳制品和蛋制品 > 经加工的液体牛奶、奶油和乳清 > 经加工的液体牛奶,,0.3976,kgCO2e,5,2017,L
家庭农场牛奶,Household farm milk,22110X0012010A,首页 > 食品、饮料和烟草；纺织品，服装和皮革制品 > 乳制品和蛋制品 > 经加工的液体牛奶、奶油和乳清 > 经加工的液体牛奶,四川家庭农场,1.01,kgCO2e,4,2010,kg
集体农场牛奶,Aggregated farm milk,22110X0022010A,首页 > 食品、饮料和烟草；纺织品，服装和皮革制品 > 乳制品和蛋制品 > 经加工的液体牛奶、奶油和乳清 > 经加工的液体牛奶,四川集体农场,1.13,kgCO2e,4,2010,kg
白酸奶-欧洲,Yogurt white-Europe,22110X0032013A,首页 > 食品、饮料和烟草；纺织品，服装和皮革制品 > 乳制品和蛋制品 > 经加工的液体牛奶、奶油和乳清 > 经加工的液体牛奶,,1.74,kgCO2e,3,2013,L
酸奶,Yogurt,22110X0042014A,首页 > 食品、饮料和烟草；纺织品，服装和皮革制品 > 乳制品和蛋制品 > 经加工的液体牛奶、奶油和乳清 > 经加工的液体牛奶,,1.43,kgCO2e,4,2014,公吨
液态奶,Liquid milk,22110X0052014A,首页 > 食品、饮料和烟草；纺织品，服装和皮革制品 > 乳制品和蛋制品 > 经加工的液体牛奶、奶油和乳清 > 经加工的液体牛奶,,1.39,kgCO2e,4,2014,kg
牛奶-四川-家庭饲养,Milk-Sichuan-Family breeding,22110X0062012A,首页 > 食品、饮料和烟草；纺织品，服装和皮革制品 > 乳制品和蛋制品 > 经加工的液体牛奶、奶油和乳清 > 经加工的液体牛奶,,1.01,kgCO2e,4,2012,kg
牛奶-四川-规模饲养,Milk-Sichuan-scale raising,22110X0072012A,首页 > 食品、饮料和烟草；纺织品，服装和皮革制品 > 乳制品和蛋制品 > 经加工的液体牛奶、奶油和乳清 > 经加工的液体牛奶,,1.13,kgCO2e,4,2012,kg
牛奶-中国,Milk-China,22110X0082012A,首页 > 食品、饮料和烟草；纺织品，服装和皮革制品 > 乳制品和蛋制品 > 经加工的液体牛奶、奶油和乳清 > 经加工的液体牛奶,,1.07,kgCO2e,4,2012,kg
水牛奶-意大利,buffalo milk-Italy,22110X0092010A,首页 > 食品、饮料和烟草；纺织品，服装和皮革制品 > 乳制品和蛋制品 > 经加工的液体牛奶、奶油和乳清 > 经加工的液体牛奶,,3.75,kgCO2e,4,2010,kg
牛奶-世界,cow's milk-World,22110X0102011A,首页 > 食品、饮料和烟草；纺织品，服装和皮革制品 > 乳制品和蛋制品 > 经加工的液体牛奶、奶油和乳清 > 经加工的液体牛奶,,1.35,kgCO2e,4,2011,kg
牛奶-中国,cow's milk-China,22110X0112011A,首页 > 食品、饮料和烟草；纺织品，服装和皮革制品 > 乳制品和蛋制品 > 经加工的液体牛奶、奶油和乳清 > 经加工的液体牛奶,,1.38,kgCO2e,4,2011,kg
牛奶-摩洛哥,cow's milk-Morocco,22110X0122011A,首页 > 食品、饮料和烟草；纺织品，服装和皮革制品 > 乳制品和蛋制品 > 经加工的液体牛奶、奶油和乳清 > 经加工的液体牛奶,,1.98,kgCO2e,4,2011,kg
牛奶-世界,cow's milk-World,22110X0132008A,首页 > 食品、饮料和烟草；纺织品，服装和皮革制品 > 乳制品和蛋制品 > 经加工的液体牛奶、奶油和乳清 > 经加工的液体牛奶,,2.4,kgCO2e,4,2008,kg
牛奶-欧洲,cow's milk-Europe,22110X0142008A,首页 > 食品、饮料和烟草；纺织品，服装和皮革制品 > 乳制品和蛋制品 > 经加工的液体牛奶、奶油和乳清 > 经加工的液体牛奶,,1.4,kgCO2e,4,2008,kg
牛奶-美国,cow's milk-USA,22110X0152011A,首页 > 食品、饮料和烟草；纺织品，服装和皮革制品 > 乳制品和蛋制品 > 经加工的液体牛奶、奶油和乳清 > 经加工的液体牛奶,,0.884,kgCO2e,4,2011,kg
牛奶-澳大利亚,cow's milk-Australia,22110X0162010A,首页 > 食品、饮料和烟草；纺织品，服装和皮革制品 > 乳制品和蛋制品 > 经加工的液体牛奶、奶油和乳清 > 经加工的液体牛奶,,1.11,kgCO2e,4,2010,kg
牛奶,Milk,22110X0172020A,首页 > 食品、饮料和烟草；纺织品，服装和皮革制品 > 乳制品和蛋制品 > 经加工的液体牛奶、奶油和乳清 > 经加工的液体牛奶,,3.2,kgCO2e,4,2020,L
纯牛奶	,Pure milk,22110X0292018A,首页 > 食品、饮料和烟草；纺织品，服装和皮革制品 > 乳制品和蛋制品 > 经加工的液体牛奶、奶油和乳清 > 经加工的液体牛奶,,1120,kgCO2e,5,2018,L
奶油,Cream,22120X0102015A,首页 > 食品、饮料和烟草；纺织品，服装和皮革制品 > 乳制品和蛋制品 > 经加工的液体牛奶、奶油和乳清 > 鲜奶油,,5.32,kgCO2e,4,2015,kg
香烟,Cigarette,25090X0012014A,首页 > 食品、饮料和烟草；纺织品，服装和皮革制品 > 烟草制品 > 烟草制品 > 其他烟草制品,,0.07,tCO2e,4,2014,公吨
卷烟	,cigarette,25020X0012017A,首页 > 食品、饮料和烟草；纺织品，服装和皮革制品 > 烟草制品 > 烟草制品 > 雪茄及用烟草或烟草代用品制造的纸烟,,7.97094,gCO2e,5,2017,1万支
运动鞋,sports shoes,29320X0012018A,首页 > 食品、饮料和烟草；纺织品，服装和皮革制品 > 皮革和皮革制品；鞋类 > 外底与鞋帮以橡胶或塑料制成的、鞋帮以皮革或纺织材料制成的鞋类，运动鞋、带有金属保护鞋头的鞋类及其他特殊的鞋类除外 > 外底与鞋帮以橡胶或塑料制成的鞋类（防水鞋、运动鞋和带有金属保护头的鞋类除外）,,14,kgCO2e,3,2018,件
皮鞋,leather shoes,29320X0022018A,首页 > 食品、饮料和烟草；纺织品，服装和皮革制品 > 皮革和皮革制品；鞋类 > 外底与鞋帮以橡胶或塑料制成的、鞋帮以皮革或纺织材料制成的鞋类，运动鞋、带有金属保护鞋头的鞋类及其他特殊的鞋类除外 > 外底与鞋帮以橡胶或塑料制成的鞋类（防水鞋、运动鞋和带有金属保护头的鞋类除外）,,8,kgCO2e,3,2018,件
布鞋,cloth shoes,29340X0012018A,首页 > 食品、饮料和烟草；纺织品，服装和皮革制品 > 皮革和皮革制品；鞋类 > 外底与鞋帮以橡胶或塑料制成的、鞋帮以皮革或纺织材料制成的鞋类，运动鞋、带有金属保护鞋头的鞋类及其他特殊的鞋类除外 > 鞋帮以纺织材料制成的鞋类，运动鞋除外,,13,kgCO2e,3,2018,件
人造皮革鞋,Artificial leather shoes,29290X0012019A,首页 > 食品、饮料和烟草；纺织品，服装和皮革制品 > 皮革和皮革制品；鞋类 > 皮箱、手提包及其类似品；鞍具和挽具；其他皮革制品 > 其他未另列明的皮革或合成革制品（包括用于机械设备或技术用皮革和合成革制品）,,3.4,kgCO2e,4,2019,双
聚氨酯超细纤维合成革,Polyurethane microfiber synthetic leather,29290X0022021B,首页 > 食品、饮料和烟草；纺织品，服装和皮革制品 > 皮革和皮革制品；鞋类 > 皮箱、手提包及其类似品；鞍具和挽具；其他皮革制品 > 其他未另列明的皮革或合成革制品（包括用于机械设备或技术用皮革和合成革制品）,LAEDANA,6.905,kgCO2e,4,2021,平方米
小方块包,small square bag,29220X0012023B,首页 > 食品、饮料和烟草；纺织品，服装和皮革制品 > 皮革和皮革制品；鞋类 > 皮箱、手提包及其类似品；鞍具和挽具；其他皮革制品 > 行李箱、手提包及类似物品（皮革、合成革、塑料薄膜、纺织材料、硬化纸板或纸板制成的）；为化妆、缝纫或洗净鞋子与衣服用的旅行物品,6972011590761（白）/6972011590747（绿）,1.99,kgCO2e,5,2023,件
CELESTRA 系列 20” 拉杆箱,"CELESTRA Series 20"" Trolley Suitcase",29220X0022024B,首页 > 食品、饮料和烟草；纺织品，服装和皮革制品 > 皮革和皮革制品；鞋类 > 皮箱、手提包及其类似品；鞍具和挽具；其他皮革制品 > 行李箱、手提包及类似物品（皮革、合成革、塑料薄膜、纺织材料、硬化纸板或纸板制成的）；为化妆、缝纫或洗净鞋子与衣服用的旅行物品,20”,71.8378,kgCO2e,5,2024,个
双肩包,Backpack,29220X0032025B,首页 > 食品、饮料和烟草；纺织品，服装和皮革制品 > 皮革和皮革制品；鞋类 > 皮箱、手提包及其类似品；鞍具和挽具；其他皮革制品 > 行李箱、手提包及类似物品（皮革、合成革、塑料薄膜、纺织材料、硬化纸板或纸板制成的）；为化妆、缝纫或洗净鞋子与衣服用的旅行物品,PILOT,4.68,kgCO2e,5,2025,个
  苯胺/成品皮革,ANILINE/FINISHED LEATHER,29130X0012020A,首页 > 食品、饮料和烟草；纺织品，服装和皮革制品 > 皮革和皮革制品；鞋类 > 鞣制及硝制的皮革；合成革 > 其他去毛的皮革（包括绵羊皮、羊羔皮、山羊或小山羊皮革）；以皮革或皮革纤维制成的合成革,,22.1,kgCO2e,5,2020,平方米
铬鞣牛皮鞋面革,Chrome tanned cow leather upper,29120X0012018A,首页 > 食品、饮料和烟草；纺织品，服装和皮革制品 > 皮革和皮革制品；鞋类 > 鞣制及硝制的皮革；合成革 > 去毛的其他牛皮革及马皮革,,4.3,kgCO2e,5,2018,双
成品牛皮-厚度1.9mm,Finished bovine leather (thickness = 1.9mm),29120X0012014A,首页 > 食品、饮料和烟草；纺织品，服装和皮革制品 > 皮革和皮革制品；鞋类 > 鞣制及硝制的皮革；合成革 > 去毛的其他牛皮革及马皮革,厚度为1.9±0.1mm,79.71,kgCO2e,4,2014,平方米
成品牛皮-厚度1.7mm,Finished bovine leather (thickness = 1.7mm),29120X0022014A,首页 > 食品、饮料和烟草；纺织品，服装和皮革制品 > 皮革和皮革制品；鞋类 > 鞣制及硝制的皮革；合成革 > 去毛的其他牛皮革及马皮革,厚度为1.7±0.1mm,74.41,kgCO2e,4,2014,平方米
成品牛皮-厚度1.5mm,Finished bovine leather (thickness = 1.5mm),29120X0032014A,首页 > 食品、饮料和烟草；纺织品，服装和皮革制品 > 皮革和皮革制品；鞋类 > 鞣制及硝制的皮革；合成革 > 去毛的其他牛皮革及马皮革,厚度为1.5±0.1mm,64.8,kgCO2e,4,2014,平方米
成品牛皮-所有厚度平均,Finished bovine leather (all thicknesses),29120X0052014A,首页 > 食品、饮料和烟草；纺织品，服装和皮革制品 > 皮革和皮革制品；鞋类 > 鞣制及硝制的皮革；合成革 > 去毛的其他牛皮革及马皮革,,73,kgCO2e,4,2014,平方米
家具、鞋类和皮革制品用皮革（牛皮）,"LEATHER FOR FURNITURE, FOOTWEAR AND LEATHER GOODS",29120X0012019A,首页 > 食品、饮料和烟草；纺织品，服装和皮革制品 > 皮革和皮革制品；鞋类 > 鞣制及硝制的皮革；合成革 > 去毛的其他牛皮革及马皮革,,40.32,kgCO2e,5,2019,平方米
鸡肉为主的餐饮组合-区间最低值,Dish Combinations-Chicken (Lowest value of the range),23997X0012020A,首页 > 食品、饮料和烟草；纺织品，服装和皮革制品 > 磨谷制品、淀粉和淀粉制品；其他食品 > 未另列明的食品 > 其他制成的菜肴,,3255.8,gCO2e,5,2020,份
牛肉为主的餐饮组合-区间最低值,Dish Combinations-Beef (Lowest value of the range),23997X0022020A,首页 > 食品、饮料和烟草；纺织品，服装和皮革制品 > 磨谷制品、淀粉和淀粉制品；其他食品 > 未另列明的食品 > 其他制成的菜肴,,3453.5,gCO2e,5,2020,份
猪肉为主的餐饮组合-区间最低值,Dish Combinations-Pork (Lowest value of the range),23997X0032020A,首页 > 食品、饮料和烟草；纺织品，服装和皮革制品 > 磨谷制品、淀粉和淀粉制品；其他食品 > 未另列明的食品 > 其他制成的菜肴,,2278.6,gCO2e,5,2020,份
海鲜为主的餐饮组合-区间最低值,Dish Combinations-Seafood (Lowest value of the range),23997X0042020A,首页 > 食品、饮料和烟草；纺织品，服装和皮革制品 > 磨谷制品、淀粉和淀粉制品；其他食品 > 未另列明的食品 > 其他制成的菜肴,,4522,gCO2e,5,2020,份
蔬菜为主的餐饮组合-区间最低值,Dish Combinations-Vegetable (Lowest value of the range),23997X0052020A,首页 > 食品、饮料和烟草；纺织品，服装和皮革制品 > 磨谷制品、淀粉和淀粉制品；其他食品 > 未另列明的食品 > 其他制成的菜肴,,3094.6,gCO2e,5,2020,份
鸡肉和牛肉为主的餐饮组合-区间最低值,Dish Combinations-Chicken&Beef (Lowest value of the range),23997X0062020A,首页 > 食品、饮料和烟草；纺织品，服装和皮革制品 > 磨谷制品、淀粉和淀粉制品；其他食品 > 未另列明的食品 > 其他制成的菜肴,,2970.7,gCO2e,5,2020,份
鸡肉和猪肉为主的餐饮组合-区间最低值,Dish Combinations-Chicken&Pork (Lowest value of the range),23997X0072020A,首页 > 食品、饮料和烟草；纺织品，服装和皮革制品 > 磨谷制品、淀粉和淀粉制品；其他食品 > 未另列明的食品 > 其他制成的菜肴,,2095.4,gCO2e,5,2020,份
鸡肉和海鲜为主的餐饮组合-区间最低值,Dish Combinations-Chicken&Seafood (Lowest value of the range),23997X0082020A,首页 > 食品、饮料和烟草；纺织品，服装和皮革制品 > 磨谷制品、淀粉和淀粉制品；其他食品 > 未另列明的食品 > 其他制成的菜肴,,3482.4,gCO2e,5,2020,份
鸡肉和蔬菜为主的餐饮组合-区间最低值,Dish Combinations-Chicken&Vegetable (Lowest value of the range),23997X0092020A,首页 > 食品、饮料和烟草；纺织品，服装和皮革制品 > 磨谷制品、淀粉和淀粉制品；其他食品 > 未另列明的食品 > 其他制成的菜肴,,3482.4,gCO2e,5,2020,份
牛肉和猪肉为主的餐饮组合-区间最低值,Dish Combinations-Beef&Pork (Lowest value of the range),23997X0102020A,首页 > 食品、饮料和烟草；纺织品，服装和皮革制品 > 磨谷制品、淀粉和淀粉制品；其他食品 > 未另列明的食品 > 其他制成的菜肴,,2095.4,gCO2e,5,2020,份
牛肉和海鲜为主的餐饮组合-区间最低值,Dish Combinations-Beef&Seafood (Lowest value of the range),23997X0112020A,首页 > 食品、饮料和烟草；纺织品，服装和皮革制品 > 磨谷制品、淀粉和淀粉制品；其他食品 > 未另列明的食品 > 其他制成的菜肴,,3124.1,gCO2e,5,2020,份
牛肉和蔬菜为主的餐饮组合-区间最低值,Dish Combinations-Beef&Vegetable (Lowest value of the range),23997X0122020A,首页 > 食品、饮料和烟草；纺织品，服装和皮革制品 > 磨谷制品、淀粉和淀粉制品；其他食品 > 未另列明的食品 > 其他制成的菜肴,,3482.4,gCO2e,5,2020,份
猪肉和海鲜为主的餐饮组合-区间最低值,Dish Combinations-Pork&Seafood (Lowest value of the range),23997X0132020A,首页 > 食品、饮料和烟草；纺织品，服装和皮革制品 > 磨谷制品、淀粉和淀粉制品；其他食品 > 未另列明的食品 > 其他制成的菜肴,,2316.7,gCO2e,5,2020,份
猪肉和蔬菜为主的餐饮组合-区间最低值,Dish Combinations-Pork&Vegetable (Lowest value of the range),23997X0142020A,首页 > 食品、饮料和烟草；纺织品，服装和皮革制品 > 磨谷制品、淀粉和淀粉制品；其他食品 > 未另列明的食品 > 其他制成的菜肴,,1787.7,gCO2e,5,2020,份
海鲜和蔬菜为主的餐饮组合-区间最低值,Dish Combinations-Seafood&Vegetable (Lowest value of the range),23997X0152020A,首页 > 食品、饮料和烟草；纺织品，服装和皮革制品 > 磨谷制品、淀粉和淀粉制品；其他食品 > 未另列明的食品 > 其他制成的菜肴,,3211.1,gCO2e,5,2020,份
混合餐饮组合-区间最低值,Dish Combinations-Mixed (Lowest value of the range),23997X0162020A,首页 > 食品、饮料和烟草；纺织品，服装和皮革制品 > 磨谷制品、淀粉和淀粉制品；其他食品 > 未另列明的食品 > 其他制成的菜肴,,1821.4,gCO2e,5,2020,份
鸡肉为主的餐饮组合-区间最高值,Dish Combinations-Chicken (Highest value of the range),23997X0172020A,首页 > 食品、饮料和烟草；纺织品，服装和皮革制品 > 磨谷制品、淀粉和淀粉制品；其他食品 > 未另列明的食品 > 其他制成的菜肴,,4309.2,gCO2e,5,2020,份
牛肉为主的餐饮组合-区间最高值,Dish Combinations-Beef (Highest value of the range),23997X0182020A,首页 > 食品、饮料和烟草；纺织品，服装和皮革制品 > 磨谷制品、淀粉和淀粉制品；其他食品 > 未另列明的食品 > 其他制成的菜肴,,5862.3,gCO2e,5,2020,份
猪肉为主的餐饮组合-区间最高值,Dish Combinations-Pork (Highest value of the range),23997X0192020A,首页 > 食品、饮料和烟草；纺织品，服装和皮革制品 > 磨谷制品、淀粉和淀粉制品；其他食品 > 未另列明的食品 > 其他制成的菜肴,,2941.2,gCO2e,5,2020,份
海鲜为主的餐饮组合-区间最高值,Dish Combinations-Seafood (Highest value of the range),23997X0202020A,首页 > 食品、饮料和烟草；纺织品，服装和皮革制品 > 磨谷制品、淀粉和淀粉制品；其他食品 > 未另列明的食品 > 其他制成的菜肴,,4904.6,gCO2e,5,2020,份
蔬菜为主的餐饮组合-区间最高值,Dish Combinations-Vegetable (Highest value of the range),23997X0212020A,首页 > 食品、饮料和烟草；纺织品，服装和皮革制品 > 磨谷制品、淀粉和淀粉制品；其他食品 > 未另列明的食品 > 其他制成的菜肴,,4287,gCO2e,5,2020,份
鸡肉和牛肉为主的餐饮组合-区间最高值,Dish Combinations-Chicken and Beef (Highest value of the range),23997X0222020A,首页 > 食品、饮料和烟草；纺织品，服装和皮革制品 > 磨谷制品、淀粉和淀粉制品；其他食品 > 未另列明的食品 > 其他制成的菜肴,,5862.3,gCO2e,5,2020,份
鸡肉和猪肉为主的餐饮组合-区间最高值,Dish Combinations-Chicken and Pork (Highest value of the range),23997X0232020A,首页 > 食品、饮料和烟草；纺织品，服装和皮革制品 > 磨谷制品、淀粉和淀粉制品；其他食品 > 未另列明的食品 > 其他制成的菜肴,,4864.6,gCO2e,5,2020,份
鸡肉和海鲜为主的餐饮组合-区间最高值,Dish Combinations-Chicken and Seafood (Highest value of the range),23997X0242020A,首页 > 食品、饮料和烟草；纺织品，服装和皮革制品 > 磨谷制品、淀粉和淀粉制品；其他食品 > 未另列明的食品 > 其他制成的菜肴,,4684.4,gCO2e,5,2020,份
鸡肉和蔬菜为主的餐饮组合-区间最高值,Dish Combinations-Chicken and Vegetable (Highest value of the range),23997X0252020A,首页 > 食品、饮料和烟草；纺织品，服装和皮革制品 > 磨谷制品、淀粉和淀粉制品；其他食品 > 未另列明的食品 > 其他制成的菜肴,,4804.5,gCO2e,5,2020,份
牛肉和猪肉为主的餐饮组合-区间最高值,Dish Combinations-Beef and Pork (Highest value of the range),23997X0262020A,首页 > 食品、饮料和烟草；纺织品，服装和皮革制品 > 磨谷制品、淀粉和淀粉制品；其他食品 > 未另列明的食品 > 其他制成的菜肴,,5591.7,gCO2e,5,2020,份
牛肉和海鲜为主的餐饮组合-区间最高值,Dish Combinations-Beef and Seafood (Highest value of the range),23997X0272020A,首页 > 食品、饮料和烟草；纺织品，服装和皮革制品 > 磨谷制品、淀粉和淀粉制品；其他食品 > 未另列明的食品 > 其他制成的菜肴,,5784.1,gCO2e,5,2020,份
牛肉和蔬菜为主的餐饮组合-区间最高值,Dish Combinations-Beef and Vegetable (Highest value of the range),23997X0282020A,首页 > 食品、饮料和烟草；纺织品，服装和皮革制品 > 磨谷制品、淀粉和淀粉制品；其他食品 > 未另列明的食品 > 其他制成的菜肴,,6025.1,gCO2e,5,2020,份
猪肉和海鲜为主的餐饮组合-区间最高值,Dish Combinations-Pork and Seafood (Highest value of the range),23997X0292020A,首页 > 食品、饮料和烟草；纺织品，服装和皮革制品 > 磨谷制品、淀粉和淀粉制品；其他食品 > 未另列明的食品 > 其他制成的菜肴,,3860.5,gCO2e,5,2020,份
猪肉和蔬菜为主的餐饮组合-区间最高值,Dish Combinations-Pork and Vegetable (Highest value of the range),23997X0302020A,首页 > 食品、饮料和烟草；纺织品，服装和皮革制品 > 磨谷制品、淀粉和淀粉制品；其他食品 > 未另列明的食品 > 其他制成的菜肴,,4050.6,gCO2e,5,2020,份
海鲜和蔬菜为主的餐饮组合-区间最高值,Dish Combinations-Seafood and Vegetable (Highest value of the range),23997X0312020A,首页 > 食品、饮料和烟草；纺织品，服装和皮革制品 > 磨谷制品、淀粉和淀粉制品；其他食品 > 未另列明的食品 > 其他制成的菜肴,,3682.3,gCO2e,5,2020,份
混合餐饮组合-区间最高值,Dish Combinations-Mixed (Highest value of the range),23997X0322020A,首页 > 食品、饮料和烟草；纺织品，服装和皮革制品 > 磨谷制品、淀粉和淀粉制品；其他食品 > 未另列明的食品 > 其他制成的菜肴,,6714,gCO2e,5,2020,份
咖啡,coffee,23912X0022023A,首页 > 食品、饮料和烟草；纺织品，服装和皮革制品 > 磨谷制品、淀粉和淀粉制品；其他食品 > 未另列明的食品 > 含有咖啡的咖啡代用品；咖啡提取液、咖啡精、浓缩咖啡和以这类提取液或以咖啡为基料的制品；焙制的菊苣和其他焙制的咖啡代用品以及咖啡提取液、咖啡精或浓缩咖啡；咖啡壳和皮,,66.86,gCO2e,5,2023,杯
咖啡,Coffee drink,23912X0012023A,首页 > 食品、饮料和烟草；纺织品，服装和皮革制品 > 磨谷制品、淀粉和淀粉制品；其他食品 > 未另列明的食品 > 含有咖啡的咖啡代用品；咖啡提取液、咖啡精、浓缩咖啡和以这类提取液或以咖啡为基料的制品；焙制的菊苣和其他焙制的咖啡代用品以及咖啡提取液、咖啡精或浓缩咖啡；咖啡壳和皮,,0.314,gCO2e,5,2023,mL
咖啡-芬兰地区,Coffee- Finland,23911X0012016A,首页 > 食品、饮料和烟草；纺织品，服装和皮革制品 > 磨谷制品、淀粉和淀粉制品；其他食品 > 未另列明的食品 > 咖啡（脱除咖啡因的或焙制的）,,0.7,kgCO2e,4,2016,L
咖啡-循环回收利用,coffee,23911X0012022A,首页 > 食品、饮料和烟草；纺织品，服装和皮革制品 > 磨谷制品、淀粉和淀粉制品；其他食品 > 未另列明的食品 > 咖啡（脱除咖啡因的或焙制的）,,66.86,gCO2e,5,2022,杯
咖啡-一次性使用,coffee,23911X0022022A,首页 > 食品、饮料和烟草；纺织品，服装和皮革制品 > 磨谷制品、淀粉和淀粉制品；其他食品 > 未另列明的食品 > 咖啡（脱除咖啡因的或焙制的）,,70.71,gCO2e,5,2022,杯
咖啡,Coffee,23911X0032018A,首页 > 食品、饮料和烟草；纺织品，服装和皮革制品 > 磨谷制品、淀粉和淀粉制品；其他食品 > 未另列明的食品 > 咖啡（脱除咖啡因的或焙制的）,,0.4,kgCO2e,4,2018,杯
生咖啡-哥斯达黎加,"green coffee-Costa Rica, processed in europe",23911X0042013A,首页 > 食品、饮料和烟草；纺织品，服装和皮革制品 > 磨谷制品、淀粉和淀粉制品；其他食品 > 未另列明的食品 > 咖啡（脱除咖啡因的或焙制的）,,4.82,kgCO2e,4,2013,kg
咖啡-羊皮纸,Coffee-Parchment,23911X0052014A,首页 > 食品、饮料和烟草；纺织品，服装和皮革制品 > 磨谷制品、淀粉和淀粉制品；其他食品 > 未另列明的食品 > 咖啡（脱除咖啡因的或焙制的）,,8.3,kgCO2e,4,2014,kg
可溶性咖啡,’instant’ coffee,23911X0062009A,首页 > 食品、饮料和烟草；纺织品，服装和皮革制品 > 磨谷制品、淀粉和淀粉制品；其他食品 > 未另列明的食品 > 咖啡（脱除咖啡因的或焙制的）,,0.07,kgCO2e,4,2009,dl cup
雀巢金牌濾掛咖啡,Nestle Gold-Dried Coffee,23911X0012022C,首页 > 食品、饮料和烟草；纺织品，服装和皮革制品 > 磨谷制品、淀粉和淀粉制品；其他食品 > 未另列明的食品 > 咖啡（脱除咖啡因的或焙制的）,10x8g,137.5,gCO2e,5,2022,包
豆腐,Tofu,23999X0012008A,首页 > 食品、饮料和烟草；纺织品，服装和皮革制品 > 磨谷制品、淀粉和淀粉制品；其他食品 > 未另列明的食品 > 未另列明的其他食品,,2,kgCO2e,5,2008,kg
豆腐-美国,Tofu-US,23999X0022017A,首页 > 食品、饮料和烟草；纺织品，服装和皮革制品 > 磨谷制品、淀粉和淀粉制品；其他食品 > 未另列明的食品 > 未另列明的其他食品,,1.07,kgCO2e,5,2017,kg
豆腐,Tofu,23999X0082011A,首页 > 食品、饮料和烟草；纺织品，服装和皮革制品 > 磨谷制品、淀粉和淀粉制品；其他食品 > 未另列明的食品 > 未另列明的其他食品,,3.72,kgCO2e,5,2011,kg
豆腐,Tofu,23999X0092011A,首页 > 食品、饮料和烟草；纺织品，服装和皮革制品 > 磨谷制品、淀粉和淀粉制品；其他食品 > 未另列明的食品 > 未另列明的其他食品,,2.54,kgCO2e,5,2011,kg
豆浆,Soymilk,23999X0102010A,首页 > 食品、饮料和烟草；纺织品，服装和皮革制品 > 磨谷制品、淀粉和淀粉制品；其他食品 > 未另列明的食品 > 未另列明的其他食品,,1,kgCO2e,5,2010,L
豆腐,Tofu,23999X0112010A,首页 > 食品、饮料和烟草；纺织品，服装和皮革制品 > 磨谷制品、淀粉和淀粉制品；其他食品 > 未另列明的食品 > 未另列明的其他食品,,0.2,kgCO2e,5,2010,g
蛋黄酱,Mayonnaise,23999X0082012A,首页 > 食品、饮料和烟草；纺织品，服装和皮革制品 > 磨谷制品、淀粉和淀粉制品；其他食品 > 未另列明的食品 > 未另列明的其他食品,,2.04,kgCO2e,4,2012,kg
散装零食,Packaging snacks,23999X0212021C,首页 > 食品、饮料和烟草；纺织品，服装和皮革制品 > 磨谷制品、淀粉和淀粉制品；其他食品 > 未另列明的食品 > 未另列明的其他食品,,417.69,kgCO2e,5,2021,公吨
绿茶-中国,Green Tea - China,23913X0012019A,首页 > 食品、饮料和烟草；纺织品，服装和皮革制品 > 磨谷制品、淀粉和淀粉制品；其他食品 > 未另列明的食品 > 绿茶（未经发酵的）、红茶（发酵过的）和经过部分发酵的茶，即时包装，容量不超过3公斤,,24.3,kgCO2e,4,2019,kg
绿茶-中国山东,"Green Tea - Shandong, China",23913X0022019A,首页 > 食品、饮料和烟草；纺织品，服装和皮革制品 > 磨谷制品、淀粉和淀粉制品；其他食品 > 未另列明的食品 > 绿茶（未经发酵的）、红茶（发酵过的）和经过部分发酵的茶，即时包装，容量不超过3公斤,,30.93,kgCO2e,4,2019,kg
绿茶-中国贵州,"Green Tea - Guizhou, China",23913X0032019A,首页 > 食品、饮料和烟草；纺织品，服装和皮革制品 > 磨谷制品、淀粉和淀粉制品；其他食品 > 未另列明的食品 > 绿茶（未经发酵的）、红茶（发酵过的）和经过部分发酵的茶，即时包装，容量不超过3公斤,,30.63,kgCO2e,4,2019,kg
绿茶-中国江西,"Green Tea - Jiangxi, China",23913X0042019A,首页 > 食品、饮料和烟草；纺织品，服装和皮革制品 > 磨谷制品、淀粉和淀粉制品；其他食品 > 未另列明的食品 > 绿茶（未经发酵的）、红茶（发酵过的）和经过部分发酵的茶，即时包装，容量不超过3公斤,,29.2,kgCO2e,4,2019,kg
绿茶-中国江苏,"Green Tea - Jiangsu, China",23913X0052019A,首页 > 食品、饮料和烟草；纺织品，服装和皮革制品 > 磨谷制品、淀粉和淀粉制品；其他食品 > 未另列明的食品 > 绿茶（未经发酵的）、红茶（发酵过的）和经过部分发酵的茶，即时包装，容量不超过3公斤,,28.87,kgCO2e,4,2019,kg
绿茶-中国浙江,"Green Tea - Zhejiang, China",23913X0062019A,首页 > 食品、饮料和烟草；纺织品，服装和皮革制品 > 磨谷制品、淀粉和淀粉制品；其他食品 > 未另列明的食品 > 绿茶（未经发酵的）、红茶（发酵过的）和经过部分发酵的茶，即时包装，容量不超过3公斤,,28.62,kgCO2e,4,2019,kg
绿茶-中国安徽,"Green Tea - Anhui, China",23913X0072019A,首页 > 食品、饮料和烟草；纺织品，服装和皮革制品 > 磨谷制品、淀粉和淀粉制品；其他食品 > 未另列明的食品 > 绿茶（未经发酵的）、红茶（发酵过的）和经过部分发酵的茶，即时包装，容量不超过3公斤,,27.04,kgCO2e,4,2019,kg
绿茶-中国湖北,"Green Tea - Hubei, China",23913X0082019A,首页 > 食品、饮料和烟草；纺织品，服装和皮革制品 > 磨谷制品、淀粉和淀粉制品；其他食品 > 未另列明的食品 > 绿茶（未经发酵的）、红茶（发酵过的）和经过部分发酵的茶，即时包装，容量不超过3公斤,,25.77,kgCO2e,4,2019,kg
绿茶-中国四川,"Green Tea - Sichuan, China",23913X0092019A,首页 > 食品、饮料和烟草；纺织品，服装和皮革制品 > 磨谷制品、淀粉和淀粉制品；其他食品 > 未另列明的食品 > 绿茶（未经发酵的）、红茶（发酵过的）和经过部分发酵的茶，即时包装，容量不超过3公斤,,25.76,kgCO2e,4,2019,kg
绿茶-中国陕西,"Green tea - Shaanxi, China",23913X0102019A,首页 > 食品、饮料和烟草；纺织品，服装和皮革制品 > 磨谷制品、淀粉和淀粉制品；其他食品 > 未另列明的食品 > 绿茶（未经发酵的）、红茶（发酵过的）和经过部分发酵的茶，即时包装，容量不超过3公斤,,24.15,kgCO2e,4,2019,kg
绿茶-中国湖南,"Green Tea - Hunan, China",23913X0112019A,首页 > 食品、饮料和烟草；纺织品，服装和皮革制品 > 磨谷制品、淀粉和淀粉制品；其他食品 > 未另列明的食品 > 绿茶（未经发酵的）、红茶（发酵过的）和经过部分发酵的茶，即时包装，容量不超过3公斤,,22.47,kgCO2e,4,2019,kg
绿茶-中国福建,"Green Tea - Fujian, China",23913X0122019A,首页 > 食品、饮料和烟草；纺织品，服装和皮革制品 > 磨谷制品、淀粉和淀粉制品；其他食品 > 未另列明的食品 > 绿茶（未经发酵的）、红茶（发酵过的）和经过部分发酵的茶，即时包装，容量不超过3公斤,,20.42,kgCO2e,4,2019,kg
绿茶-中国云南,"Green Tea - Yunnan, China",23913X0132019A,首页 > 食品、饮料和烟草；纺织品，服装和皮革制品 > 磨谷制品、淀粉和淀粉制品；其他食品 > 未另列明的食品 > 绿茶（未经发酵的）、红茶（发酵过的）和经过部分发酵的茶，即时包装，容量不超过3公斤,,20.16,kgCO2e,4,2019,kg
绿茶-中国广东,"Green Tea - Guangdong, China",23913X0142019A,首页 > 食品、饮料和烟草；纺织品，服装和皮革制品 > 磨谷制品、淀粉和淀粉制品；其他食品 > 未另列明的食品 > 绿茶（未经发酵的）、红茶（发酵过的）和经过部分发酵的茶，即时包装，容量不超过3公斤,,20.2,kgCO2e,4,2019,kg
绿茶-中国广西,"Green Tea - Guangxi, China",23913X0152019A,首页 > 食品、饮料和烟草；纺织品，服装和皮革制品 > 磨谷制品、淀粉和淀粉制品；其他食品 > 未另列明的食品 > 绿茶（未经发酵的）、红茶（发酵过的）和经过部分发酵的茶，即时包装，容量不超过3公斤,,19.08,kgCO2e,4,2019,kg
绿茶-中国河南,"Green Tea - Henan, China",23913X0162019A,首页 > 食品、饮料和烟草；纺织品，服装和皮革制品 > 磨谷制品、淀粉和淀粉制品；其他食品 > 未另列明的食品 > 绿茶（未经发酵的）、红茶（发酵过的）和经过部分发酵的茶，即时包装，容量不超过3公斤,,18.42,kgCO2e,4,2019,kg
绿茶-中国重庆,"Green Tea - Chongqing, China",23913X0172019A,首页 > 食品、饮料和烟草；纺织品，服装和皮革制品 > 磨谷制品、淀粉和淀粉制品；其他食品 > 未另列明的食品 > 绿茶（未经发酵的）、红茶（发酵过的）和经过部分发酵的茶，即时包装，容量不超过3公斤,,19.08,kgCO2e,4,2019,kg
袋泡茶,Teabag,23913X0012017A,首页 > 食品、饮料和烟草；纺织品，服装和皮革制品 > 磨谷制品、淀粉和淀粉制品；其他食品 > 未另列明的食品 > 绿茶（未经发酵的）、红茶（发酵过的）和经过部分发酵的茶，即时包装，容量不超过3公斤,,10.76,tCO2e,4,2017,公吨
绿茶-中国,Green Tea - China,23913X0012019C,首页 > 食品、饮料和烟草；纺织品，服装和皮革制品 > 磨谷制品、淀粉和淀粉制品；其他食品 > 未另列明的食品 > 绿茶（未经发酵的）、红茶（发酵过的）和经过部分发酵的茶，即时包装，容量不超过3公斤,,24.3,kgCO2e,5,2019,kg
香蒜酱-意大利,Pesto-Italy,23995X0012018A,首页 > 食品、饮料和烟草；纺织品，服装和皮革制品 > 磨谷制品、淀粉和淀粉制品；其他食品 > 未另列明的食品 > 酱油；混合调味品；芥末粉；芥末制品,,2.6,kgCO2e,4,2018,kg
不含大蒜的香蒜酱-意大利,Pesto Without Garlic-Italy,23995X0022018A,首页 > 食品、饮料和烟草；纺织品，服装和皮革制品 > 磨谷制品、淀粉和淀粉制品；其他食品 > 未另列明的食品 > 酱油；混合调味品；芥末粉；芥末制品,,2.72,kgCO2e,4,2018,kg
压制酵母-欧洲,Yeast Compressed-Europe,23996X0012019A,首页 > 食品、饮料和烟草；纺织品，服装和皮革制品 > 磨谷制品、淀粉和淀粉制品；其他食品 > 未另列明的食品 > 酵母；其他非活性的单细胞微生物；制备好的发酵粉,,0.82,kgCO2e,4,2019,kg
榨汁酵母-欧洲,Yeast Dried-Europe,23996X0022019A,首页 > 食品、饮料和烟草；纺织品，服装和皮革制品 > 磨谷制品、淀粉和淀粉制品；其他食品 > 未另列明的食品 > 酵母；其他非活性的单细胞微生物；制备好的发酵粉,,3.29,kgCO2e,4,2019,kg
液态酵母-欧洲,Yeast Liquid-Europe,23996X0032019A,首页 > 食品、饮料和烟草；纺织品，服装和皮革制品 > 磨谷制品、淀粉和淀粉制品；其他食品 > 未另列明的食品 > 酵母；其他非活性的单细胞微生物；制备好的发酵粉,,0.5,kgCO2e,4,2019,kg
甘薯-全球平均,sweet-potato-global-average,23220X0012011A,首页 > 食品、饮料和烟草；纺织品，服装和皮革制品 > 磨谷制品、淀粉和淀粉制品；其他食品 > 淀粉和淀粉制品；未另列明的糖和糖浆 > 淀粉；菊粉；麦谷朊；糊精和其他变性淀粉,,0.22,kgCO2e,4,2011,kg
面粉,Flour,23220X0012018A,首页 > 食品、饮料和烟草；纺织品，服装和皮革制品 > 磨谷制品、淀粉和淀粉制品；其他食品 > 淀粉和淀粉制品；未另列明的糖和糖浆 > 淀粉；菊粉；麦谷朊；糊精和其他变性淀粉,标粉,0.97978,kgCO2e,5,2018,kg
面粉-中国,Flour-China,23220X0022018C,首页 > 食品、饮料和烟草；纺织品，服装和皮革制品 > 磨谷制品、淀粉和淀粉制品；其他食品 > 淀粉和淀粉制品；未另列明的糖和糖浆 > 淀粉；菊粉；麦谷朊；糊精和其他变性淀粉,标准粉,0.97978,kgCO2e,5,2018,kg
糖料作物-中国,Sugar-China,23210X0012023A,首页 > 食品、饮料和烟草；纺织品，服装和皮革制品 > 磨谷制品、淀粉和淀粉制品；其他食品 > 淀粉和淀粉制品；未另列明的糖和糖浆 > 葡萄糖和葡萄糖浆；果糖及果糖糖浆；转化糖；未另列明的糖和糖浆；人造蜂蜜；焦糖,,0.14,kgCO2e,4,2023,kg
一水结晶葡萄糖,Crystalline Dextrose Monohydrate,23210X0032016B,首页 > 食品、饮料和烟草；纺织品，服装和皮革制品 > 磨谷制品、淀粉和淀粉制品；其他食品 > 淀粉和淀粉制品；未另列明的糖和糖浆 > 葡萄糖和葡萄糖浆；果糖及果糖糖浆；转化糖；未另列明的糖和糖浆；人造蜂蜜；焦糖,,1.48,kgCO2e,5,2016,kg
果糖,Fructose,23210X0042024A,首页 > 食品、饮料和烟草；纺织品，服装和皮革制品 > 磨谷制品、淀粉和淀粉制品；其他食品 > 淀粉和淀粉制品；未另列明的糖和糖浆 > 葡萄糖和葡萄糖浆；果糖及果糖糖浆；转化糖；未另列明的糖和糖浆；人造蜂蜜；焦糖,,2.36,kgCO2e,4,2024,kg
饼干,Biscuits,23420X0012012A,首页 > 食品、饮料和烟草；纺织品，服装和皮革制品 > 磨谷制品、淀粉和淀粉制品；其他食品 > 焙烤食品 > 姜饼和同类食品；甜饼干；华夫饼和薄脆饼,,2.39,kgCO2e,5,2012,kg
巧克力或奶油馅饼干,Chocolatecream filled cookies,23420X0022020A,首页 > 食品、饮料和烟草；纺织品，服装和皮革制品 > 磨谷制品、淀粉和淀粉制品；其他食品 > 焙烤食品 > 姜饼和同类食品；甜饼干；华夫饼和薄脆饼,,2.96,kgCO2e,5,2020,kg
简易饼干,Simple cookie,23420X0032020A,首页 > 食品、饮料和烟草；纺织品，服装和皮革制品 > 磨谷制品、淀粉和淀粉制品；其他食品 > 焙烤食品 > 姜饼和同类食品；甜饼干；华夫饼和薄脆饼,,1.671,kgCO2e,5,2020,kg
调味饼干,Flavored Crackers,23420X0042022A,首页 > 食品、饮料和烟草；纺织品，服装和皮革制品 > 磨谷制品、淀粉和淀粉制品；其他食品 > 焙烤食品 > 姜饼和同类食品；甜饼干；华夫饼和薄脆饼,,1.259,kgCO2e,5,2022,kg
普通饼干,Plain Crackers,23420X0052022A,首页 > 食品、饮料和烟草；纺织品，服装和皮革制品 > 磨谷制品、淀粉和淀粉制品；其他食品 > 焙烤食品 > 姜饼和同类食品；甜饼干；华夫饼和薄脆饼,,1.264,kgCO2e,5,2022,kg
全麦饼干,Wholegrain Crackers,23420X0062022A,首页 > 食品、饮料和烟草；纺织品，服装和皮革制品 > 磨谷制品、淀粉和淀粉制品；其他食品 > 焙烤食品 > 姜饼和同类食品；甜饼干；华夫饼和薄脆饼,,1.283,kgCO2e,5,2022,kg
全麦饼干,Wholegrain Crackers,23420X0072022A,首页 > 食品、饮料和烟草；纺织品，服装和皮革制品 > 磨谷制品、淀粉和淀粉制品；其他食品 > 焙烤食品 > 姜饼和同类食品；甜饼干；华夫饼和薄脆饼,,1.283,kgCO2e,5,2022,kg
全麦饼干,Wholegrain Crackers,23420X0082022A,首页 > 食品、饮料和烟草；纺织品，服装和皮革制品 > 磨谷制品、淀粉和淀粉制品；其他食品 > 焙烤食品 > 姜饼和同类食品；甜饼干；华夫饼和薄脆饼,,1.283,kgCO2e,5,2022,kg
蛋糕,Cakes,23430X0012012A,首页 > 食品、饮料和烟草；纺织品，服装和皮革制品 > 磨谷制品、淀粉和淀粉制品；其他食品 > 焙烤食品 > 糕点和蛋糕,,2.75,kgCO2e,5,2012,kg
蛋糕和羊角面包,Cakes And Croissant,23430X0022020A,首页 > 食品、饮料和烟草；纺织品，服装和皮革制品 > 磨谷制品、淀粉和淀粉制品；其他食品 > 焙烤食品 > 糕点和蛋糕,,2.583,kgCO2e,5,2020,kg
可可蛋糕和羊角面包,Cocoa Cakes And Croissant,23430X0032020A,首页 > 食品、饮料和烟草；纺织品，服装和皮革制品 > 磨谷制品、淀粉和淀粉制品；其他食品 > 焙烤食品 > 糕点和蛋糕,,3.214,kgCO2e,5,2020,kg
可可蛋糕和羊角面包,Cocoa Cakes And Croissant,23430X0042020A,首页 > 食品、饮料和烟草；纺织品，服装和皮革制品 > 磨谷制品、淀粉和淀粉制品；其他食品 > 焙烤食品 > 糕点和蛋糕,,3.214,kgCO2e,5,2020,kg
乌沙蛋黄酥,Bean Paste Egg Custard Cake,23430X0102021C,首页 > 食品、饮料和烟草；纺织品，服装和皮革制品 > 磨谷制品、淀粉和淀粉制品；其他食品 > 焙烤食品 > 糕点和蛋糕,每颗63g±7%,360,gCO2e,5,2021,颗
凤梨酥,pineapple pastry,23430X0112023C,首页 > 食品、饮料和烟草；纺织品，服装和皮革制品 > 磨谷制品、淀粉和淀粉制品；其他食品 > 焙烤食品 > 糕点和蛋糕,,240,gCO2e,5,2023,颗
生产和消费的面包,bread produced and consumed,23490X0012009A,首页 > 食品、饮料和烟草；纺织品，服装和皮革制品 > 磨谷制品、淀粉和淀粉制品；其他食品 > 焙烤食品 > 面包和其他细点,,1244,gCO2e,4,2009,切片
多谷类面包,Bread multicereal,23490X0022020A,首页 > 食品、饮料和烟草；纺织品，服装和皮革制品 > 磨谷制品、淀粉和淀粉制品；其他食品 > 焙烤食品 > 面包和其他细点,,0.883,kgCO2e,5,2020,kg
多谷类面包,Bread multicereal,23490X0032022A,首页 > 食品、饮料和烟草；纺织品，服装和皮革制品 > 磨谷制品、淀粉和淀粉制品；其他食品 > 焙烤食品 > 面包和其他细点,,1.041,kgCO2e,5,2022,kg
面包,Bread,23490X0042010A,首页 > 食品、饮料和烟草；纺织品，服装和皮革制品 > 磨谷制品、淀粉和淀粉制品；其他食品 > 焙烤食品 > 面包和其他细点,,0.2572,kgCO2e,5,2010,kg
面包片,Bread Plain,23490X0052020A,首页 > 食品、饮料和烟草；纺织品，服装和皮革制品 > 磨谷制品、淀粉和淀粉制品；其他食品 > 焙烤食品 > 面包和其他细点,,0.835,kgCO2e,5,2020,kg
面包片,Bread Plain,23490X0062020A,首页 > 食品、饮料和烟草；纺织品，服装和皮革制品 > 磨谷制品、淀粉和淀粉制品；其他食品 > 焙烤食品 > 面包和其他细点,,1.049,kgCO2e,5,2020,kg
全麦面包,Bread Whole,23490X0072022A,首页 > 食品、饮料和烟草；纺织品，服装和皮革制品 > 磨谷制品、淀粉和淀粉制品；其他食品 > 焙烤食品 > 面包和其他细点,,1.248,kgCO2e,5,2022,kg
全麦面包,Bread Whole,23490X0082020A,首页 > 食品、饮料和烟草；纺织品，服装和皮革制品 > 磨谷制品、淀粉和淀粉制品；其他食品 > 焙烤食品 > 面包和其他细点,,1.374,kgCO2e,5,2020,kg
脆皮面包,Crispbread,23490X0092020A,首页 > 食品、饮料和烟草；纺织品，服装和皮革制品 > 磨谷制品、淀粉和淀粉制品；其他食品 > 焙烤食品 > 面包和其他细点,,1.809,kgCO2e,5,2020,kg
塑料包装面包片,Bread Plain(Plastic bag),23490X0102011A,首页 > 食品、饮料和烟草；纺织品，服装和皮革制品 > 磨谷制品、淀粉和淀粉制品；其他食品 > 焙烤食品 > 面包和其他细点,,1.1001,kgCO2e,5,2011,个
纸质包装面包片,Bread Plain(Paper bag),23490X0112010A,首页 > 食品、饮料和烟草；纺织品，服装和皮革制品 > 磨谷制品、淀粉和淀粉制品；其他食品 > 焙烤食品 > 面包和其他细点,,1.131,kgCO2e,5,2010,个
黑麦面包,Rye bread,23490X0122012A,首页 > 食品、饮料和烟草；纺织品，服装和皮革制品 > 磨谷制品、淀粉和淀粉制品；其他食品 > 焙烤食品 > 面包和其他细点,,0.7311,kgCO2e,5,2012,kg
面包,Bread,23490X0132015A,首页 > 食品、饮料和烟草；纺织品，服装和皮革制品 > 磨谷制品、淀粉和淀粉制品；其他食品 > 焙烤食品 > 面包和其他细点,,1.7,kgCO2e,5,2015,kg
面包,Bread,23490X0142015A,首页 > 食品、饮料和烟草；纺织品，服装和皮革制品 > 磨谷制品、淀粉和淀粉制品；其他食品 > 焙烤食品 > 面包和其他细点,,1.48,kgCO2e,5,2015,kg
小麦面包,Wheat bread,23490X0152010A,首页 > 食品、饮料和烟草；纺织品，服装和皮革制品 > 磨谷制品、淀粉和淀粉制品；其他食品 > 焙烤食品 > 面包和其他细点,,0.42,kgCO2e,5,2010,kg
小麦面包,Wheat bread,23490X0162006A,首页 > 食品、饮料和烟草；纺织品，服装和皮革制品 > 磨谷制品、淀粉和淀粉制品；其他食品 > 焙烤食品 > 面包和其他细点,,0.84,kgCO2e,5,2006,kg
面包片,Bread Plain,23490X0012016A,首页 > 食品、饮料和烟草；纺织品，服装和皮革制品 > 磨谷制品、淀粉和淀粉制品；其他食品 > 焙烤食品 > 面包和其他细点,,0.9,kgCO2e,4,2016,kg
吐司-105克~130克每包,Toast - 105g~130g,23490X0012023C,首页 > 食品、饮料和烟草；纺织品，服装和皮革制品 > 磨谷制品、淀粉和淀粉制品；其他食品 > 焙烤食品 > 面包和其他细点,,0.18,kgCO2e,5,2023,包
吐司-370克~382克每包,Toast - 370g~382g,23490X0022023C,首页 > 食品、饮料和烟草；纺织品，服装和皮革制品 > 磨谷制品、淀粉和淀粉制品；其他食品 > 焙烤食品 > 面包和其他细点,,0.5833,kgCO2e,5,2023,包
苜蓿鲜草-中国黄土高坡,Alfalfa - high slopes of Chinese loess,23319X0022020A,首页 > 食品、饮料和烟草；纺织品，服装和皮革制品 > 磨谷制品、淀粉和淀粉制品；其他食品 > 用作家畜饲养的制品，苜蓿（紫苜蓿）粗粉和团粒 > 用作未另列明的家畜饲养的制品,,314.6,kgCO2e,5,2020,公吨
葛莉思犬食,GREENS DOG FOOD,23311X0012022C,首页 > 食品、饮料和烟草；纺织品，服装和皮革制品 > 磨谷制品、淀粉和淀粉制品；其他食品 > 用作家畜饲养的制品，苜蓿（紫苜蓿）粗粉和团粒 > 零售狗粮或猫粮,羊肉口味,10,kgCO2e,5,2022,包
玉米,Corn,23140X0012017A,首页 > 食品、饮料和烟草；纺织品，服装和皮革制品 > 磨谷制品、淀粉和淀粉制品；其他食品 > 磨谷制品 > 其他谷物制品（包括玉米片）,,0.72,kgCO2e,5,2017,kg
玉米,Corn,23140X0022015A,首页 > 食品、饮料和烟草；纺织品，服装和皮革制品 > 磨谷制品、淀粉和淀粉制品；其他食品 > 磨谷制品 > 其他谷物制品（包括玉米片）,,0.55,kgCO2e,5,2015,kg
玉米,Corn,23140X0042011A,首页 > 食品、饮料和烟草；纺织品，服装和皮革制品 > 磨谷制品、淀粉和淀粉制品；其他食品 > 磨谷制品 > 其他谷物制品（包括玉米片）,,0.764,kgCO2e,5,2011,kg
玉米,Corn,23140X0052012A,首页 > 食品、饮料和烟草；纺织品，服装和皮革制品 > 磨谷制品、淀粉和淀粉制品；其他食品 > 磨谷制品 > 其他谷物制品（包括玉米片）,,1.04,kgCO2e,5,2012,kg
玉米,Corn,23140X0062009A,首页 > 食品、饮料和烟草；纺织品，服装和皮革制品 > 磨谷制品、淀粉和淀粉制品；其他食品 > 磨谷制品 > 其他谷物制品（包括玉米片）,,0.8,kgCO2e,5,2009,kg
食用玉米,Maize(Meal),23140X0072010A,首页 > 食品、饮料和烟草；纺织品，服装和皮革制品 > 磨谷制品、淀粉和淀粉制品；其他食品 > 磨谷制品 > 其他谷物制品（包括玉米片）,,0.4,kgCO2e,5,2010,kg
玉米,maize,23140X0082013A,首页 > 食品、饮料和烟草；纺织品，服装和皮革制品 > 磨谷制品、淀粉和淀粉制品；其他食品 > 磨谷制品 > 其他谷物制品（包括玉米片）,,0.48,kgCO2e,3,2013,kg
玉米,maize,23140X0092013A,首页 > 食品、饮料和烟草；纺织品，服装和皮革制品 > 磨谷制品、淀粉和淀粉制品；其他食品 > 磨谷制品 > 其他谷物制品（包括玉米片）,,1.64,kgCO2e,4,2013,kg
大米-中国湖北,Rice-Hubei Province of China,23161X0012016A,首页 > 食品、饮料和烟草；纺织品，服装和皮革制品 > 磨谷制品、淀粉和淀粉制品；其他食品 > 磨谷制品 > 半碾或全碾的稻米,,5.39,tCO2e,4,2016,公吨
水稻,rice production,23161X0012012A,首页 > 食品、饮料和烟草；纺织品，服装和皮革制品 > 磨谷制品、淀粉和淀粉制品；其他食品 > 磨谷制品 > 半碾或全碾的稻米,,1.2321,tCO2e,4,2012,公吨
杭州余杭区径山前溪大米,"Rice - Qianxi Village, Jingshan Town, Yuhang District, Hangzhou City, Zhejiang Province",23161X0022024B,首页 > 食品、饮料和烟草；纺织品，服装和皮革制品 > 磨谷制品、淀粉和淀粉制品；其他食品 > 磨谷制品 > 半碾或全碾的稻米,,1.6428,kgCO2e,5,2024,kg
燕麦,Oat,23130X0012010A,首页 > 食品、饮料和烟草；纺织品，服装和皮革制品 > 磨谷制品、淀粉和淀粉制品；其他食品 > 磨谷制品 > 小麦和其他谷物的去壳谷粉、粗粉和团粒,,0.9,kgCO2e,5,2010,kg
食用燕麦,Eating oatmeal,23130X0022019A,首页 > 食品、饮料和烟草；纺织品，服装和皮革制品 > 磨谷制品、淀粉和淀粉制品；其他食品 > 磨谷制品 > 小麦和其他谷物的去壳谷粉、粗粉和团粒,,0.531,kgCO2e,5,2019,kg
燕麦,oat,23130X0032014A,首页 > 食品、饮料和烟草；纺织品，服装和皮革制品 > 磨谷制品、淀粉和淀粉制品；其他食品 > 磨谷制品 > 小麦和其他谷物的去壳谷粉、粗粉和团粒,,0.68,kgCO2e,4,2014,kg
燕麦,oat,23130X0042009A,首页 > 食品、饮料和烟草；纺织品，服装和皮革制品 > 磨谷制品、淀粉和淀粉制品；其他食品 > 磨谷制品 > 小麦和其他谷物的去壳谷粉、粗粉和团粒,,0.47,kgCO2e,5,2009,kg
玉米,Corn,23130X0062015A,首页 > 食品、饮料和烟草；纺织品，服装和皮革制品 > 磨谷制品、淀粉和淀粉制品；其他食品 > 磨谷制品 > 小麦和其他谷物的去壳谷粉、粗粉和团粒,,0.5,kgCO2e,4,2015,kg
食用燕麦,Eating oatmeal,23130X0012019C,首页 > 食品、饮料和烟草；纺织品，服装和皮革制品 > 磨谷制品、淀粉和淀粉制品；其他食品 > 磨谷制品 > 小麦和其他谷物的去壳谷粉、粗粉和团粒,,463.68,kgCO2e,5,2019,公吨
行健有机糙米,Organic Brown Rice,23162X0012020C,首页 > 食品、饮料和烟草；纺织品，服装和皮革制品 > 磨谷制品、淀粉和淀粉制品；其他食品 > 磨谷制品 > 糙米,品種高雄145,1.1,kgCO2e,5,2020,包
食用糖-泰国,Edible sugar-Thailand,23530X0012007A,首页 > 食品、饮料和烟草；纺织品，服装和皮革制品 > 磨谷制品、淀粉和淀粉制品；其他食品 > 糖和糖蜜 > 固体的、加香料或着色物质的精制蔗糖或甜菜糖；槭糖槭糖糖浆,,0.55,tCO2e,5,2007,公吨
甜菜糖,Brown sugar,23512X0012010A,首页 > 食品、饮料和烟草；纺织品，服装和皮革制品 > 磨谷制品、淀粉和淀粉制品；其他食品 > 糖和糖蜜 > 甜菜糖,,1.8,kgCO2e,4,2010,kg
甜菜糖-丹麦,Beet Sugar-Denmark,23512X0022010A,首页 > 食品、饮料和烟草；纺织品，服装和皮革制品 > 磨谷制品、淀粉和淀粉制品；其他食品 > 糖和糖蜜 > 甜菜糖,,0.96,kgCO2e,4,2010,kg
甜菜糖-意大利,Beet Sugar-Italy,23512X0032017A,首页 > 食品、饮料和烟草；纺织品，服装和皮革制品 > 磨谷制品、淀粉和淀粉制品；其他食品 > 糖和糖蜜 > 甜菜糖,,1.14,kgCO2e,4,2017,kg
甜菜糖-德国,Beet Sugar-Germany,23512X0041998A,首页 > 食品、饮料和烟草；纺织品，服装和皮革制品 > 磨谷制品、淀粉和淀粉制品；其他食品 > 糖和糖蜜 > 甜菜糖,,0.23,kgCO2e,4,1998,kg
甜菜糖-中国,Beet Sugar-China,23512X0052016A,首页 > 食品、饮料和烟草；纺织品，服装和皮革制品 > 磨谷制品、淀粉和淀粉制品；其他食品 > 糖和糖蜜 > 甜菜糖,,0.64,kgCO2e,4,2016,kg
甘蔗糖-墨西哥,Beet Sugar-Mexico,23512X0062016A,首页 > 食品、饮料和烟草；纺织品，服装和皮革制品 > 磨谷制品、淀粉和淀粉制品；其他食品 > 糖和糖蜜 > 甜菜糖,,0.54,kgCO2e,4,2016,kg
蔗糖-印尼东爪哇,Cane Sugar-East Java,23511X0012019A,首页 > 食品、饮料和烟草；纺织品，服装和皮革制品 > 磨谷制品、淀粉和淀粉制品；其他食品 > 糖和糖蜜 > 蔗糖,,9807.18,kgCO2e,4,2019,公吨
甘蔗糖-墨西哥,Cane sugar-Mexico,23511X0022014A,首页 > 食品、饮料和烟草；纺织品，服装和皮革制品 > 磨谷制品、淀粉和淀粉制品；其他食品 > 糖和糖蜜 > 蔗糖,,0.63,kgCO2e,4,2014,kg
蔗糖,Sucrose,23511X0012010A,首页 > 食品、饮料和烟草；纺织品，服装和皮革制品 > 磨谷制品、淀粉和淀粉制品；其他食品 > 糖和糖蜜 > 蔗糖,,3.2,kgCO2e,4,2010,kg
蔗糖-泰国,Cane Sugar-Thailand,23511X0032007A,首页 > 食品、饮料和烟草；纺织品，服装和皮革制品 > 磨谷制品、淀粉和淀粉制品；其他食品 > 糖和糖蜜 > 蔗糖,,0.55,kgCO2e,4,2007,kg
甘蔗糖-中国,Cane Sugar-China,23511X0022016A,首页 > 食品、饮料和烟草；纺织品，服装和皮革制品 > 磨谷制品、淀粉和淀粉制品；其他食品 > 糖和糖蜜 > 蔗糖,,0.48,kgCO2e,4,2016,kg
甘蔗糖-澳大利亚,Cane Sugar-Australia,23511X0032010A,首页 > 食品、饮料和烟草；纺织品，服装和皮革制品 > 磨谷制品、淀粉和淀粉制品；其他食品 > 糖和糖蜜 > 蔗糖,,0.46,kgCO2e,4,2010,kg
蔗糖-世界,Cane Sugar-World,23511X0042018A,首页 > 食品、饮料和烟草；纺织品，服装和皮革制品 > 磨谷制品、淀粉和淀粉制品；其他食品 > 糖和糖蜜 > 蔗糖,,0.9,kgCO2e,4,2018,kg
统一肉臊味方便面（85g),Uni-President instant noodle pastry(85g),23710X0202022A,首页 > 食品、饮料和烟草；纺织品，服装和皮革制品 > 磨谷制品、淀粉和淀粉制品；其他食品 > 通心粉、面条、蒸粗麦粉和类似面粉制品 > 干意面、面条（未煮熟的、未填料或以其他方式制备的）,,190,gCO2e,5,2022,包
意大利面,Pasta-Italy,23710X0012018A,首页 > 食品、饮料和烟草；纺织品，服装和皮革制品 > 磨谷制品、淀粉和淀粉制品；其他食品 > 通心粉、面条、蒸粗麦粉和类似面粉制品 > 干意面、面条（未煮熟的、未填料或以其他方式制备的）,意大利面-意大利,3.33,kgCO2e,4,2018,kg
意大利面,Egg Pasta-UK,23710X0022012A,首页 > 食品、饮料和烟草；纺织品，服装和皮革制品 > 磨谷制品、淀粉和淀粉制品；其他食品 > 通心粉、面条、蒸粗麦粉和类似面粉制品 > 干意面、面条（未煮熟的、未填料或以其他方式制备的）,鸡蛋意大利面-英国,3.33,kgCO2e,4,2012,kg
面粉-华北,Flour-North China,23710X0132009A,首页 > 食品、饮料和烟草；纺织品，服装和皮革制品 > 磨谷制品、淀粉和淀粉制品；其他食品 > 通心粉、面条、蒸粗麦粉和类似面粉制品 > 干意面、面条（未煮熟的、未填料或以其他方式制备的）,,0.78,tCO2e,4,2009,公吨
格拉汉面粉-瑞典,Graham Flour-Sweden,23710X0142010A,首页 > 食品、饮料和烟草；纺织品，服装和皮革制品 > 磨谷制品、淀粉和淀粉制品；其他食品 > 通心粉、面条、蒸粗麦粉和类似面粉制品 > 干意面、面条（未煮熟的、未填料或以其他方式制备的）,,0.47,kgCO2e,4,2010,kg
玉米粉-中国,Maize Flour-China,23710X0152017A,首页 > 食品、饮料和烟草；纺织品，服装和皮革制品 > 磨谷制品、淀粉和淀粉制品；其他食品 > 通心粉、面条、蒸粗麦粉和类似面粉制品 > 干意面、面条（未煮熟的、未填料或以其他方式制备的）,,1.31,kgCO2e,4,2017,kg
小麦粉-中国,Millet Flour-China,23710X0162017A,首页 > 食品、饮料和烟草；纺织品，服装和皮革制品 > 磨谷制品、淀粉和淀粉制品；其他食品 > 通心粉、面条、蒸粗麦粉和类似面粉制品 > 干意面、面条（未煮熟的、未填料或以其他方式制备的）,,1.37,kgCO2e,4,2017,kg
燕麦粉-瑞典,Oatmeal Flour-Sweden,23710X0172013A,首页 > 食品、饮料和烟草；纺织品，服装和皮革制品 > 磨谷制品、淀粉和淀粉制品；其他食品 > 通心粉、面条、蒸粗麦粉和类似面粉制品 > 干意面、面条（未煮熟的、未填料或以其他方式制备的）,,1.01,kgCO2e,4,2013,kg
燕麦粉-中国,Oatmeal Flour-China,23710X0182017A,首页 > 食品、饮料和烟草；纺织品，服装和皮革制品 > 磨谷制品、淀粉和淀粉制品；其他食品 > 通心粉、面条、蒸粗麦粉和类似面粉制品 > 干意面、面条（未煮熟的、未填料或以其他方式制备的）,,2.32,kgCO2e,4,2017,kg
黑麦粉-中国,Sorghum Flour-China,23710X0192017A,首页 > 食品、饮料和烟草；纺织品，服装和皮革制品 > 磨谷制品、淀粉和淀粉制品；其他食品 > 通心粉、面条、蒸粗麦粉和类似面粉制品 > 干意面、面条（未煮熟的、未填料或以其他方式制备的）,,1.33,kgCO2e,4,2017,kg
方便面,instant noodles,23710X0012021C,首页 > 食品、饮料和烟草；纺织品，服装和皮革制品 > 磨谷制品、淀粉和淀粉制品；其他食品 > 通心粉、面条、蒸粗麦粉和类似面粉制品 > 干意面、面条（未煮熟的、未填料或以其他方式制备的）,,435.83,kgCO2e,5,2021,公吨
意大利面-土耳其,Pasta-Turkey,23721X0012020A,首页 > 食品、饮料和烟草；纺织品，服装和皮革制品 > 磨谷制品、淀粉和淀粉制品；其他食品 > 通心粉、面条、蒸粗麦粉和类似面粉制品 > 熟意面和面条（填料的或以其他方式制备好的）；蒸粗麦粉,,0.92,kgCO2e,4,2020,kg
意大利面-世界,Pasta-World,23721X0022020A,首页 > 食品、饮料和烟草；纺织品，服装和皮革制品 > 磨谷制品、淀粉和淀粉制品；其他食品 > 通心粉、面条、蒸粗麦粉和类似面粉制品 > 熟意面和面条（填料的或以其他方式制备好的）；蒸粗麦粉,,1.01,kgCO2e,4,2020,kg
意大利面-希腊,Pasta-Greece,23721X0032020A,首页 > 食品、饮料和烟草；纺织品，服装和皮革制品 > 磨谷制品、淀粉和淀粉制品；其他食品 > 通心粉、面条、蒸粗麦粉和类似面粉制品 > 熟意面和面条（填料的或以其他方式制备好的）；蒸粗麦粉,,1.26,kgCO2e,4,2020,kg
意大利面-美国,Pasta-USA,23721X0042020A,首页 > 食品、饮料和烟草；纺织品，服装和皮革制品 > 磨谷制品、淀粉和淀粉制品；其他食品 > 通心粉、面条、蒸粗麦粉和类似面粉制品 > 熟意面和面条（填料的或以其他方式制备好的）；蒸粗麦粉,,1.6,kgCO2e,4,2020,kg
意大利面,Egg Pasta-USA,23721X0012017A,首页 > 食品、饮料和烟草；纺织品，服装和皮革制品 > 磨谷制品、淀粉和淀粉制品；其他食品 > 通心粉、面条、蒸粗麦粉和类似面粉制品 > 熟意面和面条（填料的或以其他方式制备好的）；蒸粗麦粉,鸡蛋意大利面-美国,2.51,kgCO2e,4,2017,kg
意大利面,Egg Pasta-Italy,23721X0022017A,首页 > 食品、饮料和烟草；纺织品，服装和皮革制品 > 磨谷制品、淀粉和淀粉制品；其他食品 > 通心粉、面条、蒸粗麦粉和类似面粉制品 > 熟意面和面条（填料的或以其他方式制备好的）；蒸粗麦粉,鸡蛋意大利面-意大利,2.41,kgCO2e,4,2017,kg
粘合衬基布,Adhesive interlining,26710X0012021C,首页 > 食品、饮料和烟草；纺织品，服装和皮革制品 > 纱和线；机织织物和簇绒织物 > 人造长丝及人造短纤维机织织物（特种织物除外） > 由尼龙或其他聚酰胺、聚脂或粘胶丝等高强力纱线中获得的人造长丝纱机织织物；从刺毛皮和类似之物中获得的合成长丝机织织物；由按一定角度相互重叠的平行合成纤维长丝构成的各层在丝与丝相交处用粘结剂结成的机织织物（包括网状帘子布）,,1.133,kgCO2e,5,2021,万米
涤棉染色织物,Dyed fabric in polyester cotton,26690X0012011A,首页 > 食品、饮料和烟草；纺织品，服装和皮革制品 > 纱和线；机织织物和簇绒织物 > 棉机织织物（特种织物除外） > 其他棉机织织物,,5.47,tCO2e,4,2011,公吨
粘合衬基布,Adhesive lining fabric,26690X0082019B,首页 > 食品、饮料和烟草；纺织品，服装和皮革制品 > 纱和线；机织织物和簇绒织物 > 棉机织织物（特种织物除外） > 其他棉机织织物,,1.133,tCO2e,5,2019,万米
纱布绷带,gauze bandage,26690X0022024B,首页 > 食品、饮料和烟草；纺织品，服装和皮革制品 > 纱和线；机织织物和簇绒织物 > 棉机织织物（特种织物除外） > 其他棉机织织物,24/30×20,0.13,kgCO2e,5,2024,个
JY-XG21038 布料,JY-XG21038 Fabric,26690X0032023B,首页 > 食品、饮料和烟草；纺织品，服装和皮革制品 > 纱和线；机织织物和簇绒织物 > 棉机织织物（特种织物除外） > 其他棉机织织物,JY-XG21038,8.63,kgCO2e,5,2023,kg
全棉面料,100% cotton fabric,26690X0042024B,首页 > 食品、饮料和烟草；纺织品，服装和皮革制品 > 纱和线；机织织物和簇绒织物 > 棉机织织物（特种织物除外） > 其他棉机织织物,HD62851,5.0131,kgCO2e,5,2024,平方米
针织服装面料（黑色）,Knitwear Fabric (Black),26690X0052024B,首页 > 食品、饮料和烟草；纺织品，服装和皮革制品 > 纱和线；机织织物和簇绒织物 > 棉机织织物（特种织物除外） > 其他棉机织织物,黑色,0.741,kgCO2e,5,2024,平方米
针织服装面料（中浅色）,Knitwear Fabric (Medium to Light Colors),26690X0062024B,首页 > 食品、饮料和烟草；纺织品，服装和皮革制品 > 纱和线；机织织物和簇绒织物 > 棉机织织物（特种织物除外） > 其他棉机织织物,中浅色,0.376,kgCO2e,5,2024,平方米
白坯布,Unbleached cotton fabric,26690X0072023B,首页 > 食品、饮料和烟草；纺织品，服装和皮革制品 > 纱和线；机织织物和簇绒织物 > 棉机织织物（特种织物除外） > 其他棉机织织物,,6.924,kgCO2e,5,2023,米
珍珠棉包装,EPE (Expanded Polyethylene),26630X0012014A,首页 > 食品、饮料和烟草；纺织品，服装和皮革制品 > 纱和线；机织织物和簇绒织物 > 棉机织织物（特种织物除外） > 棉机织织物（含棉重量低于85%、主要或仅仅与人造纤维混纺）,,1.574,kgCO2e,4,2014,kg
再生涤纶短纤维,Recycled polyester fiber,26210X0012020C,首页 > 食品、饮料和烟草；纺织品，服装和皮革制品 > 纱和线；机织织物和簇绒织物 > 纺前加工的人造纺织纤维 > 合成纺织纤维（纺前加工）,,537.42,kgCO2e,5,2020,公吨
锦纶66工业纤维,Nylon 66 industrial fiber,26210X0022021C,首页 > 食品、饮料和烟草；纺织品，服装和皮革制品 > 纱和线；机织织物和簇绒织物 > 纺前加工的人造纺织纤维 > 合成纺织纤维（纺前加工）,,1670,kgCO2e,5,2021,公吨
再生纤维长丝,recycled polyester filaments,26410X0012022A,首页 > 食品、饮料和烟草；纺织品，服装和皮革制品 > 纱和线；机织织物和簇绒织物 > 纺织用人造长丝或短纤维纱及线 > 人造长丝或短纤维制成的缝纫线,,1.1721,kgCO2e,5,2022,kg
原生纤维长丝,virgin filaments,26410X0022022A,首页 > 食品、饮料和烟草；纺织品，服装和皮革制品 > 纱和线；机织织物和簇绒织物 > 纺织用人造长丝或短纤维纱及线 > 人造长丝或短纤维制成的缝纫线,,1.4929,kgCO2e,5,2022,kg
循环再利用氨纶丝,Recycled spandex yarn,26410X0032023B,首页 > 食品、饮料和烟草；纺织品，服装和皮革制品 > 纱和线；机织织物和簇绒织物 > 纺织用人造长丝或短纤维纱及线 > 人造长丝或短纤维制成的缝纫线,,7.682,kgCO2e,5,2023,kg
再生PET长丝,Recycled PET Filament,26422X0012022C,首页 > 食品、饮料和烟草；纺织品，服装和皮革制品 > 纱和线；机织织物和簇绒织物 > 纺织用人造长丝或短纤维纱及线 > 人造长丝纱（缝纫线除外），供零售,,1.1721,kgCO2e,5,2022,100 kg
原生PET长丝,Virgin PET Filament,26422X0022022C,首页 > 食品、饮料和烟草；纺织品，服装和皮革制品 > 纱和线；机织织物和簇绒织物 > 纺织用人造长丝或短纤维纱及线 > 人造长丝纱（缝纫线除外），供零售,,1.4929,kgCO2e,5,2022,100 kg
纺织品（纱线）,Textiles (yarn),26422X0032022B,首页 > 食品、饮料和烟草；纺织品，服装和皮革制品 > 纱和线；机织织物和簇绒织物 > 纺织用人造长丝或短纤维纱及线 > 人造长丝纱（缝纫线除外），供零售,,2.8194,tCO2e,5,2022,公吨
纱线产品（50%粘胶 27%锦纶 23%PBT 2/48公支 包芯纱）,"Yarn Product (50% Viscose, 27% Nylon, 23% PBT, 2/48 count, Core-spun Yarn)",26422X0042023B,首页 > 食品、饮料和烟草；纺织品，服装和皮革制品 > 纱和线；机织织物和簇绒织物 > 纺织用人造长丝或短纤维纱及线 > 人造长丝纱（缝纫线除外），供零售,50%粘胶 27%锦纶 23%PBT 2/48公支,8.44,kgCO2e,5,2023,kg
香云纱面料,Muslin fabric,26310X0012012A,首页 > 食品、饮料和烟草；纺织品，服装和皮革制品 > 纱和线；机织织物和簇绒织物 > 纺织用天然纤维纱及线 > 丝线及废丝纺成的线；蚕胶丝,,18.8,kgCO2e,4,2012,kg
香云纱面料,Silk fabric,26310X0022010A,首页 > 食品、饮料和烟草；纺织品，服装和皮革制品 > 纱和线；机织织物和簇绒织物 > 纺织用天然纤维纱及线 > 丝线及废丝纺成的线；蚕胶丝,,18.8,kgCO2e,5,2010,kg
再生棉纱,Recycled cotton,26370X0012020C,首页 > 食品、饮料和烟草；纺织品，服装和皮革制品 > 纱和线；机织织物和簇绒织物 > 纺织用天然纤维纱及线 > 棉纱（含棉重量少于85%，缝纫线除外）,,4380,kgCO2e,5,2020,公吨
纯棉普梳纱,Cotton yarn,26360X0012014A,首页 > 食品、饮料和烟草；纺织品，服装和皮革制品 > 纱和线；机织织物和簇绒织物 > 纺织用天然纤维纱及线 > 棉纱（含棉重量达85%或85%以上，缝纫线除外）,,4738.782,kgCO2e,5,2014,公吨
纯棉纱,Pure cotton yarn,26360X0012021C,首页 > 食品、饮料和烟草；纺织品，服装和皮革制品 > 纱和线；机织织物和簇绒织物 > 纺织用天然纤维纱及线 > 棉纱（含棉重量达85%或85%以上，缝纫线除外）,60英支,9673,kgCO2e,5,2021,公吨
精纺羊毛织物,worsted wool fabric,26320X0012015A,首页 > 食品、饮料和烟草；纺织品，服装和皮革制品 > 纱和线；机织织物和簇绒织物 > 纺织用天然纤维纱及线 > 羊毛纱（含羊毛重量达85%及以上）,,24.71,tCO2e,5,2015,公吨
染色羊绒纤维,dyed cashmere fibers,26320X0022024B,首页 > 食品、饮料和烟草；纺织品，服装和皮革制品 > 纱和线；机织织物和簇绒织物 > 纺织用天然纤维纱及线 > 羊毛纱（含羊毛重量达85%及以上）,100%羊绒,49.5243,kgCO2e,5,2024,kg
亚麻纤维织物,Flax Fiber,26560X0012011A,首页 > 食品、饮料和烟草；纺织品，服装和皮革制品 > 纱和线；机织织物和簇绒织物 > 除棉线外的天然纤维机织织物（特种织物除外） > 亚麻机织织物,,21.63,tCO2e,4,2011,公吨
亚麻纤维织物,Flax Fiber,26560X0022020A,首页 > 食品、饮料和烟草；纺织品，服装和皮革制品 > 纱和线；机织织物和簇绒织物 > 除棉线外的天然纤维机织织物（特种织物除外） > 亚麻机织织物,,21.6,kgCO2e,5,2020,kg
90 支黑色纯毛哔叽,90 thread black pure wool serge,26530X0012014A,首页 > 食品、饮料和烟草；纺织品，服装和皮革制品 > 纱和线；机织织物和簇绒织物 > 除棉线外的天然纤维机织织物（特种织物除外） > 精梳羊毛或精梳动物细毛机织织物（含羊毛或动物细毛重量达85%或85%以上）,90 支,22.878,kgCO2e,5,2014,kg
80 支灰色纯毛哔叽,80 thread grey pure wool serge,26530X0022014A,首页 > 食品、饮料和烟草；纺织品，服装和皮革制品 > 纱和线；机织织物和簇绒织物 > 除棉线外的天然纤维机织织物（特种织物除外） > 精梳羊毛或精梳动物细毛机织织物（含羊毛或动物细毛重量达85%或85%以上）,80 支,21.163,kgCO2e,5,2014,kg
70 支蓝色纯毛哔叽,70 thread blue pure wool serge,26530X0032014A,首页 > 食品、饮料和烟草；纺织品，服装和皮革制品 > 纱和线；机织织物和簇绒织物 > 除棉线外的天然纤维机织织物（特种织物除外） > 精梳羊毛或精梳动物细毛机织织物（含羊毛或动物细毛重量达85%或85%以上）,70 支,23.612,kgCO2e,5,2014,kg
羊毛布条,Wool cloth strips,26530X0042006A,首页 > 食品、饮料和烟草；纺织品，服装和皮革制品 > 纱和线；机织织物和簇绒织物 > 除棉线外的天然纤维机织织物（特种织物除外） > 精梳羊毛或精梳动物细毛机织织物（含羊毛或动物细毛重量达85%或85%以上）,,2.32,tCO2e,4,2006,公吨
地毯,carpet,27230X0432023B,首页 > 食品、饮料和烟草；纺织品，服装和皮革制品 > 纺织制成品（服装除外） > 地毯及其他铺地织物 > 簇绒地毯及其他铺地织物,"VOXFLOR® Certified Nylon, ECOAce-Bac, 常规规格",2.6857,kgCO2e,5,2023,kg
地毯,Carpet,27230X0442023B,首页 > 食品、饮料和烟草；纺织品，服装和皮革制品 > 纺织制成品（服装除外） > 地毯及其他铺地织物 > 簇绒地毯及其他铺地织物,,3.94,kgCO2e,5,2023,kg
织物,Fabric,27996X0012021A,首页 > 食品、饮料和烟草；纺织品，服装和皮革制品 > 纺织制成品（服装除外） > 未另列明的纺织品 > 尼龙或其他聚酰胺、聚脂、粘胶人造纤维的高强度纱线织的轮胎帘子布,,5.8,kgCO2e,3,2021,kg
涤纶纺织品,Polyester textiles,27997X0012012A,首页 > 食品、饮料和烟草；纺织品，服装和皮革制品 > 纺织制成品（服装除外） > 未另列明的纺织品 > 未另列明的已浸渍已涂层或涂料的纺织品,,25.7,tCO2e,4,2012,公吨
毛纺织、染整加工产品,Wool textiles,27997X0012011A,首页 > 食品、饮料和烟草；纺织品，服装和皮革制品 > 纺织制成品（服装除外） > 未另列明的纺织品 > 未另列明的已浸渍已涂层或涂料的纺织品,,13.81,tCO2e,4,2011,公吨
纯棉染色织物,Dyed fabric in pure cotton,27997X0022011A,首页 > 食品、饮料和烟草；纺织品，服装和皮革制品 > 纺织制成品（服装除外） > 未另列明的纺织品 > 未另列明的已浸渍已涂层或涂料的纺织品,,11.16,kgCO2e,4,2011,件
涤纶染色绒, Dyed polyester,27997X0042021C,首页 > 食品、饮料和烟草；纺织品，服装和皮革制品 > 纺织制成品（服装除外） > 未另列明的纺织品 > 未另列明的已浸渍已涂层或涂料的纺织品,涤纶染色绒类产品,6483.8,kgCO2e,5,2021,公吨
涤纶色母粒着色绒,Masterbatch coloring polyester,27997X0052021C,首页 > 食品、饮料和烟草；纺织品，服装和皮革制品 > 纺织制成品（服装除外） > 未另列明的纺织品 > 未另列明的已浸渍已涂层或涂料的纺织品,涤纶色母粒着色绒类产品,5217.9,kgCO2e,5,2021,公吨
丝绢纺织及精加工产品,Silk textiles products,27999X0012010A,首页 > 食品、饮料和烟草；纺织品，服装和皮革制品 > 纺织制成品（服装除外） > 未另列明的纺织品 > 未另列明的成幅的纺织材料的填料的制品,,0.82,tCO2e,4,2010,公吨
无纺布,Nonwoven fabric,27999X0022020A,首页 > 食品、饮料和烟草；纺织品，服装和皮革制品 > 纺织制成品（服装除外） > 未另列明的纺织品 > 未另列明的成幅的纺织材料的填料的制品,,3.82,kgCO2e,4,2020,kg
涤纶织物——化纤坯布,polyester woven product-chemical fiber fabric,27999X0032022C,首页 > 食品、饮料和烟草；纺织品，服装和皮革制品 > 纺织制成品（服装除外） > 未另列明的纺织品 > 未另列明的成幅的纺织材料的填料的制品,,0.8998,kgCO2e,5,2022,100米(幅宽205cm)
植物染有机棉氨纶汗布（玫瑰红）,Botanically Dyed Organic Cotton Spandex Sweatshirt (Rose Red),27999X0042021B,首页 > 食品、饮料和烟草；纺织品，服装和皮革制品 > 纺织制成品（服装除外） > 未另列明的纺织品 > 未另列明的成幅的纺织材料的填料的制品,SC003,4.5973,kgCO2e,5,2021,kg
植物染有机棉氨纶汗布（芒果黄）,Plant-Dyed Organic Cotton Spandex Sweatshirt Fabric (Mango Yellow),27999X0052021B,首页 > 食品、饮料和烟草；纺织品，服装和皮革制品 > 纺织制成品（服装除外） > 未另列明的纺织品 > 未另列明的成幅的纺织材料的填料的制品,SC403,4.5546,kgCO2e,5,2021,kg
再生纱,recycled yarns,27995X0012020A,首页 > 食品、饮料和烟草；纺织品，服装和皮革制品 > 纺织制成品（服装除外） > 未另列明的纺织品 > 粗松螺旋花线及沙条；绳绒纱线；起圈纵行纱线,,4380,kgCO2e,4,2020,公吨
羊绒纱线,Cashmere yarns,27995X0022023B,首页 > 食品、饮料和烟草；纺织品，服装和皮革制品 > 纺织制成品（服装除外） > 未另列明的纺织品 > 粗松螺旋花线及沙条；绳绒纱线；起圈纵行纱线, SERENITY 2/26Nm 100%ECO 羊绒,51.93,kgCO2e,5,2023,kg
羊绒纱线,Cashmere yarns,27995X0032023B,首页 > 食品、饮料和烟草；纺织品，服装和皮革制品 > 纺织制成品（服装除外） > 未另列明的纺织品 > 粗松螺旋花线及沙条；绳绒纱线；起圈纵行纱线,ELEGANCE 2/26Nm 100% 羊绒,56.03,kgCO2e,5,2023,kg
珰珠绢丝,dannabeau silk,27995X0042023B,首页 > 食品、饮料和烟草；纺织品，服装和皮革制品 > 纺织制成品（服装除外） > 未另列明的纺织品 > 粗松螺旋花线及沙条；绳绒纱线；起圈纵行纱线,95N/3 100%,33.7384,kgCO2e,5,2023,kg
大麻纤维,Hemp fiber,27922X0012012A,首页 > 食品、饮料和烟草；纺织品，服装和皮革制品 > 纺织制成品（服装除外） > 未另列明的纺织品 > 非织造物,,5.5,kgCO2e,4,2012,kg
纯棉普梳纱,Cotton yarn,27922X0022011A,首页 > 食品、饮料和烟草；纺织品，服装和皮革制品 > 纺织制成品（服装除外） > 未另列明的纺织品 > 非织造物,,4.76,kgCO2e,4,2011,kg
黑色桑蚕丝香云纱面料 	,Mulberry silk chambray fabric in black,27140X0012012A,首页 > 食品、饮料和烟草；纺织品，服装和皮革制品 > 纺织制成品（服装除外） > 缝制的纺织制品 > 其他未列明的陈设品；成套的织物和用于生产地毯、挂毯、绣花桌布或餐巾或类似纺织制品的纱和机织织物，可供包装后零售,,1.88,kgCO2e,5,2012,米
涤纶纺织品	,Polyester textiles,27140X0022012A,首页 > 食品、饮料和烟草；纺织品，服装和皮革制品 > 纺织制成品（服装除外） > 缝制的纺织制品 > 其他未列明的陈设品；成套的织物和用于生产地毯、挂毯、绣花桌布或餐巾或类似纺织制品的纱和机织织物，可供包装后零售,,25.7099,kgCO2e,5,2012,100kg
汽车内饰复合面料,Automotive interior composite fabrics,27140X0032022B,首页 > 食品、饮料和烟草；纺织品，服装和皮革制品 > 纺织制成品（服装除外） > 缝制的纺织制品 > 其他未列明的陈设品；成套的织物和用于生产地毯、挂毯、绣花桌布或餐巾或类似纺织制品的纱和机织织物，可供包装后零售,,1.777,kgCO2e,5,2022,平方米
羽绒枕头,Feather pillow,27180X0012019A,首页 > 食品、饮料和烟草；纺织品，服装和皮革制品 > 纺织制成品（服装除外） > 缝制的纺织制品 > 被、鸭绒被、垫子、大靠垫、枕头、睡袋及类似用品（装有弹簧或内填各种材料或由泡沫橡胶或塑料制成的）,充绒量0.8kg,1.2896,kgCO2e,5,2019,条
羽绒被,Duvet,27180X0022019A,首页 > 食品、饮料和烟草；纺织品，服装和皮革制品 > 纺织制成品（服装除外） > 缝制的纺织制品 > 被、鸭绒被、垫子、大靠垫、枕头、睡袋及类似用品（装有弹簧或内填各种材料或由泡沫橡胶或塑料制成的）,充绒量1.4kg,7.5729,kgCO2e,5,2019,条
羽绒枕头,Down Filled Pillow,27180X0012019C,首页 > 食品、饮料和烟草；纺织品，服装和皮革制品 > 纺织制成品（服装除外） > 缝制的纺织制品 > 被、鸭绒被、垫子、大靠垫、枕头、睡袋及类似用品（装有弹簧或内填各种材料或由泡沫橡胶或塑料制成的）,,1.2897,kgCO2e,5,2019,个
羽绒被,Duvet,27180X0022019C,首页 > 食品、饮料和烟草；纺织品，服装和皮革制品 > 纺织制成品（服装除外） > 缝制的纺织制品 > 被、鸭绒被、垫子、大靠垫、枕头、睡袋及类似用品（装有弹簧或内填各种材料或由泡沫橡胶或塑料制成的）,,7.5729,kgCO2e,5,2019,个
油炸油（16kg）,Frying oil (16kg),21700X0042020A,首页 > 食品、饮料和烟草；纺织品，服装和皮革制品 > 肉类、鱼类、水果、蔬菜和油脂 > 人造黄油和类似油脂 > 人造黄油和类似油脂,,28,kgCO2e,5,2020,箱
人造奶油-英国,UK margarine,21700X0012010A,首页 > 食品、饮料和烟草；纺织品，服装和皮革制品 > 肉类、鱼类、水果、蔬菜和油脂 > 人造黄油和类似油脂 > 人造黄油和类似油脂,,0.55,kgCO2e,4,2010,kg
人造奶油-德国,DE margarine,21700X0022010A,首页 > 食品、饮料和烟草；纺织品，服装和皮革制品 > 肉类、鱼类、水果、蔬菜和油脂 > 人造黄油和类似油脂 > 人造黄油和类似油脂,,0.66,kgCO2e,4,2010,kg
人造奶油-法国,FR margarine,21700X0032010A,首页 > 食品、饮料和烟草；纺织品，服装和皮革制品 > 肉类、鱼类、水果、蔬菜和油脂 > 人造黄油和类似油脂 > 人造黄油和类似油脂,,0.83,kgCO2e,4,2010,kg
油桃	,stone fruit,21492X0012022A,首页 > 食品、饮料和烟草；纺织品，服装和皮革制品 > 肉类、鱼类、水果、蔬菜和油脂 > 制备好的和保藏的水果和坚果 > 其他方法加工的桃,,1.06,kgCO2e,5,2022,kg
糖浆菠萝,Pineapples in Syrup,21491X0012020A,首页 > 食品、饮料和烟草；纺织品，服装和皮革制品 > 肉类、鱼类、水果、蔬菜和油脂 > 制备好的和保藏的水果和坚果 > 其他方法加工的菠萝,,1.12,kgCO2e,5,2020,kg
菠萝干,Dehydrated Pineapples,21491X0022020A,首页 > 食品、饮料和烟草；纺织品，服装和皮革制品 > 肉类、鱼类、水果、蔬菜和油脂 > 制备好的和保藏的水果和坚果 > 其他方法加工的菠萝,,5.12,kgCO2e,5,2020,kg
小柑橘,clementine,21499X0012015A,首页 > 食品、饮料和烟草；纺织品，服装和皮革制品 > 肉类、鱼类、水果、蔬菜和油脂 > 制备好的和保藏的水果和坚果 > 其他未另列明的加工的和保藏的水果和坚果,法国小柑橘,0.269,kgCO2e,4,2015,kg
枸杞干果产品	,Goji berry dried fruit products	,21499X0122016A,首页 > 食品、饮料和烟草；纺织品，服装和皮革制品 > 肉类、鱼类、水果、蔬菜和油脂 > 制备好的和保藏的水果和坚果 > 其他未另列明的加工的和保藏的水果和坚果,,2.224,kgCO2e,4,2016,kg
蜜柚浓缩果汁,Honey pomelo juice concentrate,21439X0012020A,首页 > 食品、饮料和烟草；纺织品，服装和皮革制品 > 肉类、鱼类、水果、蔬菜和油脂 > 制备好的和保藏的水果和坚果 > 其他未另列明的果汁,,2.652,tCO2e,5,2020,公吨
芒果汁-马耳他,Mango juice-Maltese,21439X0022018A,首页 > 食品、饮料和烟草；纺织品，服装和皮革制品 > 肉类、鱼类、水果、蔬菜和油脂 > 制备好的和保藏的水果和坚果 > 其他未另列明的果汁,,0.74,kgCO2e,4,2018,瓶
蔓越莓汁-马耳他,Cranberry juice-Maltese,21439X0032018A,首页 > 食品、饮料和烟草；纺织品，服装和皮革制品 > 肉类、鱼类、水果、蔬菜和油脂 > 制备好的和保藏的水果和坚果 > 其他未另列明的果汁,,0.72,kgCO2e,4,2018,瓶
蓝莓蔓越莓汁-马耳他,Blueberry and cranberry juice-Maltese,21439X0042018A,首页 > 食品、饮料和烟草；纺织品，服装和皮革制品 > 肉类、鱼类、水果、蔬菜和油脂 > 制备好的和保藏的水果和坚果 > 其他未另列明的果汁,,0.75,kgCO2e,4,2018,瓶
枸杞汁,Fig Juice,21439X0052018A,首页 > 食品、饮料和烟草；纺织品，服装和皮革制品 > 肉类、鱼类、水果、蔬菜和油脂 > 制备好的和保藏的水果和坚果 > 其他未另列明的果汁,,3.2,kgCO2e,3,2018,kg
奇异果汁,Kiwi Juice,21439X0062018A,首页 > 食品、饮料和烟草；纺织品，服装和皮革制品 > 肉类、鱼类、水果、蔬菜和油脂 > 制备好的和保藏的水果和坚果 > 其他未另列明的果汁,,2.84,kgCO2e,3,2018,kg
芒果汁,Mango Juice,21439X0072018A,首页 > 食品、饮料和烟草；纺织品，服装和皮革制品 > 肉类、鱼类、水果、蔬菜和油脂 > 制备好的和保藏的水果和坚果 > 其他未另列明的果汁,,2.96,kgCO2e,3,2018,kg
草莓香蕉汁,Strawberry & Banana Juice,21439X0082018A,首页 > 食品、饮料和烟草；纺织品，服装和皮革制品 > 肉类、鱼类、水果、蔬菜和油脂 > 制备好的和保藏的水果和坚果 > 其他未另列明的果汁,,2.68,kgCO2e,3,2018,kg
梨汁,Pear Juice,21439X0092019A,首页 > 食品、饮料和烟草；纺织品，服装和皮革制品 > 肉类、鱼类、水果、蔬菜和油脂 > 制备好的和保藏的水果和坚果 > 其他未另列明的果汁,,0.46,kgCO2e,3,2019,kg
浓缩果汁,Concentrated fruit juice,21439X0102015A,首页 > 食品、饮料和烟草；纺织品，服装和皮革制品 > 肉类、鱼类、水果、蔬菜和油脂 > 制备好的和保藏的水果和坚果 > 其他未另列明的果汁,,1.37,kgCO2e,4,2015,kg
水果-中国,Fruits-China,21496X0012023A,首页 > 食品、饮料和烟草；纺织品，服装和皮革制品 > 肉类、鱼类、水果、蔬菜和油脂 > 制备好的和保藏的水果和坚果 > 暂时保藏的水果和坚果，非供立即食用,,0.58,kgCO2e,4,2023,kg
榛子酱-美国,Hazelnut paste US market,21494X0012015A,首页 > 食品、饮料和烟草；纺织品，服装和皮革制品 > 肉类、鱼类、水果、蔬菜和油脂 > 制备好的和保藏的水果和坚果 > 果酱，果泥，果胶，橘子酱，坚果泥，坚果酱,,1.59,kgCO2e,4,2015,kg
花生酱-美国,Peanut paste US market,21494X0022015A,首页 > 食品、饮料和烟草；纺织品，服装和皮革制品 > 肉类、鱼类、水果、蔬菜和油脂 > 制备好的和保藏的水果和坚果 > 果酱，果泥，果胶，橘子酱，坚果泥，坚果酱,,1.75,kgCO2e,4,2015,kg
榛子奶油-美国,Hazelnut spread cream in jar US,21494X0032015A,首页 > 食品、饮料和烟草；纺织品，服装和皮革制品 > 肉类、鱼类、水果、蔬菜和油脂 > 制备好的和保藏的水果和坚果 > 果酱，果泥，果胶，橘子酱，坚果泥，坚果酱,,2.61,kgCO2e,4,2015,kg
杏仁酱-美国,Almond paste US market,21494X0042015A,首页 > 食品、饮料和烟草；纺织品，服装和皮革制品 > 肉类、鱼类、水果、蔬菜和油脂 > 制备好的和保藏的水果和坚果 > 果酱，果泥，果胶，橘子酱，坚果泥，坚果酱,,2.89,kgCO2e,4,2015,kg
花生酱-美国,Peanut butter,21494X0052014A,首页 > 食品、饮料和烟草；纺织品，服装和皮革制品 > 肉类、鱼类、水果、蔬菜和油脂 > 制备好的和保藏的水果和坚果 > 果酱，果泥，果胶，橘子酱，坚果泥，坚果酱,,2.88,kgCO2e,4,2014,kg
橙汁-马耳他,Orange juice-Maltese,21431X0012018A,首页 > 食品、饮料和烟草；纺织品，服装和皮革制品 > 肉类、鱼类、水果、蔬菜和油脂 > 制备好的和保藏的水果和坚果 > 橙汁,,0.5,kgCO2e,4,2018,瓶
橙汁,Orange Juice,21431X0022010A,首页 > 食品、饮料和烟草；纺织品，服装和皮革制品 > 肉类、鱼类、水果、蔬菜和油脂 > 制备好的和保藏的水果和坚果 > 橙汁,,0.26,kgCO2e,3,2010,kg
橙汁,Orange Juice,21431X0032011A,首页 > 食品、饮料和烟草；纺织品，服装和皮革制品 > 肉类、鱼类、水果、蔬菜和油脂 > 制备好的和保藏的水果和坚果 > 橙汁,,0.44,kgCO2e,3,2011,kg
橙汁,Orange Juice,21431X0042018A,首页 > 食品、饮料和烟草；纺织品，服装和皮革制品 > 肉类、鱼类、水果、蔬菜和油脂 > 制备好的和保藏的水果和坚果 > 橙汁,,2,kgCO2e,3,2018,kg
巧克力榛子,Chocolate covered hazelnut,21495X0012015A,首页 > 食品、饮料和烟草；纺织品，服装和皮革制品 > 肉类、鱼类、水果、蔬菜和油脂 > 制备好的和保藏的水果和坚果 > 焙炒的、盐腌的或以未另列明的以其他方法制备好的坚果、花生和其他种子等,,3.43,kgCO2e,4,2015,kg
巧克力杏仁,Chocolate covered almond,21495X0022015A,首页 > 食品、饮料和烟草；纺织品，服装和皮革制品 > 肉类、鱼类、水果、蔬菜和油脂 > 制备好的和保藏的水果和坚果 > 焙炒的、盐腌的或以未另列明的以其他方法制备好的坚果、花生和其他种子等,,4.8,kgCO2e,4,2015,kg
苹果汁-马耳他,Apple juice-Maltese,21435X0012018A,首页 > 食品、饮料和烟草；纺织品，服装和皮革制品 > 肉类、鱼类、水果、蔬菜和油脂 > 制备好的和保藏的水果和坚果 > 苹果汁,,0.71,kgCO2e,4,2018,瓶
菠萝汁,Pineapple Juice,21433X0012018A,首页 > 食品、饮料和烟草；纺织品，服装和皮革制品 > 肉类、鱼类、水果、蔬菜和油脂 > 制备好的和保藏的水果和坚果 > 菠萝汁,,2.72,kgCO2e,3,2018,kg
葡萄干-美国,raisins-USA,21411X0012008A,首页 > 食品、饮料和烟草；纺织品，服装和皮革制品 > 肉类、鱼类、水果、蔬菜和油脂 > 制备好的和保藏的水果和坚果 > 葡萄干,,0.66,kgCO2e,4,2008,kg
葡萄干-全球平均,raisin-global-average,21411X0022008A,首页 > 食品、饮料和烟草；纺织品，服装和皮革制品 > 肉类、鱼类、水果、蔬菜和油脂 > 制备好的和保藏的水果和坚果 > 葡萄干,,0.66,kgCO2e,4,2008,kg
松露酱,Truffle sauce,21397X0012012A,首页 > 食品、饮料和烟草；纺织品，服装和皮革制品 > 肉类、鱼类、水果、蔬菜和油脂 > 制备好的和保藏的蔬菜、豆类和马铃薯 > 其他方法加工的蘑菇和松露,,1.93,kgCO2e,4,2012,kg
豆浆-意大利,Soy drink-Italy,21329X0012019A,首页 > 食品、饮料和烟草；纺织品，服装和皮革制品 > 肉类、鱼类、水果、蔬菜和油脂 > 制备好的和保藏的蔬菜、豆类和马铃薯 > 其他蔬菜汁,,0.525,kgCO2e,5,2019,L
胡萝卜原浆,Carrot pulp,21329X0022011A,首页 > 食品、饮料和烟草；纺织品，服装和皮革制品 > 肉类、鱼类、水果、蔬菜和油脂 > 制备好的和保藏的蔬菜、豆类和马铃薯 > 其他蔬菜汁,,1.31,kgCO2e,3,2011,kg
蔬菜-中国,Vegetable-China,21330X0022023A,首页 > 食品、饮料和烟草；纺织品，服装和皮革制品 > 肉类、鱼类、水果、蔬菜和油脂 > 制备好的和保藏的蔬菜、豆类和马铃薯 > 暂时保藏的蔬菜,,0.25,kgCO2e,4,2023,kg
青豆罐头,Green beans(tin),21330X0032010A,首页 > 食品、饮料和烟草；纺织品，服装和皮革制品 > 肉类、鱼类、水果、蔬菜和油脂 > 制备好的和保藏的蔬菜、豆类和马铃薯 > 暂时保藏的蔬菜,,1.35,kgCO2e,3,2010,kg
甜玉米罐头,Canned Sweet Corn,21330X0042015A,首页 > 食品、饮料和烟草；纺织品，服装和皮革制品 > 肉类、鱼类、水果、蔬菜和油脂 > 制备好的和保藏的蔬菜、豆类和马铃薯 > 暂时保藏的蔬菜,,399.51,gCO2e,5,2015,罐
黄瓜-国内外部分研究均值,Cucumber-global average,21391X0012015A,首页 > 食品、饮料和烟草；纺织品，服装和皮革制品 > 肉类、鱼类、水果、蔬菜和油脂 > 制备好的和保藏的蔬菜、豆类和马铃薯 > 蔬菜，豆类，马铃薯制成的菜肴,,0.23,kgCO2e,4,2015,kg
鹰嘴豆,chickpea,21391X0022005A,首页 > 食品、饮料和烟草；纺织品，服装和皮革制品 > 肉类、鱼类、水果、蔬菜和油脂 > 制备好的和保藏的蔬菜、豆类和马铃薯 > 蔬菜，豆类，马铃薯制成的菜肴,,0.77,kgCO2e,3,2005,kg
鲭鱼-荷兰,Mackerel-Netherlands,21242X0012008A,首页 > 食品、饮料和烟草；纺织品，服装和皮革制品 > 肉类、鱼类、水果、蔬菜和油脂 > 制备好的和保藏的鱼、甲壳动物、软体动物和其他水生无脊椎动物 > 其他方法加工的鱼,,0.96,kgCO2e,4,2008,kg
鲽鱼-荷兰,Plaice-Netherlands,21242X0022008A,首页 > 食品、饮料和烟草；纺织品，服装和皮革制品 > 肉类、鱼类、水果、蔬菜和油脂 > 制备好的和保藏的鱼、甲壳动物、软体动物和其他水生无脊椎动物 > 其他方法加工的鱼,,6.13,kgCO2e,4,2008,kg
大马哈鱼-荷兰,Salmon-Netherlands,21242X0032008A,首页 > 食品、饮料和烟草；纺织品，服装和皮革制品 > 肉类、鱼类、水果、蔬菜和油脂 > 制备好的和保藏的鱼、甲壳动物、软体动物和其他水生无脊椎动物 > 其他方法加工的鱼,,2.88,kgCO2e,4,2008,kg
鳕鱼-西班牙,Hake-Spain,21242X0042010A,首页 > 食品、饮料和烟草；纺织品，服装和皮革制品 > 肉类、鱼类、水果、蔬菜和油脂 > 制备好的和保藏的鱼、甲壳动物、软体动物和其他水生无脊椎动物 > 其他方法加工的鱼,,3.99,kgCO2e,4,2010,kg
蓝鳕鱼-西班牙,Blue whiting-Spain,21242X0052010A,首页 > 食品、饮料和烟草；纺织品，服装和皮革制品 > 肉类、鱼类、水果、蔬菜和油脂 > 制备好的和保藏的鱼、甲壳动物、软体动物和其他水生无脊椎动物 > 其他方法加工的鱼,,0.96,kgCO2e,4,2010,kg
鳕鱼-西班牙,Hake-Spain,21242X0062010A,首页 > 食品、饮料和烟草；纺织品，服装和皮革制品 > 肉类、鱼类、水果、蔬菜和油脂 > 制备好的和保藏的鱼、甲壳动物、软体动物和其他水生无脊椎动物 > 其他方法加工的鱼,,5.7,kgCO2e,4,2010,kg
鳕鱼-西班牙,Hake-Spain,21242X0072010A,首页 > 食品、饮料和烟草；纺织品，服装和皮革制品 > 肉类、鱼类、水果、蔬菜和油脂 > 制备好的和保藏的鱼、甲壳动物、软体动物和其他水生无脊椎动物 > 其他方法加工的鱼,,6.26,kgCO2e,4,2010,kg
比目鱼-西班牙,Megrim-Spain,21242X0082010A,首页 > 食品、饮料和烟草；纺织品，服装和皮革制品 > 肉类、鱼类、水果、蔬菜和油脂 > 制备好的和保藏的鱼、甲壳动物、软体动物和其他水生无脊椎动物 > 其他方法加工的鱼,,7.57,kgCO2e,4,2010,kg
大眼金枪鱼-西班牙,Bigeye tuna-Spain,21242X0092010A,首页 > 食品、饮料和烟草；纺织品，服装和皮革制品 > 肉类、鱼类、水果、蔬菜和油脂 > 制备好的和保藏的鱼、甲壳动物、软体动物和其他水生无脊椎动物 > 其他方法加工的鱼,,13.3,kgCO2e,4,2010,kg
金枪鱼-大西洋,Tuna-Atlantic Ocean,21242X0102010A,首页 > 食品、饮料和烟草；纺织品，服装和皮革制品 > 肉类、鱼类、水果、蔬菜和油脂 > 制备好的和保藏的鱼、甲壳动物、软体动物和其他水生无脊椎动物 > 其他方法加工的鱼,,1.41,kgCO2e,4,2010,kg
金枪鱼-印度洋,Tuna-Indian Ocean,21242X0112010A,首页 > 食品、饮料和烟草；纺织品，服装和皮革制品 > 肉类、鱼类、水果、蔬菜和油脂 > 制备好的和保藏的鱼、甲壳动物、软体动物和其他水生无脊椎动物 > 其他方法加工的鱼,,1.21,kgCO2e,4,2010,kg
金枪鱼-太平洋,Tuna-Pacific Ocean,21242X0122010A,首页 > 食品、饮料和烟草；纺织品，服装和皮革制品 > 肉类、鱼类、水果、蔬菜和油脂 > 制备好的和保藏的鱼、甲壳动物、软体动物和其他水生无脊椎动物 > 其他方法加工的鱼,,1.7,kgCO2e,4,2010,kg
鳕鱼堡-挪威,cod burger-Norway,21242X0132010A,首页 > 食品、饮料和烟草；纺织品，服装和皮革制品 > 肉类、鱼类、水果、蔬菜和油脂 > 制备好的和保藏的鱼、甲壳动物、软体动物和其他水生无脊椎动物 > 其他方法加工的鱼,,1.8,kgCO2e,4,2010,kg
鳕鱼加工残渣-挪威,cod processing residue-Norway,21242X0142010A,首页 > 食品、饮料和烟草；纺织品，服装和皮革制品 > 肉类、鱼类、水果、蔬菜和油脂 > 制备好的和保藏的鱼、甲壳动物、软体动物和其他水生无脊椎动物 > 其他方法加工的鱼,,0.93,kgCO2e,4,2010,kg
海鲈鱼-突尼斯,Sea-Bass-Tunisia,21242X0152008A,首页 > 食品、饮料和烟草；纺织品，服装和皮革制品 > 肉类、鱼类、水果、蔬菜和油脂 > 制备好的和保藏的鱼、甲壳动物、软体动物和其他水生无脊椎动物 > 其他方法加工的鱼,,14.3,kgCO2e,4,2008,kg
哈克鱼鱼条-西班牙,Hake Fish Stick-Spain,21242X0042013A,首页 > 食品、饮料和烟草；纺织品，服装和皮革制品 > 肉类、鱼类、水果、蔬菜和油脂 > 制备好的和保藏的鱼、甲壳动物、软体动物和其他水生无脊椎动物 > 其他方法加工的鱼,,716.3,gCO2e,4,2013,包
鳕鱼鱼条-西班牙,Cod Fish Stick-Spain,21242X0052013A,首页 > 食品、饮料和烟草；纺织品，服装和皮革制品 > 肉类、鱼类、水果、蔬菜和油脂 > 制备好的和保藏的鱼、甲壳动物、软体动物和其他水生无脊椎动物 > 其他方法加工的鱼,,716.3,gCO2e,4,2013,包
三文鱼-挪威,Salmon-Norway,21242X0162007A,首页 > 食品、饮料和烟草；纺织品，服装和皮革制品 > 肉类、鱼类、水果、蔬菜和油脂 > 制备好的和保藏的鱼、甲壳动物、软体动物和其他水生无脊椎动物 > 其他方法加工的鱼,,1.79,kgCO2e,4,2007,kg
三文鱼-英国,Salmon-UK,21242X0172007A,首页 > 食品、饮料和烟草；纺织品，服装和皮革制品 > 肉类、鱼类、水果、蔬菜和油脂 > 制备好的和保藏的鱼、甲壳动物、软体动物和其他水生无脊椎动物 > 其他方法加工的鱼,,3.27,kgCO2e,4,2007,kg
三文鱼-加拿大,Salmon-Canada,21242X0182007A,首页 > 食品、饮料和烟草；纺织品，服装和皮革制品 > 肉类、鱼类、水果、蔬菜和油脂 > 制备好的和保藏的鱼、甲壳动物、软体动物和其他水生无脊椎动物 > 其他方法加工的鱼,,2.37,kgCO2e,4,2007,kg
三文鱼-智利,Salmon-Chile,21242X0192007A,首页 > 食品、饮料和烟草；纺织品，服装和皮革制品 > 肉类、鱼类、水果、蔬菜和油脂 > 制备好的和保藏的鱼、甲壳动物、软体动物和其他水生无脊椎动物 > 其他方法加工的鱼,,2.3,kgCO2e,4,2007,kg
大黄鱼	, Large Yellow Croaker,21242X0252023A,首页 > 食品、饮料和烟草；纺织品，服装和皮革制品 > 肉类、鱼类、水果、蔬菜和油脂 > 制备好的和保藏的鱼、甲壳动物、软体动物和其他水生无脊椎动物 > 其他方法加工的鱼,,10554.87,kgCO2e,5,2023,公吨
沙丁鱼-欧洲,European pilchard,21299X0012010A,首页 > 食品、饮料和烟草；纺织品，服装和皮革制品 > 肉类、鱼类、水果、蔬菜和油脂 > 制备好的和保藏的鱼、甲壳动物、软体动物和其他水生无脊椎动物 > 其他未另列明的鱼、甲壳类动物、软体动物、水生无脊椎动物产品，死鱼，死甲壳动物，死软体动物,,0.74,kgCO2e,4,2010,kg
竹荚鱼-大西洋,Atlantic horse mackerel,21299X0022010A,首页 > 食品、饮料和烟草；纺织品，服装和皮革制品 > 肉类、鱼类、水果、蔬菜和油脂 > 制备好的和保藏的鱼、甲壳动物、软体动物和其他水生无脊椎动物 > 其他未另列明的鱼、甲壳类动物、软体动物、水生无脊椎动物产品，死鱼，死甲壳动物，死软体动物,,1.18,kgCO2e,4,2010,kg
竹荚鱼-大西洋,Atlantic horse mackerel,21299X0032010A,首页 > 食品、饮料和烟草；纺织品，服装和皮革制品 > 肉类、鱼类、水果、蔬菜和油脂 > 制备好的和保藏的鱼、甲壳动物、软体动物和其他水生无脊椎动物 > 其他未另列明的鱼、甲壳类动物、软体动物、水生无脊椎动物产品，死鱼，死甲壳动物，死软体动物,,0.93,kgCO2e,4,2010,kg
鲭鱼-大西洋,mackerel-Atlantic,21299X0042010A,首页 > 食品、饮料和烟草；纺织品，服装和皮革制品 > 肉类、鱼类、水果、蔬菜和油脂 > 制备好的和保藏的鱼、甲壳动物、软体动物和其他水生无脊椎动物 > 其他未另列明的鱼、甲壳类动物、软体动物、水生无脊椎动物产品，死鱼，死甲壳动物，死软体动物,,0.55,kgCO2e,4,2010,kg
鲭鱼-大西洋,mackerel-Atlantic,21299X0052010A,首页 > 食品、饮料和烟草；纺织品，服装和皮革制品 > 肉类、鱼类、水果、蔬菜和油脂 > 制备好的和保藏的鱼、甲壳动物、软体动物和其他水生无脊椎动物 > 其他未另列明的鱼、甲壳类动物、软体动物、水生无脊椎动物产品，死鱼，死甲壳动物，死软体动物,,0.58,kgCO2e,4,2010,kg
白腹鲭-西班牙,Chub mackerel-Spain,21299X0062010A,首页 > 食品、饮料和烟草；纺织品，服装和皮革制品 > 肉类、鱼类、水果、蔬菜和油脂 > 制备好的和保藏的鱼、甲壳动物、软体动物和其他水生无脊椎动物 > 其他未另列明的鱼、甲壳类动物、软体动物、水生无脊椎动物产品，死鱼，死甲壳动物，死软体动物,,0.74,kgCO2e,4,2010,kg
琵琶鱼-西班牙,Anglerfish-Spain,21299X0072010A,首页 > 食品、饮料和烟草；纺织品，服装和皮革制品 > 肉类、鱼类、水果、蔬菜和油脂 > 制备好的和保藏的鱼、甲壳动物、软体动物和其他水生无脊椎动物 > 其他未另列明的鱼、甲壳类动物、软体动物、水生无脊椎动物产品，死鱼，死甲壳动物，死软体动物,,9.38,kgCO2e,4,2010,kg
海鳗-西班牙,Conger eel-Spain,21299X0082010A,首页 > 食品、饮料和烟草；纺织品，服装和皮革制品 > 肉类、鱼类、水果、蔬菜和油脂 > 制备好的和保藏的鱼、甲壳动物、软体动物和其他水生无脊椎动物 > 其他未另列明的鱼、甲壳类动物、软体动物、水生无脊椎动物产品，死鱼，死甲壳动物，死软体动物,,3.07,kgCO2e,4,2010,kg
大西洋鲳鱼-西班牙,Atlantic pomfret-Spain,21299X0092010A,首页 > 食品、饮料和烟草；纺织品，服装和皮革制品 > 肉类、鱼类、水果、蔬菜和油脂 > 制备好的和保藏的鱼、甲壳动物、软体动物和其他水生无脊椎动物 > 其他未另列明的鱼、甲壳类动物、软体动物、水生无脊椎动物产品，死鱼，死甲壳动物，死软体动物,,2.76,kgCO2e,4,2010,kg
石头鱼-西班牙,Rock fish-Spain,21299X0102010A,首页 > 食品、饮料和烟草；纺织品，服装和皮革制品 > 肉类、鱼类、水果、蔬菜和油脂 > 制备好的和保藏的鱼、甲壳动物、软体动物和其他水生无脊椎动物 > 其他未另列明的鱼、甲壳类动物、软体动物、水生无脊椎动物产品，死鱼，死甲壳动物，死软体动物,,5.49,kgCO2e,4,2010,kg
红金眼鲷-西班牙,Splendid alfonsino-Spain,21299X0112010A,首页 > 食品、饮料和烟草；纺织品，服装和皮革制品 > 肉类、鱼类、水果、蔬菜和油脂 > 制备好的和保藏的鱼、甲壳动物、软体动物和其他水生无脊椎动物 > 其他未另列明的鱼、甲壳类动物、软体动物、水生无脊椎动物产品，死鱼，死甲壳动物，死软体动物,,2.76,kgCO2e,4,2010,kg
灰鲭鲨-西班牙,Mako shark-Spain,21299X0122010A,首页 > 食品、饮料和烟草；纺织品，服装和皮革制品 > 肉类、鱼类、水果、蔬菜和油脂 > 制备好的和保藏的鱼、甲壳动物、软体动物和其他水生无脊椎动物 > 其他未另列明的鱼、甲壳类动物、软体动物、水生无脊椎动物产品，死鱼，死甲壳动物，死软体动物,,5.87,kgCO2e,4,2010,kg
鼠鲨-西班牙,Porbeagle-Spain,21299X0132010A,首页 > 食品、饮料和烟草；纺织品，服装和皮革制品 > 肉类、鱼类、水果、蔬菜和油脂 > 制备好的和保藏的鱼、甲壳动物、软体动物和其他水生无脊椎动物 > 其他未另列明的鱼、甲壳类动物、软体动物、水生无脊椎动物产品，死鱼，死甲壳动物，死软体动物,,5.87,kgCO2e,4,2010,kg
剑鱼-西班牙,Swordfish-Spain,21299X0142010A,首页 > 食品、饮料和烟草；纺织品，服装和皮革制品 > 肉类、鱼类、水果、蔬菜和油脂 > 制备好的和保藏的鱼、甲壳动物、软体动物和其他水生无脊椎动物 > 其他未另列明的鱼、甲壳类动物、软体动物、水生无脊椎动物产品，死鱼，死甲壳动物，死软体动物,,9.27,kgCO2e,4,2010,kg
蜗牛肉,Snail meat,21299X0012016A,首页 > 食品、饮料和烟草；纺织品，服装和皮革制品 > 肉类、鱼类、水果、蔬菜和油脂 > 制备好的和保藏的鱼、甲壳动物、软体动物和其他水生无脊椎动物 > 其他未另列明的鱼、甲壳类动物、软体动物、水生无脊椎动物产品，死鱼，死甲壳动物，死软体动物,,0.64,kgCO2e,4,2016,kg
冷冻鱼条	,Frozen fish sticks	,21222X0012011A,首页 > 食品、饮料和烟草；纺织品，服装和皮革制品 > 肉类、鱼类、水果、蔬菜和油脂 > 制备好的和保藏的鱼、甲壳动物、软体动物和其他水生无脊椎动物 > 冷冻鱼片,,716.3,gCO2e,5,2011,包
鳕鱼脊-挪威,cod loin-Norway,21223X0012010A,首页 > 食品、饮料和烟草；纺织品，服装和皮革制品 > 肉类、鱼类、水果、蔬菜和油脂 > 制备好的和保藏的鱼、甲壳动物、软体动物和其他水生无脊椎动物 > 冷冻鱼肉,,6,kgCO2e,4,2010,kg
鳕鱼-挪威,cod-Norway,21214X0012010A,首页 > 食品、饮料和烟草；纺织品，服装和皮革制品 > 肉类、鱼类、水果、蔬菜和油脂 > 制备好的和保藏的鱼、甲壳动物、软体动物和其他水生无脊椎动物 > 冷冻鳕形目,,2.9,kgCO2e,4,2010,kg
沙丁鱼-葡萄牙,Sardine-Portugal,21221X0012011A,首页 > 食品、饮料和烟草；纺织品，服装和皮革制品 > 肉类、鱼类、水果、蔬菜和油脂 > 制备好的和保藏的鱼、甲壳动物、软体动物和其他水生无脊椎动物 > 新鲜或冷藏鱼片和鱼肉,,0.36,kgCO2e,4,2011,kg
虹鳟鱼-法国,rainbow trout-French,21221X0022000A,首页 > 食品、饮料和烟草；纺织品，服装和皮革制品 > 肉类、鱼类、水果、蔬菜和油脂 > 制备好的和保藏的鱼、甲壳动物、软体动物和其他水生无脊椎动物 > 新鲜或冷藏鱼片和鱼肉,,2.75,kgCO2e,5,2000,kg
海鲈鱼-希腊,Sea-Bass-Greece,21221X0032003A,首页 > 食品、饮料和烟草；纺织品，服装和皮革制品 > 肉类、鱼类、水果、蔬菜和油脂 > 制备好的和保藏的鱼、甲壳动物、软体动物和其他水生无脊椎动物 > 新鲜或冷藏鱼片和鱼肉,,3.6,kgCO2e,5,2003,kg
大菱鲆-法国,Turbot-France,21221X0042000A,首页 > 食品、饮料和烟草；纺织品，服装和皮革制品 > 肉类、鱼类、水果、蔬菜和油脂 > 制备好的和保藏的鱼、甲壳动物、软体动物和其他水生无脊椎动物 > 新鲜或冷藏鱼片和鱼肉,,6.01,kgCO2e,5,2000,kg
大菱鲆-西班牙,Turbot-Spain,21221X0052010A,首页 > 食品、饮料和烟草；纺织品，服装和皮革制品 > 肉类、鱼类、水果、蔬菜和油脂 > 制备好的和保藏的鱼、甲壳动物、软体动物和其他水生无脊椎动物 > 新鲜或冷藏鱼片和鱼肉,,19.4,kgCO2e,4,2010,kg
蟹肉罐头,Canned crab,21251X0012022A,首页 > 食品、饮料和烟草；纺织品，服装和皮革制品 > 肉类、鱼类、水果、蔬菜和油脂 > 制备好的和保藏的鱼、甲壳动物、软体动物和其他水生无脊椎动物 > 螃蟹（冷冻、干制、盐腌、盐渍）,,1.23,tCO2e,4,2022,公吨
鸸鹋油,Emu oil,21519X0012011A,首页 > 食品、饮料和烟草；纺织品，服装和皮革制品 > 肉类、鱼类、水果、蔬菜和油脂 > 动物油脂 > 其他未另列明的未熬炼的动物脂肪,,1.89,kgCO2e,3,2011,L
调合猪油（15kg）,Blended Lard (15kg),21521X0012020A,首页 > 食品、饮料和烟草；纺织品，服装和皮革制品 > 肉类、鱼类、水果、蔬菜和油脂 > 动物油脂 > 熬炼的猪脂肪,,28,kgCO2e,5,2020,桶
芝麻籽,sesame-seed,21691X0012005A,首页 > 食品、饮料和烟草；纺织品，服装和皮革制品 > 肉类、鱼类、水果、蔬菜和油脂 > 植物油脂 > 其他未另列明的未加工的或精炼植物油脂,,0.88,kgCO2e,4,2005,kg
油料作物-中国,Oil crops-China,21691X0022023A,首页 > 食品、饮料和烟草；纺织品，服装和皮革制品 > 肉类、鱼类、水果、蔬菜和油脂 > 植物油脂 > 其他未另列明的未加工的或精炼植物油脂,,0.81,kgCO2e,4,2023,kg
烤酥油(2L),Grilled ghee (2L),21691X0072021A,首页 > 食品、饮料和烟草；纺织品，服装和皮革制品 > 肉类、鱼类、水果、蔬菜和油脂 > 植物油脂 > 其他未另列明的未加工的或精炼植物油脂,,3,kgCO2e,5,2021,瓶
烤酥油(18L),Grilled ghee (18L),21691X0082021A,首页 > 食品、饮料和烟草；纺织品，服装和皮革制品 > 肉类、鱼类、水果、蔬菜和油脂 > 植物油脂 > 其他未另列明的未加工的或精炼植物油脂,,26,kgCO2e,5,2021,桶
福寿100%芝麻油,Fushou sesame oil (543ml),21691X0092022A,首页 > 食品、饮料和烟草；纺织品，服装和皮革制品 > 肉类、鱼类、水果、蔬菜和油脂 > 植物油脂 > 其他未另列明的未加工的或精炼植物油脂,,1.7,kgCO2e,5,2022,瓶
福寿100%芝麻油(217ml),(Fushou sesame oil (217ml),21691X0102022A,首页 > 食品、饮料和烟草；纺织品，服装和皮革制品 > 肉类、鱼类、水果、蔬菜和油脂 > 植物油脂 > 其他未另列明的未加工的或精炼植物油脂,,800,gCO2e,5,2022,瓶
牛油果籽油,Avocado seed oil,21691X0032022A,首页 > 食品、饮料和烟草；纺织品，服装和皮革制品 > 肉类、鱼类、水果、蔬菜和油脂 > 植物油脂 > 其他未另列明的未加工的或精炼植物油脂,,2.67,kgCO2e,3,2022,kg
食用植物油及油脂制品,Edible vegetable oils and fat products,21691X0152019C,首页 > 食品、饮料和烟草；纺织品，服装和皮革制品 > 肉类、鱼类、水果、蔬菜和油脂 > 植物油脂 > 其他未另列明的未加工的或精炼植物油脂,,0.098,tCO2e,5,2019,公吨
大豆沙拉油(18kg),Soybean salad oil (18kg),21611X0012022A,首页 > 食品、饮料和烟草；纺织品，服装和皮革制品 > 肉类、鱼类、水果、蔬菜和油脂 > 植物油脂 > 未加工的大豆油,,28,kgCO2e,5,2022,桶
食品油脂,Food oil,21611X0022019B,首页 > 食品、饮料和烟草；纺织品，服装和皮革制品 > 肉类、鱼类、水果、蔬菜和油脂 > 植物油脂 > 未加工的大豆油,,0.541,tCO2e,5,2019,公吨
油料作物,Oil crops,21641X0012009A,首页 > 食品、饮料和烟草；纺织品，服装和皮革制品 > 肉类、鱼类、水果、蔬菜和油脂 > 植物油脂 > 未加工的菜油、菜籽油和芥子油,,1.07,kgCO2e,5,2009,kg
油料作物,Oil crops,21641X0022017A,首页 > 食品、饮料和烟草；纺织品，服装和皮革制品 > 肉类、鱼类、水果、蔬菜和油脂 > 植物油脂 > 未加工的菜油、菜籽油和芥子油,,1.39,kgCO2e,5,2017,kg
油菜籽,rapeseed,21641X0032013A,首页 > 食品、饮料和烟草；纺织品，服装和皮革制品 > 肉类、鱼类、水果、蔬菜和油脂 > 植物油脂 > 未加工的菜油、菜籽油和芥子油,,0.78,kgCO2e,5,2013,kg
菜籽油,rapeseed oil,21641X0052021A,首页 > 食品、饮料和烟草；纺织品，服装和皮革制品 > 肉类、鱼类、水果、蔬菜和油脂 > 植物油脂 > 未加工的菜油、菜籽油和芥子油,,3889.75,kgCO2e,5,2021,公吨
葵花籽,sunflower-seed,21631X0012013A,首页 > 食品、饮料和烟草；纺织品，服装和皮革制品 > 肉类、鱼类、水果、蔬菜和油脂 > 植物油脂 > 未加工的葵花籽油和红花籽油,,0.91,kgCO2e,5,2013,kg
食用油脂,Edible oil,21693X0132019C,首页 > 食品、饮料和烟草；纺织品，服装和皮革制品 > 肉类、鱼类、水果、蔬菜和油脂 > 植物油脂 > 植物油脂及其分馏部分（经全部或部分氢化、互酯化、再酯化或反油酸转位的、精制或未精制的但未进一步制备的）,,0.541,kgCO2e,5,2019,公吨
绿典纯正山茶油,Green Classic Pure Camellia Oil,21693X0142024B,首页 > 食品、饮料和烟草；纺织品，服装和皮革制品 > 肉类、鱼类、水果、蔬菜和油脂 > 植物油脂 > 植物油脂及其分馏部分（经全部或部分氢化、互酯化、再酯化或反油酸转位的、精制或未精制的但未进一步制备的）,500ml*2,7.39,kgCO2e,5,2024,盒
大豆油,Soybean Oil,21612X0172016A,首页 > 食品、饮料和烟草；纺织品，服装和皮革制品 > 肉类、鱼类、水果、蔬菜和油脂 > 植物油脂 > 精炼大豆油,中国产地,1.07,kgCO2e,4,2016,kg
大豆油,Soybean Oil,21612X0192011A,首页 > 食品、饮料和烟草；纺织品，服装和皮革制品 > 肉类、鱼类、水果、蔬菜和油脂 > 植物油脂 > 精炼大豆油,世界产地,2.16,kgCO2e,4,2011,kg
大豆油,Soybean Oil,21612X0202011A,首页 > 食品、饮料和烟草；纺织品，服装和皮革制品 > 肉类、鱼类、水果、蔬菜和油脂 > 植物油脂 > 精炼大豆油,土耳其产地,4.3,kgCO2e,4,2011,kg
精炼大豆油（泰国）,refined soybean oil(Thailand),21612X0222015A,首页 > 食品、饮料和烟草；纺织品，服装和皮革制品 > 肉类、鱼类、水果、蔬菜和油脂 > 植物油脂 > 精炼大豆油,通用,2609.08,kgCO2e,4,2015,公吨
精炼大豆油（巴西出口到中国）,refined soybean oil (Brazil exports to China),21612X0232015A,首页 > 食品、饮料和烟草；纺织品，服装和皮革制品 > 肉类、鱼类、水果、蔬菜和油脂 > 植物油脂 > 精炼大豆油,通用,0.67,tCO2e,5,2015,公吨
大豆油,Soybean Oil,21612X0252011A,首页 > 食品、饮料和烟草；纺织品，服装和皮革制品 > 肉类、鱼类、水果、蔬菜和油脂 > 植物油脂 > 精炼大豆油,通用,6.3,kgCO2e,4,2011,L
大豆油,Soybean Oil,21612X0172008A,首页 > 食品、饮料和烟草；纺织品，服装和皮革制品 > 肉类、鱼类、水果、蔬菜和油脂 > 植物油脂 > 精炼大豆油,,1.24,kgCO2e,4,2008,kg
精炼棕榈油,refined palm oil,21652X0042011A,首页 > 食品、饮料和烟草；纺织品，服装和皮革制品 > 肉类、鱼类、水果、蔬菜和油脂 > 植物油脂 > 精炼棕榈油,通用,4241.9,kgCO2e,4,2011,公吨
棕榈油,Paim Oil,21652X0072011A,首页 > 食品、饮料和烟草；纺织品，服装和皮革制品 > 肉类、鱼类、水果、蔬菜和油脂 > 植物油脂 > 精炼棕榈油,通用,7.3,kgCO2e,4,2011,L
精炼棕榈油（欧盟进口）,refined paim oil,21652X0102005A,首页 > 食品、饮料和烟草；纺织品，服装和皮革制品 > 肉类、鱼类、水果、蔬菜和油脂 > 植物油脂 > 精炼棕榈油,通用,2.47,tCO2e,4,2005,公吨
棕榈油,Palm Oil,21652X0112011A,首页 > 食品、饮料和烟草；纺织品，服装和皮革制品 > 肉类、鱼类、水果、蔬菜和油脂 > 植物油脂 > 精炼棕榈油,,1.01,kgCO2e,4,2011,kg
橄榄油,Rapeseed Oil,21672X0012011A,首页 > 食品、饮料和烟草；纺织品，服装和皮革制品 > 肉类、鱼类、水果、蔬菜和油脂 > 植物油脂 > 精炼橄榄油,世界产地,0.4,kgCO2e,4,2011,kg
橄榄油,Rapeseed Oil,21672X0022010A,首页 > 食品、饮料和烟草；纺织品，服装和皮革制品 > 肉类、鱼类、水果、蔬菜和油脂 > 植物油脂 > 精炼橄榄油,法国产地（含有包装袋）,1.54,kgCO2e,4,2010,kg
橄榄油,Rapeseed Oil,21672X0032010A,首页 > 食品、饮料和烟草；纺织品，服装和皮革制品 > 肉类、鱼类、水果、蔬菜和油脂 > 植物油脂 > 精炼橄榄油,英国产地,1.54,kgCO2e,4,2010,kg
橄榄油,Rapeseed Oil,21672X0042016A,首页 > 食品、饮料和烟草；纺织品，服装和皮革制品 > 肉类、鱼类、水果、蔬菜和油脂 > 植物油脂 > 精炼橄榄油,中国产地,1.79,kgCO2e,4,2016,kg
橄榄油,Olive Oil,21672X0062011A,首页 > 食品、饮料和烟草；纺织品，服装和皮革制品 > 肉类、鱼类、水果、蔬菜和油脂 > 植物油脂 > 精炼橄榄油,通用,5.4,kgCO2e,4,2011,L
橄榄油,Olive Oil,21672X0012008A,首页 > 食品、饮料和烟草；纺织品，服装和皮革制品 > 肉类、鱼类、水果、蔬菜和油脂 > 植物油脂 > 精炼橄榄油,,3.95,kgCO2e,4,2008,kg
花生油,Peanut Oil,21622X0012016A,首页 > 食品、饮料和烟草；纺织品，服装和皮革制品 > 肉类、鱼类、水果、蔬菜和油脂 > 植物油脂 > 精炼花生油,中国产地,0.94,kgCO2e,4,2016,kg
花生油,Peanut Oil,21622X0022011A,首页 > 食品、饮料和烟草；纺织品，服装和皮革制品 > 肉类、鱼类、水果、蔬菜和油脂 > 植物油脂 > 精炼花生油,世界产地,4.86,kgCO2e,4,2011,kg
精炼菜籽油（欧洲）,refined rapeseed oil,21642X0032011A,首页 > 食品、饮料和烟草；纺织品，服装和皮革制品 > 肉类、鱼类、水果、蔬菜和油脂 > 植物油脂 > 精炼菜油、菜籽油和芥子油,通用,2728,kgCO2e,4,2011,公吨
菜籽油燃料燃烧,Rapeseed oil combustion,21642X0042012A,首页 > 食品、饮料和烟草；纺织品，服装和皮革制品 > 肉类、鱼类、水果、蔬菜和油脂 > 植物油脂 > 精炼菜油、菜籽油和芥子油,,4007.48,gCO2e,5,2012,kg
菜籽油燃料燃烧,Rapeseed oil combustion,21642X0052012A,首页 > 食品、饮料和烟草；纺织品，服装和皮革制品 > 肉类、鱼类、水果、蔬菜和油脂 > 植物油脂 > 精炼菜油、菜籽油和芥子油,,3493.32,gCO2e,5,2012,kg
菜籽油燃料燃烧,Rapeseed oil combustion,21642X0062012A,首页 > 食品、饮料和烟草；纺织品，服装和皮革制品 > 肉类、鱼类、水果、蔬菜和油脂 > 植物油脂 > 精炼菜油、菜籽油和芥子油,,3625.56,gCO2e,5,2012,kg
菜籽油,Rapeseed Oil,21642X0072011A,首页 > 食品、饮料和烟草；纺织品，服装和皮革制品 > 肉类、鱼类、水果、蔬菜和油脂 > 植物油脂 > 精炼菜油、菜籽油和芥子油,通用,3.8,kgCO2e,4,2011,L
精炼葵花籽油(乌克兰),refined Sunflower oil,21632X0022011A,首页 > 食品、饮料和烟草；纺织品，服装和皮革制品 > 肉类、鱼类、水果、蔬菜和油脂 > 植物油脂 > 精炼葵花籽油和红花籽油,通用,2.646,tCO2e,4,2011,公吨
太阳花油,Sunflower Oil,21632X0032010A,首页 > 食品、饮料和烟草；纺织品，服装和皮革制品 > 肉类、鱼类、水果、蔬菜和油脂 > 植物油脂 > 精炼葵花籽油和红花籽油,法国产地（含有包装袋）,1.12,kgCO2e,4,2010,kg
太阳花油,Sunflower Oil,21632X0042011A,首页 > 食品、饮料和烟草；纺织品，服装和皮革制品 > 肉类、鱼类、水果、蔬菜和油脂 > 植物油脂 > 精炼葵花籽油和红花籽油,世界产地,0.9,kgCO2e,4,2011,kg
太阳花油,Sunflower Oil,21632X0052011A,首页 > 食品、饮料和烟草；纺织品，服装和皮革制品 > 肉类、鱼类、水果、蔬菜和油脂 > 植物油脂 > 精炼葵花籽油和红花籽油,土耳其产地,0.98,kgCO2e,4,2011,kg
葵花籽油,Sunflower Oil,21632X0062011A,首页 > 食品、饮料和烟草；纺织品，服装和皮革制品 > 肉类、鱼类、水果、蔬菜和油脂 > 植物油脂 > 精炼葵花籽油和红花籽油,通用,3.6,kgCO2e,4,2011,L
粉虱,Mealworms,21189X0012013A,首页 > 食品、饮料和烟草；纺织品，服装和皮革制品 > 肉类、鱼类、水果、蔬菜和油脂 > 肉和肉制品 > 其他加工的和保藏的肉，内脏，血,,2.65,kgCO2e,5,2013,kg
人造牛肉,Cultured beef,21189X0022011A,首页 > 食品、饮料和烟草；纺织品，服装和皮革制品 > 肉类、鱼类、水果、蔬菜和油脂 > 肉和肉制品 > 其他加工的和保藏的肉，内脏，血,,1.9,tCO2e,3,2011,公吨
家禽肉-中国,poultry-China,21170X0012023A,首页 > 食品、饮料和烟草；纺织品，服装和皮革制品 > 肉类、鱼类、水果、蔬菜和油脂 > 肉和肉制品 > 其他食用肉和内脏（新鲜，冷藏，冷冻）,,2.11,kgCO2e,4,2023,kg
人造肉,Cultured Meat,21170X0022011A,首页 > 食品、饮料和烟草；纺织品，服装和皮革制品 > 肉类、鱼类、水果、蔬菜和油脂 > 肉和肉制品 > 其他食用肉和内脏（新鲜，冷藏，冷冻）,,2.24,tCO2e,5,2011,公吨
人造肉,Cultured Meat,21170X0032014A,首页 > 食品、饮料和烟草；纺织品，服装和皮革制品 > 肉类、鱼类、水果、蔬菜和油脂 > 肉和肉制品 > 其他食用肉和内脏（新鲜，冷藏，冷冻）,,7.5,kgCO2e,4,2014,kg
家禽肉,Poultry Meat,21170X0052018A,首页 > 食品、饮料和烟草；纺织品，服装和皮革制品 > 肉类、鱼类、水果、蔬菜和油脂 > 肉和肉制品 > 其他食用肉和内脏（新鲜，冷藏，冷冻）,,0.57,kgCO2e,4,2018,kg
袋鼠肉,Kangaroo meat,21170X0072009A,首页 > 食品、饮料和烟草；纺织品，服装和皮革制品 > 肉类、鱼类、水果、蔬菜和油脂 > 肉和肉制品 > 其他食用肉和内脏（新鲜，冷藏，冷冻）,,4,kgCO2e,3,2009,kg
鸡肉-美国,Chicken-USA,21144X0012011A,首页 > 食品、饮料和烟草；纺织品，服装和皮革制品 > 肉类、鱼类、水果、蔬菜和油脂 > 肉和肉制品 > 冷冻火鸡肉,,2.68,kgCO2e,4,2011,kg
人造肉-牛肉,Cultured meat-beef,21131X0012015A,首页 > 食品、饮料和烟草；纺织品，服装和皮革制品 > 肉类、鱼类、水果、蔬菜和油脂 > 肉和肉制品 > 冷冻牛肉,,7.5,kgCO2e,4,2015,kg
无骨羊肉-东亚及东南亚,Lamb bone free meat-east and south-east,21135X0022013A,首页 > 食品、饮料和烟草；纺织品，服装和皮革制品 > 肉类、鱼类、水果、蔬菜和油脂 > 肉和肉制品 > 冷冻绵羊肉,,22.91,kgCO2e,3,2013,kg
无骨羊肉-北美地区,Lamb bone free meat-North America,21135X0032013A,首页 > 食品、饮料和烟草；纺织品，服装和皮革制品 > 肉类、鱼类、水果、蔬菜和油脂 > 肉和肉制品 > 冷冻绵羊肉,,43.94,kgCO2e,3,2013,kg
羊肉胴体-世界,Lamb carcass - World,21135X0042013A,首页 > 食品、饮料和烟草；纺织品，服装和皮革制品 > 肉类、鱼类、水果、蔬菜和油脂 > 肉和肉制品 > 冷冻绵羊肉,,23.8,kgCO2e,3,2013,kg
无骨羊肉-西班牙,Lamb bone free meat-Spain,21135X0052008A,首页 > 食品、饮料和烟草；纺织品，服装和皮革制品 > 肉类、鱼类、水果、蔬菜和油脂 > 肉和肉制品 > 冷冻绵羊肉,,51.7,kgCO2e,4,2008,kg
无骨羊肉-西班牙,Lamb bone free meat-Spain,21135X0062008A,首页 > 食品、饮料和烟草；纺织品，服装和皮革制品 > 肉类、鱼类、水果、蔬菜和油脂 > 肉和肉制品 > 冷冻绵羊肉,,47.9,kgCO2e,4,2008,kg
无骨羊肉-西班牙,Lamb bone free meat-Spain,21135X0072008A,首页 > 食品、饮料和烟草；纺织品，服装和皮革制品 > 肉类、鱼类、水果、蔬菜和油脂 > 肉和肉制品 > 冷冻绵羊肉,,38.9,kgCO2e,4,2008,kg
无骨羊肉-西班牙,Lamb bone free meat-Spain,21135X0082008A,首页 > 食品、饮料和烟草；纺织品，服装和皮革制品 > 肉类、鱼类、水果、蔬菜和油脂 > 肉和肉制品 > 冷冻绵羊肉,,25.9,kgCO2e,4,2008,kg
无骨羊肉-西班牙,Lamb bone free meat-Spain,21135X0092008A,首页 > 食品、饮料和烟草；纺织品，服装和皮革制品 > 肉类、鱼类、水果、蔬菜和油脂 > 肉和肉制品 > 冷冻绵羊肉,,24,kgCO2e,4,2008,kg
无骨羊肉-西班牙,Lamb bone free meat-Spain,21135X0102008A,首页 > 食品、饮料和烟草；纺织品，服装和皮革制品 > 肉类、鱼类、水果、蔬菜和油脂 > 肉和肉制品 > 冷冻绵羊肉,,19.5,kgCO2e,4,2008,kg
有骨羊肉-西班牙,Lamb meat with bone-Spain,21135X0112008A,首页 > 食品、饮料和烟草；纺织品，服装和皮革制品 > 肉类、鱼类、水果、蔬菜和油脂 > 肉和肉制品 > 冷冻绵羊肉,,27.7,kgCO2e,4,2008,kg
有骨羊肉-西班牙,Lamb meat with bone-Spain,21135X0122008A,首页 > 食品、饮料和烟草；纺织品，服装和皮革制品 > 肉类、鱼类、水果、蔬菜和油脂 > 肉和肉制品 > 冷冻绵羊肉,,35.4,kgCO2e,4,2008,kg
有骨羊肉-西班牙,Lamb meat with bone-Spain,21135X0132008A,首页 > 食品、饮料和烟草；纺织品，服装和皮革制品 > 肉类、鱼类、水果、蔬菜和油脂 > 肉和肉制品 > 冷冻绵羊肉,,39,kgCO2e,4,2008,kg
有骨羊肉-西班牙,Lamb meat with bone-Spain,21135X0142008A,首页 > 食品、饮料和烟草；纺织品，服装和皮革制品 > 肉类、鱼类、水果、蔬菜和油脂 > 肉和肉制品 > 冷冻绵羊肉,,13.9,kgCO2e,4,2008,kg
有骨羊肉-西班牙,Lamb meat with bone-Spain,21135X0152008A,首页 > 食品、饮料和烟草；纺织品，服装和皮革制品 > 肉类、鱼类、水果、蔬菜和油脂 > 肉和肉制品 > 冷冻绵羊肉,,17.7,kgCO2e,4,2008,kg
有骨羊肉-西班牙,Lamb meat with bone-Spain,21135X0162008A,首页 > 食品、饮料和烟草；纺织品，服装和皮革制品 > 肉类、鱼类、水果、蔬菜和油脂 > 肉和肉制品 > 冷冻绵羊肉,,19.5,kgCO2e,4,2008,kg
有骨羊肉-加拿大,Lamb meat with bone-Canada,21135X0172006A,首页 > 食品、饮料和烟草；纺织品，服装和皮革制品 > 肉类、鱼类、水果、蔬菜和油脂 > 肉和肉制品 > 冷冻绵羊肉,,13.7,kgCO2e,4,2006,kg
有骨羊肉-东亚及东南亚,Lamb meat with bone-east and south-east,21135X0182013A,首页 > 食品、饮料和烟草；纺织品，服装和皮革制品 > 肉类、鱼类、水果、蔬菜和油脂 > 肉和肉制品 > 冷冻绵羊肉,,23,kgCO2e,3,2013,kg
有骨羊肉-澳大利亚,Lamb meat with bone-Australia,21135X0192010A,首页 > 食品、饮料和烟草；纺织品，服装和皮革制品 > 肉类、鱼类、水果、蔬菜和油脂 > 肉和肉制品 > 冷冻绵羊肉,,16.1,kgCO2e,4,2010,kg
有骨羊肉-英国（低地农场）,Lamb meat with bone-UK,21135X0202011A,首页 > 食品、饮料和烟草；纺织品，服装和皮革制品 > 肉类、鱼类、水果、蔬菜和油脂 > 肉和肉制品 > 冷冻绵羊肉,,10.85,kgCO2e,4,2011,kg
有骨羊肉-英国(高地农场),Lamb meat with bone-UK,21135X0212011A,首页 > 食品、饮料和烟草；纺织品，服装和皮革制品 > 肉类、鱼类、水果、蔬菜和油脂 > 肉和肉制品 > 冷冻绵羊肉,,12.85,kgCO2e,4,2011,kg
有骨羊肉-英国（山地农场）,Lamb meat with bone-UK,21135X0222011A,首页 > 食品、饮料和烟草；纺织品，服装和皮革制品 > 肉类、鱼类、水果、蔬菜和油脂 > 肉和肉制品 > 冷冻绵羊肉,,17.86,kgCO2e,4,2011,kg
羊肉,mutton,21135X0012009A,首页 > 食品、饮料和烟草；纺织品，服装和皮革制品 > 肉类、鱼类、水果、蔬菜和油脂 > 肉和肉制品 > 冷冻绵羊肉,,20.82,kgCO2e,4,2009,kg
羊肉,mutton,21135X0022010A,首页 > 食品、饮料和烟草；纺织品，服装和皮革制品 > 肉类、鱼类、水果、蔬菜和油脂 > 肉和肉制品 > 冷冻绵羊肉,,0.2,kgCO2e,4,2010,蛋白质（100g）
带骨鸡肉-世界,Chicken meat with bone-World,21141X0012003A,首页 > 食品、饮料和烟草；纺织品，服装和皮革制品 > 肉类、鱼类、水果、蔬菜和油脂 > 肉和肉制品 > 冷冻鸡肉,,3.21,kgCO2e,4,2003,kg
鸡肉胴体-世界,Chicken Carcass - World,21141X0022013A,首页 > 食品、饮料和烟草；纺织品，服装和皮革制品 > 肉类、鱼类、水果、蔬菜和油脂 > 肉和肉制品 > 冷冻鸡肉,,5.4,kgCO2e,3,2013,kg
带骨鸡肉-巴西（中西部）,Chicken meat with bone-Brazil（CW）,21141X0032014A,首页 > 食品、饮料和烟草；纺织品，服装和皮革制品 > 肉类、鱼类、水果、蔬菜和油脂 > 肉和肉制品 > 冷冻鸡肉,,2.89,kgCO2e,4,2014,kg
带骨鸡肉-巴西（南部）,Chicken meat with bone-Brazil（SO）,21141X0042014A,首页 > 食品、饮料和烟草；纺织品，服装和皮革制品 > 肉类、鱼类、水果、蔬菜和油脂 > 肉和肉制品 > 冷冻鸡肉,,1.96,kgCO2e,4,2014,kg
家禽-越南,Poultry-Vietnam,21141X0052011A,首页 > 食品、饮料和烟草；纺织品，服装和皮革制品 > 肉类、鱼类、水果、蔬菜和油脂 > 肉和肉制品 > 冷冻鸡肉,,8.719,kgCO2e,5,2011,kg
鸡肉-世界,Chicken meat-World,21141X0062006A,首页 > 食品、饮料和烟草；纺织品，服装和皮革制品 > 肉类、鱼类、水果、蔬菜和油脂 > 肉和肉制品 > 冷冻鸡肉,,3.21,kgCO2e,4,2006,kg
无骨鸡肉-亚洲平均,Chicken bone free meat-Aisa,21141X0072013A,首页 > 食品、饮料和烟草；纺织品，服装和皮革制品 > 肉类、鱼类、水果、蔬菜和油脂 > 肉和肉制品 > 冷冻鸡肉,,7.73,kgCO2e,3,2013,kg
无骨鸡肉-欧洲平均,Chicken bone free meat-Europe,21141X0082013A,首页 > 食品、饮料和烟草；纺织品，服装和皮革制品 > 肉类、鱼类、水果、蔬菜和油脂 > 肉和肉制品 > 冷冻鸡肉,,6.14,kgCO2e,3,2013,kg
鸡胸肉,chicken breast,21141X0092024A,首页 > 食品、饮料和烟草；纺织品，服装和皮革制品 > 肉类、鱼类、水果、蔬菜和油脂 > 肉和肉制品 > 冷冻鸡肉,,2.58,kgCO2e,3,2024,kg
冻干鸡肉生骨肉,Freeze-Dried Chicken Raw Meat,21141X0102023B,首页 > 食品、饮料和烟草；纺织品，服装和皮革制品 > 肉类、鱼类、水果、蔬菜和油脂 > 肉和肉制品 > 冷冻鸡肉,,13.3367,kgCO2e,5,2023,kg
鸭肉,Duck,21142X0012014A,首页 > 食品、饮料和烟草；纺织品，服装和皮革制品 > 肉类、鱼类、水果、蔬菜和油脂 > 肉和肉制品 > 冷冻鸭肉,,3.09,kgCO2e,4,2014,kg
无骨兔肉,Rabbit（bone free meat）,21114X0012014A,首页 > 食品、饮料和烟草；纺织品，服装和皮革制品 > 肉类、鱼类、水果、蔬菜和油脂 > 肉和肉制品 > 家兔、野兔肉（新鲜或冷藏）,,4.7,kgCO2e,4,2014,kg
带骨兔肉,Rabbit meat with bone,21114X0032011A,首页 > 食品、饮料和烟草；纺织品，服装和皮革制品 > 肉类、鱼类、水果、蔬菜和油脂 > 肉和肉制品 > 家兔、野兔肉（新鲜或冷藏）,,5.58,kgCO2e,3,2011,kg
带骨兔肉,Rabbit meat with bone,21114X0042014A,首页 > 食品、饮料和烟草；纺织品，服装和皮革制品 > 肉类、鱼类、水果、蔬菜和油脂 > 肉和肉制品 > 家兔、野兔肉（新鲜或冷藏）,,2.3,kgCO2e,3,2014,kg
火鸡肉,Turkey meat,21124X0012006A,首页 > 食品、饮料和烟草；纺织品，服装和皮革制品 > 肉类、鱼类、水果、蔬菜和油脂 > 肉和肉制品 > 火鸡肉（新鲜或冷藏）,,1.44,kgCO2e,4,2006,kg
火鸡肉,Turkey meat,21124X0022009A,首页 > 食品、饮料和烟草；纺织品，服装和皮革制品 > 肉类、鱼类、水果、蔬菜和油脂 > 肉和肉制品 > 火鸡肉（新鲜或冷藏）,,3.76,kgCO2e,3,2009,kg
带骨鸡肉,chicken meat with bone,21124X0012013A,首页 > 食品、饮料和烟草；纺织品，服装和皮革制品 > 肉类、鱼类、水果、蔬菜和油脂 > 肉和肉制品 > 火鸡肉（新鲜或冷藏）,,3.32,kgCO2e,3,2013,kg
培根-世界,bacon-World,21181X0012003A,首页 > 食品、饮料和烟草；纺织品，服装和皮革制品 > 肉类、鱼类、水果、蔬菜和油脂 > 肉和肉制品 > 烟熏猪肉，培根和火腿（切割，盐腌，干制猪肉）,,5.85,kgCO2e,4,2003,kg
火腿颈肉,Ham neck bacon,21181X0022003A,首页 > 食品、饮料和烟草；纺织品，服装和皮革制品 > 肉类、鱼类、水果、蔬菜和油脂 > 肉和肉制品 > 烟熏猪肉，培根和火腿（切割，盐腌，干制猪肉）,,5.05,kgCO2e,5,2003,kg
猪肉火腿-丹麦,pork ham-Denmark,21181X0032010A,首页 > 食品、饮料和烟草；纺织品，服装和皮革制品 > 肉类、鱼类、水果、蔬菜和油脂 > 肉和肉制品 > 烟熏猪肉，培根和火腿（切割，盐腌，干制猪肉）,,3,kgCO2e,5,2010,kg
牛胴体肉（广义的牛肉）,beef carcass,21111X0012014A,首页 > 食品、饮料和烟草；纺织品，服装和皮革制品 > 肉类、鱼类、水果、蔬菜和油脂 > 肉和肉制品 > 牛肉（新鲜或冷藏）,,18.2,kgCO2e,4,2014,kg
牛肉（安格斯牛）,Angus beef,21111X0032011A,首页 > 食品、饮料和烟草；纺织品，服装和皮革制品 > 肉类、鱼类、水果、蔬菜和油脂 > 肉和肉制品 > 牛肉（新鲜或冷藏）,来自加利福尼亚州安哥拉安格斯牛（Angus）,22.6,kgCO2e,4,2011,kg
牛肉（无骨肉)-巴西,Beef（bone-free meat)-Brazil,21111X0042011A,首页 > 食品、饮料和烟草；纺织品，服装和皮革制品 > 肉类、鱼类、水果、蔬菜和油脂 > 肉和肉制品 > 牛肉（新鲜或冷藏）,,45.17,kgCO2e,4,2011,kg
牛肉（无骨肉)-英国,Beef（bone-free meat)-UK,21111X0052011A,首页 > 食品、饮料和烟草；纺织品，服装和皮革制品 > 肉类、鱼类、水果、蔬菜和油脂 > 肉和肉制品 > 牛肉（新鲜或冷藏）,,33.85,kgCO2e,4,2011,kg
牛肉（无骨肉)-英国,Beef（bone-free meat)-UK,21111X0062011A,首页 > 食品、饮料和烟草；纺织品，服装和皮革制品 > 肉类、鱼类、水果、蔬菜和油脂 > 肉和肉制品 > 牛肉（新鲜或冷藏）,,33.99,kgCO2e,4,2011,kg
牛肉（无骨肉)-英国,Beef（bone-free meat）- UK,21111X0072011A,首页 > 食品、饮料和烟草；纺织品，服装和皮革制品 > 肉类、鱼类、水果、蔬菜和油脂 > 肉和肉制品 > 牛肉（新鲜或冷藏）,,34.05,kgCO2e,4,2011,kg
牛肉（无骨肉）-全球平均,Beef（bone-free meat）- Global average,21111X0082015A,首页 > 食品、饮料和烟草；纺织品，服装和皮革制品 > 肉类、鱼类、水果、蔬菜和油脂 > 肉和肉制品 > 牛肉（新鲜或冷藏）,,26.61,kgCO2e,4,2015,kg
牛肉-加拿大,Beef Cattle-Canada,21111X0092006A,首页 > 食品、饮料和烟草；纺织品，服装和皮革制品 > 肉类、鱼类、水果、蔬菜和油脂 > 肉和肉制品 > 牛肉（新鲜或冷藏）,,9.5,kgCO2e,4,2006,kg
牛肉（原始切块）,meat (primal cuts),21111X0102006A,首页 > 食品、饮料和烟草；纺织品，服装和皮革制品 > 肉类、鱼类、水果、蔬菜和油脂 > 肉和肉制品 > 牛肉（新鲜或冷藏）,,19.6,kgCO2e,4,2006,kg
牛肉,Beef,21111X0112010A,首页 > 食品、饮料和烟草；纺织品，服装和皮革制品 > 肉类、鱼类、水果、蔬菜和油脂 > 肉和肉制品 > 牛肉（新鲜或冷藏）,,0.5,kgCO2e,4,2010,100g蛋白质（100g protein）
牛肉-美国,Beef-USA,21111X0122010A,首页 > 食品、饮料和烟草；纺织品，服装和皮革制品 > 肉类、鱼类、水果、蔬菜和油脂 > 肉和肉制品 > 牛肉（新鲜或冷藏）,,15.23,kgCO2e,3,2010,kg
牛肉-澳大利亚,Beef-Australia,21111X0132010A,首页 > 食品、饮料和烟草；纺织品，服装和皮革制品 > 肉类、鱼类、水果、蔬菜和油脂 > 肉和肉制品 > 牛肉（新鲜或冷藏）,,25.38,kgCO2e,5,2010,kg
牛肉-美国,Beef-USA,21111X0142011A,首页 > 食品、饮料和烟草；纺织品，服装和皮革制品 > 肉类、鱼类、水果、蔬菜和油脂 > 肉和肉制品 > 牛肉（新鲜或冷藏）,,16.39,kgCO2e,4,2011,kg
牛肉-南澳大利亚,Beef-Southern Australia,21111X0152011A,首页 > 食品、饮料和烟草；纺织品，服装和皮革制品 > 肉类、鱼类、水果、蔬菜和油脂 > 肉和肉制品 > 牛肉（新鲜或冷藏）,,10.8,kgCO2e,4,2011,kg
牛肉-中国,Beef-China,21111X0162023A,首页 > 食品、饮料和烟草；纺织品，服装和皮革制品 > 肉类、鱼类、水果、蔬菜和油脂 > 肉和肉制品 > 牛肉（新鲜或冷藏）,,22.43,kgCO2e,4,2023,kg
无骨牛肉,Beef（bone free meat）,21111X0172014A,首页 > 食品、饮料和烟草；纺织品，服装和皮革制品 > 肉类、鱼类、水果、蔬菜和油脂 > 肉和肉制品 > 牛肉（新鲜或冷藏）,,28.73,kgCO2e,4,2014,kg
牛肉（肉牛，胴体重）,"Beef（Specialized beef, carcass weight ）",21111X0232013A,首页 > 食品、饮料和烟草；纺织品，服装和皮革制品 > 肉类、鱼类、水果、蔬菜和油脂 > 肉和肉制品 > 牛肉（新鲜或冷藏）,,67.6,kgCO2e,4,2013,kg
牛肉（奶牛，胴体重）,"Beef（Dairy, carcass weight ）",21111X0242013A,首页 > 食品、饮料和烟草；纺织品，服装和皮革制品 > 肉类、鱼类、水果、蔬菜和油脂 > 肉和肉制品 > 牛肉（新鲜或冷藏）,,18.2,kgCO2e,4,2013,kg
牛肉（胴体重）-全球,Beef（carcass weight）-Global,21111X0252013A,首页 > 食品、饮料和烟草；纺织品，服装和皮革制品 > 肉类、鱼类、水果、蔬菜和油脂 > 肉和肉制品 > 牛肉（新鲜或冷藏）,,46.2,kgCO2e,4,2013,kg
奶牛肉,Beef（dairy herd）,21111X0262018A,首页 > 食品、饮料和烟草；纺织品，服装和皮革制品 > 肉类、鱼类、水果、蔬菜和油脂 > 肉和肉制品 > 牛肉（新鲜或冷藏）,,1.7,kgCO2e,4,2018,kg
牛肉,Bovine meat,21111X0282009A,首页 > 食品、饮料和烟草；纺织品，服装和皮革制品 > 肉类、鱼类、水果、蔬菜和油脂 > 肉和肉制品 > 牛肉（新鲜或冷藏）,,21.71,kgCO2e,5,2009,kg
牛肉-欧盟27国,Beef -EU-27,21111X0292010A,首页 > 食品、饮料和烟草；纺织品，服装和皮革制品 > 肉类、鱼类、水果、蔬菜和油脂 > 肉和肉制品 > 牛肉（新鲜或冷藏）,,22.17,kgCO2e,4,2010,kg
牛肉-阿根廷,Beef -Argentina,21111X0302013A,首页 > 食品、饮料和烟草；纺织品，服装和皮革制品 > 肉类、鱼类、水果、蔬菜和油脂 > 肉和肉制品 > 牛肉（新鲜或冷藏）,,38.5,kgCO2e,5,2013,kg
猪肉-中国,pork-China,21113X0012023A,首页 > 食品、饮料和烟草；纺织品，服装和皮革制品 > 肉类、鱼类、水果、蔬菜和油脂 > 肉和肉制品 > 猪肉（新鲜或冷藏）,,3.63,kgCO2e,4,2023,kg
家庭农场猪肉,pork,21113X0012010A,首页 > 食品、饮料和烟草；纺织品，服装和皮革制品 > 肉类、鱼类、水果、蔬菜和油脂 > 肉和肉制品 > 猪肉（新鲜或冷藏）,家庭农场,5.42,kgCO2e,4,2010,kg
集体农场猪肉,Aggregated farm pork,21113X0022010A,首页 > 食品、饮料和烟草；纺织品，服装和皮革制品 > 肉类、鱼类、水果、蔬菜和油脂 > 肉和肉制品 > 猪肉（新鲜或冷藏）,四川集体农场,4.29,kgCO2e,4,2010,kg
集体农场鸡肉,Aggregated farm chicken,21113X0032010A,首页 > 食品、饮料和烟草；纺织品，服装和皮革制品 > 肉类、鱼类、水果、蔬菜和油脂 > 肉和肉制品 > 猪肉（新鲜或冷藏）,四川集体农场,7.86,kgCO2e,4,2010,kg
带骨猪肉-世界,pork with bone meat-World,21113X0042005A,首页 > 食品、饮料和烟草；纺织品，服装和皮革制品 > 肉类、鱼类、水果、蔬菜和油脂 > 肉和肉制品 > 猪肉（新鲜或冷藏）,,2.76,kgCO2e,4,2005,kg
带骨猪肉-亚洲,pork with bone meat-Aisa,21113X0052013A,首页 > 食品、饮料和烟草；纺织品，服装和皮革制品 > 肉类、鱼类、水果、蔬菜和油脂 > 肉和肉制品 > 猪肉（新鲜或冷藏）,,4.66,kgCO2e,4,2013,kg
带骨猪肉,pork with bone meat,21113X0062012A,首页 > 食品、饮料和烟草；纺织品，服装和皮革制品 > 肉类、鱼类、水果、蔬菜和油脂 > 肉和肉制品 > 猪肉（新鲜或冷藏）,,3.23,kgCO2e,4,2012,kg
无骨猪肉,pork bone free meat,21113X0072012A,首页 > 食品、饮料和烟草；纺织品，服装和皮革制品 > 肉类、鱼类、水果、蔬菜和油脂 > 肉和肉制品 > 猪肉（新鲜或冷藏）,,5.37,kgCO2e,4,2012,kg
带骨猪肉,pork with bone meat,21113X0082010A,首页 > 食品、饮料和烟草；纺织品，服装和皮革制品 > 肉类、鱼类、水果、蔬菜和油脂 > 肉和肉制品 > 猪肉（新鲜或冷藏）,,3.52,kgCO2e,4,2010,kg
无骨猪肉,pork bone free meat,21113X0092006A,首页 > 食品、饮料和烟草；纺织品，服装和皮革制品 > 肉类、鱼类、水果、蔬菜和油脂 > 肉和肉制品 > 猪肉（新鲜或冷藏）,,4.94,kgCO2e,4,2006,kg
无骨猪肉,pork bone free meat,21113X0102008A,首页 > 食品、饮料和烟草；纺织品，服装和皮革制品 > 肉类、鱼类、水果、蔬菜和油脂 > 肉和肉制品 > 猪肉（新鲜或冷藏）,,4.58,kgCO2e,3,2008,kg
无骨猪肉,pork bone free meat,21113X0112013A,首页 > 食品、饮料和烟草；纺织品，服装和皮革制品 > 肉类、鱼类、水果、蔬菜和油脂 > 肉和肉制品 > 猪肉（新鲜或冷藏）,,7.79,kgCO2e,4,2013,kg
猪肉,pig meat,21113X0122005A,首页 > 食品、饮料和烟草；纺织品，服装和皮革制品 > 肉类、鱼类、水果、蔬菜和油脂 > 肉和肉制品 > 猪肉（新鲜或冷藏）,,5,tCO2e,4,2005,公吨
猪肉,Pork,21113X0132014A,首页 > 食品、饮料和烟草；纺织品，服装和皮革制品 > 肉类、鱼类、水果、蔬菜和油脂 > 肉和肉制品 > 猪肉（新鲜或冷藏）,,5.85,kgCO2e,4,2014,kg
猪肉,Pork,21113X0142012A,首页 > 食品、饮料和烟草；纺织品，服装和皮革制品 > 肉类、鱼类、水果、蔬菜和油脂 > 肉和肉制品 > 猪肉（新鲜或冷藏）,,4.29,kgCO2e,4,2012,kg
猪肉,Pork,21113X0152009A,首页 > 食品、饮料和烟草；纺织品，服装和皮革制品 > 肉类、鱼类、水果、蔬菜和油脂 > 肉和肉制品 > 猪肉（新鲜或冷藏）,,2.891,kgCO2e,4,2009,kg
里脊肉,Tenderloin,21113X0162003A,首页 > 食品、饮料和烟草；纺织品，服装和皮革制品 > 肉类、鱼类、水果、蔬菜和油脂 > 肉和肉制品 > 猪肉（新鲜或冷藏）,,4560,gCO2e,4,2003,g
猪肉,pig meat,21113X0172010A,首页 > 食品、饮料和烟草；纺织品，服装和皮革制品 > 肉类、鱼类、水果、蔬菜和油脂 > 肉和肉制品 > 猪肉（新鲜或冷藏）,,0.076,kgCO2e,4,2010,蛋白质（100g）
羊肉-中国,mutton-China,21115X0012023A,首页 > 食品、饮料和烟草；纺织品，服装和皮革制品 > 肉类、鱼类、水果、蔬菜和油脂 > 肉和肉制品 > 绵羊肉（新鲜或冷藏）,,19.59,kgCO2e,4,2023,kg
无骨羊肉,Lamb bone free meat,21115X0012011A,首页 > 食品、饮料和烟草；纺织品，服装和皮革制品 > 肉类、鱼类、水果、蔬菜和油脂 > 肉和肉制品 > 绵羊肉（新鲜或冷藏）,,25.23,tCO2e,3,2011,公吨
牛肉汉堡,Beef burger,21186X0012009A,首页 > 食品、饮料和烟草；纺织品，服装和皮革制品 > 肉类、鱼类、水果、蔬菜和油脂 > 肉和肉制品 > 肉类制成的菜肴,,17.3,kgCO2e,4,2009,kg
夜市鸡排,Fried chicken,21186X0012020A,首页 > 食品、饮料和烟草；纺织品，服装和皮革制品 > 肉类、鱼类、水果、蔬菜和油脂 > 肉和肉制品 > 肉类制成的菜肴,,0.6687,kgCO2e,5,2020,片
排骨套餐外卖,the ribs meal,21186X0022020A,首页 > 食品、饮料和烟草；纺织品，服装和皮革制品 > 肉类、鱼类、水果、蔬菜和油脂 > 肉和肉制品 > 肉类制成的菜肴,,2.0286,kgCO2e,5,2020,份
内脏和脂肪（牛）,offal and fat（Cow）,21151X0012006A,首页 > 食品、饮料和烟草；纺织品，服装和皮革制品 > 肉类、鱼类、水果、蔬菜和油脂 > 肉和肉制品 > 食用牛内脏（新鲜，冷藏，冷冻）,,7,kgCO2e,4,2006,kg
猪肉火腿,pork ham,21184X0012016A,首页 > 食品、饮料和烟草；纺织品，服装和皮革制品 > 肉类、鱼类、水果、蔬菜和油脂 > 肉和肉制品 > 香肠和类似肉，内脏，血制品,,10.7,kgCO2e,4,2016,kg
鸡排,Chicken Steak,21121X0012020A,首页 > 食品、饮料和烟草；纺织品，服装和皮革制品 > 肉类、鱼类、水果、蔬菜和油脂 > 肉和肉制品 > 鸡肉（新鲜或冷藏）,夜市鸡排,0.6687,kgCO2e,5,2020,个
家庭农场鸡肉,Household farm chicken,21121X0022010A,首页 > 食品、饮料和烟草；纺织品，服装和皮革制品 > 肉类、鱼类、水果、蔬菜和油脂 > 肉和肉制品 > 鸡肉（新鲜或冷藏）,四川家庭农场,20.02,kgCO2e,4,2010,kg
带骨鸡肉,chicken meat with bone,21121X0032013A,首页 > 食品、饮料和烟草；纺织品，服装和皮革制品 > 肉类、鱼类、水果、蔬菜和油脂 > 肉和肉制品 > 鸡肉（新鲜或冷藏）,,2.37,kgCO2e,3,2013,kg
鸡肉,Chicken,21121X0042014A,首页 > 食品、饮料和烟草；纺织品，服装和皮革制品 > 肉类、鱼类、水果、蔬菜和油脂 > 肉和肉制品 > 鸡肉（新鲜或冷藏）,,3.65,kgCO2e,4,2014,kg
无骨鸡肉-美国,chicken bone free meat-USA,21121X0052013A,首页 > 食品、饮料和烟草；纺织品，服装和皮革制品 > 肉类、鱼类、水果、蔬菜和油脂 > 肉和肉制品 > 鸡肉（新鲜或冷藏）,,3.44,kgCO2e,4,2013,kg
鸡肝,Chicken liver,21121X0082013A,首页 > 食品、饮料和烟草；纺织品，服装和皮革制品 > 肉类、鱼类、水果、蔬菜和油脂 > 肉和肉制品 > 鸡肉（新鲜或冷藏）,,0.62,kgCO2e,4,2013,kg
棉T恤,Cotton T-shirt,28225X0042019A,首页 > 食品、饮料和烟草；纺织品，服装和皮革制品 > 针织物或钩编织物；服装 > 服装（毛皮服装除外） > T恤衫、背心和其他类内衣（针织或钩编）,,0.167,kgCO2e,4,2019,件
棉polo衫,cotton polo shirt,28225X0022019A,首页 > 食品、饮料和烟草；纺织品，服装和皮革制品 > 针织物或钩编织物；服装 > 服装（毛皮服装除外） > T恤衫、背心和其他类内衣（针织或钩编）,,0.371,kgCO2e,4,2019,件
内衣、睡衣和袜子,"Underwear, nightwear and hosiery",28225X0062009A,首页 > 食品、饮料和烟草；纺织品，服装和皮革制品 > 针织物或钩编织物；服装 > 服装（毛皮服装除外） > T恤衫、背心和其他类内衣（针织或钩编）,,1.9,kgCO2e,4,2009,件
T恤,T-shirt,28225X0032019A,首页 > 食品、饮料和烟草；纺织品，服装和皮革制品 > 针织物或钩编织物；服装 > 服装（毛皮服装除外） > T恤衫、背心和其他类内衣（针织或钩编）,-,0.175,kgCO2e,4,2019,件
棉质T恤,cotton tee,28225X0042018A,首页 > 食品、饮料和烟草；纺织品，服装和皮革制品 > 针织物或钩编织物；服装 > 服装（毛皮服装除外） > T恤衫、背心和其他类内衣（针织或钩编）,,4,kgCO2e,3,2018,件
t恤,T-shirt,28225X0012019A,首页 > 食品、饮料和烟草；纺织品，服装和皮革制品 > 针织物或钩编织物；服装 > 服装（毛皮服装除外） > T恤衫、背心和其他类内衣（针织或钩编）,,0.167,kgCO2e,5,2019,kg
衣物,clothing,28225X0072021A,首页 > 食品、饮料和烟草；纺织品，服装和皮革制品 > 针织物或钩编织物；服装 > 服装（毛皮服装除外） > T恤衫、背心和其他类内衣（针织或钩编）,,22.31,kgCO2e,4,2021,kg
棉T恤,Cotton T-shirt,28225X0022019C,首页 > 食品、饮料和烟草；纺织品，服装和皮革制品 > 针织物或钩编织物；服装 > 服装（毛皮服装除外） > T恤衫、背心和其他类内衣（针织或钩编）,,0.167,kgCO2e,5,2019,件
棉polo衫,cotton polo shirt,28225X0032019C,首页 > 食品、饮料和烟草；纺织品，服装和皮革制品 > 针织物或钩编织物；服装 > 服装（毛皮服装除外） > T恤衫、背心和其他类内衣（针织或钩编）,,0.371,kgCO2e,5,2019,件
RHZC-001 女士内衣套装,RHZC-001 Women's Underwear Set,28225X0192024B,首页 > 食品、饮料和烟草；纺织品，服装和皮革制品 > 针织物或钩编织物；服装 > 服装（毛皮服装除外） > T恤衫、背心和其他类内衣（针织或钩编）,90B/40,1.8185,kgCO2e,5,2024,个
男 T恤衫,Men's T-shirt,28225X0202024B,首页 > 食品、饮料和烟草；纺织品，服装和皮革制品 > 针织物或钩编织物；服装 > 服装（毛皮服装除外） > T恤衫、背心和其他类内衣（针织或钩编）,ASTZE0CBE10,8.22,kgCO2e,5,2024,平方米
女 T恤衫,Women's T-shirt,28225X0212024B,首页 > 食品、饮料和烟草；纺织品，服装和皮革制品 > 针织物或钩编织物；服装 > 服装（毛皮服装除外） > T恤衫、背心和其他类内衣（针织或钩编）,ASTSE0CBE01,5.95,kgCO2e,5,2024,平方米
VICTORIA-SFTB 女士内衣,VICTORIA-SFTB Women's Lingerie,28225X0222023B,首页 > 食品、饮料和烟草；纺织品，服装和皮革制品 > 针织物或钩编织物；服装 > 服装（毛皮服装除外） > T恤衫、背心和其他类内衣（针织或钩编）,34B,1.0218,kgCO2e,5,2023,件
树脂纽扣,Resin buttons,28243X0012014A,首页 > 食品、饮料和烟草；纺织品，服装和皮革制品 > 针织物或钩编织物；服装 > 服装（毛皮服装除外） > 塑料服装和服饰用品（包括手套）,-,23.8,kgCO2e,5,2014,kg
徒步旅行背包,hiking backpack,28243X0012018A,首页 > 食品、饮料和烟草；纺织品，服装和皮革制品 > 针织物或钩编织物；服装 > 服装（毛皮服装除外） > 塑料服装和服饰用品（包括手套）,,5.7,kgCO2e,3,2018,个
书包,bag,28243X0022018A,首页 > 食品、饮料和烟草；纺织品，服装和皮革制品 > 针织物或钩编织物；服装 > 服装（毛皮服装除外） > 塑料服装和服饰用品（包括手套）,,8.6,kgCO2e,3,2018,个
莫代尔彩色睡裙,Modal pants,28224X0012021C,首页 > 食品、饮料和烟草；纺织品，服装和皮革制品 > 针织物或钩编织物；服装 > 服装（毛皮服装除外） > 女罩衣、女童罩衣、衬衫、衬裙、紧身短裤、睡衣、晨衣及类似物品（针织或钩编）,,3.86,kgCO2e,5,2021,件
女式牛仔裤,Women's Jeans,28223X0132022A,首页 > 食品、饮料和烟草；纺织品，服装和皮革制品 > 针织物或钩编织物；服装 > 服装（毛皮服装除外） > 女装、女童装、外衣、夹克衫、礼服、裙子、长裤、短裤及类似物品（针织或钩编）,,7.24,kgCO2e,5,2022,kg
围巾、披肩、领带等,"Scarves, shawls, ties etc",28229X0022009A,首页 > 食品、饮料和烟草；纺织品，服装和皮革制品 > 针织物或钩编织物；服装 > 服装（毛皮服装除外） > 手套、披巾、薄头巾、面纱、领带、围巾及其他成衣的服饰用品（针织或钩编）；针织或钩编的服装或服饰用品的附加部分,,1.7,kgCO2e,4,2009,g
手套,Gloves,28229X0012009A,首页 > 食品、饮料和烟草；纺织品，服装和皮革制品 > 针织物或钩编织物；服装 > 服装（毛皮服装除外） > 手套、披巾、薄头巾、面纱、领带、围巾及其他成衣的服饰用品（针织或钩编）；针织或钩编的服装或服饰用品的附加部分,,1.1,kgCO2e,4,2009,件
Wonder Grip® WG-355 Dual 特种防护手套,Wonder Grip® WG-355 Dual Special Protective Gloves,28229X0052023B,首页 > 食品、饮料和烟草；纺织品，服装和皮革制品 > 针织物或钩编织物；服装 > 服装（毛皮服装除外） > 手套、披巾、薄头巾、面纱、领带、围巾及其他成衣的服饰用品（针织或钩编）；针织或钩编的服装或服饰用品的附加部分,WG-355,0.7808,kgCO2e,4,2023,双
Wonder Grip® WG-318 Aqua 特种防护手套,Wonder Grip® WG-318 Aqua Special Protective Gloves,28229X0062023B,首页 > 食品、饮料和烟草；纺织品，服装和皮革制品 > 针织物或钩编织物；服装 > 服装（毛皮服装除外） > 手套、披巾、薄头巾、面纱、领带、围巾及其他成衣的服饰用品（针织或钩编）；针织或钩编的服装或服饰用品的附加部分,WG-318,0.8782,kgCO2e,4,2023,双
Wonder Grip® WG-787 Dexcut® 特种防护手套,Wonder Grip® WG-787 Dexcut® Special Protective Gloves,28229X0072023B,首页 > 食品、饮料和烟草；纺织品，服装和皮革制品 > 针织物或钩编织物；服装 > 服装（毛皮服装除外） > 手套、披巾、薄头巾、面纱、领带、围巾及其他成衣的服饰用品（针织或钩编）；针织或钩编的服装或服饰用品的附加部分,WG-787,1.0053,kgCO2e,4,2023,双
Wonder Grip® WG-338 Thermo Plus 特种防护手套,Wonder Grip® WG-338 Thermo Plus Special Protective Gloves,28229X0082023B,首页 > 食品、饮料和烟草；纺织品，服装和皮革制品 > 针织物或钩编织物；服装 > 服装（毛皮服装除外） > 手套、披巾、薄头巾、面纱、领带、围巾及其他成衣的服饰用品（针织或钩编）；针织或钩编的服装或服饰用品的附加部分,WG-338,1.2176,kgCO2e,4,2023,双
莫代尔彩色睡衣,Modal pajamas,28222X0012021C,首页 > 食品、饮料和烟草；纺织品，服装和皮革制品 > 针织物或钩编织物；服装 > 服装（毛皮服装除外） > 男衬衫、男童衬衫、衬裤、睡衣裤、晨衣及类似物品（针织或钩编）,,2.97,kgCO2e,5,2021,件
棉透气外套,Cotton breathable jacket,28221X0242011A,首页 > 食品、饮料和烟草；纺织品，服装和皮革制品 > 针织物或钩编织物；服装 > 服装（毛皮服装除外） > 男装、男童套装、外衣、夹克衫、长裤、短裤及其类似物品（针织或钩编）,,13.42,kgCO2e,3,2011,件
再生棉毛衣,recycled cotton sweater,28221X0012018A,首页 > 食品、饮料和烟草；纺织品，服装和皮革制品 > 针织物或钩编织物；服装 > 服装（毛皮服装除外） > 男装、男童套装、外衣、夹克衫、长裤、短裤及其类似物品（针织或钩编）,,7,kgCO2e,3,2018,件
帽衫,Hoddie,28221X0022018B,首页 > 食品、饮料和烟草；纺织品，服装和皮革制品 > 针织物或钩编织物；服装 > 服装（毛皮服装除外） > 男装、男童套装、外衣、夹克衫、长裤、短裤及其类似物品（针织或钩编）,,3.91,kgCO2e,4,2018,件
带帽拉链衫,Hooded Zip-Up Shirt,28221X0252023B,首页 > 食品、饮料和烟草；纺织品，服装和皮革制品 > 针织物或钩编织物；服装 > 服装（毛皮服装除外） > 男装、男童套装、外衣、夹克衫、长裤、短裤及其类似物品（针织或钩编）,SPMZE12C71-00/-01/-02,10.86,kgCO2e,5,2023,件
男式防水防风软壳外套,Men's Waterproof Windproof Softshell Jacket,28221X0262025B,首页 > 食品、饮料和烟草；纺织品，服装和皮革制品 > 针织物或钩编织物；服装 > 服装（毛皮服装除外） > 男装、男童套装、外衣、夹克衫、长裤、短裤及其类似物品（针织或钩编）,TAYHO-M-05,10.3774,kgCO2e,5,2025,个
莫代尔彩色睡衣,Modal pajamas,28234X0012021A,首页 > 食品、饮料和烟草；纺织品，服装和皮革制品 > 针织物或钩编织物；服装 > 服装（毛皮服装除外） > 纺织品女罩衣、女童罩衣、衬衫、汗衫、衬裙、紧身短裤、睡衣、晨衣及其类似物品（非针织或钩编）,,2.97,kgCO2e,3,2021,件
莫代尔彩色睡裙,Modal pants,28234X0022021A,首页 > 食品、饮料和烟草；纺织品，服装和皮革制品 > 针织物或钩编织物；服装 > 服装（毛皮服装除外） > 纺织品女罩衣、女童罩衣、衬衫、汗衫、衬裙、紧身短裤、睡衣、晨衣及其类似物品（非针织或钩编）,,3.86,kgCO2e,5,2021,件
粘胶连衣裙,viscose dress,28234X0032018A,首页 > 食品、饮料和烟草；纺织品，服装和皮革制品 > 针织物或钩编织物；服装 > 服装（毛皮服装除外） > 纺织品女罩衣、女童罩衣、衬衫、汗衫、衬裙、紧身短裤、睡衣、晨衣及其类似物品（非针织或钩编）,,38,kgCO2e,3,2018,件
棉质连衣裙,cotton dress,28234X0042018A,首页 > 食品、饮料和烟草；纺织品，服装和皮革制品 > 针织物或钩编织物；服装 > 服装（毛皮服装除外） > 纺织品女罩衣、女童罩衣、衬衫、汗衫、衬裙、紧身短裤、睡衣、晨衣及其类似物品（非针织或钩编）,,43,kgCO2e,3,2018,件
涤纶连衣裙,polyester dress,28234X0052018A,首页 > 食品、饮料和烟草；纺织品，服装和皮革制品 > 针织物或钩编织物；服装 > 服装（毛皮服装除外） > 纺织品女罩衣、女童罩衣、衬衫、汗衫、衬裙、紧身短裤、睡衣、晨衣及其类似物品（非针织或钩编）,,45,kgCO2e,3,2018,件
116号连⾐裙,Dress #116,28234X0062022B,首页 > 食品、饮料和烟草；纺织品，服装和皮革制品 > 针织物或钩编织物；服装 > 服装（毛皮服装除外） > 纺织品女罩衣、女童罩衣、衬衫、汗衫、衬裙、紧身短裤、睡衣、晨衣及其类似物品（非针织或钩编）,205.5g的桑蚕丝连⾐裙，尺码为L码,43.24,kgCO2e,5,2022,条
白色棉服,Pure cotton shirt,28233X0012009A,首页 > 食品、饮料和烟草；纺织品，服装和皮革制品 > 针织物或钩编织物；服装 > 服装（毛皮服装除外） > 纺织品女装、女童装、外衣、夹克衫、礼服、裙子、长裤、短裤及其类似物品（非针织或钩编）,,30.9,tCO2e,4,2009,公吨
牛仔上衣,Denim jacket,28233X0012021C,首页 > 食品、饮料和烟草；纺织品，服装和皮革制品 > 针织物或钩编织物；服装 > 服装（毛皮服装除外） > 纺织品女装、女童装、外衣、夹克衫、礼服、裙子、长裤、短裤及其类似物品（非针织或钩编）,,1.7505,kgCO2e,5,2021,件
立领T恤,polo,28238X0042018A,首页 > 食品、饮料和烟草；纺织品，服装和皮革制品 > 针织物或钩编织物；服装 > 服装（毛皮服装除外） > 纺织品手帕、披巾、薄头巾、面纱、领带、围巾、手套及其他制成的服装的服饰用品（非针织或钩编）；未另列明的非针织或钩编而成的纺织品服装或服装服饰用品,,7,kgCO2e,3,2018,件
牛仔夹克工业,Denim Jacket Industry products,28238X0012021A,首页 > 食品、饮料和烟草；纺织品，服装和皮革制品 > 针织物或钩编织物；服装 > 服装（毛皮服装除外） > 纺织品手帕、披巾、薄头巾、面纱、领带、围巾、手套及其他制成的服装的服饰用品（非针织或钩编）；未另列明的非针织或钩编而成的纺织品服装或服装服饰用品,,8.33,kgCO2e,5,2021,件
围巾,Scarves,28238X0022009A,首页 > 食品、饮料和烟草；纺织品，服装和皮革制品 > 针织物或钩编织物；服装 > 服装（毛皮服装除外） > 纺织品手帕、披巾、薄头巾、面纱、领带、围巾、手套及其他制成的服装的服饰用品（非针织或钩编）；未另列明的非针织或钩编而成的纺织品服装或服装服饰用品,,1.8,kgCO2e,4,2009,kg
羽绒服	,Down Jackets,28238X0032023A,首页 > 食品、饮料和烟草；纺织品，服装和皮革制品 > 针织物或钩编织物；服装 > 服装（毛皮服装除外） > 纺织品手帕、披巾、薄头巾、面纱、领带、围巾、手套及其他制成的服装的服饰用品（非针织或钩编）；未另列明的非针织或钩编而成的纺织品服装或服装服饰用品,,2544.1,kgCO2e,5,2023,件
夹克,Jackets,28231X0012009A,首页 > 食品、饮料和烟草；纺织品，服装和皮革制品 > 针织物或钩编织物；服装 > 服装（毛皮服装除外） > 纺织品男套装、男童套装、外衣、夹克衫、长裤、短裤及其类似物品（非针织或钩编）,,13.3,kgCO2e,4,2009,件
西装套装,Suits and ensembles,28231X0022009A,首页 > 食品、饮料和烟草；纺织品，服装和皮革制品 > 针织物或钩编织物；服装 > 服装（毛皮服装除外） > 纺织品男套装、男童套装、外衣、夹克衫、长裤、短裤及其类似物品（非针织或钩编）,,16.8,kgCO2e,4,2009,g
棉质衬衫,cotton shirt,28231X0032015A,首页 > 食品、饮料和烟草；纺织品，服装和皮革制品 > 针织物或钩编织物；服装 > 服装（毛皮服装除外） > 纺织品男套装、男童套装、外衣、夹克衫、长裤、短裤及其类似物品（非针织或钩编）,-,8.771,kgCO2e,5,2015,件
透气防水夹克,breathable waterproof jacket,28231X0042018A,首页 > 食品、饮料和烟草；纺织品，服装和皮革制品 > 针织物或钩编织物；服装 > 服装（毛皮服装除外） > 纺织品男套装、男童套装、外衣、夹克衫、长裤、短裤及其类似物品（非针织或钩编）,,36,kgCO2e,3,2018,件
人造皮夹克,faux leather jacket,28231X0052018A,首页 > 食品、饮料和烟草；纺织品，服装和皮革制品 > 针织物或钩编织物；服装 > 服装（毛皮服装除外） > 纺织品男套装、男童套装、外衣、夹克衫、长裤、短裤及其类似物品（非针织或钩编）,,20,kgCO2e,3,2018,件
男式牛仔裤,Men's Jeans,28231X0112022A,首页 > 食品、饮料和烟草；纺织品，服装和皮革制品 > 针织物或钩编织物；服装 > 服装（毛皮服装除外） > 纺织品男套装、男童套装、外衣、夹克衫、长裤、短裤及其类似物品（非针织或钩编）,,7.3,kgCO2e,5,2022,kg
儿童牛仔裤	,children's jeans,28231X0122022A,首页 > 食品、饮料和烟草；纺织品，服装和皮革制品 > 针织物或钩编织物；服装 > 服装（毛皮服装除外） > 纺织品男套装、男童套装、外衣、夹克衫、长裤、短裤及其类似物品（非针织或钩编）,,4.16,kgCO2e,5,2022,kg
纯棉牛仔裤	,cotton jeans,28231X0132021A,首页 > 食品、饮料和烟草；纺织品，服装和皮革制品 > 针织物或钩编织物；服装 > 服装（毛皮服装除外） > 纺织品男套装、男童套装、外衣、夹克衫、长裤、短裤及其类似物品（非针织或钩编）,,90.36,kgCO2e,5,2021,件
棉衬衫,cotton shirt,28232X0012015A,首页 > 食品、饮料和烟草；纺织品，服装和皮革制品 > 针织物或钩编织物；服装 > 服装（毛皮服装除外） > 纺织品男衬衫、男童衬衫、汗衫、衬裤、睡衣裤、晨衣及其类似物品（非针织或钩编）,,8.771,kgCO2e,5,2015,件
牛仔裤工业,Jeans industry products,28232X0032011A,首页 > 食品、饮料和烟草；纺织品，服装和皮革制品 > 针织物或钩编织物；服装 > 服装（毛皮服装除外） > 纺织品男衬衫、男童衬衫、汗衫、衬裤、睡衣裤、晨衣及其类似物品（非针织或钩编）,,9.31,tCO2e,4,2011,公吨
粘胶衬衫,Viscose shirt,28232X0042018A,首页 > 食品、饮料和烟草；纺织品，服装和皮革制品 > 针织物或钩编织物；服装 > 服装（毛皮服装除外） > 纺织品男衬衫、男童衬衫、汗衫、衬裤、睡衣裤、晨衣及其类似物品（非针织或钩编）,成分 100% 粘胶衬衫一件,9,kgCO2e,3,2018,件
白色长衬衫,White longshirt,28232X0052010A,首页 > 食品、饮料和烟草；纺织品，服装和皮革制品 > 针织物或钩编织物；服装 > 服装（毛皮服装除外） > 纺织品男衬衫、男童衬衫、汗衫、衬裤、睡衣裤、晨衣及其类似物品（非针织或钩编）,Boysen's，3/4 袖，白色,10.75,kgCO2e,4,2010,件
纯棉衬衫,Pure cotton shirt,28232X0062015A,首页 > 食品、饮料和烟草；纺织品，服装和皮革制品 > 针织物或钩编织物；服装 > 服装（毛皮服装除外） > 纺织品男衬衫、男童衬衫、汗衫、衬裤、睡衣裤、晨衣及其类似物品（非针织或钩编）,,12.157,kgCO2e,4,2015,件
男衬衫,Male shirt,28232X0072016A,首页 > 食品、饮料和烟草；纺织品，服装和皮革制品 > 针织物或钩编织物；服装 > 服装（毛皮服装除外） > 纺织品男衬衫、男童衬衫、汗衫、衬裤、睡衣裤、晨衣及其类似物品（非针织或钩编）,,2.995,kgCO2e,5,2016,件
棉透气外套,"Sweat-jacket with hood, fuchsia 100% cotton",28232X0082010A,首页 > 食品、饮料和烟草；纺织品，服装和皮革制品 > 针织物或钩编织物；服装 > 服装（毛皮服装除外） > 纺织品男衬衫、男童衬衫、汗衫、衬裤、睡衣裤、晨衣及其类似物品（非针织或钩编）,,13.42,kgCO2e,3,2010,件
棉透气外套,"Sweat-jacket with hood, fuchsia 100% cotton",28226X0012010A,首页 > 食品、饮料和烟草；纺织品，服装和皮革制品 > 针织物或钩编织物；服装 > 服装（毛皮服装除外） > 运动衫、套衫、开襟绒线衫、马甲及其他类似物品（针织或钩编）,,13.42,kgCO2e,3,2010,件
组合外套,coat composition,28226X0022018A,首页 > 食品、饮料和烟草；纺织品，服装和皮革制品 > 针织物或钩编织物；服装 > 服装（毛皮服装除外） > 运动衫、套衫、开襟绒线衫、马甲及其他类似物品（针织或钩编）,,77,kgCO2e,3,2018,件
棉质卫衣,cotton sweatshirt,28226X0032018A,首页 > 食品、饮料和烟草；纺织品，服装和皮革制品 > 针织物或钩编织物；服装 > 服装（毛皮服装除外） > 运动衫、套衫、开襟绒线衫、马甲及其他类似物品（针织或钩编）,,23,kgCO2e,3,2018,件
染色棉服,Dyed cotton shirt,28226X0042010A,首页 > 食品、饮料和烟草；纺织品，服装和皮革制品 > 针织物或钩编织物；服装 > 服装（毛皮服装除外） > 运动衫、套衫、开襟绒线衫、马甲及其他类似物品（针织或钩编）,,28.6,kgCO2e,5,2010,kg
宠物荷叶边羊绒衫产品,Pet Ruffled Cashmere Sweater,28226X0052023B,首页 > 食品、饮料和烟草；纺织品，服装和皮革制品 > 针织物或钩编织物；服装 > 服装（毛皮服装除外） > 运动衫、套衫、开襟绒线衫、马甲及其他类似物品（针织或钩编）,Zozorikaaw01-jellyfish,8.01,kgCO2e,5,2023,件
机可洗羊毛针织面料,Machine-washable wool knit fabric,28190X0012024B,首页 > 食品、饮料和烟草；纺织品，服装和皮革制品 > 针织物或钩编织物；服装 > 针织物或钩编织物 > 其他针织或钩编织物,,6.5,kgCO2e,5,2024,kg
C3M387 再生羊毛天丝弹力毛圈布,C3M387 Recycled Wool Tencel Spandex Loopback Fleece,28190X0022025B,首页 > 食品、饮料和烟草；纺织品，服装和皮革制品 > 针织物或钩编织物；服装 > 针织物或钩编织物 > 其他针织或钩编织物,C3M387,19,kgCO2e,5,2025,kg
棉、化纤纺织及印染产品,Polyester textile,28110X0012011A,首页 > 食品、饮料和烟草；纺织品，服装和皮革制品 > 针织物或钩编织物；服装 > 针织物或钩编织物 > 针织或钩编的绒头织物及毛圈织物,,0.44449,tCO2e,4,2011,公吨
针织羊绒织物,knitted cashmere fabric,28110X0102021A,首页 > 食品、饮料和烟草；纺织品，服装和皮革制品 > 针织物或钩编织物；服装 > 针织物或钩编织物 > 针织或钩编的绒头织物及毛圈织物,,16.07,tCO2e,4,2021,公吨
针织羊绒织物,knitted cashmere fabric,28110X0122021A,首页 > 食品、饮料和烟草；纺织品，服装和皮革制品 > 针织物或钩编织物；服装 > 针织物或钩编织物 > 针织或钩编的绒头织物及毛圈织物,,15.9,tCO2e,4,2021,公吨
针织羊绒织物,knitted cashmere fabric,28110X0012021A,首页 > 食品、饮料和烟草；纺织品，服装和皮革制品 > 针织物或钩编织物；服装 > 针织物或钩编织物 > 针织或钩编的绒头织物及毛圈织物,,15.1,tCO2e,4,2021,公吨
羊毛衫,wool sweater,28110X0022007A,首页 > 食品、饮料和烟草；纺织品，服装和皮革制品 > 针织物或钩编织物；服装 > 针织物或钩编织物 > 针织或钩编的绒头织物及毛圈织物,,1.947,kgCO2e,5,2007,件
高支纯毛面料,High count pure wool fabric,28110X0032013A,首页 > 食品、饮料和烟草；纺织品，服装和皮革制品 > 针织物或钩编织物；服装 > 针织物或钩编织物 > 针织或钩编的绒头织物及毛圈织物,,20.3,kgCO2e,4,2013,公吨
编织羊绒织物f,woven cashmere fabrics f,28110X0042021A,首页 > 食品、饮料和烟草；纺织品，服装和皮革制品 > 针织物或钩编织物；服装 > 针织物或钩编织物 > 针织或钩编的绒头织物及毛圈织物,,12.2,kgCO2e,4,2021,件
编织羊绒织物e,woven cashmere fabrics e,28110X0052021A,首页 > 食品、饮料和烟草；纺织品，服装和皮革制品 > 针织物或钩编织物；服装 > 针织物或钩编织物 > 针织或钩编的绒头织物及毛圈织物,,12.1,kgCO2e,4,2021,公吨
编织羊绒织物d,woven cashmere fabrics d,28110X0062021A,首页 > 食品、饮料和烟草；纺织品，服装和皮革制品 > 针织物或钩编织物；服装 > 针织物或钩编织物 > 针织或钩编的绒头织物及毛圈织物,,12.1,kgCO2e,4,2021,公吨
编织羊绒织物c,woven cashmere fabrics c,28110X0072021A,首页 > 食品、饮料和烟草；纺织品，服装和皮革制品 > 针织物或钩编织物；服装 > 针织物或钩编织物 > 针织或钩编的绒头织物及毛圈织物,,12,kgCO2e,4,2021,公吨
编织羊绒织物b,woven cashmere fabrics b,28110X0082021A,首页 > 食品、饮料和烟草；纺织品，服装和皮革制品 > 针织物或钩编织物；服装 > 针织物或钩编织物 > 针织或钩编的绒头织物及毛圈织物,,14,kgCO2e,4,2021,公吨
编织羊绒织物a,woven cashmere fabrics a,28110X0092021A,首页 > 食品、饮料和烟草；纺织品，服装和皮革制品 > 针织物或钩编织物；服装 > 针织物或钩编织物 > 针织或钩编的绒头织物及毛圈织物,,14,kgCO2e,4,2021,公吨
纺织品焚烧处理,Incineration of textiles,28110X0142011A,首页 > 食品、饮料和烟草；纺织品，服装和皮革制品 > 针织物或钩编织物；服装 > 针织物或钩编织物 > 针织或钩编的绒头织物及毛圈织物,,0.23,kgCO2e,4,2011,kg
针织起绒面料,Machine-washable wool knit fabric,28110X0152024B,首页 > 食品、饮料和烟草；纺织品，服装和皮革制品 > 针织物或钩编织物；服装 > 针织物或钩编织物 > 针织或钩编的绒头织物及毛圈织物,EFQ00319,16.74,kgCO2e,5,2024,kg
皮衣,Leather jacket,28320X0012011A,首页 > 食品、饮料和烟草；纺织品，服装和皮革制品 > 针织物或钩编织物；服装 > 鞣制或硝制的毛皮和人造毛皮及其制品（不包括帽类） > 各种裘皮服装和服饰用品及其他毛皮制品（不包括帽子类）,,81.27,tCO2e,5,2011,公吨
琴酒,Gin,24131X0012017A,首页 > 食品、饮料和烟草；纺织品，服装和皮革制品 > 饮料 > 乙醇；烈性酒、利口酒和其他含酒精饮料 > 任何浓度的变性的乙醇和其他烈性酒,,0.57,kgCO2e,5,2017,瓶
威士忌,Whisky,24139X0012012A,首页 > 食品、饮料和烟草；纺织品，服装和皮革制品 > 饮料 > 乙醇；烈性酒、利口酒和其他含酒精饮料 > 未变性浓度低于80度的乙醇；烈性酒、利口酒和其他酒精饮料,,2.1,kgCO2e,5,2012,瓶
58°高粱酒,58° Kinmen Kaoliang Liquor,24139X0132015B,首页 > 食品、饮料和烟草；纺织品，服装和皮革制品 > 饮料 > 乙醇；烈性酒、利口酒和其他含酒精饮料 > 未变性浓度低于80度的乙醇；烈性酒、利口酒和其他酒精饮料,0.75L,3.8,kgCO2e,4,2015,瓶
酱香白酒,Maotai flavor Baijiu,24139X0182022A,首页 > 食品、饮料和烟草；纺织品，服装和皮革制品 > 饮料 > 乙醇；烈性酒、利口酒和其他含酒精饮料 > 未变性浓度低于80度的乙醇；烈性酒、利口酒和其他酒精饮料,,2.929,kgCO2e,5,2022,L
瓶装水,Bottled water,24490X0092010B,首页 > 食品、饮料和烟草；纺织品，服装和皮革制品 > 饮料 > 软饮料；瓶装矿泉水 > 其他不含酒精的饮料,,162.7,gCO2e,4,2010,瓶
瓶装水,Bottled water,24490X0102010B,首页 > 食品、饮料和烟草；纺织品，服装和皮革制品 > 饮料 > 软饮料；瓶装矿泉水 > 其他不含酒精的饮料,,82.8,gCO2e,4,2010,瓶
菠萝草莓汁-马耳他,Pineapple and strawberry juice-Maltese,24490X0112018A,首页 > 食品、饮料和烟草；纺织品，服装和皮革制品 > 饮料 > 软饮料；瓶装矿泉水 > 其他不含酒精的饮料,,0.68,kgCO2e,4,2018,瓶
苏打水,Soda water,24490X0352021C,首页 > 食品、饮料和烟草；纺织品，服装和皮革制品 > 饮料 > 软饮料；瓶装矿泉水 > 其他不含酒精的饮料,375ml的无汽苏打水（塑料瓶装）,0.04225,kgCO2e,5,2021,瓶
奶茶饮料,Milk tea beverage,24490X0342019C,首页 > 食品、饮料和烟草；纺织品，服装和皮革制品 > 饮料 > 软饮料；瓶装矿泉水 > 其他不含酒精的饮料,香飘飘,0.4,tCO2e,5,2019,公吨
柠檬气泡水,Lemon Sparkling Water,24490X0362022C,首页 > 食品、饮料和烟草；纺织品，服装和皮革制品 > 饮料 > 软饮料；瓶装矿泉水 > 其他不含酒精的饮料,FMC 柠檬气泡水，500mL,360,gCO2e,5,2022,500mL/瓶
黑松沙士,HeySong Sarsaparilla,24490X0372022C,首页 > 食品、饮料和烟草；纺织品，服装和皮革制品 > 饮料 > 软饮料；瓶装矿泉水 > 其他不含酒精的饮料,PET瓶600ml,320,gCO2e,5,2022,瓶
美粒果柳橙宝特瓶,Minute Maid,24490X0382024C,首页 > 食品、饮料和烟草；纺织品，服装和皮革制品 > 饮料 > 软饮料；瓶装矿泉水 > 其他不含酒精的饮料,450 mL,360,gCO2e,5,2024,瓶
夏季居民生活用水的能源消耗（饮用水）,Energy Intensity of Household Water Use (drinking water),24410X0012010A,首页 > 食品、饮料和烟草；纺织品，服装和皮革制品 > 饮料 > 软饮料；瓶装矿泉水 > 瓶装水,,1.19,kgCO2e,3,2010,m3
冬季居民生活用水的能源消耗（饮用水）,Energy Intensity of Household Water Use (drinking water),24410X0022010A,首页 > 食品、饮料和烟草；纺织品，服装和皮革制品 > 饮料 > 软饮料；瓶装矿泉水 > 瓶装水,,1.21,kgCO2e,3,2010,m3
矿泉水,Mineral water,24410X0032016A,首页 > 食品、饮料和烟草；纺织品，服装和皮革制品 > 饮料 > 软饮料；瓶装矿泉水 > 瓶装水,,0.42,kgCO2e,4,2016,L
瓶装水,bottled water,24410X0042016A,首页 > 食品、饮料和烟草；纺织品，服装和皮革制品 > 饮料 > 软饮料；瓶装矿泉水 > 瓶装水,,1.06,kgCO2e,4,2016,L
瓶装水,Bottled Water,24410X0102023C,首页 > 食品、饮料和烟草；纺织品，服装和皮革制品 > 饮料 > 软饮料；瓶装矿泉水 > 瓶装水,CASUAL LIFE慢活小农100%纯水,90,gCO2e,5,2023,瓶
白葡萄酒,White wine,24220X0022012A,首页 > 食品、饮料和烟草；纺织品，服装和皮革制品 > 饮料 > 酒 > 其他葡萄酒,,1.377,kgCO2e,4,2012,瓶
红葡萄酒,Red wine,24220X0032012A,首页 > 食品、饮料和烟草；纺织品，服装和皮革制品 > 饮料 > 酒 > 其他葡萄酒,,1.433,kgCO2e,4,2012,瓶
白葡萄酒-德国,White Riesling wine,24230X0012018A,首页 > 食品、饮料和烟草；纺织品，服装和皮革制品 > 饮料 > 酒 > 苹果酒、梨酒、蜂蜜酒及其他发酵饮料（用鲜葡萄酿制的葡萄酒及麦芽酿制的啤酒除外）,,1.91,kgCO2e,4,2018,瓶
葡萄酒,wine,24212X0022016A,首页 > 食品、饮料和烟草；纺织品，服装和皮革制品 > 饮料 > 酒 > 葡萄酒（起泡的葡萄酒除外）；发酵前或中的葡萄汁,Xynisteri,1.75,kgCO2e,4,2016,L
红葡萄酒,Wine Red-Italy,24212X0032013A,首页 > 食品、饮料和烟草；纺织品，服装和皮革制品 > 饮料 > 酒 > 葡萄酒（起泡的葡萄酒除外）；发酵前或中的葡萄汁,,0.73,kgCO2e,4,2013,kg
白葡萄酒,Wine White-Italy,24212X0042012A,首页 > 食品、饮料和烟草；纺织品，服装和皮革制品 > 饮料 > 酒 > 葡萄酒（起泡的葡萄酒除外）；发酵前或中的葡萄汁,white wine produced in Sardinia,1.35,kgCO2e,4,2012,kg
红葡萄酒,Wine Red-Spain,24212X0052013A,首页 > 食品、饮料和烟草；纺织品，服装和皮革制品 > 饮料 > 酒 > 葡萄酒（起泡的葡萄酒除外）；发酵前或中的葡萄汁,红葡萄酒-西班牙,0.71,kgCO2e,4,2013,kg
红葡萄酒,Wine Red-Luxembourg,24212X0062013A,首页 > 食品、饮料和烟草；纺织品，服装和皮革制品 > 饮料 > 酒 > 葡萄酒（起泡的葡萄酒除外）；发酵前或中的葡萄汁,红葡萄酒-卢森堡,0.49,kgCO2e,4,2013,kg
红葡萄酒,Wine Red-Luxembourg,24212X0072013A,首页 > 食品、饮料和烟草；纺织品，服装和皮革制品 > 饮料 > 酒 > 葡萄酒（起泡的葡萄酒除外）；发酵前或中的葡萄汁,红葡萄酒-卢森堡,0.44,kgCO2e,4,2013,kg
葡萄酒,Wine Grapes,24211X0012004A,首页 > 食品、饮料和烟草；纺织品，服装和皮革制品 > 饮料 > 酒 > 起泡葡萄酒,霞多丽白葡萄酒,0.25,kgCO2e,4,2004,kg
啤酒组合罐-意大利,Beer modular can-Italy,24310X0022018A,首页 > 食品、饮料和烟草；纺织品，服装和皮革制品 > 饮料 > 麦芽酒和麦芽 > 啤酒,,0.544,kgCO2e,4,2018,kg
8°P千岛湖啤酒,8°P Thousand Islet Lake beer,24310X0062011A,首页 > 食品、饮料和烟草；纺织品，服装和皮革制品 > 饮料 > 麦芽酒和麦芽 > 啤酒,,286.88,gCO2e,5,2011,L
8°P雪花纯生啤酒,8°P snow draft beer,24310X0072010A,首页 > 食品、饮料和烟草；纺织品，服装和皮革制品 > 饮料 > 麦芽酒和麦芽 > 啤酒,,852.7,gCO2e,5,2010,L
金士百纯生啤酒,Siping Ginsber Draft Beer,24310X0082014A,首页 > 食品、饮料和烟草；纺织品，服装和皮革制品 > 饮料 > 麦芽酒和麦芽 > 啤酒,,300.92,gCO2e,4,2014,L
啤酒,Beer(Glass Bottle),24310X0092016A,首页 > 食品、饮料和烟草；纺织品，服装和皮革制品 > 饮料 > 麦芽酒和麦芽 > 啤酒,,842,gCO2e,5,2016,L
啤酒,Beer(Aluminium Can),24310X0102016A,首页 > 食品、饮料和烟草；纺织品，服装和皮革制品 > 饮料 > 麦芽酒和麦芽 > 啤酒,,575,gCO2e,5,2016,L
啤酒,Beer(Steel Can),24310X0112016A,首页 > 食品、饮料和烟草；纺织品，服装和皮革制品 > 饮料 > 麦芽酒和麦芽 > 啤酒,,510,gCO2e,5,2016,L
瓶装啤酒,Beer in Glass Bottles,24310X0122015A,首页 > 食品、饮料和烟草；纺织品，服装和皮革制品 > 饮料 > 麦芽酒和麦芽 > 啤酒,,0.842,kgCO2e,5,2015,L
瓶装啤酒,Beer in glass bottle,24310X0132012A,首页 > 食品、饮料和烟草；纺织品，服装和皮革制品 > 饮料 > 麦芽酒和麦芽 > 啤酒,,0.14,kgCO2e,5,2012,瓶
瓶装啤酒,Beer in glass bottle,24310X0142021A,首页 > 食品、饮料和烟草；纺织品，服装和皮革制品 > 饮料 > 麦芽酒和麦芽 > 啤酒,,0.11111,kgCO2e,5,2021,瓶
啤酒,Beer,24310X0152010A,首页 > 食品、饮料和烟草；纺织品，服装和皮革制品 > 饮料 > 麦芽酒和麦芽 > 啤酒,,24,gCO2e,5,2010,mL（10 mL）
罐装啤酒-美国,Canned Beer - USA,24310X0012016A,首页 > 食品、饮料和烟草；纺织品，服装和皮革制品 > 饮料 > 麦芽酒和麦芽 > 啤酒,,0.9,kgCO2e,5,2016,L
罐装啤酒-意大利,Canned beer - Italy,24310X0022016A,首页 > 食品、饮料和烟草；纺织品，服装和皮革制品 > 饮料 > 麦芽酒和麦芽 > 啤酒,,0.771,kgCO2e,5,2016,L
罐装啤酒-英国,Canned beer - UK,24310X0032013A,首页 > 食品、饮料和烟草；纺织品，服装和皮革制品 > 饮料 > 麦芽酒和麦芽 > 啤酒,,0.543,kgCO2e,5,2013,L
