category_path,emission_type,fuel_type,factor_value,unit_cn,source
农、林、牧、渔业 > 畜禽养殖企业 > 燃料燃烧 > 化石燃料燃烧 > 煤炭 > 二氧化碳,二氧化碳,无烟煤,98.3,因子  (tCO₂/TJ),"数据来源于《2006年IPCC清单指南》
"
农、林、牧、渔业 > 畜禽养殖企业 > 燃料燃烧 > 化石燃料燃烧 > 煤炭 > 二氧化碳,二氧化碳,炼焦烟煤,94.6,因子  (tCO₂/TJ),数据来源于《2006年IPCC清单指南》
农、林、牧、渔业 > 畜禽养殖企业 > 燃料燃烧 > 化石燃料燃烧 > 煤炭 > 二氧化碳,二氧化碳,一般烟煤,94.6,因子  (tCO₂/TJ),数据来源于《2006年IPCC清单指南》
农、林、牧、渔业 > 畜禽养殖企业 > 燃料燃烧 > 化石燃料燃烧 > 煤炭 > 二氧化碳,二氧化碳,褐煤,101.2,因子  (tCO₂/TJ),数据来源于《2006年IPCC清单指南》
农、林、牧、渔业 > 畜禽养殖企业 > 燃料燃烧 > 化石燃料燃烧 > 煤炭 > 二氧化碳,二氧化碳,煤制品,97.5,因子  (tCO₂/TJ),数据来源于《2006年IPCC清单指南》
农、林、牧、渔业 > 畜禽养殖企业 > 燃料燃烧 > 化石燃料燃烧 > 煤炭 > 二氧化碳,二氧化碳,焦炭,107.1,因子  (tCO₂/TJ),数据来源于《2006年IPCC清单指南》
农、林、牧、渔业 > 畜禽养殖企业 > 燃料燃烧 > 化石燃料燃烧 > 煤炭 > 二氧化碳,二氧化碳,焦炉煤气,44.4,因子  (tCO₂/TJ),数据来源于《2006年IPCC清单指南》
农、林、牧、渔业 > 畜禽养殖企业 > 燃料燃烧 > 化石燃料燃烧 > 煤炭 > 二氧化碳,二氧化碳,高炉煤气,259.6,因子  (tCO₂/TJ),数据来源于《2006年IPCC清单指南》
农、林、牧、渔业 > 畜禽养殖企业 > 燃料燃烧 > 化石燃料燃烧 > 煤炭 > 二氧化碳,二氧化碳,转炉煤气,181.9,因子  (tCO₂/TJ),数据来源于《2006年IPCC清单指南》
农、林、牧、渔业 > 畜禽养殖企业 > 燃料燃烧 > 化石燃料燃烧 > 煤炭 > 二氧化碳,二氧化碳,其他煤气,44.4,因子  (tCO₂/TJ),数据来源于《2006年IPCC清单指南》
农、林、牧、渔业 > 畜禽养殖企业 > 燃料燃烧 > 化石燃料燃烧 > 煤炭 > 甲烷,甲烷,无烟煤,300,因子 (kgCH₄/TJ),数据来源于《2006年IPCC清单指南》
农、林、牧、渔业 > 畜禽养殖企业 > 燃料燃烧 > 化石燃料燃烧 > 煤炭 > 甲烷,甲烷,炼焦烟煤,300,因子 (kgCH₄/TJ),数据来源于《2006年IPCC清单指南》
农、林、牧、渔业 > 畜禽养殖企业 > 燃料燃烧 > 化石燃料燃烧 > 煤炭 > 甲烷,甲烷,一般烟煤,300,因子 (kgCH₄/TJ),数据来源于《2006年IPCC清单指南》
农、林、牧、渔业 > 畜禽养殖企业 > 燃料燃烧 > 化石燃料燃烧 > 煤炭 > 甲烷,甲烷,褐煤,300,因子 (kgCH₄/TJ),数据来源于《2006年IPCC清单指南》
农、林、牧、渔业 > 畜禽养殖企业 > 燃料燃烧 > 化石燃料燃烧 > 煤炭 > 甲烷,甲烷,煤制品,300,因子 (kgCH₄/TJ),数据来源于《2006年IPCC清单指南》
农、林、牧、渔业 > 畜禽养殖企业 > 燃料燃烧 > 化石燃料燃烧 > 煤炭 > 甲烷,甲烷,焦炭,300,因子 (kgCH₄/TJ),数据来源于《2006年IPCC清单指南》
农、林、牧、渔业 > 畜禽养殖企业 > 燃料燃烧 > 化石燃料燃烧 > 煤炭 > 甲烷,甲烷,焦炉煤气,5,因子 (kgCH₄/TJ),数据来源于《2006年IPCC清单指南》
农、林、牧、渔业 > 畜禽养殖企业 > 燃料燃烧 > 化石燃料燃烧 > 煤炭 > 甲烷,甲烷,高炉煤气,5,因子 (kgCH₄/TJ),数据来源于《2006年IPCC清单指南》
农、林、牧、渔业 > 畜禽养殖企业 > 燃料燃烧 > 化石燃料燃烧 > 煤炭 > 甲烷,甲烷,转炉煤气,5,因子 (kgCH₄/TJ),数据来源于《2006年IPCC清单指南》
农、林、牧、渔业 > 畜禽养殖企业 > 燃料燃烧 > 化石燃料燃烧 > 煤炭 > 甲烷,甲烷,其他煤气,5,因子 (kgCH₄/TJ),数据来源于《2006年IPCC清单指南》
农、林、牧、渔业 > 畜禽养殖企业 > 燃料燃烧 > 化石燃料燃烧 > 煤炭 > 氧化亚氮,氧化亚氮,无烟煤,1.5,因子 (kgN₂O/TJ),数据来源于《2006年IPCC清单指南》
农、林、牧、渔业 > 畜禽养殖企业 > 燃料燃烧 > 化石燃料燃烧 > 煤炭 > 氧化亚氮,氧化亚氮,炼焦烟煤,1.5,因子 (kgN₂O/TJ),数据来源于《2006年IPCC清单指南》
农、林、牧、渔业 > 畜禽养殖企业 > 燃料燃烧 > 化石燃料燃烧 > 煤炭 > 氧化亚氮,氧化亚氮,一般烟煤,1.5,因子 (kgN₂O/TJ),数据来源于《2006年IPCC清单指南》
农、林、牧、渔业 > 畜禽养殖企业 > 燃料燃烧 > 化石燃料燃烧 > 煤炭 > 氧化亚氮,氧化亚氮,褐煤,1.5,因子 (kgN₂O/TJ),数据来源于《2006年IPCC清单指南》
农、林、牧、渔业 > 畜禽养殖企业 > 燃料燃烧 > 化石燃料燃烧 > 煤炭 > 氧化亚氮,氧化亚氮,煤制品,1.5,因子 (kgN₂O/TJ),数据来源于《2006年IPCC清单指南》
农、林、牧、渔业 > 畜禽养殖企业 > 燃料燃烧 > 化石燃料燃烧 > 煤炭 > 氧化亚氮,氧化亚氮,焦炭,1.5,因子 (kgN₂O/TJ),数据来源于《2006年IPCC清单指南》
农、林、牧、渔业 > 畜禽养殖企业 > 燃料燃烧 > 化石燃料燃烧 > 煤炭 > 氧化亚氮,氧化亚氮,焦炉煤气,0.1,因子 (kgN₂O/TJ),数据来源于《2006年IPCC清单指南》
农、林、牧、渔业 > 畜禽养殖企业 > 燃料燃烧 > 化石燃料燃烧 > 煤炭 > 氧化亚氮,氧化亚氮,高炉煤气,0.1,因子 (kgN₂O/TJ),数据来源于《2006年IPCC清单指南》
农、林、牧、渔业 > 畜禽养殖企业 > 燃料燃烧 > 化石燃料燃烧 > 煤炭 > 氧化亚氮,氧化亚氮,转炉煤气,0.1,因子 (kgN₂O/TJ),数据来源于《2006年IPCC清单指南》
农、林、牧、渔业 > 畜禽养殖企业 > 燃料燃烧 > 化石燃料燃烧 > 煤炭 > 氧化亚氮,氧化亚氮,其他煤气,0.1,因子 (kgN₂O/TJ),数据来源于《2006年IPCC清单指南》
农、林、牧、渔业 > 畜禽养殖企业 > 燃料燃烧 > 化石燃料燃烧 > 石油 > 二氧化碳,二氧化碳,原油,73.3,因子  (tCO₂/TJ),数据来源于《2006年IPCC清单指南》
农、林、牧、渔业 > 畜禽养殖企业 > 燃料燃烧 > 化石燃料燃烧 > 石油 > 二氧化碳,二氧化碳,汽油,69.3,因子  (tCO₂/TJ),数据来源于《2006年IPCC清单指南》
农、林、牧、渔业 > 畜禽养殖企业 > 燃料燃烧 > 化石燃料燃烧 > 石油 > 二氧化碳,二氧化碳,煤油,71.9,因子  (tCO₂/TJ),数据来源于《2006年IPCC清单指南》
农、林、牧、渔业 > 畜禽养殖企业 > 燃料燃烧 > 化石燃料燃烧 > 石油 > 二氧化碳,二氧化碳,柴油,74.1,因子  (tCO₂/TJ),数据来源于《2006年IPCC清单指南》
农、林、牧、渔业 > 畜禽养殖企业 > 燃料燃烧 > 化石燃料燃烧 > 石油 > 二氧化碳,二氧化碳,燃料油,77.4,因子  (tCO₂/TJ),数据来源于《2006年IPCC清单指南》
农、林、牧、渔业 > 畜禽养殖企业 > 燃料燃烧 > 化石燃料燃烧 > 石油 > 二氧化碳,二氧化碳,石脑油,73.3,因子  (tCO₂/TJ),数据来源于《2006年IPCC清单指南》
农、林、牧、渔业 > 畜禽养殖企业 > 燃料燃烧 > 化石燃料燃烧 > 石油 > 二氧化碳,二氧化碳,润滑油,73.3,因子  (tCO₂/TJ),数据来源于《2006年IPCC清单指南》
农、林、牧、渔业 > 畜禽养殖企业 > 燃料燃烧 > 化石燃料燃烧 > 石油 > 二氧化碳,二氧化碳,石蜡,73.3,因子  (tCO₂/TJ),数据来源于《2006年IPCC清单指南》
农、林、牧、渔业 > 畜禽养殖企业 > 燃料燃烧 > 化石燃料燃烧 > 石油 > 二氧化碳,二氧化碳,溶剂油,73.3,因子  (tCO₂/TJ),数据来源于《2006年IPCC清单指南》
农、林、牧、渔业 > 畜禽养殖企业 > 燃料燃烧 > 化石燃料燃烧 > 石油 > 二氧化碳,二氧化碳,石油沥青,80.7,因子  (tCO₂/TJ),数据来源于《2006年IPCC清单指南》
农、林、牧、渔业 > 畜禽养殖企业 > 燃料燃烧 > 化石燃料燃烧 > 石油 > 二氧化碳,二氧化碳,石油焦,97.5,因子  (tCO₂/TJ),数据来源于《2006年IPCC清单指南》
农、林、牧、渔业 > 畜禽养殖企业 > 燃料燃烧 > 化石燃料燃烧 > 石油 > 二氧化碳,二氧化碳,液化石油气,63.1,因子  (tCO₂/TJ),数据来源于《2006年IPCC清单指南》
农、林、牧、渔业 > 畜禽养殖企业 > 燃料燃烧 > 化石燃料燃烧 > 石油 > 二氧化碳,二氧化碳,炼厂干气,57.6,因子  (tCO₂/TJ),数据来源于《2006年IPCC清单指南》
农、林、牧、渔业 > 畜禽养殖企业 > 燃料燃烧 > 化石燃料燃烧 > 石油 > 二氧化碳,二氧化碳,其他石油制品,73.3,因子  (tCO₂/TJ),数据来源于《2006年IPCC清单指南》
农、林、牧、渔业 > 畜禽养殖企业 > 燃料燃烧 > 化石燃料燃烧 > 石油 > 甲烷,甲烷,原油,10,因子 (kgCH₄/TJ),数据来源于《2006年IPCC清单指南》
农、林、牧、渔业 > 畜禽养殖企业 > 燃料燃烧 > 化石燃料燃烧 > 石油 > 甲烷,甲烷,汽油,10,因子 (kgCH₄/TJ),数据来源于《2006年IPCC清单指南》
农、林、牧、渔业 > 畜禽养殖企业 > 燃料燃烧 > 化石燃料燃烧 > 石油 > 甲烷,甲烷,煤油,10,因子 (kgCH₄/TJ),数据来源于《2006年IPCC清单指南》
农、林、牧、渔业 > 畜禽养殖企业 > 燃料燃烧 > 化石燃料燃烧 > 石油 > 甲烷,甲烷,柴油,10,因子 (kgCH₄/TJ),数据来源于《2006年IPCC清单指南》
农、林、牧、渔业 > 畜禽养殖企业 > 燃料燃烧 > 化石燃料燃烧 > 石油 > 甲烷,甲烷,燃料油,10,因子 (kgCH₄/TJ),数据来源于《2006年IPCC清单指南》
农、林、牧、渔业 > 畜禽养殖企业 > 燃料燃烧 > 化石燃料燃烧 > 石油 > 甲烷,甲烷,石脑油,10,因子 (kgCH₄/TJ),数据来源于《2006年IPCC清单指南》
农、林、牧、渔业 > 畜禽养殖企业 > 燃料燃烧 > 化石燃料燃烧 > 石油 > 甲烷,甲烷,润滑油,10,因子 (kgCH₄/TJ),数据来源于《2006年IPCC清单指南》
农、林、牧、渔业 > 畜禽养殖企业 > 燃料燃烧 > 化石燃料燃烧 > 石油 > 甲烷,甲烷,石蜡,10,因子 (kgCH₄/TJ),数据来源于《2006年IPCC清单指南》
农、林、牧、渔业 > 畜禽养殖企业 > 燃料燃烧 > 化石燃料燃烧 > 石油 > 甲烷,甲烷,溶剂油,10,因子 (kgCH₄/TJ),数据来源于《2006年IPCC清单指南》
农、林、牧、渔业 > 畜禽养殖企业 > 燃料燃烧 > 化石燃料燃烧 > 石油 > 甲烷,甲烷,石油沥青,10,因子 (kgCH₄/TJ),数据来源于《2006年IPCC清单指南》
农、林、牧、渔业 > 畜禽养殖企业 > 燃料燃烧 > 化石燃料燃烧 > 石油 > 甲烷,甲烷,石油焦,10,因子 (kgCH₄/TJ),数据来源于《2006年IPCC清单指南》
农、林、牧、渔业 > 畜禽养殖企业 > 燃料燃烧 > 化石燃料燃烧 > 石油 > 甲烷,甲烷,液化石油气,5,因子 (kgCH₄/TJ),数据来源于《2006年IPCC清单指南》
农、林、牧、渔业 > 畜禽养殖企业 > 燃料燃烧 > 化石燃料燃烧 > 石油 > 甲烷,甲烷,炼厂干气,5,因子 (kgCH₄/TJ),数据来源于《2006年IPCC清单指南》
农、林、牧、渔业 > 畜禽养殖企业 > 燃料燃烧 > 化石燃料燃烧 > 石油 > 甲烷,甲烷,其他石油制品,10,因子 (kgCH₄/TJ),数据来源于《2006年IPCC清单指南》
农、林、牧、渔业 > 畜禽养殖企业 > 燃料燃烧 > 化石燃料燃烧 > 石油 > 氧化亚氮,氧化亚氮,原油,0.6,因子 (kgN₂O/TJ),数据来源于《2006年IPCC清单指南》
农、林、牧、渔业 > 畜禽养殖企业 > 燃料燃烧 > 化石燃料燃烧 > 石油 > 氧化亚氮,氧化亚氮,汽油,0.6,因子 (kgN₂O/TJ),数据来源于《2006年IPCC清单指南》
农、林、牧、渔业 > 畜禽养殖企业 > 燃料燃烧 > 化石燃料燃烧 > 石油 > 氧化亚氮,氧化亚氮,煤油,0.6,因子 (kgN₂O/TJ),数据来源于《2006年IPCC清单指南》
农、林、牧、渔业 > 畜禽养殖企业 > 燃料燃烧 > 化石燃料燃烧 > 石油 > 氧化亚氮,氧化亚氮,柴油,0.6,因子 (kgN₂O/TJ),数据来源于《2006年IPCC清单指南》
农、林、牧、渔业 > 畜禽养殖企业 > 燃料燃烧 > 化石燃料燃烧 > 石油 > 氧化亚氮,氧化亚氮,燃料油,0.6,因子 (kgN₂O/TJ),数据来源于《2006年IPCC清单指南》
农、林、牧、渔业 > 畜禽养殖企业 > 燃料燃烧 > 化石燃料燃烧 > 石油 > 氧化亚氮,氧化亚氮,石脑油,0.6,因子 (kgN₂O/TJ),数据来源于《2006年IPCC清单指南》
农、林、牧、渔业 > 畜禽养殖企业 > 燃料燃烧 > 化石燃料燃烧 > 石油 > 氧化亚氮,氧化亚氮,润滑油,0.6,因子 (kgN₂O/TJ),数据来源于《2006年IPCC清单指南》
农、林、牧、渔业 > 畜禽养殖企业 > 燃料燃烧 > 化石燃料燃烧 > 石油 > 氧化亚氮,氧化亚氮,石蜡,0.6,因子 (kgN₂O/TJ),数据来源于《2006年IPCC清单指南》
农、林、牧、渔业 > 畜禽养殖企业 > 燃料燃烧 > 化石燃料燃烧 > 石油 > 氧化亚氮,氧化亚氮,溶剂油,0.6,因子 (kgN₂O/TJ),数据来源于《2006年IPCC清单指南》
农、林、牧、渔业 > 畜禽养殖企业 > 燃料燃烧 > 化石燃料燃烧 > 石油 > 氧化亚氮,氧化亚氮,石油沥青,0.6,因子 (kgN₂O/TJ),数据来源于《2006年IPCC清单指南》
农、林、牧、渔业 > 畜禽养殖企业 > 燃料燃烧 > 化石燃料燃烧 > 石油 > 氧化亚氮,氧化亚氮,石油焦,0.6,因子 (kgN₂O/TJ),数据来源于《2006年IPCC清单指南》
农、林、牧、渔业 > 畜禽养殖企业 > 燃料燃烧 > 化石燃料燃烧 > 石油 > 氧化亚氮,氧化亚氮,液化石油气,0.1,因子 (kgN₂O/TJ),数据来源于《2006年IPCC清单指南》
农、林、牧、渔业 > 畜禽养殖企业 > 燃料燃烧 > 化石燃料燃烧 > 石油 > 氧化亚氮,氧化亚氮,炼厂干气,0.1,因子 (kgN₂O/TJ),数据来源于《2006年IPCC清单指南》
农、林、牧、渔业 > 畜禽养殖企业 > 燃料燃烧 > 化石燃料燃烧 > 石油 > 氧化亚氮,氧化亚氮,其他石油制品,0.6,因子 (kgN₂O/TJ),数据来源于《2006年IPCC清单指南》
农、林、牧、渔业 > 畜禽养殖企业 > 燃料燃烧 > 化石燃料燃烧 > 天然气 > 二氧化碳 > 天然气,天然气,天然气,57.2,因子  (tCO₂/TJ),本土化数据，油气企业抽样实测数据
农、林、牧、渔业 > 畜禽养殖企业 > 燃料燃烧 > 化石燃料燃烧 > 天然气 > 二氧化碳 > 液化天然气,液化天然气,液化天然气,56.8,因子  (tCO₂/TJ),本土化数据，油气企业抽样实测数据
农、林、牧、渔业 > 畜禽养殖企业 > 燃料燃烧 > 化石燃料燃烧 > 天然气 > 甲烷,甲烷,天然气,5,因子 (kgCH₄/TJ),"数据来源于《2006年IPCC清单指南》
"
农、林、牧、渔业 > 畜禽养殖企业 > 燃料燃烧 > 化石燃料燃烧 > 天然气 > 氧化亚氮,氧化亚氮,天然气,0.1,因子 (kgN₂O/TJ),数据来源于《2006年IPCC清单指南》
农、林、牧、渔业 > 畜禽养殖企业 > 燃料燃烧 > 生物质燃料燃烧 > 二氧化碳,二氧化碳,农业废弃物,100000,因子  (kgCO₂/TJ),数据来源于《2006年IPCC清单指南》
农、林、牧、渔业 > 畜禽养殖企业 > 燃料燃烧 > 生物质燃料燃烧 > 二氧化碳,二氧化碳,薪柴,112000,因子  (kgCO₂/TJ),数据来源于《2006年IPCC清单指南》
农、林、牧、渔业 > 畜禽养殖企业 > 燃料燃烧 > 生物质燃料燃烧 > 二氧化碳,二氧化碳,木炭,112000,因子  (kgCO₂/TJ),数据来源于《2006IPCC清单指南》
农、林、牧、渔业 > 畜禽养殖企业 > 燃料燃烧 > 生物质燃料燃烧 > 二氧化碳,二氧化碳,动物粪便,100000,因子  (kgCO₂/TJ),数据来源于《2006年IPCC清单指南》
农、林、牧、渔业 > 畜禽养殖企业 > 燃料燃烧 > 生物质燃料燃烧 > 二氧化碳,二氧化碳,沼气,54600,因子  (kgCO₂/TJ),数据来源于《2006年IPCC清单指南》
农、林、牧、渔业 > 畜禽养殖企业 > 燃料燃烧 > 生物质燃料燃烧 > 二氧化碳,二氧化碳,其他生物气体,54600,因子  (kgCO₂/TJ),数据来源于《2006年IPCC清单指南》
农、林、牧、渔业 > 畜禽养殖企业 > 燃料燃烧 > 生物质燃料燃烧 > 二氧化碳,二氧化碳,城市生活垃圾(生物成因),100000,因子  (kgCO₂/TJ),数据来源于《2006年IPCC清单指南》
农、林、牧、渔业 > 畜禽养殖企业 > 燃料燃烧 > 生物质燃料燃烧 > 二氧化碳,二氧化碳,生物汽油,70800,因子  (kgCO₂/TJ),数据来源于《2006年IPCC清单指南》
农、林、牧、渔业 > 畜禽养殖企业 > 燃料燃烧 > 生物质燃料燃烧 > 二氧化碳,二氧化碳,生物柴油,70800,因子  (kgCO₂/TJ),数据来源于《2006年IPCC清单指南》
农、林、牧、渔业 > 畜禽养殖企业 > 燃料燃烧 > 生物质燃料燃烧 > 二氧化碳,二氧化碳,其他液体生物质燃料,79600,因子  (kgCO₂/TJ),数据来源于《2006年IPCC清单指南》
农、林、牧、渔业 > 畜禽养殖企业 > 动物肠道发酵 > 甲烷排放因子 > 奶牛,奶牛,当年生,21.9,因子 (kgCH₄/(head·year)),本土化数据，数据来源于《温室气体排放核算与报告要求 第22部分：畜禽养殖企业》（GB/T 32151.22-2024）
农、林、牧、渔业 > 畜禽养殖企业 > 动物肠道发酵 > 甲烷排放因子 > 奶牛,奶牛,其它成年,58.6,因子 (kgCH₄/(head·year)),本土化数据，数据来源于《温室气体排放核算与报告要求 第22部分：畜禽养殖企业》（GB/T 32151.22-2024）
农、林、牧、渔业 > 畜禽养殖企业 > 动物肠道发酵 > 甲烷排放因子 > 奶牛,奶牛,繁殖母畜,109.9,因子 (kgCH₄/(head·year)),本土化数据，数据来源于《温室气体排放核算与报告要求 第22部分：畜禽养殖企业》（GB/T 32151.22-2024）
农、林、牧、渔业 > 畜禽养殖企业 > 动物肠道发酵 > 甲烷排放因子 > 肉牛,肉牛,其它成年,69.2,因子 (kgCH₄/(head·year)),本土化数据，数据来源于《温室气体排放核算与报告要求 第22部分：畜禽养殖企业》（GB/T 32151.22-2024）
农、林、牧、渔业 > 畜禽养殖企业 > 动物肠道发酵 > 甲烷排放因子 > 肉牛,肉牛,繁殖母畜,80.8,因子 (kgCH₄/(head·year)),本土化数据，数据来源于《温室气体排放核算与报告要求 第22部分：畜禽养殖企业》（GB/T 32151.22-2024）
农、林、牧、渔业 > 畜禽养殖企业 > 动物肠道发酵 > 甲烷排放因子 > 肉牛,肉牛,当年生,32.3,因子 (kgCH₄/(head·year)),本土化数据，数据来源于《温室气体排放核算与报告要求 第22部分：畜禽养殖企业》（GB/T 32151.22-2024）
农、林、牧、渔业 > 畜禽养殖企业 > 动物肠道发酵 > 甲烷排放因子 > 水牛,水牛,其它成年,72.3,因子 (kgCH₄/(head·year)),本土化数据，数据来源于《温室气体排放核算与报告要求 第22部分：畜禽养殖企业》（GB/T 32151.22-2024）
农、林、牧、渔业 > 畜禽养殖企业 > 动物肠道发酵 > 甲烷排放因子 > 水牛,水牛,繁殖母畜,110.6,因子 (kgCH₄/(head·year)),本土化数据，数据来源于《温室气体排放核算与报告要求 第22部分：畜禽养殖企业》（GB/T 32151.22-2024）
农、林、牧、渔业 > 畜禽养殖企业 > 动物肠道发酵 > 甲烷排放因子 > 水牛,水牛,当年生,22.5,因子 (kgCH₄/(head·year)),本土化数据，数据来源于《温室气体排放核算与报告要求 第22部分：畜禽养殖企业》（GB/T 32151.22-2024）
农、林、牧、渔业 > 畜禽养殖企业 > 动物肠道发酵 > 甲烷排放因子 > 绵羊,绵羊,当年生,6.5,因子 (kgCH₄/(head·year)),本土化数据，数据来源于《温室气体排放核算与报告要求 第22部分：畜禽养殖企业》（GB/T 32151.22-2024）
农、林、牧、渔业 > 畜禽养殖企业 > 动物肠道发酵 > 甲烷排放因子 > 绵羊,绵羊,繁殖母畜,12.0,因子 (kgCH₄/(head·year)),本土化数据，数据来源于《温室气体排放核算与报告要求 第22部分：畜禽养殖企业》（GB/T 32151.22-2024）
农、林、牧、渔业 > 畜禽养殖企业 > 动物肠道发酵 > 甲烷排放因子 > 山羊,山羊,当年生,7.1,因子 (kgCH₄/(head·year)),本土化数据，数据来源于《温室气体排放核算与报告要求 第22部分：畜禽养殖企业》（GB/T 32151.22-2024）
农、林、牧、渔业 > 畜禽养殖企业 > 动物肠道发酵 > 甲烷排放因子 > 山羊,山羊,繁殖母畜,13.1,因子 (kgCH₄/(head·year)),本土化数据，数据来源于《温室气体排放核算与报告要求 第22部分：畜禽养殖企业》（GB/T 32151.22-2024）
农、林、牧、渔业 > 畜禽养殖企业 > 动物肠道发酵 > 甲烷排放因子 > 猪,猪,未指定,1.5,因子 (kgCH₄/(head·year)),"数据来源于《2006年IPCC清单指南》
"
农、林、牧、渔业 > 畜禽养殖企业 > 动物肠道发酵 > 甲烷排放因子参数 > 甲烷转化因子 > 奶牛,奶牛,饲料质量较好,5.5,因子 (%),"数据来源于《2006年IPCC清单指南》
"
农、林、牧、渔业 > 畜禽养殖企业 > 动物肠道发酵 > 甲烷排放因子参数 > 甲烷转化因子 > 奶牛,奶牛,饲料质量一般,6.5,因子 (%),"数据来源于《2006年IPCC清单指南》
"
农、林、牧、渔业 > 畜禽养殖企业 > 动物肠道发酵 > 甲烷排放因子参数 > 甲烷转化因子 > 奶牛,奶牛,饲料质量较差,7.5,因子 (%),"数据来源于《2006年IPCC清单指南》
"
农、林、牧、渔业 > 畜禽养殖企业 > 动物肠道发酵 > 甲烷排放因子参数 > 甲烷转化因子 > 肉牛,肉牛,饲料质量较好,5.5,因子 (%),"数据来源于《2006年IPCC清单指南》
"
农、林、牧、渔业 > 畜禽养殖企业 > 动物肠道发酵 > 甲烷排放因子参数 > 甲烷转化因子 > 肉牛,肉牛,饲料质量一般,6.5,因子 (%),"数据来源于《2006年IPCC清单指南》
"
农、林、牧、渔业 > 畜禽养殖企业 > 动物肠道发酵 > 甲烷排放因子参数 > 甲烷转化因子 > 肉牛,肉牛,饲料质量较差,7.5,因子 (%),"数据来源于《2006年IPCC清单指南》
"
农、林、牧、渔业 > 畜禽养殖企业 > 动物肠道发酵 > 甲烷排放因子参数 > 甲烷转化因子 > 水牛,水牛,饲料质量较好,5.5,因子 (%),"数据来源于《2006年IPCC清单指南》
"
农、林、牧、渔业 > 畜禽养殖企业 > 动物肠道发酵 > 甲烷排放因子参数 > 甲烷转化因子 > 水牛,水牛,饲料质量一般,6.5,因子 (%),"数据来源于《2006年IPCC清单指南》
"
农、林、牧、渔业 > 畜禽养殖企业 > 动物肠道发酵 > 甲烷排放因子参数 > 甲烷转化因子 > 水牛,水牛,饲料质量较差,7.5,因子 (%),"数据来源于《2006年IPCC清单指南》
"
农、林、牧、渔业 > 畜禽养殖企业 > 动物肠道发酵 > 甲烷排放因子参数 > 甲烷转化因子 > 育肥牛（饲料中日粮精饲料占比90%以上）,育肥牛（饲料中日粮精饲料占比90%以上）,饲料质量较好,2,因子 (%),数据来源于《2006年IPCC清单指南》
农、林、牧、渔业 > 畜禽养殖企业 > 动物肠道发酵 > 甲烷排放因子参数 > 甲烷转化因子 > 育肥牛（饲料中日粮精饲料占比90%以上）,育肥牛（饲料中日粮精饲料占比90%以上）,饲料质量一般,3,因子 (%),数据来源于《2006年IPCC清单指南》
农、林、牧、渔业 > 畜禽养殖企业 > 动物肠道发酵 > 甲烷排放因子参数 > 甲烷转化因子 > 育肥牛（饲料中日粮精饲料占比90%以上）,育肥牛（饲料中日粮精饲料占比90%以上）,饲料质量较差,4,因子 (%),"数据来源于《2006年IPCC清单指南》
"
农、林、牧、渔业 > 畜禽养殖企业 > 动物肠道发酵 > 甲烷排放因子参数 > 甲烷转化因子 > 羔羊（小于1岁）,羔羊（小于1岁）,饲料质量较好,3.5,因子 (%),数据来源于《2006年IPCC清单指南》
农、林、牧、渔业 > 畜禽养殖企业 > 动物肠道发酵 > 甲烷排放因子参数 > 甲烷转化因子 > 羔羊（小于1岁）,羔羊（小于1岁）,饲料质量一般,4.5,因子 (%),数据来源于《2006年IPCC清单指南》
农、林、牧、渔业 > 畜禽养殖企业 > 动物肠道发酵 > 甲烷排放因子参数 > 甲烷转化因子 > 羔羊（小于1岁）,羔羊（小于1岁）,饲料质量较差,5.5,因子 (%),数据来源于《2006年IPCC清单指南》
农、林、牧、渔业 > 畜禽养殖企业 > 动物肠道发酵 > 甲烷排放因子参数 > 甲烷转化因子 > 成年羊,成年羊,饲料质量较好,5.5,因子 (%),数据来源于《2006年IPCC清单指南》
农、林、牧、渔业 > 畜禽养殖企业 > 动物肠道发酵 > 甲烷排放因子参数 > 甲烷转化因子 > 成年羊,成年羊,饲料质量一般,6.5,因子 (%),数据来源于《2006年IPCC清单指南》
农、林、牧、渔业 > 畜禽养殖企业 > 动物肠道发酵 > 甲烷排放因子参数 > 甲烷转化因子 > 成年羊,成年羊,饲料质量较差,7.5,因子 (%),数据来源于《2006年IPCC清单指南》
农、林、牧、渔业 > 畜禽养殖企业 > 动物粪便管理 > 粪便管理排放因子 > 奶牛 > 甲烷,甲烷,北京、天津、河北、内蒙古、山西,7.46,因子 （kgCH₄/(head·year)）,本土化数据，数据来源于《温室气体排放核算与报告要求 第22部分：畜禽养殖企业》（GB/T 32151.22-2024）
农、林、牧、渔业 > 畜禽养殖企业 > 动物粪便管理 > 粪便管理排放因子 > 奶牛 > 甲烷,甲烷,辽宁、吉林、黑龙江,2.23,因子 （kgCH₄/(head·year)）,本土化数据，数据来源于《温室气体排放核算与报告要求 第22部分：畜禽养殖企业》（GB/T 32151.22-2024）
农、林、牧、渔业 > 畜禽养殖企业 > 动物粪便管理 > 粪便管理排放因子 > 奶牛 > 甲烷,甲烷,上海、江苏、浙江、安徽、福建、江西、山东,8.33,因子 （kgCH₄/(head·year)）,本土化数据，数据来源于《温室气体排放核算与报告要求 第22部分：畜禽养殖企业》（GB/T 32151.22-2024）
农、林、牧、渔业 > 畜禽养殖企业 > 动物粪便管理 > 粪便管理排放因子 > 奶牛 > 甲烷,甲烷,河南、湖北、湖南、广东、广西、海南,8.45,因子 （kgCH₄/(head·year)）,本土化数据，数据来源于《温室气体排放核算与报告要求 第22部分：畜禽养殖企业》（GB/T 32151.22-2024）
农、林、牧、渔业 > 畜禽养殖企业 > 动物粪便管理 > 粪便管理排放因子 > 奶牛 > 甲烷,甲烷,重庆、四川、贵州、云南、西藏,6.51,因子 （kgCH₄/(head·year)）,本土化数据，数据来源于《温室气体排放核算与报告要求 第22部分：畜禽养殖企业》（GB/T 32151.22-2024）
农、林、牧、渔业 > 畜禽养殖企业 > 动物粪便管理 > 粪便管理排放因子 > 奶牛 > 甲烷,甲烷,陕西、甘肃、青海、宁夏、新疆,5.93,因子 （kgCH₄/(head·year)）,本土化数据，数据来源于《温室气体排放核算与报告要求 第22部分：畜禽养殖企业》（GB/T 32151.22-2024）
农、林、牧、渔业 > 畜禽养殖企业 > 动物粪便管理 > 粪便管理排放因子 > 奶牛 > 氧化亚氮,氧化亚氮,北京、天津、河北、内蒙古、山西,1.846,因子 (kgN₂O/(head·year)),本土化数据，数据来源于《温室气体排放核算与报告要求 第22部分：畜禽养殖企业》（GB/T 32151.22-2024）
农、林、牧、渔业 > 畜禽养殖企业 > 动物粪便管理 > 粪便管理排放因子 > 奶牛 > 氧化亚氮,氧化亚氮,辽宁、吉林、黑龙江,1.096,因子 (kgN₂O/(head·year)),本土化数据，数据来源于《温室气体排放核算与报告要求 第22部分：畜禽养殖企业》（GB/T 32151.22-2024）
农、林、牧、渔业 > 畜禽养殖企业 > 动物粪便管理 > 粪便管理排放因子 > 奶牛 > 氧化亚氮,氧化亚氮,上海、江苏、浙江、安徽、福建、江西、山东,2.065,因子 (kgN₂O/(head·year)),本土化数据，数据来源于《温室气体排放核算与报告要求 第22部分：畜禽养殖企业》（GB/T 32151.22-2024）
农、林、牧、渔业 > 畜禽养殖企业 > 动物粪便管理 > 粪便管理排放因子 > 奶牛 > 氧化亚氮,氧化亚氮,河南、湖北、湖南、广东、广西、海南,1.71,因子 (kgN₂O/(head·year)),本土化数据，数据来源于《温室气体排放核算与报告要求 第22部分：畜禽养殖企业》（GB/T 32151.22-2024）
农、林、牧、渔业 > 畜禽养殖企业 > 动物粪便管理 > 粪便管理排放因子 > 奶牛 > 氧化亚氮,氧化亚氮,重庆、四川、贵州、云南、西藏,1.884,因子 (kgN₂O/(head·year)),本土化数据，数据来源于《温室气体排放核算与报告要求 第22部分：畜禽养殖企业》（GB/T 32151.22-2024）
农、林、牧、渔业 > 畜禽养殖企业 > 动物粪便管理 > 粪便管理排放因子 > 奶牛 > 氧化亚氮,氧化亚氮,陕西、甘肃、青海、宁夏、新疆,1.447,因子 (kgN₂O/(head·year)),本土化数据，数据来源于《温室气体排放核算与报告要求 第22部分：畜禽养殖企业》（GB/T 32151.22-2024）
农、林、牧、渔业 > 畜禽养殖企业 > 动物粪便管理 > 粪便管理排放因子 > 肉牛 > 甲烷,甲烷,北京、天津、河北、内蒙古、山西,2.82,因子 (kgCH₄/(head·year)),本土化数据，数据来源于《温室气体排放核算与报告要求 第22部分：畜禽养殖企业》（GB/T 32151.22-2024）
农、林、牧、渔业 > 畜禽养殖企业 > 动物粪便管理 > 粪便管理排放因子 > 肉牛 > 甲烷,甲烷,辽宁、吉林、黑龙江,1.02,因子 (kgCH₄/(head·year)),本土化数据，数据来源于《温室气体排放核算与报告要求 第22部分：畜禽养殖企业》（GB/T 32151.22-2024）
农、林、牧、渔业 > 畜禽养殖企业 > 动物粪便管理 > 粪便管理排放因子 > 肉牛 > 甲烷,甲烷,上海、江苏、浙江、安徽、福建、江西、山东,3.31,因子 (kgCH₄/(head·year)),本土化数据，数据来源于《温室气体排放核算与报告要求 第22部分：畜禽养殖企业》（GB/T 32151.22-2024）
农、林、牧、渔业 > 畜禽养殖企业 > 动物粪便管理 > 粪便管理排放因子 > 肉牛 > 甲烷,甲烷,河南、湖北、湖南、广东、广西、海南,4.72,因子 (kgCH₄/(head·year)),本土化数据，数据来源于《温室气体排放核算与报告要求 第22部分：畜禽养殖企业》（GB/T 32151.22-2024）
农、林、牧、渔业 > 畜禽养殖企业 > 动物粪便管理 > 粪便管理排放因子 > 肉牛 > 甲烷,甲烷,重庆、四川、贵州、云南、西藏,3.21,因子 (kgCH₄/(head·year)),本土化数据，数据来源于《温室气体排放核算与报告要求 第22部分：畜禽养殖企业》（GB/T 32151.22-2024）
农、林、牧、渔业 > 畜禽养殖企业 > 动物粪便管理 > 粪便管理排放因子 > 肉牛 > 甲烷,甲烷,陕西、甘肃、青海、宁夏、新疆,1.86,因子 (kgCH₄/(head·year)),本土化数据，数据来源于《温室气体排放核算与报告要求 第22部分：畜禽养殖企业》（GB/T 32151.22-2024）
农、林、牧、渔业 > 畜禽养殖企业 > 动物粪便管理 > 粪便管理排放因子 > 肉牛 > 氧化亚氮,氧化亚氮,北京、天津、河北、内蒙古、山西,0.794,因子 (kgN₂O/(head·year)),本土化数据，数据来源于《温室气体排放核算与报告要求 第22部分：畜禽养殖企业》（GB/T 32151.22-2024）
农、林、牧、渔业 > 畜禽养殖企业 > 动物粪便管理 > 粪便管理排放因子 > 肉牛 > 氧化亚氮,氧化亚氮,辽宁、吉林、黑龙江,0.913,因子 (kgN₂O/(head·year)),本土化数据，数据来源于《温室气体排放核算与报告要求 第22部分：畜禽养殖企业》（GB/T 32151.22-2024）
农、林、牧、渔业 > 畜禽养殖企业 > 动物粪便管理 > 粪便管理排放因子 > 肉牛 > 氧化亚氮,氧化亚氮,上海、江苏、浙江、安徽、福建、江西、山东,0.846,因子 (kgN₂O/(head·year)),本土化数据，数据来源于《温室气体排放核算与报告要求 第22部分：畜禽养殖企业》（GB/T 32151.22-2024）
农、林、牧、渔业 > 畜禽养殖企业 > 动物粪便管理 > 粪便管理排放因子 > 肉牛 > 氧化亚氮,氧化亚氮,河南、湖北、湖南、广东、广西、海南,0.805,因子 (kgN₂O/(head·year)),本土化数据，数据来源于《温室气体排放核算与报告要求 第22部分：畜禽养殖企业》（GB/T 32151.22-2024）
农、林、牧、渔业 > 畜禽养殖企业 > 动物粪便管理 > 粪便管理排放因子 > 肉牛 > 氧化亚氮,氧化亚氮,重庆、四川、贵州、云南、西藏,0.691,因子 (kgN₂O/(head·year)),本土化数据，数据来源于《温室气体排放核算与报告要求 第22部分：畜禽养殖企业》（GB/T 32151.22-2024）
农、林、牧、渔业 > 畜禽养殖企业 > 动物粪便管理 > 粪便管理排放因子 > 肉牛 > 氧化亚氮,氧化亚氮,陕西、甘肃、青海、宁夏、新疆,0.545,因子 (kgN₂O/(head·year)),本土化数据，数据来源于《温室气体排放核算与报告要求 第22部分：畜禽养殖企业》（GB/T 32151.22-2024）
农、林、牧、渔业 > 畜禽养殖企业 > 动物粪便管理 > 粪便管理排放因子 > 水牛 > 甲烷,甲烷,北京、天津、河北、内蒙古、山西,/,因子 (kgCH₄/(head·year)),本土化数据，数据来源于《温室气体排放核算与报告要求 第22部分：畜禽养殖企业》（GB/T 32151.22-2024）
农、林、牧、渔业 > 畜禽养殖企业 > 动物粪便管理 > 粪便管理排放因子 > 水牛 > 甲烷,甲烷,辽宁、吉林、黑龙江,/,因子 (kgCH₄/(head·year)),本土化数据，数据来源于《温室气体排放核算与报告要求 第22部分：畜禽养殖企业》（GB/T 32151.22-2024）
农、林、牧、渔业 > 畜禽养殖企业 > 动物粪便管理 > 粪便管理排放因子 > 水牛 > 甲烷,甲烷,上海、江苏、浙江、安徽、福建、江西、山东,5.55,因子 (kgCH₄/(head·year)),本土化数据，数据来源于《温室气体排放核算与报告要求 第22部分：畜禽养殖企业》（GB/T 32151.22-2024）
农、林、牧、渔业 > 畜禽养殖企业 > 动物粪便管理 > 粪便管理排放因子 > 水牛 > 甲烷,甲烷,河南、湖北、湖南、广东、广西、海南,8.24,因子 (kgCH₄/(head·year)),本土化数据，数据来源于《温室气体排放核算与报告要求 第22部分：畜禽养殖企业》（GB/T 32151.22-2024）
农、林、牧、渔业 > 畜禽养殖企业 > 动物粪便管理 > 粪便管理排放因子 > 水牛 > 甲烷,甲烷,重庆、四川、贵州、云南、西藏,1.53,因子 (kgCH₄/(head·year)),本土化数据，数据来源于《温室气体排放核算与报告要求 第22部分：畜禽养殖企业》（GB/T 32151.22-2024）
农、林、牧、渔业 > 畜禽养殖企业 > 动物粪便管理 > 粪便管理排放因子 > 水牛 > 甲烷,甲烷,陕西、甘肃、青海、宁夏、新疆,/,因子 (kgCH₄/(head·year)),本土化数据，数据来源于《温室气体排放核算与报告要求 第22部分：畜禽养殖企业》（GB/T 32151.22-2024）
农、林、牧、渔业 > 畜禽养殖企业 > 动物粪便管理 > 粪便管理排放因子 > 水牛 > 氧化亚氮,氧化亚氮,北京、天津、河北、内蒙古、山西,/,因子 (kgN₂O/(head·year)),本土化数据，数据来源于《温室气体排放核算与报告要求 第22部分：畜禽养殖企业》（GB/T 32151.22-2024）
农、林、牧、渔业 > 畜禽养殖企业 > 动物粪便管理 > 粪便管理排放因子 > 水牛 > 氧化亚氮,氧化亚氮,辽宁、吉林、黑龙江,/,因子 (kgN₂O/(head·year)),本土化数据，数据来源于《温室气体排放核算与报告要求 第22部分：畜禽养殖企业》（GB/T 32151.22-2024）
农、林、牧、渔业 > 畜禽养殖企业 > 动物粪便管理 > 粪便管理排放因子 > 水牛 > 氧化亚氮,氧化亚氮,上海、江苏、浙江、安徽、福建、江西、山东,0.875,因子 (kgN₂O/(head·year)),本土化数据，数据来源于《温室气体排放核算与报告要求 第22部分：畜禽养殖企业》（GB/T 32151.22-2024）
农、林、牧、渔业 > 畜禽养殖企业 > 动物粪便管理 > 粪便管理排放因子 > 水牛 > 氧化亚氮,氧化亚氮,河南、湖北、湖南、广东、广西、海南,0.86,因子 (kgN₂O/(head·year)),本土化数据，数据来源于《温室气体排放核算与报告要求 第22部分：畜禽养殖企业》（GB/T 32151.22-2024）
农、林、牧、渔业 > 畜禽养殖企业 > 动物粪便管理 > 粪便管理排放因子 > 水牛 > 氧化亚氮,氧化亚氮,重庆、四川、贵州、云南、西藏,1.197,因子 (kgN₂O/(head·year)),本土化数据，数据来源于《温室气体排放核算与报告要求 第22部分：畜禽养殖企业》（GB/T 32151.22-2024）
农、林、牧、渔业 > 畜禽养殖企业 > 动物粪便管理 > 粪便管理排放因子 > 水牛 > 氧化亚氮,氧化亚氮,陕西、甘肃、青海、宁夏、新疆,/,因子 (kgN₂O/(head·year)),本土化数据，数据来源于《温室气体排放核算与报告要求 第22部分：畜禽养殖企业》（GB/T 32151.22-2024）
农、林、牧、渔业 > 畜禽养殖企业 > 动物粪便管理 > 粪便管理排放因子 > 绵羊 > 甲烷,甲烷,北京、天津、河北、内蒙古、山西,0.15,因子 (kgCH₄/(head·year)),本土化数据，数据来源于《温室气体排放核算与报告要求 第22部分：畜禽养殖企业》（GB/T 32151.22-2024）
农、林、牧、渔业 > 畜禽养殖企业 > 动物粪便管理 > 粪便管理排放因子 > 绵羊 > 甲烷,甲烷,辽宁、吉林、黑龙江,0.15,因子 (kgCH₄/(head·year)),本土化数据，数据来源于《温室气体排放核算与报告要求 第22部分：畜禽养殖企业》（GB/T 32151.22-2024）
农、林、牧、渔业 > 畜禽养殖企业 > 动物粪便管理 > 粪便管理排放因子 > 绵羊 > 甲烷,甲烷,上海、江苏、浙江、安徽、福建、江西、山东,0.26,因子 (kgCH₄/(head·year)),本土化数据，数据来源于《温室气体排放核算与报告要求 第22部分：畜禽养殖企业》（GB/T 32151.22-2024）
农、林、牧、渔业 > 畜禽养殖企业 > 动物粪便管理 > 粪便管理排放因子 > 绵羊 > 甲烷,甲烷,河南、湖北、湖南、广东、广西、海南,0.34,因子 (kgCH₄/(head·year)),本土化数据，数据来源于《温室气体排放核算与报告要求 第22部分：畜禽养殖企业》（GB/T 32151.22-2024）
农、林、牧、渔业 > 畜禽养殖企业 > 动物粪便管理 > 粪便管理排放因子 > 绵羊 > 甲烷,甲烷,重庆、四川、贵州、云南、西藏,0.48,因子 (kgCH₄/(head·year)),本土化数据，数据来源于《温室气体排放核算与报告要求 第22部分：畜禽养殖企业》（GB/T 32151.22-2024）
农、林、牧、渔业 > 畜禽养殖企业 > 动物粪便管理 > 粪便管理排放因子 > 绵羊 > 甲烷,甲烷,陕西、甘肃、青海、宁夏、新疆,0.28,因子 (kgCH₄/(head·year)),本土化数据，数据来源于《温室气体排放核算与报告要求 第22部分：畜禽养殖企业》（GB/T 32151.22-2024）
农、林、牧、渔业 > 畜禽养殖企业 > 动物粪便管理 > 粪便管理排放因子 > 绵羊 > 氧化亚氮,氧化亚氮,北京、天津、河北、内蒙古、山西,0.093,因子 (kgN₂O/(head·year)),本土化数据，数据来源于《温室气体排放核算与报告要求 第22部分：畜禽养殖企业》（GB/T 32151.22-2024）
农、林、牧、渔业 > 畜禽养殖企业 > 动物粪便管理 > 粪便管理排放因子 > 绵羊 > 氧化亚氮,氧化亚氮,辽宁、吉林、黑龙江,0.057,因子 (kgN₂O/(head·year)),本土化数据，数据来源于《温室气体排放核算与报告要求 第22部分：畜禽养殖企业》（GB/T 32151.22-2024）
农、林、牧、渔业 > 畜禽养殖企业 > 动物粪便管理 > 粪便管理排放因子 > 绵羊 > 氧化亚氮,氧化亚氮,上海、江苏、浙江、安徽、福建、江西、山东,0.113,因子 (kgN₂O/(head·year)),本土化数据，数据来源于《温室气体排放核算与报告要求 第22部分：畜禽养殖企业》（GB/T 32151.22-2024）
农、林、牧、渔业 > 畜禽养殖企业 > 动物粪便管理 > 粪便管理排放因子 > 绵羊 > 氧化亚氮,氧化亚氮,河南、湖北、湖南、广东、广西、海南,0.106,因子 (kgN₂O/(head·year)),本土化数据，数据来源于《温室气体排放核算与报告要求 第22部分：畜禽养殖企业》（GB/T 32151.22-2024）
农、林、牧、渔业 > 畜禽养殖企业 > 动物粪便管理 > 粪便管理排放因子 > 绵羊 > 氧化亚氮,氧化亚氮,重庆、四川、贵州、云南、西藏,0.064,因子 (kgN₂O/(head·year)),本土化数据，数据来源于《温室气体排放核算与报告要求 第22部分：畜禽养殖企业》（GB/T 32151.22-2024）
农、林、牧、渔业 > 畜禽养殖企业 > 动物粪便管理 > 粪便管理排放因子 > 绵羊 > 氧化亚氮,氧化亚氮,陕西、甘肃、青海、宁夏、新疆,0.074,因子 (kgN₂O/(head·year)),本土化数据，数据来源于《温室气体排放核算与报告要求 第22部分：畜禽养殖企业》（GB/T 32151.22-2024）
农、林、牧、渔业 > 畜禽养殖企业 > 动物粪便管理 > 粪便管理排放因子 > 山羊 > 甲烷,甲烷,北京、天津、河北、内蒙古、山西,0.17,因子 (kgCH₄/(head·year)),本土化数据，数据来源于《温室气体排放核算与报告要求 第22部分：畜禽养殖企业》（GB/T 32151.22-2024）
农、林、牧、渔业 > 畜禽养殖企业 > 动物粪便管理 > 粪便管理排放因子 > 山羊 > 甲烷,甲烷,辽宁、吉林、黑龙江,0.16,因子 (kgCH₄/(head·year)),本土化数据，数据来源于《温室气体排放核算与报告要求 第22部分：畜禽养殖企业》（GB/T 32151.22-2024）
农、林、牧、渔业 > 畜禽养殖企业 > 动物粪便管理 > 粪便管理排放因子 > 山羊 > 甲烷,甲烷,上海、江苏、浙江、安徽、福建、江西、山东,0.28,因子 (kgCH₄/(head·year)),本土化数据，数据来源于《温室气体排放核算与报告要求 第22部分：畜禽养殖企业》（GB/T 32151.22-2024）
农、林、牧、渔业 > 畜禽养殖企业 > 动物粪便管理 > 粪便管理排放因子 > 山羊 > 甲烷,甲烷,河南、湖北、湖南、广东、广西、海南,0.31,因子 (kgCH₄/(head·year)),本土化数据，数据来源于《温室气体排放核算与报告要求 第22部分：畜禽养殖企业》（GB/T 32151.22-2024）
农、林、牧、渔业 > 畜禽养殖企业 > 动物粪便管理 > 粪便管理排放因子 > 山羊 > 甲烷,甲烷,重庆、四川、贵州、云南、西藏,0.53,因子 (kgCH₄/(head·year)),本土化数据，数据来源于《温室气体排放核算与报告要求 第22部分：畜禽养殖企业》（GB/T 32151.22-2024）
农、林、牧、渔业 > 畜禽养殖企业 > 动物粪便管理 > 粪便管理排放因子 > 山羊 > 甲烷,甲烷,陕西、甘肃、青海、宁夏、新疆,0.32,因子 (kgCH₄/(head·year)),本土化数据，数据来源于《温室气体排放核算与报告要求 第22部分：畜禽养殖企业》（GB/T 32151.22-2024）
农、林、牧、渔业 > 畜禽养殖企业 > 动物粪便管理 > 粪便管理排放因子 > 山羊 > 氧化亚氮,氧化亚氮,北京、天津、河北、内蒙古、山西,0.093,因子 (kgN₂O/(head·year)),本土化数据，数据来源于《温室气体排放核算与报告要求 第22部分：畜禽养殖企业》（GB/T 32151.22-2024）
农、林、牧、渔业 > 畜禽养殖企业 > 动物粪便管理 > 粪便管理排放因子 > 山羊 > 氧化亚氮,氧化亚氮,辽宁、吉林、黑龙江,0.057,因子 (kgN₂O/(head·year)),本土化数据，数据来源于《温室气体排放核算与报告要求 第22部分：畜禽养殖企业》（GB/T 32151.22-2024）
农、林、牧、渔业 > 畜禽养殖企业 > 动物粪便管理 > 粪便管理排放因子 > 山羊 > 氧化亚氮,氧化亚氮,上海、江苏、浙江、安徽、福建、江西、山东,0.113,因子 (kgN₂O/(head·year)),本土化数据，数据来源于《温室气体排放核算与报告要求 第22部分：畜禽养殖企业》（GB/T 32151.22-2024）
农、林、牧、渔业 > 畜禽养殖企业 > 动物粪便管理 > 粪便管理排放因子 > 山羊 > 氧化亚氮,氧化亚氮,河南、湖北、湖南、广东、广西、海南,0.106,因子 (kgN₂O/(head·year)),本土化数据，数据来源于《温室气体排放核算与报告要求 第22部分：畜禽养殖企业》（GB/T 32151.22-2024）
农、林、牧、渔业 > 畜禽养殖企业 > 动物粪便管理 > 粪便管理排放因子 > 山羊 > 氧化亚氮,氧化亚氮,重庆、四川、贵州、云南、西藏,0.064,因子 (kgN₂O/(head·year)),本土化数据，数据来源于《温室气体排放核算与报告要求 第22部分：畜禽养殖企业》（GB/T 32151.22-2024）
农、林、牧、渔业 > 畜禽养殖企业 > 动物粪便管理 > 粪便管理排放因子 > 山羊 > 氧化亚氮,氧化亚氮,陕西、甘肃、青海、宁夏、新疆,0.074,因子 (kgN₂O/(head·year)),本土化数据，数据来源于《温室气体排放核算与报告要求 第22部分：畜禽养殖企业》（GB/T 32151.22-2024）
农、林、牧、渔业 > 畜禽养殖企业 > 动物粪便管理 > 粪便管理排放因子 > 猪 > 甲烷,甲烷,北京、天津、河北、内蒙古、山西,3.12,因子 (kgCH₄/(head·year)),本土化数据，数据来源于《温室气体排放核算与报告要求 第22部分：畜禽养殖企业》（GB/T 32151.22-2024）
农、林、牧、渔业 > 畜禽养殖企业 > 动物粪便管理 > 粪便管理排放因子 > 猪 > 甲烷,甲烷,辽宁、吉林、黑龙江,1.12,因子 (kgCH₄/(head·year)),本土化数据，数据来源于《温室气体排放核算与报告要求 第22部分：畜禽养殖企业》（GB/T 32151.22-2024）
农、林、牧、渔业 > 畜禽养殖企业 > 动物粪便管理 > 粪便管理排放因子 > 猪 > 甲烷,甲烷,上海、江苏、浙江、安徽、福建、江西、山东,5.08,因子 (kgCH₄/(head·year)),本土化数据，数据来源于《温室气体排放核算与报告要求 第22部分：畜禽养殖企业》（GB/T 32151.22-2024）
农、林、牧、渔业 > 畜禽养殖企业 > 动物粪便管理 > 粪便管理排放因子 > 猪 > 甲烷,甲烷,河南、湖北、湖南、广东、广西、海南,5.85,因子 (kgCH₄/(head·year)),本土化数据，数据来源于《温室气体排放核算与报告要求 第22部分：畜禽养殖企业》（GB/T 32151.22-2024）
农、林、牧、渔业 > 畜禽养殖企业 > 动物粪便管理 > 粪便管理排放因子 > 猪 > 甲烷,甲烷,重庆、四川、贵州、云南、西藏,4.18,因子 (kgCH₄/(head·year)),本土化数据，数据来源于《温室气体排放核算与报告要求 第22部分：畜禽养殖企业》（GB/T 32151.22-2024）
农、林、牧、渔业 > 畜禽养殖企业 > 动物粪便管理 > 粪便管理排放因子 > 猪 > 甲烷,甲烷,陕西、甘肃、青海、宁夏、新疆,1.38,因子 (kgCH₄/(head·year)),本土化数据，数据来源于《温室气体排放核算与报告要求 第22部分：畜禽养殖企业》（GB/T 32151.22-2024）
农、林、牧、渔业 > 畜禽养殖企业 > 动物粪便管理 > 粪便管理排放因子 > 猪 > 氧化亚氮,氧化亚氮,北京、天津、河北、内蒙古、山西,0.227,因子 (kgN₂O/(head·year)),本土化数据，数据来源于《温室气体排放核算与报告要求 第22部分：畜禽养殖企业》（GB/T 32151.22-2024）
农、林、牧、渔业 > 畜禽养殖企业 > 动物粪便管理 > 粪便管理排放因子 > 猪 > 氧化亚氮,氧化亚氮,辽宁、吉林、黑龙江,0.266,因子 (kgN₂O/(head·year)),本土化数据，数据来源于《温室气体排放核算与报告要求 第22部分：畜禽养殖企业》（GB/T 32151.22-2024）
农、林、牧、渔业 > 畜禽养殖企业 > 动物粪便管理 > 粪便管理排放因子 > 猪 > 氧化亚氮,氧化亚氮,上海、江苏、浙江、安徽、福建、江西、山东,0.175,因子 (kgN₂O/(head·year)),本土化数据，数据来源于《温室气体排放核算与报告要求 第22部分：畜禽养殖企业》（GB/T 32151.22-2024）
农、林、牧、渔业 > 畜禽养殖企业 > 动物粪便管理 > 粪便管理排放因子 > 猪 > 氧化亚氮,氧化亚氮,河南、湖北、湖南、广东、广西、海南,0.157,因子 (kgN₂O/(head·year)),本土化数据，数据来源于《温室气体排放核算与报告要求 第22部分：畜禽养殖企业》（GB/T 32151.22-2024）
农、林、牧、渔业 > 畜禽养殖企业 > 动物粪便管理 > 粪便管理排放因子 > 猪 > 氧化亚氮,氧化亚氮,重庆、四川、贵州、云南、西藏,0.159,因子 (kgN₂O/(head·year)),本土化数据，数据来源于《温室气体排放核算与报告要求 第22部分：畜禽养殖企业》（GB/T 32151.22-2024）
农、林、牧、渔业 > 畜禽养殖企业 > 动物粪便管理 > 粪便管理排放因子 > 猪 > 氧化亚氮,氧化亚氮,陕西、甘肃、青海、宁夏、新疆,0.195,因子 (kgN₂O/(head·year)),本土化数据，数据来源于《温室气体排放核算与报告要求 第22部分：畜禽养殖企业》（GB/T 32151.22-2024）
农、林、牧、渔业 > 畜禽养殖企业 > 动物粪便管理 > 粪便管理排放因子 > 家禽 > 甲烷,甲烷,北京、天津、河北、内蒙古、山西,0.01,因子 (kgCH₄/(head·year)),本土化数据，数据来源于《温室气体排放核算与报告要求 第22部分：畜禽养殖企业》（GB/T 32151.22-2024）
农、林、牧、渔业 > 畜禽养殖企业 > 动物粪便管理 > 粪便管理排放因子 > 家禽 > 甲烷,甲烷,辽宁、吉林、黑龙江,0.01,因子 (kgCH₄/(head·year)),本土化数据，数据来源于《温室气体排放核算与报告要求 第22部分：畜禽养殖企业》（GB/T 32151.22-2024）
农、林、牧、渔业 > 畜禽养殖企业 > 动物粪便管理 > 粪便管理排放因子 > 家禽 > 甲烷,甲烷,上海、江苏、浙江、安徽、福建、江西、山东,0.02,因子 (kgCH₄/(head·year)),本土化数据，数据来源于《温室气体排放核算与报告要求 第22部分：畜禽养殖企业》（GB/T 32151.22-2024）
农、林、牧、渔业 > 畜禽养殖企业 > 动物粪便管理 > 粪便管理排放因子 > 家禽 > 甲烷,甲烷,河南、湖北、湖南、广东、广西、海南,0.02,因子 (kgCH₄/(head·year)),本土化数据，数据来源于《温室气体排放核算与报告要求 第22部分：畜禽养殖企业》（GB/T 32151.22-2024）
农、林、牧、渔业 > 畜禽养殖企业 > 动物粪便管理 > 粪便管理排放因子 > 家禽 > 甲烷,甲烷,重庆、四川、贵州、云南、西藏,0.02,因子 (kgCH₄/(head·year)),本土化数据，数据来源于《温室气体排放核算与报告要求 第22部分：畜禽养殖企业》（GB/T 32151.22-2024）
农、林、牧、渔业 > 畜禽养殖企业 > 动物粪便管理 > 粪便管理排放因子 > 家禽 > 甲烷,甲烷,陕西、甘肃、青海、宁夏、新疆,0.01,因子 (kgCH₄/(head·year)),本土化数据，数据来源于《温室气体排放核算与报告要求 第22部分：畜禽养殖企业》（GB/T 32151.22-2024）
农、林、牧、渔业 > 畜禽养殖企业 > 动物粪便管理 > 粪便管理排放因子 > 家禽 > 氧化亚氮,氧化亚氮,北京、天津、河北、内蒙古、山西,0.007,因子 (kgN₂O/(head·year)),本土化数据，数据来源于《温室气体排放核算与报告要求 第22部分：畜禽养殖企业》（GB/T 32151.22-2024）
农、林、牧、渔业 > 畜禽养殖企业 > 动物粪便管理 > 粪便管理排放因子 > 家禽 > 氧化亚氮,氧化亚氮,辽宁、吉林、黑龙江,0.007,因子 (kgN₂O/(head·year)),本土化数据，数据来源于《温室气体排放核算与报告要求 第22部分：畜禽养殖企业》（GB/T 32151.22-2024）
农、林、牧、渔业 > 畜禽养殖企业 > 动物粪便管理 > 粪便管理排放因子 > 家禽 > 氧化亚氮,氧化亚氮,上海、江苏、浙江、安徽、福建、江西、山东,0.007,因子 (kgN₂O/(head·year)),本土化数据，数据来源于《温室气体排放核算与报告要求 第22部分：畜禽养殖企业》（GB/T 32151.22-2024）
农、林、牧、渔业 > 畜禽养殖企业 > 动物粪便管理 > 粪便管理排放因子 > 家禽 > 氧化亚氮,氧化亚氮,河南、湖北、湖南、广东、广西、海南,0.007,因子 (kgN₂O/(head·year)),本土化数据，数据来源于《温室气体排放核算与报告要求 第22部分：畜禽养殖企业》（GB/T 32151.22-2024）
农、林、牧、渔业 > 畜禽养殖企业 > 动物粪便管理 > 粪便管理排放因子 > 家禽 > 氧化亚氮,氧化亚氮,重庆、四川、贵州、云南、西藏,0.007,因子 (kgN₂O/(head·year)),本土化数据，数据来源于《温室气体排放核算与报告要求 第22部分：畜禽养殖企业》（GB/T 32151.22-2024）
农、林、牧、渔业 > 畜禽养殖企业 > 动物粪便管理 > 粪便管理排放因子 > 家禽 > 氧化亚氮,氧化亚氮,陕西、甘肃、青海、宁夏、新疆,0.007,因子 (kgN₂O/(head·year)),本土化数据，数据来源于《温室气体排放核算与报告要求 第22部分：畜禽养殖企业》（GB/T 32151.22-2024）
农、林、牧、渔业 > 畜禽养殖企业 > 动物粪便管理 > 粪便管理排放因子参数 > 挥发性固体排泄量,挥发性固体排泄量,奶牛,3.4,因子 (kg/(head·day)),数据来源于《2006年IPCC清单指南》
农、林、牧、渔业 > 畜禽养殖企业 > 动物粪便管理 > 粪便管理排放因子参数 > 挥发性固体排泄量,挥发性固体排泄量,肉牛,3.0,因子 (kg/(head·day)),数据来源于《2006年IPCC清单指南》
农、林、牧、渔业 > 畜禽养殖企业 > 动物粪便管理 > 粪便管理排放因子参数 > 挥发性固体排泄量,挥发性固体排泄量,水牛,3.9,因子 (kg/(head·day)),数据来源于《2006年IPCC清单指南》
农、林、牧、渔业 > 畜禽养殖企业 > 动物粪便管理 > 粪便管理排放因子参数 > 挥发性固体排泄量,挥发性固体排泄量,山羊,0.35,因子 (kg/(head·day)),数据来源于《2006年IPCC清单指南》
农、林、牧、渔业 > 畜禽养殖企业 > 动物粪便管理 > 粪便管理排放因子参数 > 挥发性固体排泄量,挥发性固体排泄量,绵羊,0.32,因子 (kg/(head·day)),数据来源于《2006年IPCC清单指南》
农、林、牧、渔业 > 畜禽养殖企业 > 动物粪便管理 > 粪便管理排放因子参数 > 挥发性固体排泄量,挥发性固体排泄量,猪,0.30,因子 (kg/(head·day)),数据来源于《2006年IPCC清单指南》
农、林、牧、渔业 > 畜禽养殖企业 > 动物粪便管理 > 粪便管理排放因子参数 > 挥发性固体排泄量,挥发性固体排泄量,家禽,0.02,因子 (kg/(head·day)),数据来源于《2006年IPCC清单指南》
农、林、牧、渔业 > 畜禽养殖企业 > 动物粪便管理 > 粪便管理排放因子参数 > 最大甲烷生产能力,最大甲烷生产能力,奶牛,0.24,因子  (m³CH₄/kg VS),数据来源于《2006年IPCC清单指南》
农、林、牧、渔业 > 畜禽养殖企业 > 动物粪便管理 > 粪便管理排放因子参数 > 最大甲烷生产能力,最大甲烷生产能力,肉牛,0.19,因子  (m³CH₄/kg VS),数据来源于《2006年IPCC清单指南》
农、林、牧、渔业 > 畜禽养殖企业 > 动物粪便管理 > 粪便管理排放因子参数 > 最大甲烷生产能力,最大甲烷生产能力,水牛,0.10,因子  (m³CH₄/kg VS),数据来源于《2006年IPCC清单指南》
农、林、牧、渔业 > 畜禽养殖企业 > 动物粪便管理 > 粪便管理排放因子参数 > 最大甲烷生产能力,最大甲烷生产能力,山羊,0.13,因子  (m³CH₄/kg VS),数据来源于《2006年IPCC清单指南》
农、林、牧、渔业 > 畜禽养殖企业 > 动物粪便管理 > 粪便管理排放因子参数 > 最大甲烷生产能力,最大甲烷生产能力,绵羊,0.13,因子  (m³CH₄/kg VS),数据来源于《2006年IPCC清单指南》
农、林、牧、渔业 > 畜禽养殖企业 > 动物粪便管理 > 粪便管理排放因子参数 > 最大甲烷生产能力,最大甲烷生产能力,猪,0.45,因子  (m³CH₄/kg VS),数据来源于《2006年IPCC清单指南》
农、林、牧、渔业 > 畜禽养殖企业 > 动物粪便管理 > 粪便管理排放因子参数 > 最大甲烷生产能力,最大甲烷生产能力,家禽,0.36,因子  (m³CH₄/kg VS),数据来源于《2006年IPCC清单指南》
农、林、牧、渔业 > 畜禽养殖企业 > 动物粪便管理 > 粪便管理排放因子参数 > 粪便氮排泄量,粪便氮排泄量,奶牛,61.3,因子  (kgN/(head·year)),本土化数据，数据来源于《畜禽粪尿产生量及主要成分参数》（NY/T 4755-2025）
农、林、牧、渔业 > 畜禽养殖企业 > 动物粪便管理 > 粪便管理排放因子参数 > 粪便氮排泄量,粪便氮排泄量,肉牛,29.8,因子  (kgN/(head·year)),本土化数据，数据来源于《畜禽粪尿产生量及主要成分参数》（NY/T 4755-2025）
农、林、牧、渔业 > 畜禽养殖企业 > 动物粪便管理 > 粪便管理排放因子参数 > 粪便氮排泄量,粪便氮排泄量,水牛,29.8,因子  (kgN/(head·year)),本土化数据，数据来源于《畜禽粪尿产生量及主要成分参数》（NY/T 4755-2025）
农、林、牧、渔业 > 畜禽养殖企业 > 动物粪便管理 > 粪便管理排放因子参数 > 粪便氮排泄量,粪便氮排泄量,山羊,3.3,因子  (kgN/(head·year)),本土化数据，数据来源于《畜禽粪尿产生量及主要成分参数》（NY/T 4755-2025）
农、林、牧、渔业 > 畜禽养殖企业 > 动物粪便管理 > 粪便管理排放因子参数 > 粪便氮排泄量,粪便氮排泄量,绵羊,3.3,因子  (kgN/(head·year)),本土化数据，数据来源于《畜禽粪尿产生量及主要成分参数》（NY/T 4755-2025）
农、林、牧、渔业 > 畜禽养殖企业 > 动物粪便管理 > 粪便管理排放因子参数 > 粪便氮排泄量,粪便氮排泄量,猪,11.4,因子  (kgN/(head·year)),本土化数据，数据来源于《畜禽粪尿产生量及主要成分参数》（NY/T 4755-2025）
农、林、牧、渔业 > 畜禽养殖企业 > 动物粪便管理 > 粪便管理排放因子参数 > 粪便氮排泄量,粪便氮排泄量,家禽,0.53,因子  (kgN/(head·year)),本土化数据，数据来源于《畜禽粪尿产生量及主要成分参数》（NY/T 4755-2025）
农、林、牧、渔业 > 畜禽养殖企业 > 动物粪便管理 > 粪便管理排放因子参数 > 不同粪便管理方式氧化亚氮直接排放因子,不同粪便管理方式氧化亚氮直接排放因子,氧化塘,0,因子 (kgN₂O-N/kgN),数据来源于《2006年IPCC清单指南》
农、林、牧、渔业 > 畜禽养殖企业 > 动物粪便管理 > 粪便管理排放因子参数 > 不同粪便管理方式氧化亚氮直接排放因子,不同粪便管理方式氧化亚氮直接排放因子,液体贮存(自然结壳),0.005,因子 (kgN₂O-N/kgN),数据来源于《2006年IPCC清单指南》
农、林、牧、渔业 > 畜禽养殖企业 > 动物粪便管理 > 粪便管理排放因子参数 > 不同粪便管理方式氧化亚氮直接排放因子,不同粪便管理方式氧化亚氮直接排放因子,液体贮存(无自然结壳),0,因子 (kgN₂O-N/kgN),数据来源于《2006年IPCC清单指南》
农、林、牧、渔业 > 畜禽养殖企业 > 动物粪便管理 > 粪便管理排放因子参数 > 不同粪便管理方式氧化亚氮直接排放因子,不同粪便管理方式氧化亚氮直接排放因子,固体贮存,0.005,因子 (kgN₂O-N/kgN),数据来源于《2006年IPCC清单指南》
农、林、牧、渔业 > 畜禽养殖企业 > 动物粪便管理 > 粪便管理排放因子参数 > 不同粪便管理方式氧化亚氮直接排放因子,不同粪便管理方式氧化亚氮直接排放因子,自然风干,0.02,因子 (kgN₂O-N/kgN),数据来源于《2006年IPCC清单指南》
农、林、牧、渔业 > 畜禽养殖企业 > 动物粪便管理 > 粪便管理排放因子参数 > 不同粪便管理方式氧化亚氮直接排放因子,不同粪便管理方式氧化亚氮直接排放因子,舍内粪坑贮存,0.002,因子 (kgN₂O-N/kgN),数据来源于《2006年IPCC清单指南》
农、林、牧、渔业 > 畜禽养殖企业 > 动物粪便管理 > 粪便管理排放因子参数 > 不同粪便管理方式氧化亚氮直接排放因子,不同粪便管理方式氧化亚氮直接排放因子,每日施肥,0,因子 (kgN₂O-N/kgN),数据来源于《2006年IPCC清单指南》
农、林、牧、渔业 > 畜禽养殖企业 > 动物粪便管理 > 粪便管理排放因子参数 > 不同粪便管理方式氧化亚氮直接排放因子,不同粪便管理方式氧化亚氮直接排放因子,沼气池,0,因子 (kgN₂O-N/kgN),数据来源于《2006年IPCC清单指南》
农、林、牧、渔业 > 畜禽养殖企业 > 动物粪便管理 > 粪便管理排放因子参数 > 不同粪便管理方式氧化亚氮直接排放因子,不同粪便管理方式氧化亚氮直接排放因子,堆肥或沤肥,0.01,因子 (kgN₂O-N/kgN),数据来源于《2006年IPCC清单指南》
农、林、牧、渔业 > 畜禽养殖企业 > 动物粪便管理 > 粪便管理排放因子参数 > 不同粪便管理方式氧化亚氮直接排放因子,不同粪便管理方式氧化亚氮直接排放因子,其它,0.005,因子 (kgN₂O-N/kgN),数据来源于《2006年IPCC清单指南》
农、林、牧、渔业 > 畜禽养殖企业 > 动物粪便管理 > 粪便管理排放因子参数 > 粪便管理氧化亚氮间接排放因子,粪便管理氧化亚氮间接排放因子,氮挥发沉降,0.01,因子 (kgN₂O-N/kgN),数据来源于《2006年IPCC清单指南》
农、林、牧、渔业 > 畜禽养殖企业 > 动物粪便管理 > 粪便管理排放因子参数 > 粪便管理氧化亚氮间接排放因子,粪便管理氧化亚氮间接排放因子,氮淋溶径流,0.0075,因子 (kgN₂O-N/kgN),数据来源于《2006年IPCC清单指南》
农、林、牧、渔业 > 畜禽养殖企业 > 净购入电力与热力 > 电力消费 > 电力平均二氧化碳排放因子 > 全国电力平均二氧化碳排放因子,全国电力平均二氧化碳排放因子,全国,0.5306,2023年因子 (kgCO₂/kWh),本土化数据，数据来源于生态环境部、国家统计局《关于发布2023年电力二氧化碳排放因子的公告》（公告2025年第47号）
农、林、牧、渔业 > 畜禽养殖企业 > 净购入电力与热力 > 电力消费 > 电力平均二氧化碳排放因子 > 区域电力平均二氧化碳排放因子,区域电力平均二氧化碳排放因子,华北,0.6361,2023年因子 (kgCO₂/kWh),本土化数据，数据来源于生态环境部、国家统计局《关于发布2023年电力二氧化碳排放因子的公告》（公告2025年第47号）
农、林、牧、渔业 > 畜禽养殖企业 > 净购入电力与热力 > 电力消费 > 电力平均二氧化碳排放因子 > 区域电力平均二氧化碳排放因子,区域电力平均二氧化碳排放因子,东北,0.5122,2023年因子 (kgCO₂/kWh),本土化数据，数据来源于生态环境部、国家统计局《关于发布2023年电力二氧化碳排放因子的公告》（公告2025年第47号）
农、林、牧、渔业 > 畜禽养殖企业 > 净购入电力与热力 > 电力消费 > 电力平均二氧化碳排放因子 > 区域电力平均二氧化碳排放因子,区域电力平均二氧化碳排放因子,华东,0.5500,2023年因子 (kgCO₂/kWh),本土化数据，数据来源于生态环境部、国家统计局《关于发布2023年电力二氧化碳排放因子的公告》（公告2025年第47号）
农、林、牧、渔业 > 畜禽养殖企业 > 净购入电力与热力 > 电力消费 > 电力平均二氧化碳排放因子 > 区域电力平均二氧化碳排放因子,区域电力平均二氧化碳排放因子,华中,0.5271,2023年因子 (kgCO₂/kWh),本土化数据，数据来源于生态环境部、国家统计局《关于发布2023年电力二氧化碳排放因子的公告》（公告2025年第47号）
农、林、牧、渔业 > 畜禽养殖企业 > 净购入电力与热力 > 电力消费 > 电力平均二氧化碳排放因子 > 区域电力平均二氧化碳排放因子,区域电力平均二氧化碳排放因子,西北,0.5543,2023年因子 (kgCO₂/kWh),本土化数据，数据来源于生态环境部、国家统计局《关于发布2023年电力二氧化碳排放因子的公告》（公告2025年第47号）
农、林、牧、渔业 > 畜禽养殖企业 > 净购入电力与热力 > 电力消费 > 电力平均二氧化碳排放因子 > 区域电力平均二氧化碳排放因子,区域电力平均二氧化碳排放因子,南方,0.4042,2023年因子 (kgCO₂/kWh),本土化数据，数据来源于生态环境部、国家统计局《关于发布2023年电力二氧化碳排放因子的公告》（公告2025年第47号）
农、林、牧、渔业 > 畜禽养殖企业 > 净购入电力与热力 > 电力消费 > 电力平均二氧化碳排放因子 > 区域电力平均二氧化碳排放因子,区域电力平均二氧化碳排放因子,西南,0.2472,2023年因子 (kgCO₂/kWh),本土化数据，数据来源于生态环境部、国家统计局《关于发布2023年电力二氧化碳排放因子的公告》（公告2025年第47号）
农、林、牧、渔业 > 畜禽养殖企业 > 净购入电力与热力 > 电力消费 > 电力平均二氧化碳排放因子 > 省级电力平均二氧化碳排放因子,省级电力平均二氧化碳排放因子,北京,0.5554,2023年因子 (kgCO₂/kWh),本土化数据，数据来源于生态环境部、国家统计局《关于发布2023年电力二氧化碳排放因子的公告》（公告2025年第47号）
农、林、牧、渔业 > 畜禽养殖企业 > 净购入电力与热力 > 电力消费 > 电力平均二氧化碳排放因子 > 省级电力平均二氧化碳排放因子,省级电力平均二氧化碳排放因子,天津,0.6796,2023年因子 (kgCO₂/kWh),本土化数据，数据来源于生态环境部、国家统计局《关于发布2023年电力二氧化碳排放因子的公告》（公告2025年第47号）
农、林、牧、渔业 > 畜禽养殖企业 > 净购入电力与热力 > 电力消费 > 电力平均二氧化碳排放因子 > 省级电力平均二氧化碳排放因子,省级电力平均二氧化碳排放因子,河北,0.6516,2023年因子 (kgCO₂/kWh),本土化数据，数据来源于生态环境部、国家统计局《关于发布2023年电力二氧化碳排放因子的公告》（公告2025年第47号）
农、林、牧、渔业 > 畜禽养殖企业 > 净购入电力与热力 > 电力消费 > 电力平均二氧化碳排放因子 > 省级电力平均二氧化碳排放因子,省级电力平均二氧化碳排放因子,山西,0.6634,2023年因子 (kgCO₂/kWh),本土化数据，数据来源于生态环境部、国家统计局《关于发布2023年电力二氧化碳排放因子的公告》（公告2025年第47号）
农、林、牧、渔业 > 畜禽养殖企业 > 净购入电力与热力 > 电力消费 > 电力平均二氧化碳排放因子 > 省级电力平均二氧化碳排放因子,省级电力平均二氧化碳排放因子,内蒙古,0.6479,2023年因子 (kgCO₂/kWh),本土化数据，数据来源于生态环境部、国家统计局《关于发布2023年电力二氧化碳排放因子的公告》（公告2025年第47号）
农、林、牧、渔业 > 畜禽养殖企业 > 净购入电力与热力 > 电力消费 > 电力平均二氧化碳排放因子 > 省级电力平均二氧化碳排放因子,省级电力平均二氧化碳排放因子,辽宁,0.4878,2023年因子 (kgCO₂/kWh),本土化数据，数据来源于生态环境部、国家统计局《关于发布2023年电力二氧化碳排放因子的公告》（公告2025年第47号）
农、林、牧、渔业 > 畜禽养殖企业 > 净购入电力与热力 > 电力消费 > 电力平均二氧化碳排放因子 > 省级电力平均二氧化碳排放因子,省级电力平均二氧化碳排放因子,吉林,0.4671,2023年因子 (kgCO₂/kWh),本土化数据，数据来源于生态环境部、国家统计局《关于发布2023年电力二氧化碳排放因子的公告》（公告2025年第47号）
农、林、牧、渔业 > 畜禽养殖企业 > 净购入电力与热力 > 电力消费 > 电力平均二氧化碳排放因子 > 省级电力平均二氧化碳排放因子,省级电力平均二氧化碳排放因子,黑龙江,0.5229,2023年因子 (kgCO₂/kWh),本土化数据，数据来源于生态环境部、国家统计局《关于发布2023年电力二氧化碳排放因子的公告》（公告2025年第47号）
农、林、牧、渔业 > 畜禽养殖企业 > 净购入电力与热力 > 电力消费 > 电力平均二氧化碳排放因子 > 省级电力平均二氧化碳排放因子,省级电力平均二氧化碳排放因子,上海,0.5737,2023年因子 (kgCO₂/kWh),本土化数据，数据来源于生态环境部、国家统计局《关于发布2023年电力二氧化碳排放因子的公告》（公告2025年第47号）
农、林、牧、渔业 > 畜禽养殖企业 > 净购入电力与热力 > 电力消费 > 电力平均二氧化碳排放因子 > 省级电力平均二氧化碳排放因子,省级电力平均二氧化碳排放因子,江苏,0.5827,2023年因子 (kgCO₂/kWh),本土化数据，数据来源于生态环境部、国家统计局《关于发布2023年电力二氧化碳排放因子的公告》（公告2025年第47号）
农、林、牧、渔业 > 畜禽养殖企业 > 净购入电力与热力 > 电力消费 > 电力平均二氧化碳排放因子 > 省级电力平均二氧化碳排放因子,省级电力平均二氧化碳排放因子,浙江,0.4974,2023年因子 (kgCO₂/kWh),本土化数据，数据来源于生态环境部、国家统计局《关于发布2023年电力二氧化碳排放因子的公告》（公告2025年第47号）
农、林、牧、渔业 > 畜禽养殖企业 > 净购入电力与热力 > 电力消费 > 电力平均二氧化碳排放因子 > 省级电力平均二氧化碳排放因子,省级电力平均二氧化碳排放因子,安徽,0.6553,2023年因子 (kgCO₂/kWh),本土化数据，数据来源于生态环境部、国家统计局《关于发布2023年电力二氧化碳排放因子的公告》（公告2025年第47号）
农、林、牧、渔业 > 畜禽养殖企业 > 净购入电力与热力 > 电力消费 > 电力平均二氧化碳排放因子 > 省级电力平均二氧化碳排放因子,省级电力平均二氧化碳排放因子,福建,0.4211,2023年因子 (kgCO₂/kWh),本土化数据，数据来源于生态环境部、国家统计局《关于发布2023年电力二氧化碳排放因子的公告》（公告2025年第47号）
农、林、牧、渔业 > 畜禽养殖企业 > 净购入电力与热力 > 电力消费 > 电力平均二氧化碳排放因子 > 省级电力平均二氧化碳排放因子,省级电力平均二氧化碳排放因子,江西,0.5836,2023年因子 (kgCO₂/kWh),本土化数据，数据来源于生态环境部、国家统计局《关于发布2023年电力二氧化碳排放因子的公告》（公告2025年第47号）
农、林、牧、渔业 > 畜禽养殖企业 > 净购入电力与热力 > 电力消费 > 电力平均二氧化碳排放因子 > 省级电力平均二氧化碳排放因子,省级电力平均二氧化碳排放因子,山东,0.6191,2023年因子 (kgCO₂/kWh),本土化数据，数据来源于生态环境部、国家统计局《关于发布2023年电力二氧化碳排放因子的公告》（公告2025年第47号）
农、林、牧、渔业 > 畜禽养殖企业 > 净购入电力与热力 > 电力消费 > 电力平均二氧化碳排放因子 > 省级电力平均二氧化碳排放因子,省级电力平均二氧化碳排放因子,河南,0.5897,2023年因子 (kgCO₂/kWh),本土化数据，数据来源于生态环境部、国家统计局《关于发布2023年电力二氧化碳排放因子的公告》（公告2025年第47号）
农、林、牧、渔业 > 畜禽养殖企业 > 净购入电力与热力 > 电力消费 > 电力平均二氧化碳排放因子 > 省级电力平均二氧化碳排放因子,省级电力平均二氧化碳排放因子,湖北,0.4044,2023年因子 (kgCO₂/kWh),本土化数据，数据来源于生态环境部、国家统计局《关于发布2023年电力二氧化碳排放因子的公告》（公告2025年第47号）
农、林、牧、渔业 > 畜禽养殖企业 > 净购入电力与热力 > 电力消费 > 电力平均二氧化碳排放因子 > 省级电力平均二氧化碳排放因子,省级电力平均二氧化碳排放因子,湖南,0.4976,2023年因子 (kgCO₂/kWh),本土化数据，数据来源于生态环境部、国家统计局《关于发布2023年电力二氧化碳排放因子的公告》（公告2025年第47号）
农、林、牧、渔业 > 畜禽养殖企业 > 净购入电力与热力 > 电力消费 > 电力平均二氧化碳排放因子 > 省级电力平均二氧化碳排放因子,省级电力平均二氧化碳排放因子,广东,0.4419,2023年因子 (kgCO₂/kWh),本土化数据，数据来源于生态环境部、国家统计局《关于发布2023年电力二氧化碳排放因子的公告》（公告2025年第47号）
农、林、牧、渔业 > 畜禽养殖企业 > 净购入电力与热力 > 电力消费 > 电力平均二氧化碳排放因子 > 省级电力平均二氧化碳排放因子,省级电力平均二氧化碳排放因子,广西,0.4476,2023年因子 (kgCO₂/kWh),本土化数据，数据来源于生态环境部、国家统计局《关于发布2023年电力二氧化碳排放因子的公告》（公告2025年第47号）
农、林、牧、渔业 > 畜禽养殖企业 > 净购入电力与热力 > 电力消费 > 电力平均二氧化碳排放因子 > 省级电力平均二氧化碳排放因子,省级电力平均二氧化碳排放因子,海南,0.3648,2023年因子 (kgCO₂/kWh),本土化数据，数据来源于生态环境部、国家统计局《关于发布2023年电力二氧化碳排放因子的公告》（公告2025年第47号）
农、林、牧、渔业 > 畜禽养殖企业 > 净购入电力与热力 > 电力消费 > 电力平均二氧化碳排放因子 > 省级电力平均二氧化碳排放因子,省级电力平均二氧化碳排放因子,重庆,0.5581,2023年因子 (kgCO₂/kWh),本土化数据，数据来源于生态环境部、国家统计局《关于发布2023年电力二氧化碳排放因子的公告》（公告2025年第47号）
农、林、牧、渔业 > 畜禽养殖企业 > 净购入电力与热力 > 电力消费 > 电力平均二氧化碳排放因子 > 省级电力平均二氧化碳排放因子,省级电力平均二氧化碳排放因子,四川,0.1564,2023年因子 (kgCO₂/kWh),本土化数据，数据来源于生态环境部、国家统计局《关于发布2023年电力二氧化碳排放因子的公告》（公告2025年第47号）
农、林、牧、渔业 > 畜禽养殖企业 > 净购入电力与热力 > 电力消费 > 电力平均二氧化碳排放因子 > 省级电力平均二氧化碳排放因子,省级电力平均二氧化碳排放因子,贵州,0.5683,2023年因子 (kgCO₂/kWh),本土化数据，数据来源于生态环境部、国家统计局《关于发布2023年电力二氧化碳排放因子的公告》（公告2025年第47号）
农、林、牧、渔业 > 畜禽养殖企业 > 净购入电力与热力 > 电力消费 > 电力平均二氧化碳排放因子 > 省级电力平均二氧化碳排放因子,省级电力平均二氧化碳排放因子,云南,0.1333,2023年因子 (kgCO₂/kWh),本土化数据，数据来源于生态环境部、国家统计局《关于发布2023年电力二氧化碳排放因子的公告》（公告2025年第47号）
农、林、牧、渔业 > 畜禽养殖企业 > 净购入电力与热力 > 电力消费 > 电力平均二氧化碳排放因子 > 省级电力平均二氧化碳排放因子,省级电力平均二氧化碳排放因子,陕西,0.6335,2023年因子 (kgCO₂/kWh),本土化数据，数据来源于生态环境部、国家统计局《关于发布2023年电力二氧化碳排放因子的公告》（公告2025年第47号）
农、林、牧、渔业 > 畜禽养殖企业 > 净购入电力与热力 > 电力消费 > 电力平均二氧化碳排放因子 > 省级电力平均二氧化碳排放因子,省级电力平均二氧化碳排放因子,甘肃,0.4471,2023年因子 (kgCO₂/kWh),本土化数据，数据来源于生态环境部、国家统计局《关于发布2023年电力二氧化碳排放因子的公告》（公告2025年第47号）
农、林、牧、渔业 > 畜禽养殖企业 > 净购入电力与热力 > 电力消费 > 电力平均二氧化碳排放因子 > 省级电力平均二氧化碳排放因子,省级电力平均二氧化碳排放因子,青海,0.1796,2023年因子 (kgCO₂/kWh),本土化数据，数据来源于生态环境部、国家统计局《关于发布2023年电力二氧化碳排放因子的公告》（公告2025年第47号）
农、林、牧、渔业 > 畜禽养殖企业 > 净购入电力与热力 > 电力消费 > 电力平均二氧化碳排放因子 > 省级电力平均二氧化碳排放因子,省级电力平均二氧化碳排放因子,宁夏,0.6187,2023年因子 (kgCO₂/kWh),本土化数据，数据来源于生态环境部、国家统计局《关于发布2023年电力二氧化碳排放因子的公告》（公告2025年第47号）
农、林、牧、渔业 > 畜禽养殖企业 > 净购入电力与热力 > 电力消费 > 电力平均二氧化碳排放因子 > 省级电力平均二氧化碳排放因子,省级电力平均二氧化碳排放因子,新疆,0.6021,2023年因子 (kgCO₂/kWh),本土化数据，数据来源于生态环境部、国家统计局《关于发布2023年电力二氧化碳排放因子的公告》（公告2025年第47号）
农、林、牧、渔业 > 畜禽养殖企业 > 净购入电力与热力 > 电力消费 > 电力平均二氧化碳排放因子（不包括市场化交易的非化石能源电量） > 全国电力平均二氧化碳排放因子（不包括市场化交易的非化石能源电量）,全国电力平均二氧化碳排放因子（不包括市场化交易的非化石能源电量）,全国,0.6096,2023年因子 (kgCO₂/kWh),本土化数据，数据来源于生态环境部、国家统计局《关于发布2023年电力二氧化碳排放因子的公告》（公告2025年第47号）
农、林、牧、渔业 > 畜禽养殖企业 > 净购入电力与热力 > 电力消费 > 化石能源电力二氧化碳排放因子 > 全国化石能源电力二氧化碳排放因子,全国化石能源电力二氧化碳排放因子,全国,0.8273,2023年因子 (kgCO₂/kWh),本土化数据，数据来源于生态环境部、国家统计局《关于发布2023年电力二氧化碳排放因子的公告》（公告2025年第47号）
农、林、牧、渔业 > 种植业机构 > 燃料燃烧 > 化石燃料燃烧 > 煤炭 > 二氧化碳,二氧化碳,无烟煤,98.3,因子  (tCO₂/TJ),"数据来源于《2006年IPCC清单指南》
"
农、林、牧、渔业 > 种植业机构 > 燃料燃烧 > 化石燃料燃烧 > 煤炭 > 二氧化碳,二氧化碳,炼焦烟煤,94.6,因子  (tCO₂/TJ),数据来源于《2006年IPCC清单指南》
农、林、牧、渔业 > 种植业机构 > 燃料燃烧 > 化石燃料燃烧 > 煤炭 > 二氧化碳,二氧化碳,一般烟煤,94.6,因子  (tCO₂/TJ),数据来源于《2006年IPCC清单指南》
农、林、牧、渔业 > 种植业机构 > 燃料燃烧 > 化石燃料燃烧 > 煤炭 > 二氧化碳,二氧化碳,褐煤,101.2,因子  (tCO₂/TJ),数据来源于《2006年IPCC清单指南》
农、林、牧、渔业 > 种植业机构 > 燃料燃烧 > 化石燃料燃烧 > 煤炭 > 二氧化碳,二氧化碳,煤制品,97.5,因子  (tCO₂/TJ),数据来源于《2006年IPCC清单指南》
农、林、牧、渔业 > 种植业机构 > 燃料燃烧 > 化石燃料燃烧 > 煤炭 > 二氧化碳,二氧化碳,焦炭,107.1,因子  (tCO₂/TJ),数据来源于《2006年IPCC清单指南》
农、林、牧、渔业 > 种植业机构 > 燃料燃烧 > 化石燃料燃烧 > 煤炭 > 二氧化碳,二氧化碳,焦炉煤气,44.4,因子  (tCO₂/TJ),数据来源于《2006年IPCC清单指南》
农、林、牧、渔业 > 种植业机构 > 燃料燃烧 > 化石燃料燃烧 > 煤炭 > 二氧化碳,二氧化碳,高炉煤气,259.6,因子  (tCO₂/TJ),数据来源于《2006年IPCC清单指南》
农、林、牧、渔业 > 种植业机构 > 燃料燃烧 > 化石燃料燃烧 > 煤炭 > 二氧化碳,二氧化碳,转炉煤气,181.9,因子  (tCO₂/TJ),数据来源于《2006年IPCC清单指南》
农、林、牧、渔业 > 种植业机构 > 燃料燃烧 > 化石燃料燃烧 > 煤炭 > 二氧化碳,二氧化碳,其他煤气,44.4,因子  (tCO₂/TJ),数据来源于《2006年IPCC清单指南》
农、林、牧、渔业 > 种植业机构 > 燃料燃烧 > 化石燃料燃烧 > 煤炭 > 甲烷,甲烷,无烟煤,300,因子 (kgCH₄/TJ),数据来源于《2006年IPCC清单指南》
农、林、牧、渔业 > 种植业机构 > 燃料燃烧 > 化石燃料燃烧 > 煤炭 > 甲烷,甲烷,炼焦烟煤,300,因子 (kgCH₄/TJ),数据来源于《2006年IPCC清单指南》
农、林、牧、渔业 > 种植业机构 > 燃料燃烧 > 化石燃料燃烧 > 煤炭 > 甲烷,甲烷,一般烟煤,300,因子 (kgCH₄/TJ),数据来源于《2006年IPCC清单指南》
农、林、牧、渔业 > 种植业机构 > 燃料燃烧 > 化石燃料燃烧 > 煤炭 > 甲烷,甲烷,褐煤,300,因子 (kgCH₄/TJ),数据来源于《2006年IPCC清单指南》
农、林、牧、渔业 > 种植业机构 > 燃料燃烧 > 化石燃料燃烧 > 煤炭 > 甲烷,甲烷,煤制品,300,因子 (kgCH₄/TJ),数据来源于《2006年IPCC清单指南》
农、林、牧、渔业 > 种植业机构 > 燃料燃烧 > 化石燃料燃烧 > 煤炭 > 甲烷,甲烷,焦炭,300,因子 (kgCH₄/TJ),数据来源于《2006年IPCC清单指南》
农、林、牧、渔业 > 种植业机构 > 燃料燃烧 > 化石燃料燃烧 > 煤炭 > 甲烷,甲烷,焦炉煤气,5,因子 (kgCH₄/TJ),数据来源于《2006年IPCC清单指南》
农、林、牧、渔业 > 种植业机构 > 燃料燃烧 > 化石燃料燃烧 > 煤炭 > 甲烷,甲烷,高炉煤气,5,因子 (kgCH₄/TJ),数据来源于《2006年IPCC清单指南》
农、林、牧、渔业 > 种植业机构 > 燃料燃烧 > 化石燃料燃烧 > 煤炭 > 甲烷,甲烷,转炉煤气,5,因子 (kgCH₄/TJ),数据来源于《2006年IPCC清单指南》
农、林、牧、渔业 > 种植业机构 > 燃料燃烧 > 化石燃料燃烧 > 煤炭 > 甲烷,甲烷,其他煤气,5,因子 (kgCH₄/TJ),数据来源于《2006年IPCC清单指南》
农、林、牧、渔业 > 种植业机构 > 燃料燃烧 > 化石燃料燃烧 > 煤炭 > 氧化亚氮,氧化亚氮,无烟煤,1.5,因子 (kgN₂O/TJ),数据来源于《2006年IPCC清单指南》
农、林、牧、渔业 > 种植业机构 > 燃料燃烧 > 化石燃料燃烧 > 煤炭 > 氧化亚氮,氧化亚氮,炼焦烟煤,1.5,因子 (kgN₂O/TJ),数据来源于《2006年IPCC清单指南》
农、林、牧、渔业 > 种植业机构 > 燃料燃烧 > 化石燃料燃烧 > 煤炭 > 氧化亚氮,氧化亚氮,一般烟煤,1.5,因子 (kgN₂O/TJ),数据来源于《2006年IPCC清单指南》
农、林、牧、渔业 > 种植业机构 > 燃料燃烧 > 化石燃料燃烧 > 煤炭 > 氧化亚氮,氧化亚氮,褐煤,1.5,因子 (kgN₂O/TJ),数据来源于《2006年IPCC清单指南》
农、林、牧、渔业 > 种植业机构 > 燃料燃烧 > 化石燃料燃烧 > 煤炭 > 氧化亚氮,氧化亚氮,煤制品,1.5,因子 (kgN₂O/TJ),数据来源于《2006年IPCC清单指南》
农、林、牧、渔业 > 种植业机构 > 燃料燃烧 > 化石燃料燃烧 > 煤炭 > 氧化亚氮,氧化亚氮,焦炭,1.5,因子 (kgN₂O/TJ),数据来源于《2006年IPCC清单指南》
农、林、牧、渔业 > 种植业机构 > 燃料燃烧 > 化石燃料燃烧 > 煤炭 > 氧化亚氮,氧化亚氮,焦炉煤气,0.1,因子 (kgN₂O/TJ),数据来源于《2006年IPCC清单指南》
农、林、牧、渔业 > 种植业机构 > 燃料燃烧 > 化石燃料燃烧 > 煤炭 > 氧化亚氮,氧化亚氮,高炉煤气,0.1,因子 (kgN₂O/TJ),数据来源于《2006年IPCC清单指南》
农、林、牧、渔业 > 种植业机构 > 燃料燃烧 > 化石燃料燃烧 > 煤炭 > 氧化亚氮,氧化亚氮,转炉煤气,0.1,因子 (kgN₂O/TJ),数据来源于《2006年IPCC清单指南》
农、林、牧、渔业 > 种植业机构 > 燃料燃烧 > 化石燃料燃烧 > 煤炭 > 氧化亚氮,氧化亚氮,其他煤气,0.1,因子 (kgN₂O/TJ),数据来源于《2006年IPCC清单指南》
农、林、牧、渔业 > 种植业机构 > 燃料燃烧 > 化石燃料燃烧 > 石油 > 二氧化碳,二氧化碳,原油,73.3,因子  (tCO₂/TJ),数据来源于《2006年IPCC清单指南》
农、林、牧、渔业 > 种植业机构 > 燃料燃烧 > 化石燃料燃烧 > 石油 > 二氧化碳,二氧化碳,汽油,69.3,因子  (tCO₂/TJ),数据来源于《2006年IPCC清单指南》
农、林、牧、渔业 > 种植业机构 > 燃料燃烧 > 化石燃料燃烧 > 石油 > 二氧化碳,二氧化碳,煤油,71.9,因子  (tCO₂/TJ),数据来源于《2006年IPCC清单指南》
农、林、牧、渔业 > 种植业机构 > 燃料燃烧 > 化石燃料燃烧 > 石油 > 二氧化碳,二氧化碳,柴油,74.1,因子  (tCO₂/TJ),数据来源于《2006年IPCC清单指南》
农、林、牧、渔业 > 种植业机构 > 燃料燃烧 > 化石燃料燃烧 > 石油 > 二氧化碳,二氧化碳,燃料油,77.4,因子  (tCO₂/TJ),数据来源于《2006年IPCC清单指南》
农、林、牧、渔业 > 种植业机构 > 燃料燃烧 > 化石燃料燃烧 > 石油 > 二氧化碳,二氧化碳,石脑油,73.3,因子  (tCO₂/TJ),数据来源于《2006年IPCC清单指南》
农、林、牧、渔业 > 种植业机构 > 燃料燃烧 > 化石燃料燃烧 > 石油 > 二氧化碳,二氧化碳,润滑油,73.3,因子  (tCO₂/TJ),数据来源于《2006年IPCC清单指南》
农、林、牧、渔业 > 种植业机构 > 燃料燃烧 > 化石燃料燃烧 > 石油 > 二氧化碳,二氧化碳,石蜡,73.3,因子  (tCO₂/TJ),数据来源于《2006年IPCC清单指南》
农、林、牧、渔业 > 种植业机构 > 燃料燃烧 > 化石燃料燃烧 > 石油 > 二氧化碳,二氧化碳,溶剂油,73.3,因子  (tCO₂/TJ),数据来源于《2006年IPCC清单指南》
农、林、牧、渔业 > 种植业机构 > 燃料燃烧 > 化石燃料燃烧 > 石油 > 二氧化碳,二氧化碳,石油沥青,80.7,因子  (tCO₂/TJ),数据来源于《2006年IPCC清单指南》
农、林、牧、渔业 > 种植业机构 > 燃料燃烧 > 化石燃料燃烧 > 石油 > 二氧化碳,二氧化碳,石油焦,97.5,因子  (tCO₂/TJ),数据来源于《2006年IPCC清单指南》
农、林、牧、渔业 > 种植业机构 > 燃料燃烧 > 化石燃料燃烧 > 石油 > 二氧化碳,二氧化碳,液化石油气,63.1,因子  (tCO₂/TJ),数据来源于《2006年IPCC清单指南》
农、林、牧、渔业 > 种植业机构 > 燃料燃烧 > 化石燃料燃烧 > 石油 > 二氧化碳,二氧化碳,炼厂干气,57.6,因子  (tCO₂/TJ),数据来源于《2006年IPCC清单指南》
农、林、牧、渔业 > 种植业机构 > 燃料燃烧 > 化石燃料燃烧 > 石油 > 二氧化碳,二氧化碳,其他石油制品,73.3,因子  (tCO₂/TJ),数据来源于《2006年IPCC清单指南》
农、林、牧、渔业 > 种植业机构 > 燃料燃烧 > 化石燃料燃烧 > 石油 > 甲烷,甲烷,原油,10,因子 (kgCH₄/TJ),数据来源于《2006年IPCC清单指南》
农、林、牧、渔业 > 种植业机构 > 燃料燃烧 > 化石燃料燃烧 > 石油 > 甲烷,甲烷,汽油,10,因子 (kgCH₄/TJ),数据来源于《2006年IPCC清单指南》
农、林、牧、渔业 > 种植业机构 > 燃料燃烧 > 化石燃料燃烧 > 石油 > 甲烷,甲烷,煤油,10,因子 (kgCH₄/TJ),数据来源于《2006年IPCC清单指南》
农、林、牧、渔业 > 种植业机构 > 燃料燃烧 > 化石燃料燃烧 > 石油 > 甲烷,甲烷,柴油,10,因子 (kgCH₄/TJ),数据来源于《2006年IPCC清单指南》
农、林、牧、渔业 > 种植业机构 > 燃料燃烧 > 化石燃料燃烧 > 石油 > 甲烷,甲烷,燃料油,10,因子 (kgCH₄/TJ),数据来源于《2006年IPCC清单指南》
农、林、牧、渔业 > 种植业机构 > 燃料燃烧 > 化石燃料燃烧 > 石油 > 甲烷,甲烷,石脑油,10,因子 (kgCH₄/TJ),数据来源于《2006年IPCC清单指南》
农、林、牧、渔业 > 种植业机构 > 燃料燃烧 > 化石燃料燃烧 > 石油 > 甲烷,甲烷,润滑油,10,因子 (kgCH₄/TJ),数据来源于《2006年IPCC清单指南》
农、林、牧、渔业 > 种植业机构 > 燃料燃烧 > 化石燃料燃烧 > 石油 > 甲烷,甲烷,石蜡,10,因子 (kgCH₄/TJ),数据来源于《2006年IPCC清单指南》
农、林、牧、渔业 > 种植业机构 > 燃料燃烧 > 化石燃料燃烧 > 石油 > 甲烷,甲烷,溶剂油,10,因子 (kgCH₄/TJ),数据来源于《2006年IPCC清单指南》
农、林、牧、渔业 > 种植业机构 > 燃料燃烧 > 化石燃料燃烧 > 石油 > 甲烷,甲烷,石油沥青,10,因子 (kgCH₄/TJ),数据来源于《2006年IPCC清单指南》
农、林、牧、渔业 > 种植业机构 > 燃料燃烧 > 化石燃料燃烧 > 石油 > 甲烷,甲烷,石油焦,10,因子 (kgCH₄/TJ),数据来源于《2006年IPCC清单指南》
农、林、牧、渔业 > 种植业机构 > 燃料燃烧 > 化石燃料燃烧 > 石油 > 甲烷,甲烷,液化石油气,5,因子 (kgCH₄/TJ),数据来源于《2006年IPCC清单指南》
农、林、牧、渔业 > 种植业机构 > 燃料燃烧 > 化石燃料燃烧 > 石油 > 甲烷,甲烷,炼厂干气,5,因子 (kgCH₄/TJ),数据来源于《2006年IPCC清单指南》
农、林、牧、渔业 > 种植业机构 > 燃料燃烧 > 化石燃料燃烧 > 石油 > 甲烷,甲烷,其他石油制品,10,因子 (kgCH₄/TJ),数据来源于《2006年IPCC清单指南》
农、林、牧、渔业 > 种植业机构 > 燃料燃烧 > 化石燃料燃烧 > 石油 > 氧化亚氮,氧化亚氮,原油,0.6,因子 (kgN₂O/TJ),数据来源于《2006年IPCC清单指南》
农、林、牧、渔业 > 种植业机构 > 燃料燃烧 > 化石燃料燃烧 > 石油 > 氧化亚氮,氧化亚氮,汽油,0.6,因子 (kgN₂O/TJ),数据来源于《2006年IPCC清单指南》
农、林、牧、渔业 > 种植业机构 > 燃料燃烧 > 化石燃料燃烧 > 石油 > 氧化亚氮,氧化亚氮,煤油,0.6,因子 (kgN₂O/TJ),数据来源于《2006年IPCC清单指南》
农、林、牧、渔业 > 种植业机构 > 燃料燃烧 > 化石燃料燃烧 > 石油 > 氧化亚氮,氧化亚氮,柴油,0.6,因子 (kgN₂O/TJ),数据来源于《2006年IPCC清单指南》
农、林、牧、渔业 > 种植业机构 > 燃料燃烧 > 化石燃料燃烧 > 石油 > 氧化亚氮,氧化亚氮,燃料油,0.6,因子 (kgN₂O/TJ),数据来源于《2006年IPCC清单指南》
农、林、牧、渔业 > 种植业机构 > 燃料燃烧 > 化石燃料燃烧 > 石油 > 氧化亚氮,氧化亚氮,石脑油,0.6,因子 (kgN₂O/TJ),数据来源于《2006年IPCC清单指南》
农、林、牧、渔业 > 种植业机构 > 燃料燃烧 > 化石燃料燃烧 > 石油 > 氧化亚氮,氧化亚氮,润滑油,0.6,因子 (kgN₂O/TJ),数据来源于《2006年IPCC清单指南》
农、林、牧、渔业 > 种植业机构 > 燃料燃烧 > 化石燃料燃烧 > 石油 > 氧化亚氮,氧化亚氮,石蜡,0.6,因子 (kgN₂O/TJ),数据来源于《2006年IPCC清单指南》
农、林、牧、渔业 > 种植业机构 > 燃料燃烧 > 化石燃料燃烧 > 石油 > 氧化亚氮,氧化亚氮,溶剂油,0.6,因子 (kgN₂O/TJ),数据来源于《2006年IPCC清单指南》
农、林、牧、渔业 > 种植业机构 > 燃料燃烧 > 化石燃料燃烧 > 石油 > 氧化亚氮,氧化亚氮,石油沥青,0.6,因子 (kgN₂O/TJ),数据来源于《2006年IPCC清单指南》
农、林、牧、渔业 > 种植业机构 > 燃料燃烧 > 化石燃料燃烧 > 石油 > 氧化亚氮,氧化亚氮,石油焦,0.6,因子 (kgN₂O/TJ),数据来源于《2006年IPCC清单指南》
农、林、牧、渔业 > 种植业机构 > 燃料燃烧 > 化石燃料燃烧 > 石油 > 氧化亚氮,氧化亚氮,液化石油气,0.1,因子 (kgN₂O/TJ),数据来源于《2006年IPCC清单指南》
农、林、牧、渔业 > 种植业机构 > 燃料燃烧 > 化石燃料燃烧 > 石油 > 氧化亚氮,氧化亚氮,炼厂干气,0.1,因子 (kgN₂O/TJ),数据来源于《2006年IPCC清单指南》
农、林、牧、渔业 > 种植业机构 > 燃料燃烧 > 化石燃料燃烧 > 石油 > 氧化亚氮,氧化亚氮,其他石油制品,0.6,因子 (kgN₂O/TJ),数据来源于《2006年IPCC清单指南》
农、林、牧、渔业 > 种植业机构 > 燃料燃烧 > 化石燃料燃烧 > 天然气 > 二氧化碳 > 天然气,天然气,天然气,57.2,因子  (tCO₂/TJ),本土化数据，油气企业抽样实测数据
农、林、牧、渔业 > 种植业机构 > 燃料燃烧 > 化石燃料燃烧 > 天然气 > 二氧化碳 > 液化天然气,液化天然气,液化天然气,56.8,因子  (tCO₂/TJ),本土化数据，油气企业抽样实测数据
农、林、牧、渔业 > 种植业机构 > 燃料燃烧 > 化石燃料燃烧 > 天然气 > 甲烷,甲烷,天然气,5,因子 (kgCH₄/TJ),"数据来源于《2006年IPCC清单指南》
"
农、林、牧、渔业 > 种植业机构 > 燃料燃烧 > 化石燃料燃烧 > 天然气 > 氧化亚氮,氧化亚氮,天然气,0.1,因子 (kgN₂O/TJ),数据来源于《2006年IPCC清单指南》
农、林、牧、渔业 > 种植业机构 > 燃料燃烧 > 生物质燃料燃烧 > 二氧化碳,二氧化碳,农业废弃物,100000,因子  (kgCO₂/TJ),数据来源于《2006年IPCC清单指南》
农、林、牧、渔业 > 种植业机构 > 燃料燃烧 > 生物质燃料燃烧 > 二氧化碳,二氧化碳,薪柴,112000,因子  (kgCO₂/TJ),数据来源于《2006年IPCC清单指南》
农、林、牧、渔业 > 种植业机构 > 燃料燃烧 > 生物质燃料燃烧 > 二氧化碳,二氧化碳,木炭,112000,因子  (kgCO₂/TJ),数据来源于《2006年IPCC清单指南》
农、林、牧、渔业 > 种植业机构 > 燃料燃烧 > 生物质燃料燃烧 > 二氧化碳,二氧化碳,动物粪便,100000,因子  (kgCO₂/TJ),数据来源于《2006年IPCC清单指南》
农、林、牧、渔业 > 种植业机构 > 燃料燃烧 > 生物质燃料燃烧 > 二氧化碳,二氧化碳,沼气,54600,因子  (kgCO₂/TJ),数据来源于《2006年IPCC清单指南》
农、林、牧、渔业 > 种植业机构 > 燃料燃烧 > 生物质燃料燃烧 > 二氧化碳,二氧化碳,其他生物气体,54600,因子  (kgCO₂/TJ),数据来源于《2006年IPCC清单指南》
农、林、牧、渔业 > 种植业机构 > 燃料燃烧 > 生物质燃料燃烧 > 二氧化碳,二氧化碳,城市生活垃圾(生物成因),100000,因子  (kgCO₂/TJ),数据来源于《2006年IPCC清单指南》
农、林、牧、渔业 > 种植业机构 > 燃料燃烧 > 生物质燃料燃烧 > 二氧化碳,二氧化碳,生物汽油,70800,因子  (kgCO₂/TJ),数据来源于《2006年IPCC清单指南》
农、林、牧、渔业 > 种植业机构 > 燃料燃烧 > 生物质燃料燃烧 > 二氧化碳,二氧化碳,生物柴油,70800,因子  (kgCO₂/TJ),数据来源于《2006年IPCC清单指南》
农、林、牧、渔业 > 种植业机构 > 燃料燃烧 > 生物质燃料燃烧 > 二氧化碳,二氧化碳,其他液体生物质燃料,79600,因子  (kgCO₂/TJ),数据来源于《2006年IPCC清单指南》
农、林、牧、渔业 > 种植业机构 > 水稻种植 > 稻田甲烷排放因子,稻田甲烷排放因子,双季早稻,174.73,因子 (kgCH₄/hm²),本土化数据，数据来源于稻田甲烷监测数据和文献数据分析获得
农、林、牧、渔业 > 种植业机构 > 水稻种植 > 稻田甲烷排放因子,稻田甲烷排放因子,双季晚稻,226.37,因子 (kgCH₄/hm²),本土化数据，数据来源于稻田甲烷监测数据和文献数据分析获得
农、林、牧、渔业 > 种植业机构 > 水稻种植 > 稻田甲烷排放因子,稻田甲烷排放因子,单季稻,242.09,因子 (kgCH₄/hm²),本土化数据，数据来源于稻田甲烷监测数据和文献数据分析获得
农、林、牧、渔业 > 种植业机构 > 农用地 > 农用地氧化亚氮直接排放因子,农用地氧化亚氮直接排放因子,双季早稻,4.6300000000,因子 (gN₂O-N/kgN),本土化数据，数据来源于农用地氧化亚氮监测数据和文献数据分析获得
农、林、牧、渔业 > 种植业机构 > 农用地 > 农用地氧化亚氮直接排放因子,农用地氧化亚氮直接排放因子,双季晚稻,4.8400000000,因子 (gN₂O-N/kgN),本土化数据，数据来源于农用地氧化亚氮监测数据和文献数据分析获得
农、林、牧、渔业 > 种植业机构 > 农用地 > 农用地氧化亚氮直接排放因子,农用地氧化亚氮直接排放因子,单季稻,4.9500000000,因子 (gN₂O-N/kgN),本土化数据，数据来源于农用地氧化亚氮监测数据和文献数据分析获得
农、林、牧、渔业 > 种植业机构 > 农用地 > 农用地氧化亚氮直接排放因子,农用地氧化亚氮直接排放因子,玉米,7.1400000000,因子 (gN₂O-N/kgN),本土化数据，数据来源于农用地氧化亚氮监测数据和文献数据分析获得
农、林、牧、渔业 > 种植业机构 > 农用地 > 农用地氧化亚氮直接排放因子,农用地氧化亚氮直接排放因子,小麦,6.5400000000,因子 (gN₂O-N/kgN),本土化数据，数据来源于农用地氧化亚氮监测数据和文献数据分析获得
农、林、牧、渔业 > 种植业机构 > 农用地 > 农用地氧化亚氮直接排放因子,农用地氧化亚氮直接排放因子,油料作物,8.3600000000,因子 (gN₂O-N/kgN),本土化数据，数据来源于农用地氧化亚氮监测数据和文献数据分析获得
农、林、牧、渔业 > 种植业机构 > 农用地 > 农用地氧化亚氮直接排放因子,农用地氧化亚氮直接排放因子,果园茶园,17.2900000000,因子 (gN₂O-N/kgN),本土化数据，数据来源于农用地氧化亚氮监测数据和文献数据分析获得
农、林、牧、渔业 > 种植业机构 > 农用地 > 农用地氧化亚氮直接排放因子,农用地氧化亚氮直接排放因子,蔬菜,9.6900000000,因子 (gN₂O-N/kgN),本土化数据，数据来源于农用地氧化亚氮监测数据和文献数据分析获得
农、林、牧、渔业 > 种植业机构 > 农用地 > 农用地氧化亚氮直接排放因子,农用地氧化亚氮直接排放因子,其他作物,7.1800000000,因子 (gN₂O-N/kgN),本土化数据，数据来源于农用地氧化亚氮监测数据和文献数据分析获得
农、林、牧、渔业 > 种植业机构 > 农用地 > 农用地氧化亚氮间接排放因子,农用地氧化亚氮间接排放因子,氮挥发沉降,0.01,因子 (kgN₂O-N/(kgNH₃-N+NOx-N)),数据来源于《2006年IPCC清单指南》
农、林、牧、渔业 > 种植业机构 > 农用地 > 农用地氧化亚氮间接排放因子,农用地氧化亚氮间接排放因子,氮淋溶径流,0.0075,因子 (kgN₂O-N/(kgNH₃-N+NOx-N)),数据来源于《2006年IPCC清单指南》
农、林、牧、渔业 > 种植业机构 > 净购入电力与热力 > 电力消费 > 电力平均二氧化碳排放因子 > 全国电力平均二氧化碳排放因子,全国电力平均二氧化碳排放因子,全国,0.5306,2023年因子 (kgCO₂/kWh),本土化数据，数据来源于生态环境部、国家统计局《关于发布2023年电力二氧化碳排放因子的公告》（公告2025年第47号）
农、林、牧、渔业 > 种植业机构 > 净购入电力与热力 > 电力消费 > 电力平均二氧化碳排放因子 > 区域电力平均二氧化碳排放因子,区域电力平均二氧化碳排放因子,华北,0.6361,2023年因子 (kgCO₂/kWh),本土化数据，数据来源于生态环境部、国家统计局《关于发布2023年电力二氧化碳排放因子的公告》（公告2025年第47号）
农、林、牧、渔业 > 种植业机构 > 净购入电力与热力 > 电力消费 > 电力平均二氧化碳排放因子 > 区域电力平均二氧化碳排放因子,区域电力平均二氧化碳排放因子,东北,0.5122,2023年因子 (kgCO₂/kWh),本土化数据，数据来源于生态环境部、国家统计局《关于发布2023年电力二氧化碳排放因子的公告》（公告2025年第47号）
农、林、牧、渔业 > 种植业机构 > 净购入电力与热力 > 电力消费 > 电力平均二氧化碳排放因子 > 区域电力平均二氧化碳排放因子,区域电力平均二氧化碳排放因子,华东,0.55,2023年因子 (kgCO₂/kWh),本土化数据，数据来源于生态环境部、国家统计局《关于发布2023年电力二氧化碳排放因子的公告》（公告2025年第47号）
农、林、牧、渔业 > 种植业机构 > 净购入电力与热力 > 电力消费 > 电力平均二氧化碳排放因子 > 区域电力平均二氧化碳排放因子,区域电力平均二氧化碳排放因子,华中,0.5271,2023年因子 (kgCO₂/kWh),本土化数据，数据来源于生态环境部、国家统计局《关于发布2023年电力二氧化碳排放因子的公告》（公告2025年第47号）
农、林、牧、渔业 > 种植业机构 > 净购入电力与热力 > 电力消费 > 电力平均二氧化碳排放因子 > 区域电力平均二氧化碳排放因子,区域电力平均二氧化碳排放因子,西北,0.5543,2023年因子 (kgCO₂/kWh),本土化数据，数据来源于生态环境部、国家统计局《关于发布2023年电力二氧化碳排放因子的公告》（公告2025年第47号）
农、林、牧、渔业 > 种植业机构 > 净购入电力与热力 > 电力消费 > 电力平均二氧化碳排放因子 > 区域电力平均二氧化碳排放因子,区域电力平均二氧化碳排放因子,南方,0.4042,2023年因子 (kgCO₂/kWh),本土化数据，数据来源于生态环境部、国家统计局《关于发布2023年电力二氧化碳排放因子的公告》（公告2025年第47号）
农、林、牧、渔业 > 种植业机构 > 净购入电力与热力 > 电力消费 > 电力平均二氧化碳排放因子 > 区域电力平均二氧化碳排放因子,区域电力平均二氧化碳排放因子,西南,0.2472,2023年因子 (kgCO₂/kWh),本土化数据，数据来源于生态环境部、国家统计局《关于发布2023年电力二氧化碳排放因子的公告》（公告2025年第47号）
农、林、牧、渔业 > 种植业机构 > 净购入电力与热力 > 电力消费 > 电力平均二氧化碳排放因子 > 省级电力平均二氧化碳排放因子,省级电力平均二氧化碳排放因子,北京,0.5554,2023年因子 (kgCO₂/kWh),本土化数据，数据来源于生态环境部、国家统计局《关于发布2023年电力二氧化碳排放因子的公告》（公告2025年第47号）
农、林、牧、渔业 > 种植业机构 > 净购入电力与热力 > 电力消费 > 电力平均二氧化碳排放因子 > 省级电力平均二氧化碳排放因子,省级电力平均二氧化碳排放因子,天津,0.6796,2023年因子 (kgCO₂/kWh),本土化数据，数据来源于生态环境部、国家统计局《关于发布2023年电力二氧化碳排放因子的公告》（公告2025年第47号）
农、林、牧、渔业 > 种植业机构 > 净购入电力与热力 > 电力消费 > 电力平均二氧化碳排放因子 > 省级电力平均二氧化碳排放因子,省级电力平均二氧化碳排放因子,河北,0.6516,2023年因子 (kgCO₂/kWh),本土化数据，数据来源于生态环境部、国家统计局《关于发布2023年电力二氧化碳排放因子的公告》（公告2025年第47号）
农、林、牧、渔业 > 种植业机构 > 净购入电力与热力 > 电力消费 > 电力平均二氧化碳排放因子 > 省级电力平均二氧化碳排放因子,省级电力平均二氧化碳排放因子,山西,0.6634,2023年因子 (kgCO₂/kWh),本土化数据，数据来源于生态环境部、国家统计局《关于发布2023年电力二氧化碳排放因子的公告》（公告2025年第47号）
农、林、牧、渔业 > 种植业机构 > 净购入电力与热力 > 电力消费 > 电力平均二氧化碳排放因子 > 省级电力平均二氧化碳排放因子,省级电力平均二氧化碳排放因子,内蒙古,0.6479,2023年因子 (kgCO₂/kWh),本土化数据，数据来源于生态环境部、国家统计局《关于发布2023年电力二氧化碳排放因子的公告》（公告2025年第47号）
农、林、牧、渔业 > 种植业机构 > 净购入电力与热力 > 电力消费 > 电力平均二氧化碳排放因子 > 省级电力平均二氧化碳排放因子,省级电力平均二氧化碳排放因子,辽宁,0.4878,2023年因子 (kgCO₂/kWh),本土化数据，数据来源于生态环境部、国家统计局《关于发布2023年电力二氧化碳排放因子的公告》（公告2025年第47号）
农、林、牧、渔业 > 种植业机构 > 净购入电力与热力 > 电力消费 > 电力平均二氧化碳排放因子 > 省级电力平均二氧化碳排放因子,省级电力平均二氧化碳排放因子,吉林,0.4671,2023年因子 (kgCO₂/kWh),本土化数据，数据来源于生态环境部、国家统计局《关于发布2023年电力二氧化碳排放因子的公告》（公告2025年第47号）
农、林、牧、渔业 > 种植业机构 > 净购入电力与热力 > 电力消费 > 电力平均二氧化碳排放因子 > 省级电力平均二氧化碳排放因子,省级电力平均二氧化碳排放因子,黑龙江,0.5229,2023年因子 (kgCO₂/kWh),本土化数据，数据来源于生态环境部、国家统计局《关于发布2023年电力二氧化碳排放因子的公告》（公告2025年第47号）
农、林、牧、渔业 > 种植业机构 > 净购入电力与热力 > 电力消费 > 电力平均二氧化碳排放因子 > 省级电力平均二氧化碳排放因子,省级电力平均二氧化碳排放因子,上海,0.5737,2023年因子 (kgCO₂/kWh),本土化数据，数据来源于生态环境部、国家统计局《关于发布2023年电力二氧化碳排放因子的公告》（公告2025年第47号）
农、林、牧、渔业 > 种植业机构 > 净购入电力与热力 > 电力消费 > 电力平均二氧化碳排放因子 > 省级电力平均二氧化碳排放因子,省级电力平均二氧化碳排放因子,江苏,0.5827,2023年因子 (kgCO₂/kWh),本土化数据，数据来源于生态环境部、国家统计局《关于发布2023年电力二氧化碳排放因子的公告》（公告2025年第47号）
农、林、牧、渔业 > 种植业机构 > 净购入电力与热力 > 电力消费 > 电力平均二氧化碳排放因子 > 省级电力平均二氧化碳排放因子,省级电力平均二氧化碳排放因子,浙江,0.4974,2023年因子 (kgCO₂/kWh),本土化数据，数据来源于生态环境部、国家统计局《关于发布2023年电力二氧化碳排放因子的公告》（公告2025年第47号）
农、林、牧、渔业 > 种植业机构 > 净购入电力与热力 > 电力消费 > 电力平均二氧化碳排放因子 > 省级电力平均二氧化碳排放因子,省级电力平均二氧化碳排放因子,安徽,0.6553,2023年因子 (kgCO₂/kWh),本土化数据，数据来源于生态环境部、国家统计局《关于发布2023年电力二氧化碳排放因子的公告》（公告2025年第47号）
农、林、牧、渔业 > 种植业机构 > 净购入电力与热力 > 电力消费 > 电力平均二氧化碳排放因子 > 省级电力平均二氧化碳排放因子,省级电力平均二氧化碳排放因子,福建,0.4211,2023年因子 (kgCO₂/kWh),本土化数据，数据来源于生态环境部、国家统计局《关于发布2023年电力二氧化碳排放因子的公告》（公告2025年第47号）
农、林、牧、渔业 > 种植业机构 > 净购入电力与热力 > 电力消费 > 电力平均二氧化碳排放因子 > 省级电力平均二氧化碳排放因子,省级电力平均二氧化碳排放因子,江西,0.5836,2023年因子 (kgCO₂/kWh),本土化数据，数据来源于生态环境部、国家统计局《关于发布2023年电力二氧化碳排放因子的公告》（公告2025年第47号）
农、林、牧、渔业 > 种植业机构 > 净购入电力与热力 > 电力消费 > 电力平均二氧化碳排放因子 > 省级电力平均二氧化碳排放因子,省级电力平均二氧化碳排放因子,山东,0.6191,2023年因子 (kgCO₂/kWh),本土化数据，数据来源于生态环境部、国家统计局《关于发布2023年电力二氧化碳排放因子的公告》（公告2025年第47号）
农、林、牧、渔业 > 种植业机构 > 净购入电力与热力 > 电力消费 > 电力平均二氧化碳排放因子 > 省级电力平均二氧化碳排放因子,省级电力平均二氧化碳排放因子,河南,0.5897,2023年因子 (kgCO₂/kWh),本土化数据，数据来源于生态环境部、国家统计局《关于发布2023年电力二氧化碳排放因子的公告》（公告2025年第47号）
农、林、牧、渔业 > 种植业机构 > 净购入电力与热力 > 电力消费 > 电力平均二氧化碳排放因子 > 省级电力平均二氧化碳排放因子,省级电力平均二氧化碳排放因子,湖北,0.4044,2023年因子 (kgCO₂/kWh),生态环境部、国家统计局《关于发布2023年电力二氧化碳排放因子的公告》（公告2025年第47号）
农、林、牧、渔业 > 种植业机构 > 净购入电力与热力 > 电力消费 > 电力平均二氧化碳排放因子 > 省级电力平均二氧化碳排放因子,省级电力平均二氧化碳排放因子,湖南,0.4976,2023年因子 (kgCO₂/kWh),生态环境部、国家统计局《关于发布2023年电力二氧化碳排放因子的公告》（公告2025年第47号）
农、林、牧、渔业 > 种植业机构 > 净购入电力与热力 > 电力消费 > 电力平均二氧化碳排放因子 > 省级电力平均二氧化碳排放因子,省级电力平均二氧化碳排放因子,广东,0.4419,2023年因子 (kgCO₂/kWh),生态环境部、国家统计局《关于发布2023年电力二氧化碳排放因子的公告》（公告2025年第47号）
农、林、牧、渔业 > 种植业机构 > 净购入电力与热力 > 电力消费 > 电力平均二氧化碳排放因子 > 省级电力平均二氧化碳排放因子,省级电力平均二氧化碳排放因子,广西,0.4476,2023年因子 (kgCO₂/kWh),生态环境部、国家统计局《关于发布2023年电力二氧化碳排放因子的公告》（公告2025年第47号）
农、林、牧、渔业 > 种植业机构 > 净购入电力与热力 > 电力消费 > 电力平均二氧化碳排放因子 > 省级电力平均二氧化碳排放因子,省级电力平均二氧化碳排放因子,海南,0.3648,2023年因子 (kgCO₂/kWh),生态环境部、国家统计局《关于发布2023年电力二氧化碳排放因子的公告》（公告2025年第47号）
农、林、牧、渔业 > 种植业机构 > 净购入电力与热力 > 电力消费 > 电力平均二氧化碳排放因子 > 省级电力平均二氧化碳排放因子,省级电力平均二氧化碳排放因子,重庆,0.5581,2023年因子 (kgCO₂/kWh),生态环境部、国家统计局《关于发布2023年电力二氧化碳排放因子的公告》（公告2025年第47号）
农、林、牧、渔业 > 种植业机构 > 净购入电力与热力 > 电力消费 > 电力平均二氧化碳排放因子 > 省级电力平均二氧化碳排放因子,省级电力平均二氧化碳排放因子,四川,0.1564,2023年因子 (kgCO₂/kWh),生态环境部、国家统计局《关于发布2023年电力二氧化碳排放因子的公告》（公告2025年第47号）
农、林、牧、渔业 > 种植业机构 > 净购入电力与热力 > 电力消费 > 电力平均二氧化碳排放因子 > 省级电力平均二氧化碳排放因子,省级电力平均二氧化碳排放因子,贵州,0.5683,2023年因子 (kgCO₂/kWh),生态环境部、国家统计局《关于发布2023年电力二氧化碳排放因子的公告》（公告2025年第47号）
农、林、牧、渔业 > 种植业机构 > 净购入电力与热力 > 电力消费 > 电力平均二氧化碳排放因子 > 省级电力平均二氧化碳排放因子,省级电力平均二氧化碳排放因子,云南,0.1333,2023年因子 (kgCO₂/kWh),生态环境部、国家统计局《关于发布2023年电力二氧化碳排放因子的公告》（公告2025年第47号）
农、林、牧、渔业 > 种植业机构 > 净购入电力与热力 > 电力消费 > 电力平均二氧化碳排放因子 > 省级电力平均二氧化碳排放因子,省级电力平均二氧化碳排放因子,陕西,0.6335,2023年因子 (kgCO₂/kWh),生态环境部、国家统计局《关于发布2023年电力二氧化碳排放因子的公告》（公告2025年第47号）
农、林、牧、渔业 > 种植业机构 > 净购入电力与热力 > 电力消费 > 电力平均二氧化碳排放因子 > 省级电力平均二氧化碳排放因子,省级电力平均二氧化碳排放因子,甘肃,0.4471,2023年因子 (kgCO₂/kWh),生态环境部、国家统计局《关于发布2023年电力二氧化碳排放因子的公告》（公告2025年第47号）
农、林、牧、渔业 > 种植业机构 > 净购入电力与热力 > 电力消费 > 电力平均二氧化碳排放因子 > 省级电力平均二氧化碳排放因子,省级电力平均二氧化碳排放因子,青海,0.1796,2023年因子 (kgCO₂/kWh),生态环境部、国家统计局《关于发布2023年电力二氧化碳排放因子的公告》（公告2025年第47号）
农、林、牧、渔业 > 种植业机构 > 净购入电力与热力 > 电力消费 > 电力平均二氧化碳排放因子 > 省级电力平均二氧化碳排放因子,省级电力平均二氧化碳排放因子,宁夏,0.6187,2023年因子 (kgCO₂/kWh),生态环境部、国家统计局《关于发布2023年电力二氧化碳排放因子的公告》（公告2025年第47号）
农、林、牧、渔业 > 种植业机构 > 净购入电力与热力 > 电力消费 > 电力平均二氧化碳排放因子 > 省级电力平均二氧化碳排放因子,省级电力平均二氧化碳排放因子,新疆,0.6021,2023年因子 (kgCO₂/kWh),本土化数据，数据来源于生态环境部、国家统计局《关于发布2023年电力二氧化碳排放因子的公告》（公告2025年第47号）
农、林、牧、渔业 > 种植业机构 > 净购入电力与热力 > 电力消费 > 电力平均二氧化碳排放因子（不包括市场化交易的非化石能源电量） > 全国电力平均二氧化碳排放因子（不包括市场化交易的非化石能源电量）,全国电力平均二氧化碳排放因子（不包括市场化交易的非化石能源电量）,全国,0.6096,2023年因子 (kgCO₂/kWh),本土化数据，数据来源于生态环境部、国家统计局《关于发布2023年电力二氧化碳排放因子的公告》（公告2025年第47号）
农、林、牧、渔业 > 种植业机构 > 净购入电力与热力 > 电力消费 > 化石能源电力二氧化碳排放因子 > 全国化石能源电力二氧化碳排放因子,全国化石能源电力二氧化碳排放因子,全国,0.8273,2023年因子 (kgCO₂/kWh),本土化数据，数据来源于生态环境部、国家统计局《关于发布2023年电力二氧化碳排放因子的公告》（公告2025年第47号）
采矿业 > 矿山企业 > 燃料燃烧 > 化石燃料燃烧 > 煤炭 > 二氧化碳,二氧化碳,无烟煤,98.3,因子  (tCO₂/TJ),"数据来源于《2006年IPCC清单指南》
"
采矿业 > 矿山企业 > 燃料燃烧 > 化石燃料燃烧 > 煤炭 > 二氧化碳,二氧化碳,炼焦烟煤,94.6,因子  (tCO₂/TJ),数据来源于《2006年IPCC清单指南》
采矿业 > 矿山企业 > 燃料燃烧 > 化石燃料燃烧 > 煤炭 > 二氧化碳,二氧化碳,一般烟煤,94.6,因子  (tCO₂/TJ),数据来源于《2006年IPCC清单指南》
采矿业 > 矿山企业 > 燃料燃烧 > 化石燃料燃烧 > 煤炭 > 二氧化碳,二氧化碳,褐煤,101.2,因子  (tCO₂/TJ),数据来源于《2006年IPCC清单指南》
采矿业 > 矿山企业 > 燃料燃烧 > 化石燃料燃烧 > 煤炭 > 二氧化碳,二氧化碳,煤制品,97.5,因子  (tCO₂/TJ),数据来源于《2006年IPCC清单指南》
采矿业 > 矿山企业 > 燃料燃烧 > 化石燃料燃烧 > 煤炭 > 二氧化碳,二氧化碳,焦炭,107.1,因子  (tCO₂/TJ),数据来源于《2006年IPCC清单指南》
采矿业 > 矿山企业 > 燃料燃烧 > 化石燃料燃烧 > 煤炭 > 二氧化碳,二氧化碳,焦炉煤气,44.4,因子  (tCO₂/TJ),数据来源于《2006年IPCC清单指南》
采矿业 > 矿山企业 > 燃料燃烧 > 化石燃料燃烧 > 煤炭 > 二氧化碳,二氧化碳,高炉煤气,259.6,因子  (tCO₂/TJ),数据来源于《2006年IPCC清单指南》
采矿业 > 矿山企业 > 燃料燃烧 > 化石燃料燃烧 > 煤炭 > 二氧化碳,二氧化碳,转炉煤气,181.9,因子  (tCO₂/TJ),数据来源于《2006年IPCC清单指南》
采矿业 > 矿山企业 > 燃料燃烧 > 化石燃料燃烧 > 煤炭 > 二氧化碳,二氧化碳,其他煤气,44.4,因子  (tCO₂/TJ),数据来源于《2006年IPCC清单指南》
采矿业 > 矿山企业 > 燃料燃烧 > 化石燃料燃烧 > 煤炭 > 甲烷,甲烷,无烟煤,1,因子 (kgCH₄/TJ),数据来源于《2006年IPCC清单指南》
采矿业 > 矿山企业 > 燃料燃烧 > 化石燃料燃烧 > 煤炭 > 甲烷,甲烷,炼焦烟煤,1,因子 (kgCH₄/TJ),数据来源于《2006年IPCC清单指南》
采矿业 > 矿山企业 > 燃料燃烧 > 化石燃料燃烧 > 煤炭 > 甲烷,甲烷,一般烟煤,1,因子 (kgCH₄/TJ),数据来源于《2006年IPCC清单指南》
采矿业 > 矿山企业 > 燃料燃烧 > 化石燃料燃烧 > 煤炭 > 甲烷,甲烷,褐煤,1,因子 (kgCH₄/TJ),数据来源于《2006年IPCC清单指南》
采矿业 > 矿山企业 > 燃料燃烧 > 化石燃料燃烧 > 煤炭 > 甲烷,甲烷,煤制品,1,因子 (kgCH₄/TJ),数据来源于《2006年IPCC清单指南》
采矿业 > 矿山企业 > 燃料燃烧 > 化石燃料燃烧 > 煤炭 > 甲烷,甲烷,焦炭,1,因子 (kgCH₄/TJ),数据来源于《2006年IPCC清单指南》
采矿业 > 矿山企业 > 燃料燃烧 > 化石燃料燃烧 > 煤炭 > 甲烷,甲烷,焦炉煤气,1,因子 (kgCH₄/TJ),数据来源于《2006年IPCC清单指南》
采矿业 > 矿山企业 > 燃料燃烧 > 化石燃料燃烧 > 煤炭 > 甲烷,甲烷,高炉煤气,1,因子 (kgCH₄/TJ),数据来源于《2006年IPCC清单指南》
采矿业 > 矿山企业 > 燃料燃烧 > 化石燃料燃烧 > 煤炭 > 甲烷,甲烷,转炉煤气,1,因子 (kgCH₄/TJ),数据来源于《2006年IPCC清单指南》
采矿业 > 矿山企业 > 燃料燃烧 > 化石燃料燃烧 > 煤炭 > 甲烷,甲烷,其他煤气,1,因子 (kgCH₄/TJ),数据来源于《2006年IPCC清单指南》
采矿业 > 矿山企业 > 燃料燃烧 > 化石燃料燃烧 > 煤炭 > 氧化亚氮,氧化亚氮,无烟煤,1.5,因子 (kgN₂O/TJ),数据来源于《2006年IPCC清单指南》
采矿业 > 矿山企业 > 燃料燃烧 > 化石燃料燃烧 > 煤炭 > 氧化亚氮,氧化亚氮,炼焦烟煤,1.5,因子 (kgN₂O/TJ),数据来源于《2006年IPCC清单指南》
采矿业 > 矿山企业 > 燃料燃烧 > 化石燃料燃烧 > 煤炭 > 氧化亚氮,氧化亚氮,一般烟煤,1.5,因子 (kgN₂O/TJ),数据来源于《2006年IPCC清单指南》
采矿业 > 矿山企业 > 燃料燃烧 > 化石燃料燃烧 > 煤炭 > 氧化亚氮,氧化亚氮,褐煤,1.5,因子 (kgN₂O/TJ),数据来源于《2006年IPCC清单指南》
采矿业 > 矿山企业 > 燃料燃烧 > 化石燃料燃烧 > 煤炭 > 氧化亚氮,氧化亚氮,煤制品,1.5,因子 (kgN₂O/TJ),数据来源于《2006年IPCC清单指南》
采矿业 > 矿山企业 > 燃料燃烧 > 化石燃料燃烧 > 煤炭 > 氧化亚氮,氧化亚氮,焦炭,1.5,因子 (kgN₂O/TJ),数据来源于《2006年IPCC清单指南》
采矿业 > 矿山企业 > 燃料燃烧 > 化石燃料燃烧 > 煤炭 > 氧化亚氮,氧化亚氮,焦炉煤气,0.1,因子 (kgN₂O/TJ),数据来源于《2006年IPCC清单指南》
采矿业 > 矿山企业 > 燃料燃烧 > 化石燃料燃烧 > 煤炭 > 氧化亚氮,氧化亚氮,高炉煤气,0.1,因子 (kgN₂O/TJ),数据来源于《2006年IPCC清单指南》
采矿业 > 矿山企业 > 燃料燃烧 > 化石燃料燃烧 > 煤炭 > 氧化亚氮,氧化亚氮,转炉煤气,0.1,因子 (kgN₂O/TJ),数据来源于《2006年IPCC清单指南》
采矿业 > 矿山企业 > 燃料燃烧 > 化石燃料燃烧 > 煤炭 > 氧化亚氮,氧化亚氮,其他煤气,0.1,因子 (kgN₂O/TJ),数据来源于《2006年IPCC清单指南》
采矿业 > 矿山企业 > 燃料燃烧 > 化石燃料燃烧 > 石油 > 二氧化碳,二氧化碳,原油,73.3,因子  (tCO₂/TJ),数据来源于《2006年IPCC清单指南》
采矿业 > 矿山企业 > 燃料燃烧 > 化石燃料燃烧 > 石油 > 二氧化碳,二氧化碳,汽油,69.3,因子  (tCO₂/TJ),数据来源于《2006年IPCC清单指南》
采矿业 > 矿山企业 > 燃料燃烧 > 化石燃料燃烧 > 石油 > 二氧化碳,二氧化碳,煤油,71.9,因子  (tCO₂/TJ),数据来源于《2006年IPCC清单指南》
采矿业 > 矿山企业 > 燃料燃烧 > 化石燃料燃烧 > 石油 > 二氧化碳,二氧化碳,柴油,74.1,因子  (tCO₂/TJ),数据来源于《2006年IPCC清单指南》
采矿业 > 矿山企业 > 燃料燃烧 > 化石燃料燃烧 > 石油 > 二氧化碳,二氧化碳,燃料油,77.4,因子  (tCO₂/TJ),数据来源于《2006年IPCC清单指南》
采矿业 > 矿山企业 > 燃料燃烧 > 化石燃料燃烧 > 石油 > 二氧化碳,二氧化碳,石脑油,73.3,因子  (tCO₂/TJ),数据来源于《2006年IPCC清单指南》
采矿业 > 矿山企业 > 燃料燃烧 > 化石燃料燃烧 > 石油 > 二氧化碳,二氧化碳,润滑油,73.3,因子  (tCO₂/TJ),数据来源于《2006年IPCC清单指南》
采矿业 > 矿山企业 > 燃料燃烧 > 化石燃料燃烧 > 石油 > 二氧化碳,二氧化碳,石蜡,73.3,因子  (tCO₂/TJ),数据来源于《2006年IPCC清单指南》
采矿业 > 矿山企业 > 燃料燃烧 > 化石燃料燃烧 > 石油 > 二氧化碳,二氧化碳,溶剂油,73.3,因子  (tCO₂/TJ),数据来源于《2006年IPCC清单指南》
采矿业 > 矿山企业 > 燃料燃烧 > 化石燃料燃烧 > 石油 > 二氧化碳,二氧化碳,石油沥青,80.7,因子  (tCO₂/TJ),数据来源于《2006年IPCC清单指南》
采矿业 > 矿山企业 > 燃料燃烧 > 化石燃料燃烧 > 石油 > 二氧化碳,二氧化碳,石油焦,97.5,因子  (tCO₂/TJ),数据来源于《2006年IPCC清单指南》
采矿业 > 矿山企业 > 燃料燃烧 > 化石燃料燃烧 > 石油 > 二氧化碳,二氧化碳,液化石油气,63.1,因子  (tCO₂/TJ),数据来源于《2006年IPCC清单指南》
采矿业 > 矿山企业 > 燃料燃烧 > 化石燃料燃烧 > 石油 > 二氧化碳,二氧化碳,炼厂干气,57.6,因子  (tCO₂/TJ),数据来源于《2006年IPCC清单指南》
采矿业 > 矿山企业 > 燃料燃烧 > 化石燃料燃烧 > 石油 > 二氧化碳,二氧化碳,其他石油制品,73.3,因子  (tCO₂/TJ),数据来源于《2006年IPCC清单指南》
采矿业 > 矿山企业 > 燃料燃烧 > 化石燃料燃烧 > 石油 > 甲烷,甲烷,原油,3,因子 (kgCH₄/TJ),数据来源于《2006年IPCC清单指南》
采矿业 > 矿山企业 > 燃料燃烧 > 化石燃料燃烧 > 石油 > 甲烷,甲烷,汽油,3,因子 (kgCH₄/TJ),数据来源于《2006年IPCC清单指南》
采矿业 > 矿山企业 > 燃料燃烧 > 化石燃料燃烧 > 石油 > 甲烷,甲烷,煤油,3,因子 (kgCH₄/TJ),数据来源于《2006年IPCC清单指南》
采矿业 > 矿山企业 > 燃料燃烧 > 化石燃料燃烧 > 石油 > 甲烷,甲烷,柴油,3,因子 (kgCH₄/TJ),数据来源于《2006年IPCC清单指南》
采矿业 > 矿山企业 > 燃料燃烧 > 化石燃料燃烧 > 石油 > 甲烷,甲烷,燃料油,3,因子 (kgCH₄/TJ),数据来源于《2006年IPCC清单指南》
采矿业 > 矿山企业 > 燃料燃烧 > 化石燃料燃烧 > 石油 > 甲烷,甲烷,石脑油,3,因子 (kgCH₄/TJ),数据来源于《2006年IPCC清单指南》
采矿业 > 矿山企业 > 燃料燃烧 > 化石燃料燃烧 > 石油 > 甲烷,甲烷,润滑油,3,因子 (kgCH₄/TJ),数据来源于《2006年IPCC清单指南》
采矿业 > 矿山企业 > 燃料燃烧 > 化石燃料燃烧 > 石油 > 甲烷,甲烷,石蜡,3,因子 (kgCH₄/TJ),数据来源于《2006年IPCC清单指南》
采矿业 > 矿山企业 > 燃料燃烧 > 化石燃料燃烧 > 石油 > 甲烷,甲烷,溶剂油,3,因子 (kgCH₄/TJ),数据来源于《2006年IPCC清单指南》
采矿业 > 矿山企业 > 燃料燃烧 > 化石燃料燃烧 > 石油 > 甲烷,甲烷,石油沥青,3,因子 (kgCH₄/TJ),数据来源于《2006年IPCC清单指南》
采矿业 > 矿山企业 > 燃料燃烧 > 化石燃料燃烧 > 石油 > 甲烷,甲烷,石油焦,3,因子 (kgCH₄/TJ),数据来源于《2006年IPCC清单指南》
采矿业 > 矿山企业 > 燃料燃烧 > 化石燃料燃烧 > 石油 > 甲烷,甲烷,液化石油气,1,因子 (kgCH₄/TJ),数据来源于《2006年IPCC清单指南》
采矿业 > 矿山企业 > 燃料燃烧 > 化石燃料燃烧 > 石油 > 甲烷,甲烷,炼厂干气,1,因子 (kgCH₄/TJ),数据来源于《2006年IPCC清单指南》
采矿业 > 矿山企业 > 燃料燃烧 > 化石燃料燃烧 > 石油 > 甲烷,甲烷,其他石油制品,3,因子 (kgCH₄/TJ),数据来源于《2006年IPCC清单指南》
采矿业 > 矿山企业 > 燃料燃烧 > 化石燃料燃烧 > 石油 > 氧化亚氮,氧化亚氮,原油,0.6,因子 (kgN₂O/TJ),数据来源于《2006年IPCC清单指南》
采矿业 > 矿山企业 > 燃料燃烧 > 化石燃料燃烧 > 石油 > 氧化亚氮,氧化亚氮,汽油,0.6,因子 (kgN₂O/TJ),数据来源于《2006年IPCC清单指南》
采矿业 > 矿山企业 > 燃料燃烧 > 化石燃料燃烧 > 石油 > 氧化亚氮,氧化亚氮,煤油,0.6,因子 (kgN₂O/TJ),数据来源于《2006年IPCC清单指南》
采矿业 > 矿山企业 > 燃料燃烧 > 化石燃料燃烧 > 石油 > 氧化亚氮,氧化亚氮,柴油,0.6,因子 (kgN₂O/TJ),数据来源于《2006年IPCC清单指南》
采矿业 > 矿山企业 > 燃料燃烧 > 化石燃料燃烧 > 石油 > 氧化亚氮,氧化亚氮,燃料油,0.6,因子 (kgN₂O/TJ),数据来源于《2006年IPCC清单指南》
采矿业 > 矿山企业 > 燃料燃烧 > 化石燃料燃烧 > 石油 > 氧化亚氮,氧化亚氮,石脑油,0.6,因子 (kgN₂O/TJ),数据来源于《2006年IPCC清单指南》
采矿业 > 矿山企业 > 燃料燃烧 > 化石燃料燃烧 > 石油 > 氧化亚氮,氧化亚氮,润滑油,0.6,因子 (kgN₂O/TJ),数据来源于《2006年IPCC清单指南》
采矿业 > 矿山企业 > 燃料燃烧 > 化石燃料燃烧 > 石油 > 氧化亚氮,氧化亚氮,石蜡,0.6,因子 (kgN₂O/TJ),数据来源于《2006年IPCC清单指南》
采矿业 > 矿山企业 > 燃料燃烧 > 化石燃料燃烧 > 石油 > 氧化亚氮,氧化亚氮,溶剂油,0.6,因子 (kgN₂O/TJ),数据来源于《2006年IPCC清单指南》
采矿业 > 矿山企业 > 燃料燃烧 > 化石燃料燃烧 > 石油 > 氧化亚氮,氧化亚氮,石油沥青,0.6,因子 (kgN₂O/TJ),数据来源于《2006年IPCC清单指南》
采矿业 > 矿山企业 > 燃料燃烧 > 化石燃料燃烧 > 石油 > 氧化亚氮,氧化亚氮,石油焦,0.6,因子 (kgN₂O/TJ),数据来源于《2006年IPCC清单指南》
采矿业 > 矿山企业 > 燃料燃烧 > 化石燃料燃烧 > 石油 > 氧化亚氮,氧化亚氮,液化石油气,0.1,因子 (kgN₂O/TJ),数据来源于《2006年IPCC清单指南》
采矿业 > 矿山企业 > 燃料燃烧 > 化石燃料燃烧 > 石油 > 氧化亚氮,氧化亚氮,炼厂干气,0.1,因子 (kgN₂O/TJ),数据来源于《2006年IPCC清单指南》
采矿业 > 矿山企业 > 燃料燃烧 > 化石燃料燃烧 > 石油 > 氧化亚氮,氧化亚氮,其他石油制品,0.6,因子 (kgN₂O/TJ),数据来源于《2006年IPCC清单指南》
采矿业 > 矿山企业 > 燃料燃烧 > 化石燃料燃烧 > 天然气 > 二氧化碳 > 天然气,天然气,天然气,57.2,因子  (tCO₂/TJ),本土化数据，油气企业抽样实测数据
采矿业 > 矿山企业 > 燃料燃烧 > 化石燃料燃烧 > 天然气 > 二氧化碳 > 液化天然气,液化天然气,液化天然气,56.8,因子  (tCO₂/TJ),本土化数据，油气企业抽样实测数据
采矿业 > 矿山企业 > 燃料燃烧 > 化石燃料燃烧 > 天然气 > 甲烷,甲烷,天然气,1,因子 (kgCH₄/TJ),数据来源于《2006年IPCC清单指南》
采矿业 > 矿山企业 > 燃料燃烧 > 化石燃料燃烧 > 天然气 > 氧化亚氮,氧化亚氮,天然气,0.1,因子 (kgN₂O/TJ),数据来源于《2006年IPCC清单指南》
采矿业 > 矿山企业 > 燃料燃烧 > 生物质燃料燃烧 > 二氧化碳,二氧化碳,农业废弃物,100000,因子  (kgCO₂/TJ),数据来源于《2006年IPCC清单指南》
采矿业 > 矿山企业 > 燃料燃烧 > 生物质燃料燃烧 > 二氧化碳,二氧化碳,薪柴,112000,因子  (kgCO₂/TJ),数据来源于《2006年IPCC清单指南》
采矿业 > 矿山企业 > 燃料燃烧 > 生物质燃料燃烧 > 二氧化碳,二氧化碳,木炭,112000,因子  (kgCO₂/TJ),数据来源于《2006年IPCC清单指南》
采矿业 > 矿山企业 > 燃料燃烧 > 生物质燃料燃烧 > 二氧化碳,二氧化碳,动物粪便,100000,因子  (kgCO₂/TJ),数据来源于《2006年IPCC清单指南》
采矿业 > 矿山企业 > 燃料燃烧 > 生物质燃料燃烧 > 二氧化碳,二氧化碳,沼气,54600,因子  (kgCO₂/TJ),数据来源于《2006年IPCC清单指南》
采矿业 > 矿山企业 > 燃料燃烧 > 生物质燃料燃烧 > 二氧化碳,二氧化碳,其他生物气体,54600,因子  (kgCO₂/TJ),数据来源于《2006年IPCC清单指南》
采矿业 > 矿山企业 > 燃料燃烧 > 生物质燃料燃烧 > 二氧化碳,二氧化碳,城市生活垃圾(生物成因),100000,因子  (kgCO₂/TJ),数据来源于《2006年IPCC清单指南》
采矿业 > 矿山企业 > 燃料燃烧 > 生物质燃料燃烧 > 二氧化碳,二氧化碳,生物汽油,70800,因子  (kgCO₂/TJ),数据来源于《2006年IPCC清单指南》
采矿业 > 矿山企业 > 燃料燃烧 > 生物质燃料燃烧 > 二氧化碳,二氧化碳,生物柴油,70800,因子  (kgCO₂/TJ),数据来源于《2006年IPCC清单指南》
采矿业 > 矿山企业 > 燃料燃烧 > 生物质燃料燃烧 > 二氧化碳,二氧化碳,其他液体生物质燃料,79600,因子  (kgCO₂/TJ),数据来源于《2006年IPCC清单指南》
采矿业 > 矿山企业 > 工业生产过程和产品使用 > 碳酸盐使用过程,碳酸盐使用过程,方解石、文石和石灰石(CaCO₃),0.44,因子 (tCO₂/t carbonate),分子式质量比值，属于理论值
采矿业 > 矿山企业 > 工业生产过程和产品使用 > 碳酸盐使用过程,碳酸盐使用过程,菱镁石(MgCO₃),0.522,因子 (tCO₂/t carbonate),分子式质量比值，属于理论值
采矿业 > 矿山企业 > 工业生产过程和产品使用 > 碳酸盐使用过程,碳酸盐使用过程,碳酸钠或纯碱(Na₂CO₃),0.415,因子 (tCO₂/t carbonate),分子式质量比值，属于理论值
采矿业 > 矿山企业 > 工业生产过程和产品使用 > 碳酸盐使用过程,碳酸盐使用过程,碳酸氢钠(NaHCO₃),0.524,因子 (tCO₂/t carbonate),分子式质量比值，属于理论值
采矿业 > 矿山企业 > 工业生产过程和产品使用 > 碳酸盐使用过程,碳酸盐使用过程,菱铁矿或碳酸铁(FeCO₃),0.38,因子 (tCO₂/t carbonate),分子式质量比值，属于理论值
采矿业 > 矿山企业 > 工业生产过程和产品使用 > 碳酸盐使用过程,碳酸盐使用过程,菱锰矿(MnCO₃),0.383,因子 (tCO₂/t carbonate),分子式质量比值，属于理论值
采矿业 > 矿山企业 > 工业生产过程和产品使用 > 碳酸盐使用过程,碳酸盐使用过程,碳酸钡(BaCO₃),0.223,因子 (tCO₂/t carbonate),分子式质量比值，属于理论值
采矿业 > 矿山企业 > 工业生产过程和产品使用 > 碳酸盐使用过程,碳酸盐使用过程,碳酸锂(Li₂CO₃),0.595,因子 (tCO₂/t carbonate),分子式质量比值，属于理论值
采矿业 > 矿山企业 > 工业生产过程和产品使用 > 碳酸盐使用过程,碳酸盐使用过程,碳酸钾(K₂CO₃),0.318,因子 (tCO₂/t carbonate),分子式质量比值，属于理论值
采矿业 > 矿山企业 > 工业生产过程和产品使用 > 碳酸盐使用过程,碳酸盐使用过程,碳酸锶(SrCO₃),0.298,因子 (tCO₂/t carbonate),分子式质量比值，属于理论值
采矿业 > 矿山企业 > 工业生产过程和产品使用 > 碳酸盐使用过程,碳酸盐使用过程,白云石(CaMg(CO₃)₂),0.477,因子 (tCO₂/t carbonate),分子式质量比值，属于理论值
采矿业 > 矿山企业 > 工业生产过程和产品使用 > 碳酸盐使用过程,碳酸盐使用过程,"铁白云石(Ca(Fe,Mg,Mn)(CO₃)₂)",0.40~0.48,因子 (tCO₂/t carbonate),分子式质量比值，属于理论值
采矿业 > 矿山企业 > 工业生产过程和产品使用 > 碳化工艺吸收过程,碳化工艺吸收过程,碳酸钙(CaCO₃),0.44,因子 (tCO₂/t carbonate),分子式质量比值，属于理论值
采矿业 > 矿山企业 > 工业生产过程和产品使用 > 碳化工艺吸收过程,碳化工艺吸收过程,碳酸镁(MgCO₃),0.522,因子 (tCO₂/t carbonate),分子式质量比值，属于理论值
采矿业 > 矿山企业 > 工业生产过程和产品使用 > 碳化工艺吸收过程,碳化工艺吸收过程,碳酸钠(Na₂CO₃),0.415,因子 (tCO₂/t carbonate),分子式质量比值，属于理论值
采矿业 > 矿山企业 > 工业生产过程和产品使用 > 碳化工艺吸收过程,碳化工艺吸收过程,碳酸氢钠(NaHCO₃),0.524,因子 (tCO₂/t carbonate),分子式质量比值，属于理论值
采矿业 > 矿山企业 > 工业生产过程和产品使用 > 碳化工艺吸收过程,碳化工艺吸收过程,碳酸铁(FeCO₃),0.38,因子 (tCO₂/t carbonate),分子式质量比值，属于理论值
采矿业 > 矿山企业 > 工业生产过程和产品使用 > 碳化工艺吸收过程,碳化工艺吸收过程,碳酸锰(MnCO₃),0.383,因子 (tCO₂/t carbonate),分子式质量比值，属于理论值
采矿业 > 矿山企业 > 工业生产过程和产品使用 > 碳化工艺吸收过程,碳化工艺吸收过程,碳酸钡(BaCO₃),0.223,因子 (tCO₂/t carbonate),分子式质量比值，属于理论值
采矿业 > 矿山企业 > 工业生产过程和产品使用 > 碳化工艺吸收过程,碳化工艺吸收过程,碳酸锂(Li₂CO₃),0.595,因子 (tCO₂/t carbonate),分子式质量比值，属于理论值
采矿业 > 矿山企业 > 工业生产过程和产品使用 > 碳化工艺吸收过程,碳化工艺吸收过程,碳酸钾(K₂CO₃),0.318,因子 (tCO₂/t carbonate),分子式质量比值，属于理论值
采矿业 > 矿山企业 > 工业生产过程和产品使用 > 碳化工艺吸收过程,碳化工艺吸收过程,碳酸锶(SrCO₃),0.298,因子 (tCO₂/t carbonate),分子式质量比值，属于理论值
采矿业 > 矿山企业 > 工业生产过程和产品使用 > 碳化工艺吸收过程,碳化工艺吸收过程,碳酸镁钙(CaMg(CO₃)₂),0.477,因子 (tCO₂/t carbonate),分子式质量比值，属于理论值
采矿业 > 矿山企业 > 净购入电力与热力 > 电力消费 > 电力平均二氧化碳排放因子 > 全国电力平均二氧化碳排放因子,全国电力平均二氧化碳排放因子,全国,0.5306,2023年因子 (kgCO₂/kWh),"本土化数据，数据来源于生态环境部、国家统计局《关于发布2023年电力二氧化碳排放因子的公告》（公告2025年第47号）
"
采矿业 > 矿山企业 > 净购入电力与热力 > 电力消费 > 电力平均二氧化碳排放因子 > 区域电力平均二氧化碳排放因子,区域电力平均二氧化碳排放因子,华北,0.6361,2023年因子 (kgCO₂/kWh),"本土化数据，数据来源于生态环境部、国家统计局《关于发布2023年电力二氧化碳排放因子的公告》（公告2025年第47号）
"
采矿业 > 矿山企业 > 净购入电力与热力 > 电力消费 > 电力平均二氧化碳排放因子 > 区域电力平均二氧化碳排放因子,区域电力平均二氧化碳排放因子,东北,0.5122,2023年因子 (kgCO₂/kWh),"本土化数据，数据来源于生态环境部、国家统计局《关于发布2023年电力二氧化碳排放因子的公告》（公告2025年第47号）
"
采矿业 > 矿山企业 > 净购入电力与热力 > 电力消费 > 电力平均二氧化碳排放因子 > 区域电力平均二氧化碳排放因子,区域电力平均二氧化碳排放因子,华东,0.55,2023年因子 (kgCO₂/kWh),"本土化数据，数据来源于生态环境部、国家统计局《关于发布2023年电力二氧化碳排放因子的公告》（公告2025年第47号）
"
采矿业 > 矿山企业 > 净购入电力与热力 > 电力消费 > 电力平均二氧化碳排放因子 > 区域电力平均二氧化碳排放因子,区域电力平均二氧化碳排放因子,华中,0.5271,2023年因子 (kgCO₂/kWh),"本土化数据，数据来源于生态环境部、国家统计局《关于发布2023年电力二氧化碳排放因子的公告》（公告2025年第47号）
"
采矿业 > 矿山企业 > 净购入电力与热力 > 电力消费 > 电力平均二氧化碳排放因子 > 区域电力平均二氧化碳排放因子,区域电力平均二氧化碳排放因子,西北,0.5543,2023年因子 (kgCO₂/kWh),"本土化数据，数据来源于生态环境部、国家统计局《关于发布2023年电力二氧化碳排放因子的公告》（公告2025年第47号）
"
采矿业 > 矿山企业 > 净购入电力与热力 > 电力消费 > 电力平均二氧化碳排放因子 > 区域电力平均二氧化碳排放因子,区域电力平均二氧化碳排放因子,南方,0.4042,2023年因子 (kgCO₂/kWh),"本土化数据，数据来源于生态环境部、国家统计局《关于发布2023年电力二氧化碳排放因子的公告》（公告2025年第47号）
"
采矿业 > 矿山企业 > 净购入电力与热力 > 电力消费 > 电力平均二氧化碳排放因子 > 区域电力平均二氧化碳排放因子,区域电力平均二氧化碳排放因子,西南,0.2472,2023年因子 (kgCO₂/kWh),"本土化数据，数据来源于生态环境部、国家统计局《关于发布2023年电力二氧化碳排放因子的公告》（公告2025年第47号）
"
采矿业 > 矿山企业 > 净购入电力与热力 > 电力消费 > 电力平均二氧化碳排放因子 > 省级电力平均二氧化碳排放因子,省级电力平均二氧化碳排放因子,北京,0.5554,2023年因子 (kgCO₂/kWh),"本土化数据，数据来源于生态环境部、国家统计局《关于发布2023年电力二氧化碳排放因子的公告》（公告2025年第47号）
"
采矿业 > 矿山企业 > 净购入电力与热力 > 电力消费 > 电力平均二氧化碳排放因子 > 省级电力平均二氧化碳排放因子,省级电力平均二氧化碳排放因子,天津,0.6796,2023年因子 (kgCO₂/kWh),"本土化数据，数据来源于生态环境部、国家统计局《关于发布2023年电力二氧化碳排放因子的公告》（公告2025年第47号）
"
采矿业 > 矿山企业 > 净购入电力与热力 > 电力消费 > 电力平均二氧化碳排放因子 > 省级电力平均二氧化碳排放因子,省级电力平均二氧化碳排放因子,河北,0.6516,2023年因子 (kgCO₂/kWh),"本土化数据，数据来源于生态环境部、国家统计局《关于发布2023年电力二氧化碳排放因子的公告》（公告2025年第47号）
"
采矿业 > 矿山企业 > 净购入电力与热力 > 电力消费 > 电力平均二氧化碳排放因子 > 省级电力平均二氧化碳排放因子,省级电力平均二氧化碳排放因子,山西,0.6634,2023年因子 (kgCO₂/kWh),"本土化数据，数据来源于生态环境部、国家统计局《关于发布2023年电力二氧化碳排放因子的公告》（公告2025年第47号）
"
采矿业 > 矿山企业 > 净购入电力与热力 > 电力消费 > 电力平均二氧化碳排放因子 > 省级电力平均二氧化碳排放因子,省级电力平均二氧化碳排放因子,内蒙古,0.6479,2023年因子 (kgCO₂/kWh),"本土化数据，数据来源于生态环境部、国家统计局《关于发布2023年电力二氧化碳排放因子的公告》（公告2025年第47号）
"
采矿业 > 矿山企业 > 净购入电力与热力 > 电力消费 > 电力平均二氧化碳排放因子 > 省级电力平均二氧化碳排放因子,省级电力平均二氧化碳排放因子,辽宁,0.4878,2023年因子 (kgCO₂/kWh),"本土化数据，数据来源于生态环境部、国家统计局《关于发布2023年电力二氧化碳排放因子的公告》（公告2025年第47号）
"
采矿业 > 矿山企业 > 净购入电力与热力 > 电力消费 > 电力平均二氧化碳排放因子 > 省级电力平均二氧化碳排放因子,省级电力平均二氧化碳排放因子,吉林,0.4671,2023年因子 (kgCO₂/kWh),"本土化数据，数据来源于生态环境部、国家统计局《关于发布2023年电力二氧化碳排放因子的公告》（公告2025年第47号）
"
采矿业 > 矿山企业 > 净购入电力与热力 > 电力消费 > 电力平均二氧化碳排放因子 > 省级电力平均二氧化碳排放因子,省级电力平均二氧化碳排放因子,黑龙江,0.5229,2023年因子 (kgCO₂/kWh),"本土化数据，数据来源于生态环境部、国家统计局《关于发布2023年电力二氧化碳排放因子的公告》（公告2025年第47号）
"
采矿业 > 矿山企业 > 净购入电力与热力 > 电力消费 > 电力平均二氧化碳排放因子 > 省级电力平均二氧化碳排放因子,省级电力平均二氧化碳排放因子,上海,0.5737,2023年因子 (kgCO₂/kWh),"本土化数据，数据来源于生态环境部、国家统计局《关于发布2023年电力二氧化碳排放因子的公告》（公告2025年第47号）
"
采矿业 > 矿山企业 > 净购入电力与热力 > 电力消费 > 电力平均二氧化碳排放因子 > 省级电力平均二氧化碳排放因子,省级电力平均二氧化碳排放因子,江苏,0.5827,2023年因子 (kgCO₂/kWh),"本土化数据，数据来源于生态环境部、国家统计局《关于发布2023年电力二氧化碳排放因子的公告》（公告2025年第47号）
"
采矿业 > 矿山企业 > 净购入电力与热力 > 电力消费 > 电力平均二氧化碳排放因子 > 省级电力平均二氧化碳排放因子,省级电力平均二氧化碳排放因子,浙江,0.4974,2023年因子 (kgCO₂/kWh),"本土化数据，数据来源于生态环境部、国家统计局《关于发布2023年电力二氧化碳排放因子的公告》（公告2025年第47号）
"
采矿业 > 矿山企业 > 净购入电力与热力 > 电力消费 > 电力平均二氧化碳排放因子 > 省级电力平均二氧化碳排放因子,省级电力平均二氧化碳排放因子,安徽,0.6553,2023年因子 (kgCO₂/kWh),"本土化数据，数据来源于生态环境部、国家统计局《关于发布2023年电力二氧化碳排放因子的公告》（公告2025年第47号）
"
采矿业 > 矿山企业 > 净购入电力与热力 > 电力消费 > 电力平均二氧化碳排放因子 > 省级电力平均二氧化碳排放因子,省级电力平均二氧化碳排放因子,福建,0.4211,2023年因子 (kgCO₂/kWh),"本土化数据，数据来源于生态环境部、国家统计局《关于发布2023年电力二氧化碳排放因子的公告》（公告2025年第47号）
"
采矿业 > 矿山企业 > 净购入电力与热力 > 电力消费 > 电力平均二氧化碳排放因子 > 省级电力平均二氧化碳排放因子,省级电力平均二氧化碳排放因子,江西,0.5836,2023年因子 (kgCO₂/kWh),"本土化数据，数据来源于生态环境部、国家统计局《关于发布2023年电力二氧化碳排放因子的公告》（公告2025年第47号）
"
采矿业 > 矿山企业 > 净购入电力与热力 > 电力消费 > 电力平均二氧化碳排放因子 > 省级电力平均二氧化碳排放因子,省级电力平均二氧化碳排放因子,山东,0.6191,2023年因子 (kgCO₂/kWh),"本土化数据，数据来源于生态环境部、国家统计局《关于发布2023年电力二氧化碳排放因子的公告》（公告2025年第47号）
"
采矿业 > 矿山企业 > 净购入电力与热力 > 电力消费 > 电力平均二氧化碳排放因子 > 省级电力平均二氧化碳排放因子,省级电力平均二氧化碳排放因子,河南,0.5897,2023年因子 (kgCO₂/kWh),"本土化数据，数据来源于生态环境部、国家统计局《关于发布2023年电力二氧化碳排放因子的公告》（公告2025年第47号）
"
采矿业 > 矿山企业 > 净购入电力与热力 > 电力消费 > 电力平均二氧化碳排放因子 > 省级电力平均二氧化碳排放因子,省级电力平均二氧化碳排放因子,湖北,0.4044,2023年因子 (kgCO₂/kWh),"本土化数据，数据来源于生态环境部、国家统计局《关于发布2023年电力二氧化碳排放因子的公告》（公告2025年第47号）
"
采矿业 > 矿山企业 > 净购入电力与热力 > 电力消费 > 电力平均二氧化碳排放因子 > 省级电力平均二氧化碳排放因子,省级电力平均二氧化碳排放因子,湖南,0.4976,2023年因子 (kgCO₂/kWh),"本土化数据，数据来源于生态环境部、国家统计局《关于发布2023年电力二氧化碳排放因子的公告》（公告2025年第47号）
"
采矿业 > 矿山企业 > 净购入电力与热力 > 电力消费 > 电力平均二氧化碳排放因子 > 省级电力平均二氧化碳排放因子,省级电力平均二氧化碳排放因子,广东,0.4419,2023年因子 (kgCO₂/kWh),"本土化数据，数据来源于生态环境部、国家统计局《关于发布2023年电力二氧化碳排放因子的公告》（公告2025年第47号）
"
采矿业 > 矿山企业 > 净购入电力与热力 > 电力消费 > 电力平均二氧化碳排放因子 > 省级电力平均二氧化碳排放因子,省级电力平均二氧化碳排放因子,广西,0.4476,2023年因子 (kgCO₂/kWh),"本土化数据，数据来源于生态环境部、国家统计局《关于发布2023年电力二氧化碳排放因子的公告》（公告2025年第47号）
"
采矿业 > 矿山企业 > 净购入电力与热力 > 电力消费 > 电力平均二氧化碳排放因子 > 省级电力平均二氧化碳排放因子,省级电力平均二氧化碳排放因子,海南,0.3648,2023年因子 (kgCO₂/kWh),"本土化数据，数据来源于生态环境部、国家统计局《关于发布2023年电力二氧化碳排放因子的公告》（公告2025年第47号）
"
采矿业 > 矿山企业 > 净购入电力与热力 > 电力消费 > 电力平均二氧化碳排放因子 > 省级电力平均二氧化碳排放因子,省级电力平均二氧化碳排放因子,重庆,0.5581,2023年因子 (kgCO₂/kWh),"本土化数据，数据来源于生态环境部、国家统计局《关于发布2023年电力二氧化碳排放因子的公告》（公告2025年第47号）
"
采矿业 > 矿山企业 > 净购入电力与热力 > 电力消费 > 电力平均二氧化碳排放因子 > 省级电力平均二氧化碳排放因子,省级电力平均二氧化碳排放因子,四川,0.1564,2023年因子 (kgCO₂/kWh),"本土化数据，数据来源于生态环境部、国家统计局《关于发布2023年电力二氧化碳排放因子的公告》（公告2025年第47号）
"
采矿业 > 矿山企业 > 净购入电力与热力 > 电力消费 > 电力平均二氧化碳排放因子 > 省级电力平均二氧化碳排放因子,省级电力平均二氧化碳排放因子,贵州,0.5683,2023年因子 (kgCO₂/kWh),"本土化数据，数据来源于生态环境部、国家统计局《关于发布2023年电力二氧化碳排放因子的公告》（公告2025年第47号）
"
采矿业 > 矿山企业 > 净购入电力与热力 > 电力消费 > 电力平均二氧化碳排放因子 > 省级电力平均二氧化碳排放因子,省级电力平均二氧化碳排放因子,云南,0.1333,2023年因子 (kgCO₂/kWh),"本土化数据，数据来源于生态环境部、国家统计局《关于发布2023年电力二氧化碳排放因子的公告》（公告2025年第47号）
"
采矿业 > 矿山企业 > 净购入电力与热力 > 电力消费 > 电力平均二氧化碳排放因子 > 省级电力平均二氧化碳排放因子,省级电力平均二氧化碳排放因子,陕西,0.6335,2023年因子 (kgCO₂/kWh),"本土化数据，数据来源于生态环境部、国家统计局《关于发布2023年电力二氧化碳排放因子的公告》（公告2025年第47号）
"
采矿业 > 矿山企业 > 净购入电力与热力 > 电力消费 > 电力平均二氧化碳排放因子 > 省级电力平均二氧化碳排放因子,省级电力平均二氧化碳排放因子,甘肃,0.4471,2023年因子 (kgCO₂/kWh),"本土化数据，数据来源于生态环境部、国家统计局《关于发布2023年电力二氧化碳排放因子的公告》（公告2025年第47号）
"
采矿业 > 矿山企业 > 净购入电力与热力 > 电力消费 > 电力平均二氧化碳排放因子 > 省级电力平均二氧化碳排放因子,省级电力平均二氧化碳排放因子,青海,0.1796,2023年因子 (kgCO₂/kWh),"本土化数据，数据来源于生态环境部、国家统计局《关于发布2023年电力二氧化碳排放因子的公告》（公告2025年第47号）
"
采矿业 > 矿山企业 > 净购入电力与热力 > 电力消费 > 电力平均二氧化碳排放因子 > 省级电力平均二氧化碳排放因子,省级电力平均二氧化碳排放因子,宁夏,0.6187,2023年因子 (kgCO₂/kWh),"本土化数据，数据来源于生态环境部、国家统计局《关于发布2023年电力二氧化碳排放因子的公告》（公告2025年第47号）
"
采矿业 > 矿山企业 > 净购入电力与热力 > 电力消费 > 电力平均二氧化碳排放因子 > 省级电力平均二氧化碳排放因子,省级电力平均二氧化碳排放因子,新疆,0.6021,2023年因子 (kgCO₂/kWh),"本土化数据，数据来源于生态环境部、国家统计局《关于发布2023年电力二氧化碳排放因子的公告》（公告2025年第47号）
"
采矿业 > 矿山企业 > 净购入电力与热力 > 电力消费 > 电力平均二氧化碳排放因子（不包括市场化交易的非化石能源电量） > 全国电力平均二氧化碳排放因子（不包括市场化交易的非化石能源电量）,全国电力平均二氧化碳排放因子（不包括市场化交易的非化石能源电量）,全国,0.6096,2023年因子 (kgCO₂/kWh),"本土化数据，数据来源于生态环境部、国家统计局《关于发布2023年电力二氧化碳排放因子的公告》（公告2025年第47号）
"
采矿业 > 矿山企业 > 净购入电力与热力 > 电力消费 > 化石能源电力二氧化碳排放因子 > 全国化石能源电力二氧化碳排放因子,全国化石能源电力二氧化碳排放因子,全国,0.8273,2023年因子 (kgCO₂/kWh),"本土化数据，数据来源于生态环境部、国家统计局《关于发布2023年电力二氧化碳排放因子的公告》（公告2025年第47号）
"
采矿业 > 煤炭生产企业 > 燃料燃烧 > 化石燃料燃烧 > 煤炭 > 二氧化碳,二氧化碳,无烟煤,98.3,因子  (tCO₂/TJ),"数据来源于《2006年IPCC清单指南》
"
采矿业 > 煤炭生产企业 > 燃料燃烧 > 化石燃料燃烧 > 煤炭 > 二氧化碳,二氧化碳,炼焦烟煤,94.6,因子  (tCO₂/TJ),数据来源于《2006年IPCC清单指南》
采矿业 > 煤炭生产企业 > 燃料燃烧 > 化石燃料燃烧 > 煤炭 > 二氧化碳,二氧化碳,一般烟煤,94.6,因子  (tCO₂/TJ),数据来源于《2006年IPCC清单指南》
采矿业 > 煤炭生产企业 > 燃料燃烧 > 化石燃料燃烧 > 煤炭 > 二氧化碳,二氧化碳,褐煤,101.2,因子  (tCO₂/TJ),数据来源于《2006年IPCC清单指南》
采矿业 > 煤炭生产企业 > 燃料燃烧 > 化石燃料燃烧 > 煤炭 > 二氧化碳,二氧化碳,煤制品,97.5,因子  (tCO₂/TJ),数据来源于《2006年IPCC清单指南》
采矿业 > 煤炭生产企业 > 燃料燃烧 > 化石燃料燃烧 > 煤炭 > 二氧化碳,二氧化碳,焦炭,107.1,因子  (tCO₂/TJ),数据来源于《2006年IPCC清单指南》
采矿业 > 煤炭生产企业 > 燃料燃烧 > 化石燃料燃烧 > 煤炭 > 二氧化碳,二氧化碳,焦炉煤气,44.4,因子  (tCO₂/TJ),数据来源于《2006年IPCC清单指南》
采矿业 > 煤炭生产企业 > 燃料燃烧 > 化石燃料燃烧 > 煤炭 > 二氧化碳,二氧化碳,高炉煤气,259.6,因子  (tCO₂/TJ),数据来源于《2006年IPCC清单指南》
采矿业 > 煤炭生产企业 > 燃料燃烧 > 化石燃料燃烧 > 煤炭 > 二氧化碳,二氧化碳,转炉煤气,181.9,因子  (tCO₂/TJ),数据来源于《2006年IPCC清单指南》
采矿业 > 煤炭生产企业 > 燃料燃烧 > 化石燃料燃烧 > 煤炭 > 二氧化碳,二氧化碳,其他煤气,44.4,因子  (tCO₂/TJ),数据来源于《2006年IPCC清单指南》
采矿业 > 煤炭生产企业 > 燃料燃烧 > 化石燃料燃烧 > 煤炭 > 甲烷,甲烷,无烟煤,1,因子 (kgCH₄/TJ),数据来源于《2006年IPCC清单指南》
采矿业 > 煤炭生产企业 > 燃料燃烧 > 化石燃料燃烧 > 煤炭 > 甲烷,甲烷,炼焦烟煤,1,因子 (kgCH₄/TJ),数据来源于《2006年IPCC清单指南》
采矿业 > 煤炭生产企业 > 燃料燃烧 > 化石燃料燃烧 > 煤炭 > 甲烷,甲烷,一般烟煤,1,因子 (kgCH₄/TJ),数据来源于《2006年IPCC清单指南》
采矿业 > 煤炭生产企业 > 燃料燃烧 > 化石燃料燃烧 > 煤炭 > 甲烷,甲烷,褐煤,1,因子 (kgCH₄/TJ),数据来源于《2006年IPCC清单指南》
采矿业 > 煤炭生产企业 > 燃料燃烧 > 化石燃料燃烧 > 煤炭 > 甲烷,甲烷,煤制品,1,因子 (kgCH₄/TJ),数据来源于《2006年IPCC清单指南》
采矿业 > 煤炭生产企业 > 燃料燃烧 > 化石燃料燃烧 > 煤炭 > 甲烷,甲烷,焦炭,1,因子 (kgCH₄/TJ),数据来源于《2006年IPCC清单指南》
采矿业 > 煤炭生产企业 > 燃料燃烧 > 化石燃料燃烧 > 煤炭 > 甲烷,甲烷,焦炉煤气,1,因子 (kgCH₄/TJ),数据来源于《2006年IPCC清单指南》
采矿业 > 煤炭生产企业 > 燃料燃烧 > 化石燃料燃烧 > 煤炭 > 甲烷,甲烷,高炉煤气,1,因子 (kgCH₄/TJ),数据来源于《2006年IPCC清单指南》
采矿业 > 煤炭生产企业 > 燃料燃烧 > 化石燃料燃烧 > 煤炭 > 甲烷,甲烷,转炉煤气,1,因子 (kgCH₄/TJ),数据来源于《2006年IPCC清单指南》
采矿业 > 煤炭生产企业 > 燃料燃烧 > 化石燃料燃烧 > 煤炭 > 甲烷,甲烷,其他煤气,1,因子 (kgCH₄/TJ),数据来源于《2006年IPCC清单指南》
采矿业 > 煤炭生产企业 > 燃料燃烧 > 化石燃料燃烧 > 煤炭 > 氧化亚氮,氧化亚氮,无烟煤,1.5,因子 (kgN₂O/TJ),数据来源于《2006年IPCC清单指南》
采矿业 > 煤炭生产企业 > 燃料燃烧 > 化石燃料燃烧 > 煤炭 > 氧化亚氮,氧化亚氮,炼焦烟煤,1.5,因子 (kgN₂O/TJ),数据来源于《2006年IPCC清单指南》
采矿业 > 煤炭生产企业 > 燃料燃烧 > 化石燃料燃烧 > 煤炭 > 氧化亚氮,氧化亚氮,一般烟煤,1.5,因子 (kgN₂O/TJ),数据来源于《2006年IPCC清单指南》
采矿业 > 煤炭生产企业 > 燃料燃烧 > 化石燃料燃烧 > 煤炭 > 氧化亚氮,氧化亚氮,褐煤,1.5,因子 (kgN₂O/TJ),数据来源于《2006年IPCC清单指南》
采矿业 > 煤炭生产企业 > 燃料燃烧 > 化石燃料燃烧 > 煤炭 > 氧化亚氮,氧化亚氮,煤制品,1.5,因子 (kgN₂O/TJ),数据来源于《2006年IPCC清单指南》
采矿业 > 煤炭生产企业 > 燃料燃烧 > 化石燃料燃烧 > 煤炭 > 氧化亚氮,氧化亚氮,焦炭,1.5,因子 (kgN₂O/TJ),数据来源于《2006年IPCC清单指南》
采矿业 > 煤炭生产企业 > 燃料燃烧 > 化石燃料燃烧 > 煤炭 > 氧化亚氮,氧化亚氮,焦炉煤气,0.1,因子 (kgN₂O/TJ),数据来源于《2006年IPCC清单指南》
采矿业 > 煤炭生产企业 > 燃料燃烧 > 化石燃料燃烧 > 煤炭 > 氧化亚氮,氧化亚氮,高炉煤气,0.1,因子 (kgN₂O/TJ),数据来源于《2006年IPCC清单指南》
采矿业 > 煤炭生产企业 > 燃料燃烧 > 化石燃料燃烧 > 煤炭 > 氧化亚氮,氧化亚氮,转炉煤气,0.1,因子 (kgN₂O/TJ),数据来源于《2006年IPCC清单指南》
采矿业 > 煤炭生产企业 > 燃料燃烧 > 化石燃料燃烧 > 煤炭 > 氧化亚氮,氧化亚氮,其他煤气,0.1,因子 (kgN₂O/TJ),数据来源于《2006年IPCC清单指南》
采矿业 > 煤炭生产企业 > 燃料燃烧 > 化石燃料燃烧 > 石油 > 二氧化碳,二氧化碳,原油,73.3,因子  (tCO₂/TJ),数据来源于《2006年IPCC清单指南》
采矿业 > 煤炭生产企业 > 燃料燃烧 > 化石燃料燃烧 > 石油 > 二氧化碳,二氧化碳,汽油,69.3,因子  (tCO₂/TJ),数据来源于《2006年IPCC清单指南》
采矿业 > 煤炭生产企业 > 燃料燃烧 > 化石燃料燃烧 > 石油 > 二氧化碳,二氧化碳,煤油,71.9,因子  (tCO₂/TJ),数据来源于《2006年IPCC清单指南》
采矿业 > 煤炭生产企业 > 燃料燃烧 > 化石燃料燃烧 > 石油 > 二氧化碳,二氧化碳,柴油,74.1,因子  (tCO₂/TJ),数据来源于《2006年IPCC清单指南》
采矿业 > 煤炭生产企业 > 燃料燃烧 > 化石燃料燃烧 > 石油 > 二氧化碳,二氧化碳,燃料油,77.4,因子  (tCO₂/TJ),数据来源于《2006年IPCC清单指南》
采矿业 > 煤炭生产企业 > 燃料燃烧 > 化石燃料燃烧 > 石油 > 二氧化碳,二氧化碳,石脑油,73.3,因子  (tCO₂/TJ),数据来源于《2006年IPCC清单指南》
采矿业 > 煤炭生产企业 > 燃料燃烧 > 化石燃料燃烧 > 石油 > 二氧化碳,二氧化碳,润滑油,73.3,因子  (tCO₂/TJ),数据来源于《2006年IPCC清单指南》
采矿业 > 煤炭生产企业 > 燃料燃烧 > 化石燃料燃烧 > 石油 > 二氧化碳,二氧化碳,石蜡,73.3,因子  (tCO₂/TJ),数据来源于《2006年IPCC清单指南》
采矿业 > 煤炭生产企业 > 燃料燃烧 > 化石燃料燃烧 > 石油 > 二氧化碳,二氧化碳,溶剂油,73.3,因子  (tCO₂/TJ),数据来源于《2006年IPCC清单指南》
采矿业 > 煤炭生产企业 > 燃料燃烧 > 化石燃料燃烧 > 石油 > 二氧化碳,二氧化碳,石油沥青,80.7,因子  (tCO₂/TJ),数据来源于《2006年IPCC清单指南》
采矿业 > 煤炭生产企业 > 燃料燃烧 > 化石燃料燃烧 > 石油 > 二氧化碳,二氧化碳,石油焦,97.5,因子  (tCO₂/TJ),数据来源于《2006年IPCC清单指南》
采矿业 > 煤炭生产企业 > 燃料燃烧 > 化石燃料燃烧 > 石油 > 二氧化碳,二氧化碳,液化石油气,63.1,因子  (tCO₂/TJ),数据来源于《2006年IPCC清单指南》
采矿业 > 煤炭生产企业 > 燃料燃烧 > 化石燃料燃烧 > 石油 > 二氧化碳,二氧化碳,炼厂干气,57.6,因子  (tCO₂/TJ),数据来源于《2006年IPCC清单指南》
采矿业 > 煤炭生产企业 > 燃料燃烧 > 化石燃料燃烧 > 石油 > 二氧化碳,二氧化碳,其他石油制品,73.3,因子  (tCO₂/TJ),数据来源于《2006年IPCC清单指南》
采矿业 > 煤炭生产企业 > 燃料燃烧 > 化石燃料燃烧 > 石油 > 甲烷,甲烷,原油,3,因子 (kgCH₄/TJ),数据来源于《2006年IPCC清单指南》
采矿业 > 煤炭生产企业 > 燃料燃烧 > 化石燃料燃烧 > 石油 > 甲烷,甲烷,汽油,3,因子 (kgCH₄/TJ),数据来源于《2006年IPCC清单指南》
采矿业 > 煤炭生产企业 > 燃料燃烧 > 化石燃料燃烧 > 石油 > 甲烷,甲烷,煤油,3,因子 (kgCH₄/TJ),数据来源于《2006年IPCC清单指南》
采矿业 > 煤炭生产企业 > 燃料燃烧 > 化石燃料燃烧 > 石油 > 甲烷,甲烷,柴油,3,因子 (kgCH₄/TJ),数据来源于《2006年IPCC清单指南》
采矿业 > 煤炭生产企业 > 燃料燃烧 > 化石燃料燃烧 > 石油 > 甲烷,甲烷,燃料油,3,因子 (kgCH₄/TJ),数据来源于《2006年IPCC清单指南》
采矿业 > 煤炭生产企业 > 燃料燃烧 > 化石燃料燃烧 > 石油 > 甲烷,甲烷,石脑油,3,因子 (kgCH₄/TJ),数据来源于《2006年IPCC清单指南》
采矿业 > 煤炭生产企业 > 燃料燃烧 > 化石燃料燃烧 > 石油 > 甲烷,甲烷,润滑油,3,因子 (kgCH₄/TJ),数据来源于《2006年IPCC清单指南》
采矿业 > 煤炭生产企业 > 燃料燃烧 > 化石燃料燃烧 > 石油 > 甲烷,甲烷,石蜡,3,因子 (kgCH₄/TJ),数据来源于《2006年IPCC清单指南》
采矿业 > 煤炭生产企业 > 燃料燃烧 > 化石燃料燃烧 > 石油 > 甲烷,甲烷,溶剂油,3,因子 (kgCH₄/TJ),数据来源于《2006年IPCC清单指南》
采矿业 > 煤炭生产企业 > 燃料燃烧 > 化石燃料燃烧 > 石油 > 甲烷,甲烷,石油沥青,3,因子 (kgCH₄/TJ),数据来源于《2006年IPCC清单指南》
采矿业 > 煤炭生产企业 > 燃料燃烧 > 化石燃料燃烧 > 石油 > 甲烷,甲烷,石油焦,3,因子 (kgCH₄/TJ),数据来源于《2006年IPCC清单指南》
采矿业 > 煤炭生产企业 > 燃料燃烧 > 化石燃料燃烧 > 石油 > 甲烷,甲烷,液化石油气,1,因子 (kgCH₄/TJ),数据来源于《2006年IPCC清单指南》
采矿业 > 煤炭生产企业 > 燃料燃烧 > 化石燃料燃烧 > 石油 > 甲烷,甲烷,炼厂干气,1,因子 (kgCH₄/TJ),数据来源于《2006年IPCC清单指南》
采矿业 > 煤炭生产企业 > 燃料燃烧 > 化石燃料燃烧 > 石油 > 甲烷,甲烷,其他石油制品,3,因子 (kgCH₄/TJ),数据来源于《2006年IPCC清单指南》
采矿业 > 煤炭生产企业 > 燃料燃烧 > 化石燃料燃烧 > 石油 > 氧化亚氮,氧化亚氮,原油,0.6,因子 (kgN₂O/TJ),数据来源于《2006年IPCC清单指南》
采矿业 > 煤炭生产企业 > 燃料燃烧 > 化石燃料燃烧 > 石油 > 氧化亚氮,氧化亚氮,汽油,0.6,因子 (kgN₂O/TJ),数据来源于《2006年IPCC清单指南》
采矿业 > 煤炭生产企业 > 燃料燃烧 > 化石燃料燃烧 > 石油 > 氧化亚氮,氧化亚氮,煤油,0.6,因子 (kgN₂O/TJ),数据来源于《2006年IPCC清单指南》
采矿业 > 煤炭生产企业 > 燃料燃烧 > 化石燃料燃烧 > 石油 > 氧化亚氮,氧化亚氮,柴油,0.6,因子 (kgN₂O/TJ),数据来源于《2006年IPCC清单指南》
采矿业 > 煤炭生产企业 > 燃料燃烧 > 化石燃料燃烧 > 石油 > 氧化亚氮,氧化亚氮,燃料油,0.6,因子 (kgN₂O/TJ),数据来源于《2006年IPCC清单指南》
采矿业 > 煤炭生产企业 > 燃料燃烧 > 化石燃料燃烧 > 石油 > 氧化亚氮,氧化亚氮,石脑油,0.6,因子 (kgN₂O/TJ),数据来源于《2006年IPCC清单指南》
采矿业 > 煤炭生产企业 > 燃料燃烧 > 化石燃料燃烧 > 石油 > 氧化亚氮,氧化亚氮,润滑油,0.6,因子 (kgN₂O/TJ),数据来源于《2006年IPCC清单指南》
采矿业 > 煤炭生产企业 > 燃料燃烧 > 化石燃料燃烧 > 石油 > 氧化亚氮,氧化亚氮,石蜡,0.6,因子 (kgN₂O/TJ),数据来源于《2006年IPCC清单指南》
采矿业 > 煤炭生产企业 > 燃料燃烧 > 化石燃料燃烧 > 石油 > 氧化亚氮,氧化亚氮,溶剂油,0.6,因子 (kgN₂O/TJ),数据来源于《2006年IPCC清单指南》
采矿业 > 煤炭生产企业 > 燃料燃烧 > 化石燃料燃烧 > 石油 > 氧化亚氮,氧化亚氮,石油沥青,0.6,因子 (kgN₂O/TJ),数据来源于《2006年IPCC清单指南》
采矿业 > 煤炭生产企业 > 燃料燃烧 > 化石燃料燃烧 > 石油 > 氧化亚氮,氧化亚氮,石油焦,0.6,因子 (kgN₂O/TJ),数据来源于《2006年IPCC清单指南》
采矿业 > 煤炭生产企业 > 燃料燃烧 > 化石燃料燃烧 > 石油 > 氧化亚氮,氧化亚氮,液化石油气,0.1,因子 (kgN₂O/TJ),数据来源于《2006年IPCC清单指南》
采矿业 > 煤炭生产企业 > 燃料燃烧 > 化石燃料燃烧 > 石油 > 氧化亚氮,氧化亚氮,炼厂干气,0.1,因子 (kgN₂O/TJ),数据来源于《2006年IPCC清单指南》
采矿业 > 煤炭生产企业 > 燃料燃烧 > 化石燃料燃烧 > 石油 > 氧化亚氮,氧化亚氮,其他石油制品,0.6,因子 (kgN₂O/TJ),数据来源于《2006年IPCC清单指南》
采矿业 > 煤炭生产企业 > 燃料燃烧 > 化石燃料燃烧 > 天然气 > 二氧化碳 > 天然气,天然气,天然气,57.2,因子  (tCO₂/TJ),本土化数据，油气企业抽样实测数据
采矿业 > 煤炭生产企业 > 燃料燃烧 > 化石燃料燃烧 > 天然气 > 二氧化碳 > 液化天然气,液化天然气,液化天然气,56.8,因子  (tCO₂/TJ),本土化数据，油气企业抽样实测数据
采矿业 > 煤炭生产企业 > 燃料燃烧 > 化石燃料燃烧 > 天然气 > 甲烷,甲烷,天然气,1,因子 (kgCH₄/TJ),"数据来源于《2006年IPCC清单指南》
"
采矿业 > 煤炭生产企业 > 燃料燃烧 > 化石燃料燃烧 > 天然气 > 氧化亚氮,氧化亚氮,天然气,0.1,因子 (kgN₂O/TJ),数据来源于《2006年IPCC清单指南》
采矿业 > 煤炭生产企业 > 燃料燃烧 > 生物质燃料燃烧 > 二氧化碳,二氧化碳,农业废弃物,100000,因子  (kgCO₂/TJ),数据来源于《2006年IPCC清单指南》
采矿业 > 煤炭生产企业 > 燃料燃烧 > 生物质燃料燃烧 > 二氧化碳,二氧化碳,薪柴,112000,因子  (kgCO₂/TJ),数据来源于《2006年IPCC清单指南》
采矿业 > 煤炭生产企业 > 燃料燃烧 > 生物质燃料燃烧 > 二氧化碳,二氧化碳,木炭,112000,因子  (kgCO₂/TJ),数据来源于《2006年IPCC清单指南》
采矿业 > 煤炭生产企业 > 燃料燃烧 > 生物质燃料燃烧 > 二氧化碳,二氧化碳,动物粪便,100000,因子  (kgCO₂/TJ),数据来源于《2006年IPCC清单指南》
采矿业 > 煤炭生产企业 > 燃料燃烧 > 生物质燃料燃烧 > 二氧化碳,二氧化碳,沼气,54600,因子  (kgCO₂/TJ),数据来源于《2006年IPCC清单指南》
采矿业 > 煤炭生产企业 > 燃料燃烧 > 生物质燃料燃烧 > 二氧化碳,二氧化碳,其他生物气体,54600,因子  (kgCO₂/TJ),数据来源于《2006年IPCC清单指南》
采矿业 > 煤炭生产企业 > 燃料燃烧 > 生物质燃料燃烧 > 二氧化碳,二氧化碳,城市生活垃圾(生物成因),100000,因子  (kgCO₂/TJ),数据来源于《2006年IPCC清单指南》
采矿业 > 煤炭生产企业 > 燃料燃烧 > 生物质燃料燃烧 > 二氧化碳,二氧化碳,生物汽油,70800,因子  (kgCO₂/TJ),数据来源于《2006年IPCC清单指南》
采矿业 > 煤炭生产企业 > 燃料燃烧 > 生物质燃料燃烧 > 二氧化碳,二氧化碳,生物柴油,70800,因子  (kgCO₂/TJ),数据来源于《2006年IPCC清单指南》
采矿业 > 煤炭生产企业 > 燃料燃烧 > 生物质燃料燃烧 > 二氧化碳,二氧化碳,其他液体生物质燃料,79600,因子  (kgCO₂/TJ),数据来源于《2006年IPCC清单指南》
采矿业 > 煤炭生产企业 > 逸散 > 露天开采,露天开采,通用,2,因子  (m³CH₄/t),数据来源于《2006年IPCC清单指南》
采矿业 > 煤炭生产企业 > 逸散 > 矿后活动,矿后活动,高瓦斯矿井,3,因子  (m³CH₄/t),本土化数据
采矿业 > 煤炭生产企业 > 逸散 > 矿后活动,矿后活动,突出矿井,3,因子  (m³CH₄/t),本土化数据
采矿业 > 煤炭生产企业 > 逸散 > 矿后活动,矿后活动,低瓦斯矿井,0.94,因子  (m³CH₄/t),本土化数据
采矿业 > 煤炭生产企业 > 逸散 > 矿后活动,矿后活动,露天煤矿,0.1,因子  (m³CH₄/t),数据来源于《2006年IPCC清单指南》
采矿业 > 煤炭生产企业 > 净购入电力与热力 > 电力消费 > 电力平均二氧化碳排放因子 > 全国电力平均二氧化碳排放因子,全国电力平均二氧化碳排放因子,全国,0.5306,2023年因子 (kgCO₂/kWh),"本土化数据，数据来源于生态环境部、国家统计局《关于发布2023年电力二氧化碳排放因子的公告》（公告2025年第47号）
"
采矿业 > 煤炭生产企业 > 净购入电力与热力 > 电力消费 > 电力平均二氧化碳排放因子 > 区域电力平均二氧化碳排放因子,区域电力平均二氧化碳排放因子,华北,0.6361,2023年因子 (kgCO₂/kWh),"本土化数据，数据来源于生态环境部、国家统计局《关于发布2023年电力二氧化碳排放因子的公告》（公告2025年第47号）
"
采矿业 > 煤炭生产企业 > 净购入电力与热力 > 电力消费 > 电力平均二氧化碳排放因子 > 区域电力平均二氧化碳排放因子,区域电力平均二氧化碳排放因子,东北,0.5122,2023年因子 (kgCO₂/kWh),"本土化数据，数据来源于生态环境部、国家统计局《关于发布2023年电力二氧化碳排放因子的公告》（公告2025年第47号）
"
采矿业 > 煤炭生产企业 > 净购入电力与热力 > 电力消费 > 电力平均二氧化碳排放因子 > 区域电力平均二氧化碳排放因子,区域电力平均二氧化碳排放因子,华东,0.5500 ,2023年因子 (kgCO₂/kWh),"本土化数据，数据来源于生态环境部、国家统计局《关于发布2023年电力二氧化碳排放因子的公告》（公告2025年第47号）
"
采矿业 > 煤炭生产企业 > 净购入电力与热力 > 电力消费 > 电力平均二氧化碳排放因子 > 区域电力平均二氧化碳排放因子,区域电力平均二氧化碳排放因子,华中,0.5271,2023年因子 (kgCO₂/kWh),"本土化数据，数据来源于生态环境部、国家统计局《关于发布2023年电力二氧化碳排放因子的公告》（公告2025年第47号）
"
采矿业 > 煤炭生产企业 > 净购入电力与热力 > 电力消费 > 电力平均二氧化碳排放因子 > 区域电力平均二氧化碳排放因子,区域电力平均二氧化碳排放因子,西北,0.5543,2023年因子 (kgCO₂/kWh),"本土化数据，数据来源于生态环境部、国家统计局《关于发布2023年电力二氧化碳排放因子的公告》（公告2025年第47号）
"
采矿业 > 煤炭生产企业 > 净购入电力与热力 > 电力消费 > 电力平均二氧化碳排放因子 > 区域电力平均二氧化碳排放因子,区域电力平均二氧化碳排放因子,南方,0.4042,2023年因子 (kgCO₂/kWh),"本土化数据，数据来源于生态环境部、国家统计局《关于发布2023年电力二氧化碳排放因子的公告》（公告2025年第47号）
"
采矿业 > 煤炭生产企业 > 净购入电力与热力 > 电力消费 > 电力平均二氧化碳排放因子 > 区域电力平均二氧化碳排放因子,区域电力平均二氧化碳排放因子,西南,0.2472,2023年因子 (kgCO₂/kWh),"本土化数据，数据来源于生态环境部、国家统计局《关于发布2023年电力二氧化碳排放因子的公告》（公告2025年第47号）
"
采矿业 > 煤炭生产企业 > 净购入电力与热力 > 电力消费 > 电力平均二氧化碳排放因子 > 省级电力平均二氧化碳排放因子,省级电力平均二氧化碳排放因子,北京,0.5554,2023年因子 (kgCO₂/kWh),"本土化数据，数据来源于生态环境部、国家统计局《关于发布2023年电力二氧化碳排放因子的公告》（公告2025年第47号）
"
采矿业 > 煤炭生产企业 > 净购入电力与热力 > 电力消费 > 电力平均二氧化碳排放因子 > 省级电力平均二氧化碳排放因子,省级电力平均二氧化碳排放因子,天津,0.6796,2023年因子 (kgCO₂/kWh),"本土化数据，数据来源于生态环境部、国家统计局《关于发布2023年电力二氧化碳排放因子的公告》（公告2025年第47号）
"
采矿业 > 煤炭生产企业 > 净购入电力与热力 > 电力消费 > 电力平均二氧化碳排放因子 > 省级电力平均二氧化碳排放因子,省级电力平均二氧化碳排放因子,河北,0.6516,2023年因子 (kgCO₂/kWh),"本土化数据，数据来源于生态环境部、国家统计局《关于发布2023年电力二氧化碳排放因子的公告》（公告2025年第47号）
"
采矿业 > 煤炭生产企业 > 净购入电力与热力 > 电力消费 > 电力平均二氧化碳排放因子 > 省级电力平均二氧化碳排放因子,省级电力平均二氧化碳排放因子,山西,0.6634,2023年因子 (kgCO₂/kWh),"生态环境部、国家统计局《关于发布2023年电力二氧化碳排放因子的公告》（公告2025年第47号）
"
采矿业 > 煤炭生产企业 > 净购入电力与热力 > 电力消费 > 电力平均二氧化碳排放因子 > 省级电力平均二氧化碳排放因子,省级电力平均二氧化碳排放因子,内蒙古,0.6479,2023年因子 (kgCO₂/kWh),"本土化数据，数据来源于生态环境部、国家统计局《关于发布2023年电力二氧化碳排放因子的公告》（公告2025年第47号）
"
采矿业 > 煤炭生产企业 > 净购入电力与热力 > 电力消费 > 电力平均二氧化碳排放因子 > 省级电力平均二氧化碳排放因子,省级电力平均二氧化碳排放因子,辽宁,0.4878,2023年因子 (kgCO₂/kWh),"本土化数据，数据来源于生态环境部、国家统计局《关于发布2023年电力二氧化碳排放因子的公告》（公告2025年第47号）
"
采矿业 > 煤炭生产企业 > 净购入电力与热力 > 电力消费 > 电力平均二氧化碳排放因子 > 省级电力平均二氧化碳排放因子,省级电力平均二氧化碳排放因子,吉林,0.4671,2023年因子 (kgCO₂/kWh),"本土化数据，数据来源于生态环境部、国家统计局《关于发布2023年电力二氧化碳排放因子的公告》（公告2025年第47号）
"
采矿业 > 煤炭生产企业 > 净购入电力与热力 > 电力消费 > 电力平均二氧化碳排放因子 > 省级电力平均二氧化碳排放因子,省级电力平均二氧化碳排放因子,黑龙江,0.5229,2023年因子 (kgCO₂/kWh),"本土化数据，数据来源于生态环境部、国家统计局《关于发布2023年电力二氧化碳排放因子的公告》（公告2025年第47号）
"
采矿业 > 煤炭生产企业 > 净购入电力与热力 > 电力消费 > 电力平均二氧化碳排放因子 > 省级电力平均二氧化碳排放因子,省级电力平均二氧化碳排放因子,上海,0.5737,2023年因子 (kgCO₂/kWh),"本土化数据，数据来源于生态环境部、国家统计局《关于发布2023年电力二氧化碳排放因子的公告》（公告2025年第47号）
"
采矿业 > 煤炭生产企业 > 净购入电力与热力 > 电力消费 > 电力平均二氧化碳排放因子 > 省级电力平均二氧化碳排放因子,省级电力平均二氧化碳排放因子,江苏,0.5827,2023年因子 (kgCO₂/kWh),"本土化数据，数据来源于生态环境部、国家统计局《关于发布2023年电力二氧化碳排放因子的公告》（公告2025年第47号）
"
采矿业 > 煤炭生产企业 > 净购入电力与热力 > 电力消费 > 电力平均二氧化碳排放因子 > 省级电力平均二氧化碳排放因子,省级电力平均二氧化碳排放因子,浙江,0.4974,2023年因子 (kgCO₂/kWh),"本土化数据，数据来源于生态环境部、国家统计局《关于发布2023年电力二氧化碳排放因子的公告》（公告2025年第47号）
"
采矿业 > 煤炭生产企业 > 净购入电力与热力 > 电力消费 > 电力平均二氧化碳排放因子 > 省级电力平均二氧化碳排放因子,省级电力平均二氧化碳排放因子,安徽,0.6553,2023年因子 (kgCO₂/kWh),"本土化数据，数据来源于生态环境部、国家统计局《关于发布2023年电力二氧化碳排放因子的公告》（公告2025年第47号）
"
采矿业 > 煤炭生产企业 > 净购入电力与热力 > 电力消费 > 电力平均二氧化碳排放因子 > 省级电力平均二氧化碳排放因子,省级电力平均二氧化碳排放因子,福建,0.4211,2023年因子 (kgCO₂/kWh),"本土化数据，数据来源于生态环境部、国家统计局《关于发布2023年电力二氧化碳排放因子的公告》（公告2025年第47号）
"
采矿业 > 煤炭生产企业 > 净购入电力与热力 > 电力消费 > 电力平均二氧化碳排放因子 > 省级电力平均二氧化碳排放因子,省级电力平均二氧化碳排放因子,江西,0.5836,2023年因子 (kgCO₂/kWh),"本土化数据，数据来源于生态环境部、国家统计局《关于发布2023年电力二氧化碳排放因子的公告》（公告2025年第47号）
"
采矿业 > 煤炭生产企业 > 净购入电力与热力 > 电力消费 > 电力平均二氧化碳排放因子 > 省级电力平均二氧化碳排放因子,省级电力平均二氧化碳排放因子,山东,0.6191,2023年因子 (kgCO₂/kWh),"本土化数据，数据来源于生态环境部、国家统计局《关于发布2023年电力二氧化碳排放因子的公告》（公告2025年第47号）
"
采矿业 > 煤炭生产企业 > 净购入电力与热力 > 电力消费 > 电力平均二氧化碳排放因子 > 省级电力平均二氧化碳排放因子,省级电力平均二氧化碳排放因子,河南,0.5897,2023年因子 (kgCO₂/kWh),"本土化数据，数据来源于生态环境部、国家统计局《关于发布2023年电力二氧化碳排放因子的公告》（公告2025年第47号）
"
采矿业 > 煤炭生产企业 > 净购入电力与热力 > 电力消费 > 电力平均二氧化碳排放因子 > 省级电力平均二氧化碳排放因子,省级电力平均二氧化碳排放因子,湖北,0.4044,2023年因子 (kgCO₂/kWh),"本土化数据，数据来源于生态环境部、国家统计局《关于发布2023年电力二氧化碳排放因子的公告》（公告2025年第47号）
"
采矿业 > 煤炭生产企业 > 净购入电力与热力 > 电力消费 > 电力平均二氧化碳排放因子 > 省级电力平均二氧化碳排放因子,省级电力平均二氧化碳排放因子,湖南,0.4976,2023年因子 (kgCO₂/kWh),"本土化数据，数据来源于生态环境部、国家统计局《关于发布2023年电力二氧化碳排放因子的公告》（公告2025年第47号）
"
采矿业 > 煤炭生产企业 > 净购入电力与热力 > 电力消费 > 电力平均二氧化碳排放因子 > 省级电力平均二氧化碳排放因子,省级电力平均二氧化碳排放因子,广东,0.4419,2023年因子 (kgCO₂/kWh),"本土化数据，数据来源于生态环境部、国家统计局《关于发布2023年电力二氧化碳排放因子的公告》（公告2025年第47号）
"
采矿业 > 煤炭生产企业 > 净购入电力与热力 > 电力消费 > 电力平均二氧化碳排放因子 > 省级电力平均二氧化碳排放因子,省级电力平均二氧化碳排放因子,广西,0.4476,2023年因子 (kgCO₂/kWh),"本土化数据，数据来源于生态环境部、国家统计局《关于发布2023年电力二氧化碳排放因子的公告》（公告2025年第47号）
"
采矿业 > 煤炭生产企业 > 净购入电力与热力 > 电力消费 > 电力平均二氧化碳排放因子 > 省级电力平均二氧化碳排放因子,省级电力平均二氧化碳排放因子,海南,0.3648,2023年因子 (kgCO₂/kWh),"生态环境部、国家统计局《关于发布2023年电力二氧化碳排放因子的公告》（公告2025年第47号）
"
采矿业 > 煤炭生产企业 > 净购入电力与热力 > 电力消费 > 电力平均二氧化碳排放因子 > 省级电力平均二氧化碳排放因子,省级电力平均二氧化碳排放因子,重庆,0.5581,2023年因子 (kgCO₂/kWh),"本土化数据，数据来源于生态环境部、国家统计局《关于发布2023年电力二氧化碳排放因子的公告》（公告2025年第47号）
"
采矿业 > 煤炭生产企业 > 净购入电力与热力 > 电力消费 > 电力平均二氧化碳排放因子 > 省级电力平均二氧化碳排放因子,省级电力平均二氧化碳排放因子,四川,0.1564,2023年因子 (kgCO₂/kWh),"本土化数据，数据来源于生态环境部、国家统计局《关于发布2023年电力二氧化碳排放因子的公告》（公告2025年第47号）
"
采矿业 > 煤炭生产企业 > 净购入电力与热力 > 电力消费 > 电力平均二氧化碳排放因子 > 省级电力平均二氧化碳排放因子,省级电力平均二氧化碳排放因子,贵州,0.5683,2023年因子 (kgCO₂/kWh),"本土化数据，数据来源于生态环境部、国家统计局《关于发布2023年电力二氧化碳排放因子的公告》（公告2025年第47号）
"
采矿业 > 煤炭生产企业 > 净购入电力与热力 > 电力消费 > 电力平均二氧化碳排放因子 > 省级电力平均二氧化碳排放因子,省级电力平均二氧化碳排放因子,云南,0.1333,2023年因子 (kgCO₂/kWh),"本土化数据，数据来源于生态环境部、国家统计局《关于发布2023年电力二氧化碳排放因子的公告》（公告2025年第47号）
"
采矿业 > 煤炭生产企业 > 净购入电力与热力 > 电力消费 > 电力平均二氧化碳排放因子 > 省级电力平均二氧化碳排放因子,省级电力平均二氧化碳排放因子,陕西,0.6335,2023年因子 (kgCO₂/kWh),"本土化数据，数据来源于生态环境部、国家统计局《关于发布2023年电力二氧化碳排放因子的公告》（公告2025年第47号）
"
采矿业 > 煤炭生产企业 > 净购入电力与热力 > 电力消费 > 电力平均二氧化碳排放因子 > 省级电力平均二氧化碳排放因子,省级电力平均二氧化碳排放因子,甘肃,0.4471,2023年因子 (kgCO₂/kWh),"本土化数据，数据来源于生态环境部、国家统计局《关于发布2023年电力二氧化碳排放因子的公告》（公告2025年第47号）
"
采矿业 > 煤炭生产企业 > 净购入电力与热力 > 电力消费 > 电力平均二氧化碳排放因子 > 省级电力平均二氧化碳排放因子,省级电力平均二氧化碳排放因子,青海,0.1796,2023年因子 (kgCO₂/kWh),"本土化数据，数据来源于生态环境部、国家统计局《关于发布2023年电力二氧化碳排放因子的公告》（公告2025年第47号）
"
采矿业 > 煤炭生产企业 > 净购入电力与热力 > 电力消费 > 电力平均二氧化碳排放因子 > 省级电力平均二氧化碳排放因子,省级电力平均二氧化碳排放因子,宁夏,0.6187,2023年因子 (kgCO₂/kWh),"本土化数据，数据来源于生态环境部、国家统计局《关于发布2023年电力二氧化碳排放因子的公告》（公告2025年第47号）
"
采矿业 > 煤炭生产企业 > 净购入电力与热力 > 电力消费 > 电力平均二氧化碳排放因子 > 省级电力平均二氧化碳排放因子,省级电力平均二氧化碳排放因子,新疆,0.6021,2023年因子 (kgCO₂/kWh),"本土化数据，数据来源于生态环境部、国家统计局《关于发布2023年电力二氧化碳排放因子的公告》（公告2025年第47号）
"
采矿业 > 煤炭生产企业 > 净购入电力与热力 > 电力消费 > 电力平均二氧化碳排放因子（不包括市场化交易的非化石能源电量） > 全国电力平均二氧化碳排放因子（不包括市场化交易的非化石能源电量）,全国电力平均二氧化碳排放因子（不包括市场化交易的非化石能源电量）,全国,0.6096,2023年因子 (kgCO₂/kWh),"本土化数据，数据来源于生态环境部、国家统计局《关于发布2023年电力二氧化碳排放因子的公告》（公告2025年第47号）
"
采矿业 > 煤炭生产企业 > 净购入电力与热力 > 电力消费 > 化石能源电力二氧化碳排放因子 > 全国化石能源电力二氧化碳排放因子,全国化石能源电力二氧化碳排放因子,全国,0.8273,2023年因子 (kgCO₂/kWh),"本土化数据，数据来源于生态环境部、国家统计局《关于发布2023年电力二氧化碳排放因子的公告》（公告2025年第47号）
"
采矿业 > 石油天然气生产企业 > 燃料燃烧 > 化石燃料燃烧 > 煤炭 > 二氧化碳,二氧化碳,无烟煤,98.3,因子  (tCO₂/TJ),"数据来源于《2006年IPCC清单指南》
"
采矿业 > 石油天然气生产企业 > 燃料燃烧 > 化石燃料燃烧 > 煤炭 > 二氧化碳,二氧化碳,炼焦烟煤,94.6,因子  (tCO₂/TJ),数据来源于《2006年IPCC清单指南》
采矿业 > 石油天然气生产企业 > 燃料燃烧 > 化石燃料燃烧 > 煤炭 > 二氧化碳,二氧化碳,一般烟煤,94.6,因子  (tCO₂/TJ),数据来源于《2006年IPCC清单指南》
采矿业 > 石油天然气生产企业 > 燃料燃烧 > 化石燃料燃烧 > 煤炭 > 二氧化碳,二氧化碳,褐煤,101.2,因子  (tCO₂/TJ),数据来源于《2006年IPCC清单指南》
采矿业 > 石油天然气生产企业 > 燃料燃烧 > 化石燃料燃烧 > 煤炭 > 二氧化碳,二氧化碳,煤制品,97.5,因子  (tCO₂/TJ),数据来源于《2006年IPCC清单指南》
采矿业 > 石油天然气生产企业 > 燃料燃烧 > 化石燃料燃烧 > 煤炭 > 二氧化碳,二氧化碳,焦炭,107.1,因子  (tCO₂/TJ),数据来源于《2006年IPCC清单指南》
采矿业 > 石油天然气生产企业 > 燃料燃烧 > 化石燃料燃烧 > 煤炭 > 二氧化碳,二氧化碳,焦炉煤气,44.4,因子  (tCO₂/TJ),数据来源于《2006年IPCC清单指南》
采矿业 > 石油天然气生产企业 > 燃料燃烧 > 化石燃料燃烧 > 煤炭 > 二氧化碳,二氧化碳,高炉煤气,259.6,因子  (tCO₂/TJ),数据来源于《2006年IPCC清单指南》
采矿业 > 石油天然气生产企业 > 燃料燃烧 > 化石燃料燃烧 > 煤炭 > 二氧化碳,二氧化碳,转炉煤气,181.9,因子  (tCO₂/TJ),数据来源于《2006年IPCC清单指南》
采矿业 > 石油天然气生产企业 > 燃料燃烧 > 化石燃料燃烧 > 煤炭 > 二氧化碳,二氧化碳,其他煤气,44.4,因子  (tCO₂/TJ),数据来源于《2006年IPCC清单指南》
采矿业 > 石油天然气生产企业 > 燃料燃烧 > 化石燃料燃烧 > 煤炭 > 甲烷,甲烷,无烟煤,1,因子 (kgCH₄/TJ),数据来源于《2006年IPCC清单指南》
采矿业 > 石油天然气生产企业 > 燃料燃烧 > 化石燃料燃烧 > 煤炭 > 甲烷,甲烷,炼焦烟煤,1,因子 (kgCH₄/TJ),数据来源于《2006年IPCC清单指南》
采矿业 > 石油天然气生产企业 > 燃料燃烧 > 化石燃料燃烧 > 煤炭 > 甲烷,甲烷,一般烟煤,1,因子 (kgCH₄/TJ),数据来源于《2006年IPCC清单指南》
采矿业 > 石油天然气生产企业 > 燃料燃烧 > 化石燃料燃烧 > 煤炭 > 甲烷,甲烷,褐煤,1,因子 (kgCH₄/TJ),数据来源于《2006年IPCC清单指南》
采矿业 > 石油天然气生产企业 > 燃料燃烧 > 化石燃料燃烧 > 煤炭 > 甲烷,甲烷,煤制品,1,因子 (kgCH₄/TJ),数据来源于《2006年IPCC清单指南》
采矿业 > 石油天然气生产企业 > 燃料燃烧 > 化石燃料燃烧 > 煤炭 > 甲烷,甲烷,焦炭,1,因子 (kgCH₄/TJ),数据来源于《2006年IPCC清单指南》
采矿业 > 石油天然气生产企业 > 燃料燃烧 > 化石燃料燃烧 > 煤炭 > 甲烷,甲烷,焦炉煤气,1,因子 (kgCH₄/TJ),数据来源于《2006年IPCC清单指南》
采矿业 > 石油天然气生产企业 > 燃料燃烧 > 化石燃料燃烧 > 煤炭 > 甲烷,甲烷,高炉煤气,1,因子 (kgCH₄/TJ),数据来源于《2006年IPCC清单指南》
采矿业 > 石油天然气生产企业 > 燃料燃烧 > 化石燃料燃烧 > 煤炭 > 甲烷,甲烷,转炉煤气,1,因子 (kgCH₄/TJ),数据来源于《2006年IPCC清单指南》
采矿业 > 石油天然气生产企业 > 燃料燃烧 > 化石燃料燃烧 > 煤炭 > 甲烷,甲烷,其他煤气,1,因子 (kgCH₄/TJ),数据来源于《2006年IPCC清单指南》
采矿业 > 石油天然气生产企业 > 燃料燃烧 > 化石燃料燃烧 > 煤炭 > 氧化亚氮,氧化亚氮,无烟煤,1.5,因子 (kgN₂O/TJ),数据来源于《2006年IPCC清单指南》
采矿业 > 石油天然气生产企业 > 燃料燃烧 > 化石燃料燃烧 > 煤炭 > 氧化亚氮,氧化亚氮,炼焦烟煤,1.5,因子 (kgN₂O/TJ),数据来源于《2006年IPCC清单指南》
采矿业 > 石油天然气生产企业 > 燃料燃烧 > 化石燃料燃烧 > 煤炭 > 氧化亚氮,氧化亚氮,一般烟煤,1.5,因子 (kgN₂O/TJ),数据来源于《2006年IPCC清单指南》
采矿业 > 石油天然气生产企业 > 燃料燃烧 > 化石燃料燃烧 > 煤炭 > 氧化亚氮,氧化亚氮,褐煤,1.5,因子 (kgN₂O/TJ),数据来源于《2006年IPCC清单指南》
采矿业 > 石油天然气生产企业 > 燃料燃烧 > 化石燃料燃烧 > 煤炭 > 氧化亚氮,氧化亚氮,煤制品,1.5,因子 (kgN₂O/TJ),数据来源于《2006年IPCC清单指南》
采矿业 > 石油天然气生产企业 > 燃料燃烧 > 化石燃料燃烧 > 煤炭 > 氧化亚氮,氧化亚氮,焦炭,1.5,因子 (kgN₂O/TJ),数据来源于《2006年IPCC清单指南》
采矿业 > 石油天然气生产企业 > 燃料燃烧 > 化石燃料燃烧 > 煤炭 > 氧化亚氮,氧化亚氮,焦炉煤气,0.1,因子 (kgN₂O/TJ),数据来源于《2006年IPCC清单指南》
采矿业 > 石油天然气生产企业 > 燃料燃烧 > 化石燃料燃烧 > 煤炭 > 氧化亚氮,氧化亚氮,高炉煤气,0.1,因子 (kgN₂O/TJ),数据来源于《2006年IPCC清单指南》
采矿业 > 石油天然气生产企业 > 燃料燃烧 > 化石燃料燃烧 > 煤炭 > 氧化亚氮,氧化亚氮,转炉煤气,0.1,因子 (kgN₂O/TJ),数据来源于《2006年IPCC清单指南》
采矿业 > 石油天然气生产企业 > 燃料燃烧 > 化石燃料燃烧 > 煤炭 > 氧化亚氮,氧化亚氮,其他煤气,0.1,因子 (kgN₂O/TJ),数据来源于《2006年IPCC清单指南》
采矿业 > 石油天然气生产企业 > 燃料燃烧 > 化石燃料燃烧 > 石油 > 二氧化碳,二氧化碳,原油,73.3,因子  (tCO₂/TJ),数据来源于《2006年IPCC清单指南》
采矿业 > 石油天然气生产企业 > 燃料燃烧 > 化石燃料燃烧 > 石油 > 二氧化碳,二氧化碳,汽油,69.3,因子  (tCO₂/TJ),数据来源于《2006年IPCC清单指南》
采矿业 > 石油天然气生产企业 > 燃料燃烧 > 化石燃料燃烧 > 石油 > 二氧化碳,二氧化碳,煤油,71.9,因子  (tCO₂/TJ),数据来源于《2006年IPCC清单指南》
采矿业 > 石油天然气生产企业 > 燃料燃烧 > 化石燃料燃烧 > 石油 > 二氧化碳,二氧化碳,柴油,74.1,因子  (tCO₂/TJ),数据来源于《2006年IPCC清单指南》
采矿业 > 石油天然气生产企业 > 燃料燃烧 > 化石燃料燃烧 > 石油 > 二氧化碳,二氧化碳,燃料油,77.4,因子  (tCO₂/TJ),数据来源于《2006年IPCC清单指南》
采矿业 > 石油天然气生产企业 > 燃料燃烧 > 化石燃料燃烧 > 石油 > 二氧化碳,二氧化碳,石脑油,73.3,因子  (tCO₂/TJ),数据来源于《2006年IPCC清单指南》
采矿业 > 石油天然气生产企业 > 燃料燃烧 > 化石燃料燃烧 > 石油 > 二氧化碳,二氧化碳,润滑油,73.3,因子  (tCO₂/TJ),数据来源于《2006年IPCC清单指南》
采矿业 > 石油天然气生产企业 > 燃料燃烧 > 化石燃料燃烧 > 石油 > 二氧化碳,二氧化碳,石蜡,73.3,因子  (tCO₂/TJ),数据来源于《2006年IPCC清单指南》
采矿业 > 石油天然气生产企业 > 燃料燃烧 > 化石燃料燃烧 > 石油 > 二氧化碳,二氧化碳,溶剂油,73.3,因子  (tCO₂/TJ),数据来源于《2006年IPCC清单指南》
采矿业 > 石油天然气生产企业 > 燃料燃烧 > 化石燃料燃烧 > 石油 > 二氧化碳,二氧化碳,石油沥青,80.7,因子  (tCO₂/TJ),数据来源于《2006年IPCC清单指南》
采矿业 > 石油天然气生产企业 > 燃料燃烧 > 化石燃料燃烧 > 石油 > 二氧化碳,二氧化碳,石油焦,97.5,因子  (tCO₂/TJ),数据来源于《2006年IPCC清单指南》
采矿业 > 石油天然气生产企业 > 燃料燃烧 > 化石燃料燃烧 > 石油 > 二氧化碳,二氧化碳,液化石油气,63.1,因子  (tCO₂/TJ),数据来源于《2006年IPCC清单指南》
采矿业 > 石油天然气生产企业 > 燃料燃烧 > 化石燃料燃烧 > 石油 > 二氧化碳,二氧化碳,炼厂干气,57.6,因子  (tCO₂/TJ),数据来源于《2006年IPCC清单指南》
采矿业 > 石油天然气生产企业 > 燃料燃烧 > 化石燃料燃烧 > 石油 > 二氧化碳,二氧化碳,其他石油制品,73.3,因子  (tCO₂/TJ),数据来源于《2006年IPCC清单指南》
采矿业 > 石油天然气生产企业 > 燃料燃烧 > 化石燃料燃烧 > 石油 > 甲烷,甲烷,原油,3,因子 (kgCH₄/TJ),数据来源于《2006年IPCC清单指南》
采矿业 > 石油天然气生产企业 > 燃料燃烧 > 化石燃料燃烧 > 石油 > 甲烷,甲烷,汽油,3,因子 (kgCH₄/TJ),数据来源于《2006年IPCC清单指南》
采矿业 > 石油天然气生产企业 > 燃料燃烧 > 化石燃料燃烧 > 石油 > 甲烷,甲烷,煤油,3,因子 (kgCH₄/TJ),数据来源于《2006年IPCC清单指南》
采矿业 > 石油天然气生产企业 > 燃料燃烧 > 化石燃料燃烧 > 石油 > 甲烷,甲烷,柴油,3,因子 (kgCH₄/TJ),数据来源于《2006年IPCC清单指南》
采矿业 > 石油天然气生产企业 > 燃料燃烧 > 化石燃料燃烧 > 石油 > 甲烷,甲烷,燃料油,3,因子 (kgCH₄/TJ),数据来源于《2006年IPCC清单指南》
采矿业 > 石油天然气生产企业 > 燃料燃烧 > 化石燃料燃烧 > 石油 > 甲烷,甲烷,石脑油,3,因子 (kgCH₄/TJ),数据来源于《2006年IPCC清单指南》
采矿业 > 石油天然气生产企业 > 燃料燃烧 > 化石燃料燃烧 > 石油 > 甲烷,甲烷,润滑油,3,因子 (kgCH₄/TJ),数据来源于《2006年IPCC清单指南》
采矿业 > 石油天然气生产企业 > 燃料燃烧 > 化石燃料燃烧 > 石油 > 甲烷,甲烷,石蜡,3,因子 (kgCH₄/TJ),数据来源于《2006年IPCC清单指南》
采矿业 > 石油天然气生产企业 > 燃料燃烧 > 化石燃料燃烧 > 石油 > 甲烷,甲烷,溶剂油,3,因子 (kgCH₄/TJ),数据来源于《2006年IPCC清单指南》
采矿业 > 石油天然气生产企业 > 燃料燃烧 > 化石燃料燃烧 > 石油 > 甲烷,甲烷,石油沥青,3,因子 (kgCH₄/TJ),数据来源于《2006年IPCC清单指南》
采矿业 > 石油天然气生产企业 > 燃料燃烧 > 化石燃料燃烧 > 石油 > 甲烷,甲烷,石油焦,3,因子 (kgCH₄/TJ),数据来源于《2006年IPCC清单指南》
采矿业 > 石油天然气生产企业 > 燃料燃烧 > 化石燃料燃烧 > 石油 > 甲烷,甲烷,液化石油气,1,因子 (kgCH₄/TJ),数据来源于《2006年IPCC清单指南》
采矿业 > 石油天然气生产企业 > 燃料燃烧 > 化石燃料燃烧 > 石油 > 甲烷,甲烷,炼厂干气,1,因子 (kgCH₄/TJ),数据来源于《2006年IPCC清单指南》
采矿业 > 石油天然气生产企业 > 燃料燃烧 > 化石燃料燃烧 > 石油 > 甲烷,甲烷,其他石油制品,3,因子 (kgCH₄/TJ),数据来源于《2006年IPCC清单指南》
采矿业 > 石油天然气生产企业 > 燃料燃烧 > 化石燃料燃烧 > 石油 > 氧化亚氮,氧化亚氮,原油,0.6,因子 (kgCH₄/TJ),数据来源于《2006年IPCC清单指南》
采矿业 > 石油天然气生产企业 > 燃料燃烧 > 化石燃料燃烧 > 石油 > 氧化亚氮,氧化亚氮,汽油,0.6,因子 (kgCH₄/TJ),数据来源于《2006年IPCC清单指南》
采矿业 > 石油天然气生产企业 > 燃料燃烧 > 化石燃料燃烧 > 石油 > 氧化亚氮,氧化亚氮,煤油,0.6,因子 (kgCH₄/TJ),数据来源于《2006年IPCC清单指南》
采矿业 > 石油天然气生产企业 > 燃料燃烧 > 化石燃料燃烧 > 石油 > 氧化亚氮,氧化亚氮,柴油,0.6,因子 (kgCH₄/TJ),数据来源于《2006年IPCC清单指南》
采矿业 > 石油天然气生产企业 > 燃料燃烧 > 化石燃料燃烧 > 石油 > 氧化亚氮,氧化亚氮,燃料油,0.6,因子 (kgCH₄/TJ),数据来源于《2006年IPCC清单指南》
采矿业 > 石油天然气生产企业 > 燃料燃烧 > 化石燃料燃烧 > 石油 > 氧化亚氮,氧化亚氮,石脑油,0.6,因子 (kgCH₄/TJ),数据来源于《2006年IPCC清单指南》
采矿业 > 石油天然气生产企业 > 燃料燃烧 > 化石燃料燃烧 > 石油 > 氧化亚氮,氧化亚氮,润滑油,0.6,因子 (kgCH₄/TJ),数据来源于《2006年IPCC清单指南》
采矿业 > 石油天然气生产企业 > 燃料燃烧 > 化石燃料燃烧 > 石油 > 氧化亚氮,氧化亚氮,石蜡,0.6,因子 (kgCH₄/TJ),数据来源于《2006年IPCC清单指南》
采矿业 > 石油天然气生产企业 > 燃料燃烧 > 化石燃料燃烧 > 石油 > 氧化亚氮,氧化亚氮,溶剂油,0.6,因子 (kgCH₄/TJ),数据来源于《2006年IPCC清单指南》
采矿业 > 石油天然气生产企业 > 燃料燃烧 > 化石燃料燃烧 > 石油 > 氧化亚氮,氧化亚氮,石油沥青,0.6,因子 (kgCH₄/TJ),数据来源于《2006年IPCC清单指南》
采矿业 > 石油天然气生产企业 > 燃料燃烧 > 化石燃料燃烧 > 石油 > 氧化亚氮,氧化亚氮,石油焦,0.6,因子 (kgCH₄/TJ),数据来源于《2006年IPCC清单指南》
采矿业 > 石油天然气生产企业 > 燃料燃烧 > 化石燃料燃烧 > 石油 > 氧化亚氮,氧化亚氮,液化石油气,0.1,因子 (kgCH₄/TJ),数据来源于《2006年IPCC清单指南》
采矿业 > 石油天然气生产企业 > 燃料燃烧 > 化石燃料燃烧 > 石油 > 氧化亚氮,氧化亚氮,炼厂干气,0.1,因子 (kgCH₄/TJ),数据来源于《2006年IPCC清单指南》
采矿业 > 石油天然气生产企业 > 燃料燃烧 > 化石燃料燃烧 > 石油 > 氧化亚氮,氧化亚氮,其他石油制品,0.6,因子 (kgCH₄/TJ),数据来源于《2006年IPCC清单指南》
采矿业 > 石油天然气生产企业 > 燃料燃烧 > 化石燃料燃烧 > 天然气 > 二氧化碳 > 天然气,天然气,天然气,57.2,因子  (tCO₂/TJ),本土化数据，油气企业抽样实测数据
采矿业 > 石油天然气生产企业 > 燃料燃烧 > 化石燃料燃烧 > 天然气 > 二氧化碳 > 液化天然气,液化天然气,液化天然气,56.8,因子  (tCO₂/TJ),本土化数据，油气企业抽样实测数据
采矿业 > 石油天然气生产企业 > 燃料燃烧 > 化石燃料燃烧 > 天然气 > 甲烷,甲烷,天然气,1,因子 (kgCH₄/TJ),数据来源于《2006年IPCC清单指南》
采矿业 > 石油天然气生产企业 > 燃料燃烧 > 化石燃料燃烧 > 天然气 > 氧化亚氮,氧化亚氮,天然气,0.1,因子 (kgN₂O/TJ),数据来源于《2006年IPCC清单指南》
采矿业 > 石油天然气生产企业 > 燃料燃烧 > 生物质燃料燃烧 > 二氧化碳,二氧化碳,农业废弃物,100000,因子  (kgCO₂/TJ),数据来源于《2006年IPCC清单指南》
采矿业 > 石油天然气生产企业 > 燃料燃烧 > 生物质燃料燃烧 > 二氧化碳,二氧化碳,薪柴,112000,因子  (kgCO₂/TJ),数据来源于《2006年IPCC清单指南》
采矿业 > 石油天然气生产企业 > 燃料燃烧 > 生物质燃料燃烧 > 二氧化碳,二氧化碳,木炭,112000,因子  (kgCO₂/TJ),数据来源于《2006年IPCC清单指南》
采矿业 > 石油天然气生产企业 > 燃料燃烧 > 生物质燃料燃烧 > 二氧化碳,二氧化碳,动物粪便,100000,因子  (kgCO₂/TJ),数据来源于《2006年IPCC清单指南》
采矿业 > 石油天然气生产企业 > 燃料燃烧 > 生物质燃料燃烧 > 二氧化碳,二氧化碳,沼气,54600,因子  (kgCO₂/TJ),数据来源于《2006年IPCC清单指南》
采矿业 > 石油天然气生产企业 > 燃料燃烧 > 生物质燃料燃烧 > 二氧化碳,二氧化碳,其他生物气体,54600,因子  (kgCO₂/TJ),数据来源于《2006年IPCC清单指南》
采矿业 > 石油天然气生产企业 > 燃料燃烧 > 生物质燃料燃烧 > 二氧化碳,二氧化碳,城市生活垃圾(生物成因),100000,因子  (kgCO₂/TJ),数据来源于《2006年IPCC清单指南》
采矿业 > 石油天然气生产企业 > 燃料燃烧 > 生物质燃料燃烧 > 二氧化碳,二氧化碳,生物汽油,70800,因子  (kgCO₂/TJ),数据来源于《2006年IPCC清单指南》
采矿业 > 石油天然气生产企业 > 燃料燃烧 > 生物质燃料燃烧 > 二氧化碳,二氧化碳,生物柴油,70800,因子  (kgCO₂/TJ),数据来源于《2006年IPCC清单指南》
采矿业 > 石油天然气生产企业 > 燃料燃烧 > 生物质燃料燃烧 > 二氧化碳,二氧化碳,其他液体生物质燃料,79600,因子  (kgCO₂/TJ),数据来源于《2006年IPCC清单指南》
采矿业 > 石油天然气生产企业 > 逸散 > 天然气系统 > 生产和集输,生产和集输,集气站(陆上),1.29,甲烷无组织排放因子 (tCH₄/Station),本土化数据，油气企业抽样实测数据
采矿业 > 石油天然气生产企业 > 逸散 > 天然气系统 > 生产和集输,生产和集输,增压站(陆上),2.20,甲烷无组织排放因子 (tCH₄/Station),本土化数据，油气企业抽样实测数据
采矿业 > 石油天然气生产企业 > 逸散 > 天然气系统 > 生产和集输,生产和集输,井口装置(中浅层煤层气),0.20,甲烷无组织排放因子 (tCH₄/Station),本土化数据，油气企业抽样实测数据
采矿业 > 石油天然气生产企业 > 逸散 > 天然气系统 > 生产和集输,生产和集输,井口装置(海上),0.03,甲烷无组织排放因子 (tCH₄/Station),本土化数据，油气企业抽样实测数据
采矿业 > 石油天然气生产企业 > 逸散 > 天然气系统 > 生产和集输,生产和集输,井口平台/中心平台(海上),0.53,甲烷无组织排放因子 (tCH₄/Station),本土化数据，油气企业抽样实测数据
采矿业 > 石油天然气生产企业 > 逸散 > 天然气系统 > 生产和集输,生产和集输,陆地终端,1.20,甲烷无组织排放因子 (tCH₄/Station),本土化数据，油气企业抽样实测数据
采矿业 > 石油天然气生产企业 > 逸散 > 天然气系统 > 处理,处理,天然气处理(陆上),2.27,甲烷无组织排放因子 (tCH₄/10⁸Nm³),本土化数据，油气企业抽样实测数据
采矿业 > 石油天然气生产企业 > 逸散 > 天然气系统 > 输送和储存,输送和储存,压气站-阀门,0.49,甲烷无组织排放因子 (kgCH₄/Component),本土化数据，油气企业抽样实测数据
采矿业 > 石油天然气生产企业 > 逸散 > 天然气系统 > 输送和储存,输送和储存,压气站-法兰,0.13,甲烷无组织排放因子 (kgCH₄/Component),本土化数据，油气企业抽样实测数据
采矿业 > 石油天然气生产企业 > 逸散 > 天然气系统 > 输送和储存,输送和储存,压气站-开口管线,6.13,甲烷无组织排放因子 (kgCH₄/Component),本土化数据，油气企业抽样实测数据
采矿业 > 石油天然气生产企业 > 逸散 > 天然气系统 > 输送和储存,输送和储存,压气站-连接件,0.25,甲烷无组织排放因子 (kgCH₄/Component),本土化数据，油气企业抽样实测数据
采矿业 > 石油天然气生产企业 > 逸散 > 天然气系统 > 输送和储存,输送和储存,压气站-泄压设备,0.09,甲烷无组织排放因子 (kgCH₄/Component),本土化数据，油气企业抽样实测数据
采矿业 > 石油天然气生产企业 > 净购入电力与热力 > 电力消费 > 电力平均二氧化碳排放因子 > 全国电力平均二氧化碳排放因子,全国电力平均二氧化碳排放因子,全国,0.5306,2023年因子 (kgCO₂/kWh),本土化数据，数据来源于生态环境部、国家统计局《关于发布2023年电力二氧化碳排放因子的公告》（公告2025年第47号）
采矿业 > 石油天然气生产企业 > 净购入电力与热力 > 电力消费 > 电力平均二氧化碳排放因子 > 区域电力平均二氧化碳排放因子,区域电力平均二氧化碳排放因子,华北,0.6361,2023年因子 (kgCO₂/kWh),本土化数据，数据来源于生态环境部、国家统计局《关于发布2023年电力二氧化碳排放因子的公告》（公告2025年第47号）
采矿业 > 石油天然气生产企业 > 净购入电力与热力 > 电力消费 > 电力平均二氧化碳排放因子 > 区域电力平均二氧化碳排放因子,区域电力平均二氧化碳排放因子,东北,0.5122,2023年因子 (kgCO₂/kWh),本土化数据，数据来源于生态环境部、国家统计局《关于发布2023年电力二氧化碳排放因子的公告》（公告2025年第47号）
采矿业 > 石油天然气生产企业 > 净购入电力与热力 > 电力消费 > 电力平均二氧化碳排放因子 > 区域电力平均二氧化碳排放因子,区域电力平均二氧化碳排放因子,华东,0.55,2023年因子 (kgCO₂/kWh),本土化数据，数据来源于生态环境部、国家统计局《关于发布2023年电力二氧化碳排放因子的公告》（公告2025年第47号）
采矿业 > 石油天然气生产企业 > 净购入电力与热力 > 电力消费 > 电力平均二氧化碳排放因子 > 区域电力平均二氧化碳排放因子,区域电力平均二氧化碳排放因子,华中,0.5271,2023年因子 (kgCO₂/kWh),本土化数据，数据来源于生态环境部、国家统计局《关于发布2023年电力二氧化碳排放因子的公告》（公告2025年第47号）
采矿业 > 石油天然气生产企业 > 净购入电力与热力 > 电力消费 > 电力平均二氧化碳排放因子 > 区域电力平均二氧化碳排放因子,区域电力平均二氧化碳排放因子,西北,0.5543,2023年因子 (kgCO₂/kWh),本土化数据，数据来源于生态环境部、国家统计局《关于发布2023年电力二氧化碳排放因子的公告》（公告2025年第47号）
采矿业 > 石油天然气生产企业 > 净购入电力与热力 > 电力消费 > 电力平均二氧化碳排放因子 > 区域电力平均二氧化碳排放因子,区域电力平均二氧化碳排放因子,南方,0.4042,2023年因子 (kgCO₂/kWh),本土化数据，数据来源于生态环境部、国家统计局《关于发布2023年电力二氧化碳排放因子的公告》（公告2025年第47号）
采矿业 > 石油天然气生产企业 > 净购入电力与热力 > 电力消费 > 电力平均二氧化碳排放因子 > 区域电力平均二氧化碳排放因子,区域电力平均二氧化碳排放因子,西南,0.2472,2023年因子 (kgCO₂/kWh),本土化数据，数据来源于生态环境部、国家统计局《关于发布2023年电力二氧化碳排放因子的公告》（公告2025年第47号）
采矿业 > 石油天然气生产企业 > 净购入电力与热力 > 电力消费 > 电力平均二氧化碳排放因子 > 省级电力平均二氧化碳排放因子,省级电力平均二氧化碳排放因子,北京,0.5554,2023年因子 (kgCO₂/kWh),本土化数据，数据来源于生态环境部、国家统计局《关于发布2023年电力二氧化碳排放因子的公告》（公告2025年第47号）
采矿业 > 石油天然气生产企业 > 净购入电力与热力 > 电力消费 > 电力平均二氧化碳排放因子 > 省级电力平均二氧化碳排放因子,省级电力平均二氧化碳排放因子,天津,0.6796,2023年因子 (kgCO₂/kWh),本土化数据，数据来源于生态环境部、国家统计局《关于发布2023年电力二氧化碳排放因子的公告》（公告2025年第47号）
采矿业 > 石油天然气生产企业 > 净购入电力与热力 > 电力消费 > 电力平均二氧化碳排放因子 > 省级电力平均二氧化碳排放因子,省级电力平均二氧化碳排放因子,河北,0.6516,2023年因子 (kgCO₂/kWh),本土化数据，数据来源于生态环境部、国家统计局《关于发布2023年电力二氧化碳排放因子的公告》（公告2025年第47号）
采矿业 > 石油天然气生产企业 > 净购入电力与热力 > 电力消费 > 电力平均二氧化碳排放因子 > 省级电力平均二氧化碳排放因子,省级电力平均二氧化碳排放因子,山西,0.6634,2023年因子 (kgCO₂/kWh),本土化数据，数据来源于生态环境部、国家统计局《关于发布2023年电力二氧化碳排放因子的公告》（公告2025年第47号）
采矿业 > 石油天然气生产企业 > 净购入电力与热力 > 电力消费 > 电力平均二氧化碳排放因子 > 省级电力平均二氧化碳排放因子,省级电力平均二氧化碳排放因子,内蒙古,0.6479,2023年因子 (kgCO₂/kWh),本土化数据，数据来源于生态环境部、国家统计局《关于发布2023年电力二氧化碳排放因子的公告》（公告2025年第47号）
采矿业 > 石油天然气生产企业 > 净购入电力与热力 > 电力消费 > 电力平均二氧化碳排放因子 > 省级电力平均二氧化碳排放因子,省级电力平均二氧化碳排放因子,辽宁,0.4878,2023年因子 (kgCO₂/kWh),本土化数据，数据来源于生态环境部、国家统计局《关于发布2023年电力二氧化碳排放因子的公告》（公告2025年第47号）
采矿业 > 石油天然气生产企业 > 净购入电力与热力 > 电力消费 > 电力平均二氧化碳排放因子 > 省级电力平均二氧化碳排放因子,省级电力平均二氧化碳排放因子,吉林,0.4671,2023年因子 (kgCO₂/kWh),本土化数据，数据来源于生态环境部、国家统计局《关于发布2023年电力二氧化碳排放因子的公告》（公告2025年第47号）
采矿业 > 石油天然气生产企业 > 净购入电力与热力 > 电力消费 > 电力平均二氧化碳排放因子 > 省级电力平均二氧化碳排放因子,省级电力平均二氧化碳排放因子,黑龙江,0.5229,2023年因子 (kgCO₂/kWh),本土化数据，数据来源于生态环境部、国家统计局《关于发布2023年电力二氧化碳排放因子的公告》（公告2025年第47号）
采矿业 > 石油天然气生产企业 > 净购入电力与热力 > 电力消费 > 电力平均二氧化碳排放因子 > 省级电力平均二氧化碳排放因子,省级电力平均二氧化碳排放因子,上海,0.5737,2023年因子 (kgCO₂/kWh),本土化数据，数据来源于生态环境部、国家统计局《关于发布2023年电力二氧化碳排放因子的公告》（公告2025年第47号）
采矿业 > 石油天然气生产企业 > 净购入电力与热力 > 电力消费 > 电力平均二氧化碳排放因子 > 省级电力平均二氧化碳排放因子,省级电力平均二氧化碳排放因子,江苏,0.5827,2023年因子 (kgCO₂/kWh),本土化数据，数据来源于生态环境部、国家统计局《关于发布2023年电力二氧化碳排放因子的公告》（公告2025年第47号）
采矿业 > 石油天然气生产企业 > 净购入电力与热力 > 电力消费 > 电力平均二氧化碳排放因子 > 省级电力平均二氧化碳排放因子,省级电力平均二氧化碳排放因子,浙江,0.4974,2023年因子 (kgCO₂/kWh),本土化数据，数据来源于生态环境部、国家统计局《关于发布2023年电力二氧化碳排放因子的公告》（公告2025年第47号）
采矿业 > 石油天然气生产企业 > 净购入电力与热力 > 电力消费 > 电力平均二氧化碳排放因子 > 省级电力平均二氧化碳排放因子,省级电力平均二氧化碳排放因子,安徽,0.6553,2023年因子 (kgCO₂/kWh),本土化数据，数据来源于生态环境部、国家统计局《关于发布2023年电力二氧化碳排放因子的公告》（公告2025年第47号）
采矿业 > 石油天然气生产企业 > 净购入电力与热力 > 电力消费 > 电力平均二氧化碳排放因子 > 省级电力平均二氧化碳排放因子,省级电力平均二氧化碳排放因子,福建,0.4211,2023年因子 (kgCO₂/kWh),本土化数据，数据来源于生态环境部、国家统计局《关于发布2023年电力二氧化碳排放因子的公告》（公告2025年第47号）
采矿业 > 石油天然气生产企业 > 净购入电力与热力 > 电力消费 > 电力平均二氧化碳排放因子 > 省级电力平均二氧化碳排放因子,省级电力平均二氧化碳排放因子,江西,0.5836,2023年因子 (kgCO₂/kWh),本土化数据，数据来源于生态环境部、国家统计局《关于发布2023年电力二氧化碳排放因子的公告》（公告2025年第47号）
采矿业 > 石油天然气生产企业 > 净购入电力与热力 > 电力消费 > 电力平均二氧化碳排放因子 > 省级电力平均二氧化碳排放因子,省级电力平均二氧化碳排放因子,山东,0.6191,2023年因子 (kgCO₂/kWh),本土化数据，数据来源于生态环境部、国家统计局《关于发布2023年电力二氧化碳排放因子的公告》（公告2025年第47号）
采矿业 > 石油天然气生产企业 > 净购入电力与热力 > 电力消费 > 电力平均二氧化碳排放因子 > 省级电力平均二氧化碳排放因子,省级电力平均二氧化碳排放因子,河南,0.5897,2023年因子 (kgCO₂/kWh),本土化数据，数据来源于生态环境部、国家统计局《关于发布2023年电力二氧化碳排放因子的公告》（公告2025年第47号）
采矿业 > 石油天然气生产企业 > 净购入电力与热力 > 电力消费 > 电力平均二氧化碳排放因子 > 省级电力平均二氧化碳排放因子,省级电力平均二氧化碳排放因子,湖北,0.4044,2023年因子 (kgCO₂/kWh),本土化数据，数据来源于生态环境部、国家统计局《关于发布2023年电力二氧化碳排放因子的公告》（公告2025年第47号）
采矿业 > 石油天然气生产企业 > 净购入电力与热力 > 电力消费 > 电力平均二氧化碳排放因子 > 省级电力平均二氧化碳排放因子,省级电力平均二氧化碳排放因子,湖南,0.4976,2023年因子 (kgCO₂/kWh),本土化数据，数据来源于生态环境部、国家统计局《关于发布2023年电力二氧化碳排放因子的公告》（公告2025年第47号）
采矿业 > 石油天然气生产企业 > 净购入电力与热力 > 电力消费 > 电力平均二氧化碳排放因子 > 省级电力平均二氧化碳排放因子,省级电力平均二氧化碳排放因子,广东,0.4419,2023年因子 (kgCO₂/kWh),本土化数据，数据来源于生态环境部、国家统计局《关于发布2023年电力二氧化碳排放因子的公告》（公告2025年第47号）
采矿业 > 石油天然气生产企业 > 净购入电力与热力 > 电力消费 > 电力平均二氧化碳排放因子 > 省级电力平均二氧化碳排放因子,省级电力平均二氧化碳排放因子,广西,0.4476,2023年因子 (kgCO₂/kWh),本土化数据，数据来源于生态环境部、国家统计局《关于发布2023年电力二氧化碳排放因子的公告》（公告2025年第47号）
采矿业 > 石油天然气生产企业 > 净购入电力与热力 > 电力消费 > 电力平均二氧化碳排放因子 > 省级电力平均二氧化碳排放因子,省级电力平均二氧化碳排放因子,海南,0.3648,2023年因子 (kgCO₂/kWh),本土化数据，数据来源于生态环境部、国家统计局《关于发布2023年电力二氧化碳排放因子的公告》（公告2025年第47号）
采矿业 > 石油天然气生产企业 > 净购入电力与热力 > 电力消费 > 电力平均二氧化碳排放因子 > 省级电力平均二氧化碳排放因子,省级电力平均二氧化碳排放因子,重庆,0.5581,2023年因子 (kgCO₂/kWh),本土化数据，数据来源于生态环境部、国家统计局《关于发布2023年电力二氧化碳排放因子的公告》（公告2025年第47号）
采矿业 > 石油天然气生产企业 > 净购入电力与热力 > 电力消费 > 电力平均二氧化碳排放因子 > 省级电力平均二氧化碳排放因子,省级电力平均二氧化碳排放因子,四川,0.1564,2023年因子 (kgCO₂/kWh),本土化数据，数据来源于生态环境部、国家统计局《关于发布2023年电力二氧化碳排放因子的公告》（公告2025年第47号）
采矿业 > 石油天然气生产企业 > 净购入电力与热力 > 电力消费 > 电力平均二氧化碳排放因子 > 省级电力平均二氧化碳排放因子,省级电力平均二氧化碳排放因子,贵州,0.5683,2023年因子 (kgCO₂/kWh),本土化数据，数据来源于生态环境部、国家统计局《关于发布2023年电力二氧化碳排放因子的公告》（公告2025年第47号）
采矿业 > 石油天然气生产企业 > 净购入电力与热力 > 电力消费 > 电力平均二氧化碳排放因子 > 省级电力平均二氧化碳排放因子,省级电力平均二氧化碳排放因子,云南,0.1333,2023年因子 (kgCO₂/kWh),本土化数据，数据来源于生态环境部、国家统计局《关于发布2023年电力二氧化碳排放因子的公告》（公告2025年第47号）
采矿业 > 石油天然气生产企业 > 净购入电力与热力 > 电力消费 > 电力平均二氧化碳排放因子 > 省级电力平均二氧化碳排放因子,省级电力平均二氧化碳排放因子,陕西,0.6335,2023年因子 (kgCO₂/kWh),本土化数据，数据来源于生态环境部、国家统计局《关于发布2023年电力二氧化碳排放因子的公告》（公告2025年第47号）
采矿业 > 石油天然气生产企业 > 净购入电力与热力 > 电力消费 > 电力平均二氧化碳排放因子 > 省级电力平均二氧化碳排放因子,省级电力平均二氧化碳排放因子,甘肃,0.4471,2023年因子 (kgCO₂/kWh),本土化数据，数据来源于生态环境部、国家统计局《关于发布2023年电力二氧化碳排放因子的公告》（公告2025年第47号）
采矿业 > 石油天然气生产企业 > 净购入电力与热力 > 电力消费 > 电力平均二氧化碳排放因子 > 省级电力平均二氧化碳排放因子,省级电力平均二氧化碳排放因子,青海,0.1796,2023年因子 (kgCO₂/kWh),本土化数据，数据来源于生态环境部、国家统计局《关于发布2023年电力二氧化碳排放因子的公告》（公告2025年第47号）
采矿业 > 石油天然气生产企业 > 净购入电力与热力 > 电力消费 > 电力平均二氧化碳排放因子 > 省级电力平均二氧化碳排放因子,省级电力平均二氧化碳排放因子,宁夏,0.6187,2023年因子 (kgCO₂/kWh),本土化数据，数据来源于生态环境部、国家统计局《关于发布2023年电力二氧化碳排放因子的公告》（公告2025年第47号）
采矿业 > 石油天然气生产企业 > 净购入电力与热力 > 电力消费 > 电力平均二氧化碳排放因子 > 省级电力平均二氧化碳排放因子,省级电力平均二氧化碳排放因子,新疆,0.6021,2023年因子 (kgCO₂/kWh),本土化数据，数据来源于生态环境部、国家统计局《关于发布2023年电力二氧化碳排放因子的公告》（公告2025年第47号）
采矿业 > 石油天然气生产企业 > 净购入电力与热力 > 电力消费 > 电力平均二氧化碳排放因子（不包括市场化交易的非化石能源电量） > 全国电力平均二氧化碳排放因子（不包括市场化交易的非化石能源电量）,全国电力平均二氧化碳排放因子（不包括市场化交易的非化石能源电量）,全国,0.6096,2023年因子 (kgCO₂/kWh),本土化数据，数据来源于生态环境部、国家统计局《关于发布2023年电力二氧化碳排放因子的公告》（公告2025年第47号）
采矿业 > 石油天然气生产企业 > 净购入电力与热力 > 电力消费 > 化石能源电力二氧化碳排放因子 > 全国化石能源电力二氧化碳排放因子,全国化石能源电力二氧化碳排放因子,全国,0.8273,2023年因子 (kgCO₂/kWh),本土化数据，数据来源于生态环境部、国家统计局《关于发布2023年电力二氧化碳排放因子的公告》（公告2025年第47号）
电力、热力、燃气及水生产和供应业 > 发电企业 > 燃料燃烧 > 化石燃料燃烧 > 煤炭 > 二氧化碳,二氧化碳,电煤,96.2,因子  (tCO₂/TJ),本土化数据，经核查的全国碳排放权交易市场火电企业实测数据
电力、热力、燃气及水生产和供应业 > 发电企业 > 燃料燃烧 > 化石燃料燃烧 > 煤炭 > 二氧化碳,二氧化碳,无烟煤,98.3,因子  (tCO₂/TJ),数据来源于《2006年IPCC清单指南》
电力、热力、燃气及水生产和供应业 > 发电企业 > 燃料燃烧 > 化石燃料燃烧 > 煤炭 > 二氧化碳,二氧化碳,炼焦烟煤,94.6,因子  (tCO₂/TJ),数据来源于《2006年IPCC清单指南》
电力、热力、燃气及水生产和供应业 > 发电企业 > 燃料燃烧 > 化石燃料燃烧 > 煤炭 > 二氧化碳,二氧化碳,一般烟煤,94.6,因子  (tCO₂/TJ),数据来源于《2006年IPCC清单指南》
电力、热力、燃气及水生产和供应业 > 发电企业 > 燃料燃烧 > 化石燃料燃烧 > 煤炭 > 二氧化碳,二氧化碳,褐煤,101.2,因子  (tCO₂/TJ),数据来源于《2006年IPCC清单指南》
电力、热力、燃气及水生产和供应业 > 发电企业 > 燃料燃烧 > 化石燃料燃烧 > 煤炭 > 二氧化碳,二氧化碳,煤制品,97.5,因子  (tCO₂/TJ),数据来源于《2006年IPCC清单指南》
电力、热力、燃气及水生产和供应业 > 发电企业 > 燃料燃烧 > 化石燃料燃烧 > 煤炭 > 二氧化碳,二氧化碳,焦炭,107.1,因子  (tCO₂/TJ),数据来源于《2006年IPCC清单指南》
电力、热力、燃气及水生产和供应业 > 发电企业 > 燃料燃烧 > 化石燃料燃烧 > 煤炭 > 二氧化碳,二氧化碳,焦炉煤气,44.4,因子  (tCO₂/TJ),数据来源于《2006年IPCC清单指南》
电力、热力、燃气及水生产和供应业 > 发电企业 > 燃料燃烧 > 化石燃料燃烧 > 煤炭 > 二氧化碳,二氧化碳,高炉煤气,259.6,因子  (tCO₂/TJ),数据来源于《2006年IPCC清单指南》
电力、热力、燃气及水生产和供应业 > 发电企业 > 燃料燃烧 > 化石燃料燃烧 > 煤炭 > 二氧化碳,二氧化碳,转炉煤气,181.9,因子  (tCO₂/TJ),数据来源于《2006年IPCC清单指南》
电力、热力、燃气及水生产和供应业 > 发电企业 > 燃料燃烧 > 化石燃料燃烧 > 煤炭 > 二氧化碳,二氧化碳,其他煤气,44.4,因子  (tCO₂/TJ),数据来源于《2006年IPCC清单指南》
电力、热力、燃气及水生产和供应业 > 发电企业 > 燃料燃烧 > 化石燃料燃烧 > 煤炭 > 甲烷,甲烷,无烟煤,1,因子 (kgCH₄/TJ),数据来源于《2006年IPCC清单指南》
电力、热力、燃气及水生产和供应业 > 发电企业 > 燃料燃烧 > 化石燃料燃烧 > 煤炭 > 甲烷,甲烷,炼焦烟煤,1,因子 (kgCH₄/TJ),数据来源于《2006年IPCC清单指南》
电力、热力、燃气及水生产和供应业 > 发电企业 > 燃料燃烧 > 化石燃料燃烧 > 煤炭 > 甲烷,甲烷,一般烟煤,1,因子 (kgCH₄/TJ),数据来源于《2006年IPCC清单指南》
电力、热力、燃气及水生产和供应业 > 发电企业 > 燃料燃烧 > 化石燃料燃烧 > 煤炭 > 甲烷,甲烷,褐煤,1,因子 (kgCH₄/TJ),数据来源于《2006年IPCC清单指南》
电力、热力、燃气及水生产和供应业 > 发电企业 > 燃料燃烧 > 化石燃料燃烧 > 煤炭 > 甲烷,甲烷,煤制品,1,因子 (kgCH₄/TJ),数据来源于《2006年IPCC清单指南》
电力、热力、燃气及水生产和供应业 > 发电企业 > 燃料燃烧 > 化石燃料燃烧 > 煤炭 > 甲烷,甲烷,焦炭,1,因子 (kgCH₄/TJ),数据来源于《2006年IPCC清单指南》
电力、热力、燃气及水生产和供应业 > 发电企业 > 燃料燃烧 > 化石燃料燃烧 > 煤炭 > 甲烷,甲烷,焦炉煤气,1,因子 (kgCH₄/TJ),数据来源于《2006年IPCC清单指南》
电力、热力、燃气及水生产和供应业 > 发电企业 > 燃料燃烧 > 化石燃料燃烧 > 煤炭 > 甲烷,甲烷,高炉煤气,1,因子 (kgCH₄/TJ),数据来源于《2006年IPCC清单指南》
电力、热力、燃气及水生产和供应业 > 发电企业 > 燃料燃烧 > 化石燃料燃烧 > 煤炭 > 甲烷,甲烷,转炉煤气,1,因子 (kgCH₄/TJ),数据来源于《2006年IPCC清单指南》
电力、热力、燃气及水生产和供应业 > 发电企业 > 燃料燃烧 > 化石燃料燃烧 > 煤炭 > 甲烷,甲烷,其他煤气,1,因子 (kgCH₄/TJ),数据来源于《2006年IPCC清单指南》
电力、热力、燃气及水生产和供应业 > 发电企业 > 燃料燃烧 > 化石燃料燃烧 > 煤炭 > 氧化亚氮,氧化亚氮,无烟煤,1.5,因子 (kgN₂O/TJ),数据来源于《2006年IPCC清单指南》
电力、热力、燃气及水生产和供应业 > 发电企业 > 燃料燃烧 > 化石燃料燃烧 > 煤炭 > 氧化亚氮,氧化亚氮,炼焦烟煤,1.5,因子 (kgN₂O/TJ),数据来源于《2006年IPCC清单指南》
电力、热力、燃气及水生产和供应业 > 发电企业 > 燃料燃烧 > 化石燃料燃烧 > 煤炭 > 氧化亚氮,氧化亚氮,一般烟煤,1.5,因子 (kgN₂O/TJ),数据来源于《2006年IPCC清单指南》
电力、热力、燃气及水生产和供应业 > 发电企业 > 燃料燃烧 > 化石燃料燃烧 > 煤炭 > 氧化亚氮,氧化亚氮,褐煤,1.5,因子 (kgN₂O/TJ),数据来源于《2006年IPCC清单指南》
电力、热力、燃气及水生产和供应业 > 发电企业 > 燃料燃烧 > 化石燃料燃烧 > 煤炭 > 氧化亚氮,氧化亚氮,煤制品,1.5,因子 (kgN₂O/TJ),数据来源于《2006年IPCC清单指南》
电力、热力、燃气及水生产和供应业 > 发电企业 > 燃料燃烧 > 化石燃料燃烧 > 煤炭 > 氧化亚氮,氧化亚氮,焦炭,1.5,因子 (kgN₂O/TJ),数据来源于《2006年IPCC清单指南》
电力、热力、燃气及水生产和供应业 > 发电企业 > 燃料燃烧 > 化石燃料燃烧 > 煤炭 > 氧化亚氮,氧化亚氮,焦炉煤气,0.1,因子 (kgN₂O/TJ),数据来源于《2006年IPCC清单指南》
电力、热力、燃气及水生产和供应业 > 发电企业 > 燃料燃烧 > 化石燃料燃烧 > 煤炭 > 氧化亚氮,氧化亚氮,高炉煤气,0.1,因子 (kgN₂O/TJ),数据来源于《2006年IPCC清单指南》
电力、热力、燃气及水生产和供应业 > 发电企业 > 燃料燃烧 > 化石燃料燃烧 > 煤炭 > 氧化亚氮,氧化亚氮,转炉煤气,0.1,因子 (kgN₂O/TJ),数据来源于《2006年IPCC清单指南》
电力、热力、燃气及水生产和供应业 > 发电企业 > 燃料燃烧 > 化石燃料燃烧 > 煤炭 > 氧化亚氮,氧化亚氮,其他煤气,0.1,因子 (kgN₂O/TJ),数据来源于《2006年IPCC清单指南》
电力、热力、燃气及水生产和供应业 > 发电企业 > 燃料燃烧 > 化石燃料燃烧 > 石油 > 二氧化碳,二氧化碳,原油,73.3,因子  (tCO₂/TJ),数据来源于《2006年IPCC清单指南》
电力、热力、燃气及水生产和供应业 > 发电企业 > 燃料燃烧 > 化石燃料燃烧 > 石油 > 二氧化碳,二氧化碳,汽油,69.3,因子  (tCO₂/TJ),数据来源于《2006年IPCC清单指南》
电力、热力、燃气及水生产和供应业 > 发电企业 > 燃料燃烧 > 化石燃料燃烧 > 石油 > 二氧化碳,二氧化碳,煤油,71.9,因子  (tCO₂/TJ),数据来源于《2006年IPCC清单指南》
电力、热力、燃气及水生产和供应业 > 发电企业 > 燃料燃烧 > 化石燃料燃烧 > 石油 > 二氧化碳,二氧化碳,柴油,74.1,因子  (tCO₂/TJ),数据来源于《2006年IPCC清单指南》
电力、热力、燃气及水生产和供应业 > 发电企业 > 燃料燃烧 > 化石燃料燃烧 > 石油 > 二氧化碳,二氧化碳,燃料油,77.4,因子  (tCO₂/TJ),数据来源于《2006年IPCC清单指南》
电力、热力、燃气及水生产和供应业 > 发电企业 > 燃料燃烧 > 化石燃料燃烧 > 石油 > 二氧化碳,二氧化碳,石脑油,73.3,因子  (tCO₂/TJ),数据来源于《2006年IPCC清单指南》
电力、热力、燃气及水生产和供应业 > 发电企业 > 燃料燃烧 > 化石燃料燃烧 > 石油 > 二氧化碳,二氧化碳,润滑油,73.3,因子  (tCO₂/TJ),数据来源于《2006年IPCC清单指南》
电力、热力、燃气及水生产和供应业 > 发电企业 > 燃料燃烧 > 化石燃料燃烧 > 石油 > 二氧化碳,二氧化碳,石蜡,73.3,因子  (tCO₂/TJ),数据来源于《2006年IPCC清单指南》
电力、热力、燃气及水生产和供应业 > 发电企业 > 燃料燃烧 > 化石燃料燃烧 > 石油 > 二氧化碳,二氧化碳,溶剂油,73.3,因子  (tCO₂/TJ),数据来源于《2006年IPCC清单指南》
电力、热力、燃气及水生产和供应业 > 发电企业 > 燃料燃烧 > 化石燃料燃烧 > 石油 > 二氧化碳,二氧化碳,石油沥青,80.7,因子  (tCO₂/TJ),数据来源于《2006年IPCC清单指南》
电力、热力、燃气及水生产和供应业 > 发电企业 > 燃料燃烧 > 化石燃料燃烧 > 石油 > 二氧化碳,二氧化碳,石油焦,97.5,因子  (tCO₂/TJ),数据来源于《2006年IPCC清单指南》
电力、热力、燃气及水生产和供应业 > 发电企业 > 燃料燃烧 > 化石燃料燃烧 > 石油 > 二氧化碳,二氧化碳,液化石油气,63.1,因子  (tCO₂/TJ),数据来源于《2006年IPCC清单指南》
电力、热力、燃气及水生产和供应业 > 发电企业 > 燃料燃烧 > 化石燃料燃烧 > 石油 > 二氧化碳,二氧化碳,炼厂干气,57.6,因子  (tCO₂/TJ),数据来源于《2006年IPCC清单指南》
电力、热力、燃气及水生产和供应业 > 发电企业 > 燃料燃烧 > 化石燃料燃烧 > 石油 > 二氧化碳,二氧化碳,其他石油制品,73.3,因子  (tCO₂/TJ),数据来源于《2006年IPCC清单指南》
电力、热力、燃气及水生产和供应业 > 发电企业 > 燃料燃烧 > 化石燃料燃烧 > 石油 > 甲烷,甲烷,原油,3,因子 (kgCH₄/TJ),数据来源于《2006年IPCC清单指南》
电力、热力、燃气及水生产和供应业 > 发电企业 > 燃料燃烧 > 化石燃料燃烧 > 石油 > 甲烷,甲烷,汽油,3,因子 (kgCH₄/TJ),数据来源于《2006年IPCC清单指南》
电力、热力、燃气及水生产和供应业 > 发电企业 > 燃料燃烧 > 化石燃料燃烧 > 石油 > 甲烷,甲烷,煤油,3,因子 (kgCH₄/TJ),数据来源于《2006年IPCC清单指南》
电力、热力、燃气及水生产和供应业 > 发电企业 > 燃料燃烧 > 化石燃料燃烧 > 石油 > 甲烷,甲烷,柴油,3,因子 (kgCH₄/TJ),数据来源于《2006年IPCC清单指南》
电力、热力、燃气及水生产和供应业 > 发电企业 > 燃料燃烧 > 化石燃料燃烧 > 石油 > 甲烷,甲烷,燃料油,3,因子 (kgCH₄/TJ),数据来源于《2006年IPCC清单指南》
电力、热力、燃气及水生产和供应业 > 发电企业 > 燃料燃烧 > 化石燃料燃烧 > 石油 > 甲烷,甲烷,石脑油,3,因子 (kgCH₄/TJ),数据来源于《2006年IPCC清单指南》
电力、热力、燃气及水生产和供应业 > 发电企业 > 燃料燃烧 > 化石燃料燃烧 > 石油 > 甲烷,甲烷,润滑油,3,因子 (kgCH₄/TJ),数据来源于《2006年IPCC清单指南》
电力、热力、燃气及水生产和供应业 > 发电企业 > 燃料燃烧 > 化石燃料燃烧 > 石油 > 甲烷,甲烷,石蜡,3,因子 (kgCH₄/TJ),数据来源于《2006年IPCC清单指南》
电力、热力、燃气及水生产和供应业 > 发电企业 > 燃料燃烧 > 化石燃料燃烧 > 石油 > 甲烷,甲烷,溶剂油,3,因子 (kgCH₄/TJ),数据来源于《2006年IPCC清单指南》
电力、热力、燃气及水生产和供应业 > 发电企业 > 燃料燃烧 > 化石燃料燃烧 > 石油 > 甲烷,甲烷,石油沥青,3,因子 (kgCH₄/TJ),数据来源于《2006年IPCC清单指南》
电力、热力、燃气及水生产和供应业 > 发电企业 > 燃料燃烧 > 化石燃料燃烧 > 石油 > 甲烷,甲烷,石油焦,3,因子 (kgCH₄/TJ),数据来源于《2006年IPCC清单指南》
电力、热力、燃气及水生产和供应业 > 发电企业 > 燃料燃烧 > 化石燃料燃烧 > 石油 > 甲烷,甲烷,液化石油气,1,因子 (kgCH₄/TJ),数据来源于《2006年IPCC清单指南》
电力、热力、燃气及水生产和供应业 > 发电企业 > 燃料燃烧 > 化石燃料燃烧 > 石油 > 甲烷,甲烷,炼厂干气,1,因子 (kgCH₄/TJ),数据来源于《2006年IPCC清单指南》
电力、热力、燃气及水生产和供应业 > 发电企业 > 燃料燃烧 > 化石燃料燃烧 > 石油 > 甲烷,甲烷,其他石油制品,3,因子 (kgCH₄/TJ),数据来源于《2006年IPCC清单指南》
电力、热力、燃气及水生产和供应业 > 发电企业 > 燃料燃烧 > 化石燃料燃烧 > 石油 > 氧化亚氮,氧化亚氮,原油,0.6,因子 (kgN₂O/TJ),数据来源于《2006年IPCC清单指南》
电力、热力、燃气及水生产和供应业 > 发电企业 > 燃料燃烧 > 化石燃料燃烧 > 石油 > 氧化亚氮,氧化亚氮,汽油,0.6,因子 (kgN₂O/TJ),数据来源于《2006年IPCC清单指南》
电力、热力、燃气及水生产和供应业 > 发电企业 > 燃料燃烧 > 化石燃料燃烧 > 石油 > 氧化亚氮,氧化亚氮,煤油,0.6,因子 (kgN₂O/TJ),数据来源于《2006年IPCC清单指南》
电力、热力、燃气及水生产和供应业 > 发电企业 > 燃料燃烧 > 化石燃料燃烧 > 石油 > 氧化亚氮,氧化亚氮,柴油,0.6,因子 (kgN₂O/TJ),数据来源于《2006年IPCC清单指南》
电力、热力、燃气及水生产和供应业 > 发电企业 > 燃料燃烧 > 化石燃料燃烧 > 石油 > 氧化亚氮,氧化亚氮,燃料油,0.6,因子 (kgN₂O/TJ),数据来源于《2006年IPCC清单指南》
电力、热力、燃气及水生产和供应业 > 发电企业 > 燃料燃烧 > 化石燃料燃烧 > 石油 > 氧化亚氮,氧化亚氮,石脑油,0.6,因子 (kgN₂O/TJ),数据来源于《2006年IPCC清单指南》
电力、热力、燃气及水生产和供应业 > 发电企业 > 燃料燃烧 > 化石燃料燃烧 > 石油 > 氧化亚氮,氧化亚氮,润滑油,0.6,因子 (kgN₂O/TJ),数据来源于《2006年IPCC清单指南》
电力、热力、燃气及水生产和供应业 > 发电企业 > 燃料燃烧 > 化石燃料燃烧 > 石油 > 氧化亚氮,氧化亚氮,石蜡,0.6,因子 (kgN₂O/TJ),数据来源于《2006年IPCC清单指南》
电力、热力、燃气及水生产和供应业 > 发电企业 > 燃料燃烧 > 化石燃料燃烧 > 石油 > 氧化亚氮,氧化亚氮,溶剂油,0.6,因子 (kgN₂O/TJ),数据来源于《2006年IPCC清单指南》
电力、热力、燃气及水生产和供应业 > 发电企业 > 燃料燃烧 > 化石燃料燃烧 > 石油 > 氧化亚氮,氧化亚氮,石油沥青,0.6,因子 (kgN₂O/TJ),数据来源于《2006年IPCC清单指南》
电力、热力、燃气及水生产和供应业 > 发电企业 > 燃料燃烧 > 化石燃料燃烧 > 石油 > 氧化亚氮,氧化亚氮,石油焦,0.6,因子 (kgN₂O/TJ),数据来源于《2006年IPCC清单指南》
电力、热力、燃气及水生产和供应业 > 发电企业 > 燃料燃烧 > 化石燃料燃烧 > 石油 > 氧化亚氮,氧化亚氮,液化石油气,0.1,因子 (kgN₂O/TJ),数据来源于《2006年IPCC清单指南》
电力、热力、燃气及水生产和供应业 > 发电企业 > 燃料燃烧 > 化石燃料燃烧 > 石油 > 氧化亚氮,氧化亚氮,炼厂干气,0.1,因子 (kgN₂O/TJ),数据来源于《2006年IPCC清单指南》
电力、热力、燃气及水生产和供应业 > 发电企业 > 燃料燃烧 > 化石燃料燃烧 > 石油 > 氧化亚氮,氧化亚氮,其他石油制品,0.6,因子 (kgN₂O/TJ),数据来源于《2006年IPCC清单指南》
电力、热力、燃气及水生产和供应业 > 发电企业 > 燃料燃烧 > 化石燃料燃烧 > 天然气 > 二氧化碳 > 天然气,天然气,天然气,57.2,因子  (tCO₂/TJ),本土化数据，油气企业抽样实测数据
电力、热力、燃气及水生产和供应业 > 发电企业 > 燃料燃烧 > 化石燃料燃烧 > 天然气 > 二氧化碳 > 液化天然气,液化天然气,液化天然气,56.8,因子  (tCO₂/TJ),本土化数据，油气企业抽样实测数据
电力、热力、燃气及水生产和供应业 > 发电企业 > 燃料燃烧 > 化石燃料燃烧 > 天然气 > 甲烷,甲烷,天然气,1,因子 (kgCH₄/TJ),"数据来源于《2006年IPCC清单指南》
"
电力、热力、燃气及水生产和供应业 > 发电企业 > 燃料燃烧 > 化石燃料燃烧 > 天然气 > 氧化亚氮,氧化亚氮,天然气,0.1,因子 (kgN₂O/TJ),数据来源于《2006年IPCC清单指南》
电力、热力、燃气及水生产和供应业 > 发电企业 > 燃料燃烧 > 生物质燃料燃烧 > 二氧化碳,二氧化碳,农业废弃物,100000,因子  (kgCO₂/TJ),数据来源于《2006年IPCC清单指南》
电力、热力、燃气及水生产和供应业 > 发电企业 > 燃料燃烧 > 生物质燃料燃烧 > 二氧化碳,二氧化碳,薪柴,112000,因子  (kgCO₂/TJ),数据来源于《2006年IPCC清单指南》
电力、热力、燃气及水生产和供应业 > 发电企业 > 燃料燃烧 > 生物质燃料燃烧 > 二氧化碳,二氧化碳,木炭,112000,因子  (kgCO₂/TJ),数据来源于《2006年IPCC清单指南》
电力、热力、燃气及水生产和供应业 > 发电企业 > 燃料燃烧 > 生物质燃料燃烧 > 二氧化碳,二氧化碳,动物粪便,100000,因子  (kgCO₂/TJ),数据来源于《2006年IPCC清单指南》
电力、热力、燃气及水生产和供应业 > 发电企业 > 燃料燃烧 > 生物质燃料燃烧 > 二氧化碳,二氧化碳,沼气,54600,因子  (kgCO₂/TJ),数据来源于《2006年IPCC清单指南》
电力、热力、燃气及水生产和供应业 > 发电企业 > 燃料燃烧 > 生物质燃料燃烧 > 二氧化碳,二氧化碳,其他生物气体,54600,因子  (kgCO₂/TJ),数据来源于《2006年IPCC清单指南》
电力、热力、燃气及水生产和供应业 > 发电企业 > 燃料燃烧 > 生物质燃料燃烧 > 二氧化碳,二氧化碳,城市生活垃圾(生物成因),100000,因子  (kgCO₂/TJ),数据来源于《2006年IPCC清单指南》
电力、热力、燃气及水生产和供应业 > 发电企业 > 燃料燃烧 > 生物质燃料燃烧 > 二氧化碳,二氧化碳,生物汽油,70800,因子  (kgCO₂/TJ),数据来源于《2006年IPCC清单指南》
电力、热力、燃气及水生产和供应业 > 发电企业 > 燃料燃烧 > 生物质燃料燃烧 > 二氧化碳,二氧化碳,生物柴油,70800,因子  (kgCO₂/TJ),数据来源于《2006年IPCC清单指南》
电力、热力、燃气及水生产和供应业 > 发电企业 > 燃料燃烧 > 生物质燃料燃烧 > 二氧化碳,二氧化碳,其他液体生物质燃料,79600,因子  (kgCO₂/TJ),数据来源于《2006年IPCC清单指南》
电力、热力、燃气及水生产和供应业 > 发电企业 > 燃料燃烧 > 生物质燃料燃烧 > 甲烷,甲烷,农林废弃物,30,因子 (kgCH₄/TJ),数据来源于《2006年IPCC清单指南》
电力、热力、燃气及水生产和供应业 > 发电企业 > 燃料燃烧 > 生物质燃料燃烧 > 甲烷,甲烷,沼气,1,因子 (kgCH₄/TJ),数据来源于《2006年IPCC清单指南》
电力、热力、燃气及水生产和供应业 > 发电企业 > 燃料燃烧 > 生物质燃料燃烧 > 氧化亚氮,氧化亚氮,农林废弃物,4,因子 (kgN₂O/TJ),数据来源于《2006年IPCC清单指南》
电力、热力、燃气及水生产和供应业 > 发电企业 > 燃料燃烧 > 生物质燃料燃烧 > 氧化亚氮,氧化亚氮,沼气,0.1,因子 (kgN₂O/TJ),数据来源于《2006年IPCC清单指南》
电力、热力、燃气及水生产和供应业 > 发电企业 > 工业生产过程和产品使用 > 碳酸盐使用过程,碳酸盐使用过程,方解石、文石和石灰石(CaCO₃),0.44,因子 (tCO₂/t carbonate),分子式质量比值，属于理论值
电力、热力、燃气及水生产和供应业 > 发电企业 > 工业生产过程和产品使用 > 碳酸盐使用过程,碳酸盐使用过程,菱镁石(MgCO₃),0.522,因子 (tCO₂/t carbonate),分子式质量比值，属于理论值
电力、热力、燃气及水生产和供应业 > 发电企业 > 工业生产过程和产品使用 > 碳酸盐使用过程,碳酸盐使用过程,碳酸钠或纯碱(Na₂CO₃),0.415,因子 (tCO₂/t carbonate),分子式质量比值，属于理论值
电力、热力、燃气及水生产和供应业 > 发电企业 > 工业生产过程和产品使用 > 碳酸盐使用过程,碳酸盐使用过程,碳酸氢钠(NaHCO₃),0.524,因子 (tCO₂/t carbonate),分子式质量比值，属于理论值
电力、热力、燃气及水生产和供应业 > 发电企业 > 工业生产过程和产品使用 > 碳酸盐使用过程,碳酸盐使用过程,菱铁矿或碳酸铁(FeCO₃),0.38,因子 (tCO₂/t carbonate),分子式质量比值，属于理论值
电力、热力、燃气及水生产和供应业 > 发电企业 > 工业生产过程和产品使用 > 碳酸盐使用过程,碳酸盐使用过程,菱锰矿(MnCO₃),0.383,因子 (tCO₂/t carbonate),分子式质量比值，属于理论值
电力、热力、燃气及水生产和供应业 > 发电企业 > 工业生产过程和产品使用 > 碳酸盐使用过程,碳酸盐使用过程,碳酸钡(BaCO₃),0.223,因子 (tCO₂/t carbonate),分子式质量比值，属于理论值
电力、热力、燃气及水生产和供应业 > 发电企业 > 工业生产过程和产品使用 > 碳酸盐使用过程,碳酸盐使用过程,碳酸锂(Li₂CO₃),0.595,因子 (tCO₂/t carbonate),分子式质量比值，属于理论值
电力、热力、燃气及水生产和供应业 > 发电企业 > 工业生产过程和产品使用 > 碳酸盐使用过程,碳酸盐使用过程,碳酸钾(K₂CO₃),0.318,因子 (tCO₂/t carbonate),分子式质量比值，属于理论值
电力、热力、燃气及水生产和供应业 > 发电企业 > 工业生产过程和产品使用 > 碳酸盐使用过程,碳酸盐使用过程,碳酸锶(SrCO₃),0.298,因子 (tCO₂/t carbonate),分子式质量比值，属于理论值
电力、热力、燃气及水生产和供应业 > 发电企业 > 工业生产过程和产品使用 > 碳酸盐使用过程,碳酸盐使用过程,白云石(CaMg(CO₃)₂),0.477,因子 (tCO₂/t carbonate),分子式质量比值，属于理论值
电力、热力、燃气及水生产和供应业 > 发电企业 > 工业生产过程和产品使用 > 碳酸盐使用过程,碳酸盐使用过程,"铁白云石(Ca(Fe,Mg,Mn)(CO₃)₂)",0.40~0.48,因子 (tCO₂/t carbonate),分子式质量比值，属于理论值
电力、热力、燃气及水生产和供应业 > 发电企业 > 净购入电力与热力 > 电力消费 > 电力平均二氧化碳排放因子 > 全国电力平均二氧化碳排放因子,全国电力平均二氧化碳排放因子,全国,0.5306,2023年因子 (kgCO₂/kWh),本土化数据，数据来源于生态环境部、国家统计局《关于发布2023年电力二氧化碳排放因子的公告》（公告2025年第47号）
电力、热力、燃气及水生产和供应业 > 发电企业 > 净购入电力与热力 > 电力消费 > 电力平均二氧化碳排放因子 > 区域电力平均二氧化碳排放因子,区域电力平均二氧化碳排放因子,华北,0.6361,2023年因子 (kgCO₂/kWh),本土化数据，数据来源于生态环境部、国家统计局《关于发布2023年电力二氧化碳排放因子的公告》（公告2025年第47号）
电力、热力、燃气及水生产和供应业 > 发电企业 > 净购入电力与热力 > 电力消费 > 电力平均二氧化碳排放因子 > 区域电力平均二氧化碳排放因子,区域电力平均二氧化碳排放因子,东北,0.5122,2023年因子 (kgCO₂/kWh),本土化数据，数据来源于生态环境部、国家统计局《关于发布2023年电力二氧化碳排放因子的公告》（公告2025年第47号）
电力、热力、燃气及水生产和供应业 > 发电企业 > 净购入电力与热力 > 电力消费 > 电力平均二氧化碳排放因子 > 区域电力平均二氧化碳排放因子,区域电力平均二氧化碳排放因子,华东,0.55,2023年因子 (kgCO₂/kWh),本土化数据，数据来源于生态环境部、国家统计局《关于发布2023年电力二氧化碳排放因子的公告》（公告2025年第47号）
电力、热力、燃气及水生产和供应业 > 发电企业 > 净购入电力与热力 > 电力消费 > 电力平均二氧化碳排放因子 > 区域电力平均二氧化碳排放因子,区域电力平均二氧化碳排放因子,华中,0.5271,2023年因子 (kgCO₂/kWh),本土化数据，数据来源于生态环境部、国家统计局《关于发布2023年电力二氧化碳排放因子的公告》（公告2025年第47号）
电力、热力、燃气及水生产和供应业 > 发电企业 > 净购入电力与热力 > 电力消费 > 电力平均二氧化碳排放因子 > 区域电力平均二氧化碳排放因子,区域电力平均二氧化碳排放因子,西北,0.5543,2023年因子 (kgCO₂/kWh),本土化数据，数据来源于生态环境部、国家统计局《关于发布2023年电力二氧化碳排放因子的公告》（公告2025年第47号）
电力、热力、燃气及水生产和供应业 > 发电企业 > 净购入电力与热力 > 电力消费 > 电力平均二氧化碳排放因子 > 区域电力平均二氧化碳排放因子,区域电力平均二氧化碳排放因子,南方,0.4042,2023年因子 (kgCO₂/kWh),本土化数据，数据来源于生态环境部、国家统计局《关于发布2023年电力二氧化碳排放因子的公告》（公告2025年第47号）
电力、热力、燃气及水生产和供应业 > 发电企业 > 净购入电力与热力 > 电力消费 > 电力平均二氧化碳排放因子 > 区域电力平均二氧化碳排放因子,区域电力平均二氧化碳排放因子,西南,0.2472,2023年因子 (kgCO₂/kWh),本土化数据，数据来源于生态环境部、国家统计局《关于发布2023年电力二氧化碳排放因子的公告》（公告2025年第47号）
电力、热力、燃气及水生产和供应业 > 发电企业 > 净购入电力与热力 > 电力消费 > 电力平均二氧化碳排放因子 > 省级电力平均二氧化碳排放因子,省级电力平均二氧化碳排放因子,北京,0.5554,2023年因子 (kgCO₂/kWh),本土化数据，数据来源于生态环境部、国家统计局《关于发布2023年电力二氧化碳排放因子的公告》（公告2025年第47号）
电力、热力、燃气及水生产和供应业 > 发电企业 > 净购入电力与热力 > 电力消费 > 电力平均二氧化碳排放因子 > 省级电力平均二氧化碳排放因子,省级电力平均二氧化碳排放因子,天津,0.6796,2023年因子 (kgCO₂/kWh),本土化数据，数据来源于生态环境部、国家统计局《关于发布2023年电力二氧化碳排放因子的公告》（公告2025年第47号）
电力、热力、燃气及水生产和供应业 > 发电企业 > 净购入电力与热力 > 电力消费 > 电力平均二氧化碳排放因子 > 省级电力平均二氧化碳排放因子,省级电力平均二氧化碳排放因子,河北,0.6516,2023年因子 (kgCO₂/kWh),本土化数据，数据来源于生态环境部、国家统计局《关于发布2023年电力二氧化碳排放因子的公告》（公告2025年第47号）
电力、热力、燃气及水生产和供应业 > 发电企业 > 净购入电力与热力 > 电力消费 > 电力平均二氧化碳排放因子 > 省级电力平均二氧化碳排放因子,省级电力平均二氧化碳排放因子,山西,0.6634,2023年因子 (kgCO₂/kWh),本土化数据，数据来源于生态环境部、国家统计局《关于发布2023年电力二氧化碳排放因子的公告》（公告2025年第47号）
电力、热力、燃气及水生产和供应业 > 发电企业 > 净购入电力与热力 > 电力消费 > 电力平均二氧化碳排放因子 > 省级电力平均二氧化碳排放因子,省级电力平均二氧化碳排放因子,内蒙古,0.6479,2023年因子 (kgCO₂/kWh),本土化数据，数据来源于生态环境部、国家统计局《关于发布2023年电力二氧化碳排放因子的公告》（公告2025年第47号）
电力、热力、燃气及水生产和供应业 > 发电企业 > 净购入电力与热力 > 电力消费 > 电力平均二氧化碳排放因子 > 省级电力平均二氧化碳排放因子,省级电力平均二氧化碳排放因子,辽宁,0.4878,2023年因子 (kgCO₂/kWh),本土化数据，数据来源于生态环境部、国家统计局《关于发布2023年电力二氧化碳排放因子的公告》（公告2025年第47号）
电力、热力、燃气及水生产和供应业 > 发电企业 > 净购入电力与热力 > 电力消费 > 电力平均二氧化碳排放因子 > 省级电力平均二氧化碳排放因子,省级电力平均二氧化碳排放因子,吉林,0.4671,2023年因子 (kgCO₂/kWh),本土化数据，数据来源于生态环境部、国家统计局《关于发布2023年电力二氧化碳排放因子的公告》（公告2025年第47号）
电力、热力、燃气及水生产和供应业 > 发电企业 > 净购入电力与热力 > 电力消费 > 电力平均二氧化碳排放因子 > 省级电力平均二氧化碳排放因子,省级电力平均二氧化碳排放因子,黑龙江,0.5229,2023年因子 (kgCO₂/kWh),本土化数据，数据来源于生态环境部、国家统计局《关于发布2023年电力二氧化碳排放因子的公告》（公告2025年第47号）
电力、热力、燃气及水生产和供应业 > 发电企业 > 净购入电力与热力 > 电力消费 > 电力平均二氧化碳排放因子 > 省级电力平均二氧化碳排放因子,省级电力平均二氧化碳排放因子,上海,0.5737,2023年因子 (kgCO₂/kWh),本土化数据，数据来源于生态环境部、国家统计局《关于发布2023年电力二氧化碳排放因子的公告》（公告2025年第47号）
电力、热力、燃气及水生产和供应业 > 发电企业 > 净购入电力与热力 > 电力消费 > 电力平均二氧化碳排放因子 > 省级电力平均二氧化碳排放因子,省级电力平均二氧化碳排放因子,江苏,0.5827,2023年因子 (kgCO₂/kWh),本土化数据，数据来源于生态环境部、国家统计局《关于发布2023年电力二氧化碳排放因子的公告》（公告2025年第47号）
电力、热力、燃气及水生产和供应业 > 发电企业 > 净购入电力与热力 > 电力消费 > 电力平均二氧化碳排放因子 > 省级电力平均二氧化碳排放因子,省级电力平均二氧化碳排放因子,浙江,0.4974,2023年因子 (kgCO₂/kWh),本土化数据，数据来源于生态环境部、国家统计局《关于发布2023年电力二氧化碳排放因子的公告》（公告2025年第47号）
电力、热力、燃气及水生产和供应业 > 发电企业 > 净购入电力与热力 > 电力消费 > 电力平均二氧化碳排放因子 > 省级电力平均二氧化碳排放因子,省级电力平均二氧化碳排放因子,安徽,0.6553,2023年因子 (kgCO₂/kWh),本土化数据，数据来源于生态环境部、国家统计局《关于发布2023年电力二氧化碳排放因子的公告》（公告2025年第47号）
电力、热力、燃气及水生产和供应业 > 发电企业 > 净购入电力与热力 > 电力消费 > 电力平均二氧化碳排放因子 > 省级电力平均二氧化碳排放因子,省级电力平均二氧化碳排放因子,福建,0.4211,2023年因子 (kgCO₂/kWh),本土化数据，数据来源于生态环境部、国家统计局《关于发布2023年电力二氧化碳排放因子的公告》（公告2025年第47号）
电力、热力、燃气及水生产和供应业 > 发电企业 > 净购入电力与热力 > 电力消费 > 电力平均二氧化碳排放因子 > 省级电力平均二氧化碳排放因子,省级电力平均二氧化碳排放因子,江西,0.5836,2023年因子 (kgCO₂/kWh),本土化数据，数据来源于生态环境部、国家统计局《关于发布2023年电力二氧化碳排放因子的公告》（公告2025年第47号）
电力、热力、燃气及水生产和供应业 > 发电企业 > 净购入电力与热力 > 电力消费 > 电力平均二氧化碳排放因子 > 省级电力平均二氧化碳排放因子,省级电力平均二氧化碳排放因子,山东,0.6191,2023年因子 (kgCO₂/kWh),本土化数据，数据来源于生态环境部、国家统计局《关于发布2023年电力二氧化碳排放因子的公告》（公告2025年第47号）
电力、热力、燃气及水生产和供应业 > 发电企业 > 净购入电力与热力 > 电力消费 > 电力平均二氧化碳排放因子 > 省级电力平均二氧化碳排放因子,省级电力平均二氧化碳排放因子,河南,0.5897,2023年因子 (kgCO₂/kWh),本土化数据，数据来源于生态环境部、国家统计局《关于发布2023年电力二氧化碳排放因子的公告》（公告2025年第47号）
电力、热力、燃气及水生产和供应业 > 发电企业 > 净购入电力与热力 > 电力消费 > 电力平均二氧化碳排放因子 > 省级电力平均二氧化碳排放因子,省级电力平均二氧化碳排放因子,湖北,0.4044,2023年因子 (kgCO₂/kWh),本土化数据，数据来源于生态环境部、国家统计局《关于发布2023年电力二氧化碳排放因子的公告》（公告2025年第47号）
电力、热力、燃气及水生产和供应业 > 发电企业 > 净购入电力与热力 > 电力消费 > 电力平均二氧化碳排放因子 > 省级电力平均二氧化碳排放因子,省级电力平均二氧化碳排放因子,湖南,0.4976,2023年因子 (kgCO₂/kWh),本土化数据，数据来源于生态环境部、国家统计局《关于发布2023年电力二氧化碳排放因子的公告》（公告2025年第47号）
电力、热力、燃气及水生产和供应业 > 发电企业 > 净购入电力与热力 > 电力消费 > 电力平均二氧化碳排放因子 > 省级电力平均二氧化碳排放因子,省级电力平均二氧化碳排放因子,广东,0.4419,2023年因子 (kgCO₂/kWh),本土化数据，数据来源于生态环境部、国家统计局《关于发布2023年电力二氧化碳排放因子的公告》（公告2025年第47号）
电力、热力、燃气及水生产和供应业 > 发电企业 > 净购入电力与热力 > 电力消费 > 电力平均二氧化碳排放因子 > 省级电力平均二氧化碳排放因子,省级电力平均二氧化碳排放因子,广西,0.4476,2023年因子 (kgCO₂/kWh),本土化数据，数据来源于生态环境部、国家统计局《关于发布2023年电力二氧化碳排放因子的公告》（公告2025年第47号）
电力、热力、燃气及水生产和供应业 > 发电企业 > 净购入电力与热力 > 电力消费 > 电力平均二氧化碳排放因子 > 省级电力平均二氧化碳排放因子,省级电力平均二氧化碳排放因子,海南,0.3648,2023年因子 (kgCO₂/kWh),本土化数据，数据来源于生态环境部、国家统计局《关于发布2023年电力二氧化碳排放因子的公告》（公告2025年第47号）
电力、热力、燃气及水生产和供应业 > 发电企业 > 净购入电力与热力 > 电力消费 > 电力平均二氧化碳排放因子 > 省级电力平均二氧化碳排放因子,省级电力平均二氧化碳排放因子,重庆,0.5581,2023年因子 (kgCO₂/kWh),本土化数据，数据来源于生态环境部、国家统计局《关于发布2023年电力二氧化碳排放因子的公告》（公告2025年第47号）
电力、热力、燃气及水生产和供应业 > 发电企业 > 净购入电力与热力 > 电力消费 > 电力平均二氧化碳排放因子 > 省级电力平均二氧化碳排放因子,省级电力平均二氧化碳排放因子,四川,0.1564,2023年因子 (kgCO₂/kWh),本土化数据，数据来源于生态环境部、国家统计局《关于发布2023年电力二氧化碳排放因子的公告》（公告2025年第47号）
电力、热力、燃气及水生产和供应业 > 发电企业 > 净购入电力与热力 > 电力消费 > 电力平均二氧化碳排放因子 > 省级电力平均二氧化碳排放因子,省级电力平均二氧化碳排放因子,贵州,0.5683,2023年因子 (kgCO₂/kWh),本土化数据，数据来源于生态环境部、国家统计局《关于发布2023年电力二氧化碳排放因子的公告》（公告2025年第47号）
电力、热力、燃气及水生产和供应业 > 发电企业 > 净购入电力与热力 > 电力消费 > 电力平均二氧化碳排放因子 > 省级电力平均二氧化碳排放因子,省级电力平均二氧化碳排放因子,云南,0.1333,2023年因子 (kgCO₂/kWh),本土化数据，数据来源于生态环境部、国家统计局《关于发布2023年电力二氧化碳排放因子的公告》（公告2025年第47号）
电力、热力、燃气及水生产和供应业 > 发电企业 > 净购入电力与热力 > 电力消费 > 电力平均二氧化碳排放因子 > 省级电力平均二氧化碳排放因子,省级电力平均二氧化碳排放因子,陕西,0.6335,2023年因子 (kgCO₂/kWh),本土化数据，数据来源于生态环境部、国家统计局《关于发布2023年电力二氧化碳排放因子的公告》（公告2025年第47号）
电力、热力、燃气及水生产和供应业 > 发电企业 > 净购入电力与热力 > 电力消费 > 电力平均二氧化碳排放因子 > 省级电力平均二氧化碳排放因子,省级电力平均二氧化碳排放因子,甘肃,0.4471,2023年因子 (kgCO₂/kWh),本土化数据，数据来源于生态环境部、国家统计局《关于发布2023年电力二氧化碳排放因子的公告》（公告2025年第47号）
电力、热力、燃气及水生产和供应业 > 发电企业 > 净购入电力与热力 > 电力消费 > 电力平均二氧化碳排放因子 > 省级电力平均二氧化碳排放因子,省级电力平均二氧化碳排放因子,青海,0.1796,2023年因子 (kgCO₂/kWh),本土化数据，数据来源于生态环境部、国家统计局《关于发布2023年电力二氧化碳排放因子的公告》（公告2025年第47号）
电力、热力、燃气及水生产和供应业 > 发电企业 > 净购入电力与热力 > 电力消费 > 电力平均二氧化碳排放因子 > 省级电力平均二氧化碳排放因子,省级电力平均二氧化碳排放因子,宁夏,0.6187,2023年因子 (kgCO₂/kWh),本土化数据，数据来源于生态环境部、国家统计局《关于发布2023年电力二氧化碳排放因子的公告》（公告2025年第47号）
电力、热力、燃气及水生产和供应业 > 发电企业 > 净购入电力与热力 > 电力消费 > 电力平均二氧化碳排放因子 > 省级电力平均二氧化碳排放因子,省级电力平均二氧化碳排放因子,新疆,0.6021,2023年因子 (kgCO₂/kWh),本土化数据，数据来源于生态环境部、国家统计局《关于发布2023年电力二氧化碳排放因子的公告》（公告2025年第47号）
电力、热力、燃气及水生产和供应业 > 发电企业 > 净购入电力与热力 > 电力消费 > 电力平均二氧化碳排放因子（不包括市场化交易的非化石能源电量） > 全国电力平均二氧化碳排放因子（不包括市场化交易的非化石能源电量）,全国电力平均二氧化碳排放因子（不包括市场化交易的非化石能源电量）,全国,0.6096,2023年因子 (kgCO₂/kWh),本土化数据，数据来源于生态环境部、国家统计局《关于发布2023年电力二氧化碳排放因子的公告》（公告2025年第47号）
电力、热力、燃气及水生产和供应业 > 发电企业 > 净购入电力与热力 > 电力消费 > 化石能源电力二氧化碳排放因子 > 全国化石能源电力二氧化碳排放因子,全国化石能源电力二氧化碳排放因子,全国,0.8273,2023年因子 (kgCO₂/kWh),本土化数据，数据来源于生态环境部、国家统计局《关于发布2023年电力二氧化碳排放因子的公告》（公告2025年第47号）
电力、热力、燃气及水生产和供应业 > 电网企业 > 输配电引起的二氧化碳排放 > 电力平均二氧化碳排放因子 > 全国电力平均二氧化碳排放因子,全国电力平均二氧化碳排放因子,全国,0.5306,2023年因子 (kgCO₂/kWh),本土化数据，数据来源于生态环境部、国家统计局《关于发布2023年电力二氧化碳排放因子的公告》（公告2025年第47号）
电力、热力、燃气及水生产和供应业 > 电网企业 > 输配电引起的二氧化碳排放 > 电力平均二氧化碳排放因子 > 区域电力平均二氧化碳排放因子,区域电力平均二氧化碳排放因子,华北,0.6361,2023年因子 (kgCO₂/kWh),本土化数据，数据来源于生态环境部、国家统计局《关于发布2023年电力二氧化碳排放因子的公告》（公告2025年第47号）
电力、热力、燃气及水生产和供应业 > 电网企业 > 输配电引起的二氧化碳排放 > 电力平均二氧化碳排放因子 > 区域电力平均二氧化碳排放因子,区域电力平均二氧化碳排放因子,东北,0.5122,2023年因子 (kgCO₂/kWh),本土化数据，数据来源于生态环境部、国家统计局《关于发布2023年电力二氧化碳排放因子的公告》（公告2025年第47号）
电力、热力、燃气及水生产和供应业 > 电网企业 > 输配电引起的二氧化碳排放 > 电力平均二氧化碳排放因子 > 区域电力平均二氧化碳排放因子,区域电力平均二氧化碳排放因子,华东,0.55,2023年因子 (kgCO₂/kWh),本土化数据，数据来源于生态环境部、国家统计局《关于发布2023年电力二氧化碳排放因子的公告》（公告2025年第47号）
电力、热力、燃气及水生产和供应业 > 电网企业 > 输配电引起的二氧化碳排放 > 电力平均二氧化碳排放因子 > 区域电力平均二氧化碳排放因子,区域电力平均二氧化碳排放因子,华中,0.5271,2023年因子 (kgCO₂/kWh),本土化数据，数据来源于生态环境部、国家统计局《关于发布2023年电力二氧化碳排放因子的公告》（公告2025年第47号）
电力、热力、燃气及水生产和供应业 > 电网企业 > 输配电引起的二氧化碳排放 > 电力平均二氧化碳排放因子 > 区域电力平均二氧化碳排放因子,区域电力平均二氧化碳排放因子,西北,0.5543,2023年因子 (kgCO₂/kWh),本土化数据，数据来源于生态环境部、国家统计局《关于发布2023年电力二氧化碳排放因子的公告》（公告2025年第47号）
电力、热力、燃气及水生产和供应业 > 电网企业 > 输配电引起的二氧化碳排放 > 电力平均二氧化碳排放因子 > 区域电力平均二氧化碳排放因子,区域电力平均二氧化碳排放因子,南方,0.4042,2023年因子 (kgCO₂/kWh),本土化数据，数据来源于生态环境部、国家统计局《关于发布2023年电力二氧化碳排放因子的公告》（公告2025年第47号）
电力、热力、燃气及水生产和供应业 > 电网企业 > 输配电引起的二氧化碳排放 > 电力平均二氧化碳排放因子 > 区域电力平均二氧化碳排放因子,区域电力平均二氧化碳排放因子,西南,0.2472,2023年因子 (kgCO₂/kWh),本土化数据，数据来源于生态环境部、国家统计局《关于发布2023年电力二氧化碳排放因子的公告》（公告2025年第47号）
电力、热力、燃气及水生产和供应业 > 电网企业 > 输配电引起的二氧化碳排放 > 电力平均二氧化碳排放因子 > 省级电力平均二氧化碳排放因子,省级电力平均二氧化碳排放因子,北京,0.5554,2023年因子 (kgCO₂/kWh),本土化数据，数据来源于生态环境部、国家统计局《关于发布2023年电力二氧化碳排放因子的公告》（公告2025年第47号）
电力、热力、燃气及水生产和供应业 > 电网企业 > 输配电引起的二氧化碳排放 > 电力平均二氧化碳排放因子 > 省级电力平均二氧化碳排放因子,省级电力平均二氧化碳排放因子,天津,0.6796,2023年因子 (kgCO₂/kWh),本土化数据，数据来源于生态环境部、国家统计局《关于发布2023年电力二氧化碳排放因子的公告》（公告2025年第47号）
电力、热力、燃气及水生产和供应业 > 电网企业 > 输配电引起的二氧化碳排放 > 电力平均二氧化碳排放因子 > 省级电力平均二氧化碳排放因子,省级电力平均二氧化碳排放因子,河北,0.6516,2023年因子 (kgCO₂/kWh),本土化数据，数据来源于生态环境部、国家统计局《关于发布2023年电力二氧化碳排放因子的公告》（公告2025年第47号）
电力、热力、燃气及水生产和供应业 > 电网企业 > 输配电引起的二氧化碳排放 > 电力平均二氧化碳排放因子 > 省级电力平均二氧化碳排放因子,省级电力平均二氧化碳排放因子,山西,0.6634,2023年因子 (kgCO₂/kWh),本土化数据，数据来源于生态环境部、国家统计局《关于发布2023年电力二氧化碳排放因子的公告》（公告2025年第47号）
电力、热力、燃气及水生产和供应业 > 电网企业 > 输配电引起的二氧化碳排放 > 电力平均二氧化碳排放因子 > 省级电力平均二氧化碳排放因子,省级电力平均二氧化碳排放因子,内蒙古,0.6479,2023年因子 (kgCO₂/kWh),本土化数据，数据来源于生态环境部、国家统计局《关于发布2023年电力二氧化碳排放因子的公告》（公告2025年第47号）
电力、热力、燃气及水生产和供应业 > 电网企业 > 输配电引起的二氧化碳排放 > 电力平均二氧化碳排放因子 > 省级电力平均二氧化碳排放因子,省级电力平均二氧化碳排放因子,辽宁,0.4878,2023年因子 (kgCO₂/kWh),本土化数据，数据来源于生态环境部、国家统计局《关于发布2023年电力二氧化碳排放因子的公告》（公告2025年第47号）
电力、热力、燃气及水生产和供应业 > 电网企业 > 输配电引起的二氧化碳排放 > 电力平均二氧化碳排放因子 > 省级电力平均二氧化碳排放因子,省级电力平均二氧化碳排放因子,吉林,0.4671,2023年因子 (kgCO₂/kWh),本土化数据，数据来源于生态环境部、国家统计局《关于发布2023年电力二氧化碳排放因子的公告》（公告2025年第47号）
电力、热力、燃气及水生产和供应业 > 电网企业 > 输配电引起的二氧化碳排放 > 电力平均二氧化碳排放因子 > 省级电力平均二氧化碳排放因子,省级电力平均二氧化碳排放因子,黑龙江,0.5229,2023年因子 (kgCO₂/kWh),本土化数据，数据来源于生态环境部、国家统计局《关于发布2023年电力二氧化碳排放因子的公告》（公告2025年第47号）
电力、热力、燃气及水生产和供应业 > 电网企业 > 输配电引起的二氧化碳排放 > 电力平均二氧化碳排放因子 > 省级电力平均二氧化碳排放因子,省级电力平均二氧化碳排放因子,上海,0.5737,2023年因子 (kgCO₂/kWh),本土化数据，数据来源于生态环境部、国家统计局《关于发布2023年电力二氧化碳排放因子的公告》（公告2025年第47号）
电力、热力、燃气及水生产和供应业 > 电网企业 > 输配电引起的二氧化碳排放 > 电力平均二氧化碳排放因子 > 省级电力平均二氧化碳排放因子,省级电力平均二氧化碳排放因子,江苏,0.5827,2023年因子 (kgCO₂/kWh),本土化数据，数据来源于生态环境部、国家统计局《关于发布2023年电力二氧化碳排放因子的公告》（公告2025年第47号）
电力、热力、燃气及水生产和供应业 > 电网企业 > 输配电引起的二氧化碳排放 > 电力平均二氧化碳排放因子 > 省级电力平均二氧化碳排放因子,省级电力平均二氧化碳排放因子,浙江,0.4974,2023年因子 (kgCO₂/kWh),本土化数据，数据来源于生态环境部、国家统计局《关于发布2023年电力二氧化碳排放因子的公告》（公告2025年第47号）
电力、热力、燃气及水生产和供应业 > 电网企业 > 输配电引起的二氧化碳排放 > 电力平均二氧化碳排放因子 > 省级电力平均二氧化碳排放因子,省级电力平均二氧化碳排放因子,安徽,0.6553,2023年因子 (kgCO₂/kWh),本土化数据，数据来源于生态环境部、国家统计局《关于发布2023年电力二氧化碳排放因子的公告》（公告2025年第47号）
电力、热力、燃气及水生产和供应业 > 电网企业 > 输配电引起的二氧化碳排放 > 电力平均二氧化碳排放因子 > 省级电力平均二氧化碳排放因子,省级电力平均二氧化碳排放因子,福建,0.4211,2023年因子 (kgCO₂/kWh),本土化数据，数据来源于生态环境部、国家统计局《关于发布2023年电力二氧化碳排放因子的公告》（公告2025年第47号）
电力、热力、燃气及水生产和供应业 > 电网企业 > 输配电引起的二氧化碳排放 > 电力平均二氧化碳排放因子 > 省级电力平均二氧化碳排放因子,省级电力平均二氧化碳排放因子,江西,0.5836,2023年因子 (kgCO₂/kWh),本土化数据，数据来源于生态环境部、国家统计局《关于发布2023年电力二氧化碳排放因子的公告》（公告2025年第47号）
电力、热力、燃气及水生产和供应业 > 电网企业 > 输配电引起的二氧化碳排放 > 电力平均二氧化碳排放因子 > 省级电力平均二氧化碳排放因子,省级电力平均二氧化碳排放因子,山东,0.6191,2023年因子 (kgCO₂/kWh),本土化数据，数据来源于生态环境部、国家统计局《关于发布2023年电力二氧化碳排放因子的公告》（公告2025年第47号）
电力、热力、燃气及水生产和供应业 > 电网企业 > 输配电引起的二氧化碳排放 > 电力平均二氧化碳排放因子 > 省级电力平均二氧化碳排放因子,省级电力平均二氧化碳排放因子,河南,0.5897,2023年因子 (kgCO₂/kWh),本土化数据，数据来源于生态环境部、国家统计局《关于发布2023年电力二氧化碳排放因子的公告》（公告2025年第47号）
电力、热力、燃气及水生产和供应业 > 电网企业 > 输配电引起的二氧化碳排放 > 电力平均二氧化碳排放因子 > 省级电力平均二氧化碳排放因子,省级电力平均二氧化碳排放因子,湖北,0.4044,2023年因子 (kgCO₂/kWh),本土化数据，数据来源于生态环境部、国家统计局《关于发布2023年电力二氧化碳排放因子的公告》（公告2025年第47号）
电力、热力、燃气及水生产和供应业 > 电网企业 > 输配电引起的二氧化碳排放 > 电力平均二氧化碳排放因子 > 省级电力平均二氧化碳排放因子,省级电力平均二氧化碳排放因子,湖南,0.4976,2023年因子 (kgCO₂/kWh),本土化数据，数据来源于生态环境部、国家统计局《关于发布2023年电力二氧化碳排放因子的公告》（公告2025年第47号）
电力、热力、燃气及水生产和供应业 > 电网企业 > 输配电引起的二氧化碳排放 > 电力平均二氧化碳排放因子 > 省级电力平均二氧化碳排放因子,省级电力平均二氧化碳排放因子,广东,0.4419,2023年因子 (kgCO₂/kWh),本土化数据，数据来源于生态环境部、国家统计局《关于发布2023年电力二氧化碳排放因子的公告》（公告2025年第47号）
电力、热力、燃气及水生产和供应业 > 电网企业 > 输配电引起的二氧化碳排放 > 电力平均二氧化碳排放因子 > 省级电力平均二氧化碳排放因子,省级电力平均二氧化碳排放因子,广西,0.4476,2023年因子 (kgCO₂/kWh),本土化数据，数据来源于生态环境部、国家统计局《关于发布2023年电力二氧化碳排放因子的公告》（公告2025年第47号）
电力、热力、燃气及水生产和供应业 > 电网企业 > 输配电引起的二氧化碳排放 > 电力平均二氧化碳排放因子 > 省级电力平均二氧化碳排放因子,省级电力平均二氧化碳排放因子,海南,0.3648,2023年因子 (kgCO₂/kWh),本土化数据，数据来源于生态环境部、国家统计局《关于发布2023年电力二氧化碳排放因子的公告》（公告2025年第47号）
电力、热力、燃气及水生产和供应业 > 电网企业 > 输配电引起的二氧化碳排放 > 电力平均二氧化碳排放因子 > 省级电力平均二氧化碳排放因子,省级电力平均二氧化碳排放因子,重庆,0.5581,2023年因子 (kgCO₂/kWh),本土化数据，数据来源于生态环境部、国家统计局《关于发布2023年电力二氧化碳排放因子的公告》（公告2025年第47号）
电力、热力、燃气及水生产和供应业 > 电网企业 > 输配电引起的二氧化碳排放 > 电力平均二氧化碳排放因子 > 省级电力平均二氧化碳排放因子,省级电力平均二氧化碳排放因子,四川,0.1564,2023年因子 (kgCO₂/kWh),本土化数据，数据来源于生态环境部、国家统计局《关于发布2023年电力二氧化碳排放因子的公告》（公告2025年第47号）
电力、热力、燃气及水生产和供应业 > 电网企业 > 输配电引起的二氧化碳排放 > 电力平均二氧化碳排放因子 > 省级电力平均二氧化碳排放因子,省级电力平均二氧化碳排放因子,贵州,0.5683,2023年因子 (kgCO₂/kWh),本土化数据，数据来源于生态环境部、国家统计局《关于发布2023年电力二氧化碳排放因子的公告》（公告2025年第47号）
电力、热力、燃气及水生产和供应业 > 电网企业 > 输配电引起的二氧化碳排放 > 电力平均二氧化碳排放因子 > 省级电力平均二氧化碳排放因子,省级电力平均二氧化碳排放因子,云南,0.1333,2023年因子 (kgCO₂/kWh),本土化数据，数据来源于生态环境部、国家统计局《关于发布2023年电力二氧化碳排放因子的公告》（公告2025年第47号）
电力、热力、燃气及水生产和供应业 > 电网企业 > 输配电引起的二氧化碳排放 > 电力平均二氧化碳排放因子 > 省级电力平均二氧化碳排放因子,省级电力平均二氧化碳排放因子,陕西,0.6335,2023年因子 (kgCO₂/kWh),本土化数据，数据来源于生态环境部、国家统计局《关于发布2023年电力二氧化碳排放因子的公告》（公告2025年第47号）
电力、热力、燃气及水生产和供应业 > 电网企业 > 输配电引起的二氧化碳排放 > 电力平均二氧化碳排放因子 > 省级电力平均二氧化碳排放因子,省级电力平均二氧化碳排放因子,甘肃,0.4471,2023年因子 (kgCO₂/kWh),本土化数据，数据来源于生态环境部、国家统计局《关于发布2023年电力二氧化碳排放因子的公告》（公告2025年第47号）
电力、热力、燃气及水生产和供应业 > 电网企业 > 输配电引起的二氧化碳排放 > 电力平均二氧化碳排放因子 > 省级电力平均二氧化碳排放因子,省级电力平均二氧化碳排放因子,青海,0.1796,2023年因子 (kgCO₂/kWh),本土化数据，数据来源于生态环境部、国家统计局《关于发布2023年电力二氧化碳排放因子的公告》（公告2025年第47号）
电力、热力、燃气及水生产和供应业 > 电网企业 > 输配电引起的二氧化碳排放 > 电力平均二氧化碳排放因子 > 省级电力平均二氧化碳排放因子,省级电力平均二氧化碳排放因子,宁夏,0.6187,2023年因子 (kgCO₂/kWh),本土化数据，数据来源于生态环境部、国家统计局《关于发布2023年电力二氧化碳排放因子的公告》（公告2025年第47号）
电力、热力、燃气及水生产和供应业 > 电网企业 > 输配电引起的二氧化碳排放 > 电力平均二氧化碳排放因子 > 省级电力平均二氧化碳排放因子,省级电力平均二氧化碳排放因子,新疆,0.6021,2023年因子 (kgCO₂/kWh),本土化数据，数据来源于生态环境部、国家统计局《关于发布2023年电力二氧化碳排放因子的公告》（公告2025年第47号）
电力、热力、燃气及水生产和供应业 > 电网企业 > 输配电引起的二氧化碳排放 > 电力平均二氧化碳排放因子（不包括市场化交易的非化石能源电量） > 全国电力平均二氧化碳排放因子（不包括市场化交易的非化石能源电量）,全国电力平均二氧化碳排放因子（不包括市场化交易的非化石能源电量）,全国,0.6096,2023年因子 (kgCO₂/kWh),本土化数据，数据来源于生态环境部、国家统计局《关于发布2023年电力二氧化碳排放因子的公告》（公告2025年第47号）
电力、热力、燃气及水生产和供应业 > 电网企业 > 输配电引起的二氧化碳排放 > 化石能源电力二氧化碳排放因子 > 全国化石能源电力二氧化碳排放因子,全国化石能源电力二氧化碳排放因子,全国,0.8273,2023年因子 (kgCO₂/kWh),本土化数据，数据来源于生态环境部、国家统计局《关于发布2023年电力二氧化碳排放因子的公告》（公告2025年第47号）
制造业 > 造纸和纸制品生产企业 > 燃料燃烧 > 化石燃料燃烧 > 煤炭 > 二氧化碳,二氧化碳,无烟煤,98.3,因子  (tCO₂/TJ),"数据来源于《2006年IPCC清单指南》
"
制造业 > 造纸和纸制品生产企业 > 燃料燃烧 > 化石燃料燃烧 > 煤炭 > 二氧化碳,二氧化碳,炼焦烟煤,94.6,因子  (tCO₂/TJ),数据来源于《2006年IPCC清单指南》
制造业 > 造纸和纸制品生产企业 > 燃料燃烧 > 化石燃料燃烧 > 煤炭 > 二氧化碳,二氧化碳,一般烟煤,94.6,因子  (tCO₂/TJ),数据来源于《2006年IPCC清单指南》
制造业 > 造纸和纸制品生产企业 > 燃料燃烧 > 化石燃料燃烧 > 煤炭 > 二氧化碳,二氧化碳,褐煤,101.2,因子  (tCO₂/TJ),数据来源于《2006年IPCC清单指南》
制造业 > 造纸和纸制品生产企业 > 燃料燃烧 > 化石燃料燃烧 > 煤炭 > 二氧化碳,二氧化碳,煤制品,97.5,因子  (tCO₂/TJ),数据来源于《2006年IPCC清单指南》
制造业 > 造纸和纸制品生产企业 > 燃料燃烧 > 化石燃料燃烧 > 煤炭 > 二氧化碳,二氧化碳,焦炭,107.1,因子  (tCO₂/TJ),数据来源于《2006年IPCC清单指南》
制造业 > 造纸和纸制品生产企业 > 燃料燃烧 > 化石燃料燃烧 > 煤炭 > 二氧化碳,二氧化碳,焦炉煤气,44.4,因子  (tCO₂/TJ),数据来源于《2006年IPCC清单指南》
制造业 > 造纸和纸制品生产企业 > 燃料燃烧 > 化石燃料燃烧 > 煤炭 > 二氧化碳,二氧化碳,高炉煤气,259.6,因子  (tCO₂/TJ),数据来源于《2006年IPCC清单指南》
制造业 > 造纸和纸制品生产企业 > 燃料燃烧 > 化石燃料燃烧 > 煤炭 > 二氧化碳,二氧化碳,转炉煤气,181.9,因子  (tCO₂/TJ),数据来源于《2006年IPCC清单指南》
制造业 > 造纸和纸制品生产企业 > 燃料燃烧 > 化石燃料燃烧 > 煤炭 > 二氧化碳,二氧化碳,其他煤气,44.4,因子  (tCO₂/TJ),数据来源于《2006年IPCC清单指南》
制造业 > 造纸和纸制品生产企业 > 燃料燃烧 > 化石燃料燃烧 > 煤炭 > 甲烷,甲烷,无烟煤,10,因子 (kgCH₄/TJ),数据来源于《2006年IPCC清单指南》	
制造业 > 造纸和纸制品生产企业 > 燃料燃烧 > 化石燃料燃烧 > 煤炭 > 甲烷,甲烷,炼焦烟煤,10,因子 (kgCH₄/TJ),数据来源于《2006年IPCC清单指南》	
制造业 > 造纸和纸制品生产企业 > 燃料燃烧 > 化石燃料燃烧 > 煤炭 > 甲烷,甲烷,一般烟煤,10,因子 (kgCH₄/TJ),数据来源于《2006年IPCC清单指南》	
制造业 > 造纸和纸制品生产企业 > 燃料燃烧 > 化石燃料燃烧 > 煤炭 > 甲烷,甲烷,褐煤,10,因子 (kgCH₄/TJ),数据来源于《2006年IPCC清单指南》	
制造业 > 造纸和纸制品生产企业 > 燃料燃烧 > 化石燃料燃烧 > 煤炭 > 甲烷,甲烷,煤制品,10,因子 (kgCH₄/TJ),数据来源于《2006年IPCC清单指南》	
制造业 > 造纸和纸制品生产企业 > 燃料燃烧 > 化石燃料燃烧 > 煤炭 > 甲烷,甲烷,焦炭,10,因子 (kgCH₄/TJ),数据来源于《2006年IPCC清单指南》	
制造业 > 造纸和纸制品生产企业 > 燃料燃烧 > 化石燃料燃烧 > 煤炭 > 甲烷,甲烷,焦炉煤气,1,因子 (kgCH₄/TJ),数据来源于《2006年IPCC清单指南》	
制造业 > 造纸和纸制品生产企业 > 燃料燃烧 > 化石燃料燃烧 > 煤炭 > 甲烷,甲烷,高炉煤气,1,因子 (kgCH₄/TJ),数据来源于《2006年IPCC清单指南》	
制造业 > 造纸和纸制品生产企业 > 燃料燃烧 > 化石燃料燃烧 > 煤炭 > 甲烷,甲烷,转炉煤气,1,因子 (kgCH₄/TJ),数据来源于《2006年IPCC清单指南》	
制造业 > 造纸和纸制品生产企业 > 燃料燃烧 > 化石燃料燃烧 > 煤炭 > 甲烷,甲烷,其他煤气,1,因子 (kgCH₄/TJ),数据来源于《2006年IPCC清单指南》	
制造业 > 造纸和纸制品生产企业 > 燃料燃烧 > 化石燃料燃烧 > 煤炭 > 氧化亚氮,氧化亚氮,无烟煤,1.5,因子 (kgN₂O/TJ),数据来源于《2006年IPCC清单指南》	
制造业 > 造纸和纸制品生产企业 > 燃料燃烧 > 化石燃料燃烧 > 煤炭 > 氧化亚氮,氧化亚氮,炼焦烟煤,1.5,因子 (kgN₂O/TJ),数据来源于《2006年IPCC清单指南》	
制造业 > 造纸和纸制品生产企业 > 燃料燃烧 > 化石燃料燃烧 > 煤炭 > 氧化亚氮,氧化亚氮,一般烟煤,1.5,因子 (kgN₂O/TJ),数据来源于《2006年IPCC清单指南》	
制造业 > 造纸和纸制品生产企业 > 燃料燃烧 > 化石燃料燃烧 > 煤炭 > 氧化亚氮,氧化亚氮,褐煤,1.5,因子 (kgN₂O/TJ),数据来源于《2006年IPCC清单指南》	
制造业 > 造纸和纸制品生产企业 > 燃料燃烧 > 化石燃料燃烧 > 煤炭 > 氧化亚氮,氧化亚氮,煤制品,1.5,因子 (kgN₂O/TJ),数据来源于《2006年IPCC清单指南》	
制造业 > 造纸和纸制品生产企业 > 燃料燃烧 > 化石燃料燃烧 > 煤炭 > 氧化亚氮,氧化亚氮,焦炭,1.5,因子 (kgN₂O/TJ),数据来源于《2006年IPCC清单指南》	
制造业 > 造纸和纸制品生产企业 > 燃料燃烧 > 化石燃料燃烧 > 煤炭 > 氧化亚氮,氧化亚氮,焦炉煤气,0.1,因子 (kgN₂O/TJ),数据来源于《2006年IPCC清单指南》	
制造业 > 造纸和纸制品生产企业 > 燃料燃烧 > 化石燃料燃烧 > 煤炭 > 氧化亚氮,氧化亚氮,高炉煤气,0.1,因子 (kgN₂O/TJ),数据来源于《2006年IPCC清单指南》	
制造业 > 造纸和纸制品生产企业 > 燃料燃烧 > 化石燃料燃烧 > 煤炭 > 氧化亚氮,氧化亚氮,转炉煤气,0.1,因子 (kgN₂O/TJ),数据来源于《2006年IPCC清单指南》	
制造业 > 造纸和纸制品生产企业 > 燃料燃烧 > 化石燃料燃烧 > 煤炭 > 氧化亚氮,氧化亚氮,其他煤气,0.1,因子 (kgN₂O/TJ),数据来源于《2006年IPCC清单指南》	
制造业 > 造纸和纸制品生产企业 > 燃料燃烧 > 化石燃料燃烧 > 石油 > 二氧化碳,二氧化碳,原油,73.3,因子  (tCO₂/TJ),数据来源于《2006年IPCC清单指南》	
制造业 > 造纸和纸制品生产企业 > 燃料燃烧 > 化石燃料燃烧 > 石油 > 二氧化碳,二氧化碳,汽油,69.3,因子  (tCO₂/TJ),数据来源于《2006年IPCC清单指南》	
制造业 > 造纸和纸制品生产企业 > 燃料燃烧 > 化石燃料燃烧 > 石油 > 二氧化碳,二氧化碳,煤油,71.9,因子  (tCO₂/TJ),数据来源于《2006年IPCC清单指南》	
制造业 > 造纸和纸制品生产企业 > 燃料燃烧 > 化石燃料燃烧 > 石油 > 二氧化碳,二氧化碳,柴油,74.1,因子  (tCO₂/TJ),数据来源于《2006年IPCC清单指南》	
制造业 > 造纸和纸制品生产企业 > 燃料燃烧 > 化石燃料燃烧 > 石油 > 二氧化碳,二氧化碳,燃料油,77.4,因子  (tCO₂/TJ),数据来源于《2006年IPCC清单指南》	
制造业 > 造纸和纸制品生产企业 > 燃料燃烧 > 化石燃料燃烧 > 石油 > 二氧化碳,二氧化碳,石脑油,73.3,因子  (tCO₂/TJ),数据来源于《2006年IPCC清单指南》	
制造业 > 造纸和纸制品生产企业 > 燃料燃烧 > 化石燃料燃烧 > 石油 > 二氧化碳,二氧化碳,润滑油,73.3,因子  (tCO₂/TJ),数据来源于《2006年IPCC清单指南》	
制造业 > 造纸和纸制品生产企业 > 燃料燃烧 > 化石燃料燃烧 > 石油 > 二氧化碳,二氧化碳,石蜡,73.3,因子  (tCO₂/TJ),数据来源于《2006年IPCC清单指南》	
制造业 > 造纸和纸制品生产企业 > 燃料燃烧 > 化石燃料燃烧 > 石油 > 二氧化碳,二氧化碳,溶剂油,73.3,因子  (tCO₂/TJ),数据来源于《2006年IPCC清单指南》	
制造业 > 造纸和纸制品生产企业 > 燃料燃烧 > 化石燃料燃烧 > 石油 > 二氧化碳,二氧化碳,石油沥青,80.7,因子  (tCO₂/TJ),数据来源于《2006年IPCC清单指南》	
制造业 > 造纸和纸制品生产企业 > 燃料燃烧 > 化石燃料燃烧 > 石油 > 二氧化碳,二氧化碳,石油焦,97.5,因子  (tCO₂/TJ),数据来源于《2006年IPCC清单指南》	
制造业 > 造纸和纸制品生产企业 > 燃料燃烧 > 化石燃料燃烧 > 石油 > 二氧化碳,二氧化碳,液化石油气,63.1,因子  (tCO₂/TJ),数据来源于《2006年IPCC清单指南》	
制造业 > 造纸和纸制品生产企业 > 燃料燃烧 > 化石燃料燃烧 > 石油 > 二氧化碳,二氧化碳,炼厂干气,57.6,因子  (tCO₂/TJ),数据来源于《2006年IPCC清单指南》	
制造业 > 造纸和纸制品生产企业 > 燃料燃烧 > 化石燃料燃烧 > 石油 > 二氧化碳,二氧化碳,其他石油制品,73.3,因子  (tCO₂/TJ),数据来源于《2006年IPCC清单指南》	
制造业 > 造纸和纸制品生产企业 > 燃料燃烧 > 化石燃料燃烧 > 石油 > 甲烷,甲烷,原油,3,因子 (kgCH₄/TJ),数据来源于《2006年IPCC清单指南》	
制造业 > 造纸和纸制品生产企业 > 燃料燃烧 > 化石燃料燃烧 > 石油 > 甲烷,甲烷,汽油,3,因子 (kgCH₄/TJ),数据来源于《2006年IPCC清单指南》	
制造业 > 造纸和纸制品生产企业 > 燃料燃烧 > 化石燃料燃烧 > 石油 > 甲烷,甲烷,煤油,3,因子 (kgCH₄/TJ),数据来源于《2006年IPCC清单指南》	
制造业 > 造纸和纸制品生产企业 > 燃料燃烧 > 化石燃料燃烧 > 石油 > 甲烷,甲烷,柴油,3,因子 (kgCH₄/TJ),数据来源于《2006年IPCC清单指南》	
制造业 > 造纸和纸制品生产企业 > 燃料燃烧 > 化石燃料燃烧 > 石油 > 甲烷,甲烷,燃料油,3,因子 (kgCH₄/TJ),数据来源于《2006年IPCC清单指南》	
制造业 > 造纸和纸制品生产企业 > 燃料燃烧 > 化石燃料燃烧 > 石油 > 甲烷,甲烷,石脑油,3,因子 (kgCH₄/TJ),数据来源于《2006年IPCC清单指南》	
制造业 > 造纸和纸制品生产企业 > 燃料燃烧 > 化石燃料燃烧 > 石油 > 甲烷,甲烷,润滑油,3,因子 (kgCH₄/TJ),数据来源于《2006年IPCC清单指南》	
制造业 > 造纸和纸制品生产企业 > 燃料燃烧 > 化石燃料燃烧 > 石油 > 甲烷,甲烷,石蜡,3,因子 (kgCH₄/TJ),数据来源于《2006年IPCC清单指南》	
制造业 > 造纸和纸制品生产企业 > 燃料燃烧 > 化石燃料燃烧 > 石油 > 甲烷,甲烷,溶剂油,3,因子 (kgCH₄/TJ),数据来源于《2006年IPCC清单指南》	
制造业 > 造纸和纸制品生产企业 > 燃料燃烧 > 化石燃料燃烧 > 石油 > 甲烷,甲烷,石油沥青,3,因子 (kgCH₄/TJ),数据来源于《2006年IPCC清单指南》	
制造业 > 造纸和纸制品生产企业 > 燃料燃烧 > 化石燃料燃烧 > 石油 > 甲烷,甲烷,石油焦,3,因子 (kgCH₄/TJ),数据来源于《2006年IPCC清单指南》	
制造业 > 造纸和纸制品生产企业 > 燃料燃烧 > 化石燃料燃烧 > 石油 > 甲烷,甲烷,液化石油气,1,因子 (kgCH₄/TJ),数据来源于《2006年IPCC清单指南》	
制造业 > 造纸和纸制品生产企业 > 燃料燃烧 > 化石燃料燃烧 > 石油 > 甲烷,甲烷,炼厂干气,1,因子 (kgCH₄/TJ),数据来源于《2006年IPCC清单指南》	
制造业 > 造纸和纸制品生产企业 > 燃料燃烧 > 化石燃料燃烧 > 石油 > 甲烷,甲烷,其他石油制品,3,因子 (kgCH₄/TJ),数据来源于《2006年IPCC清单指南》	
制造业 > 造纸和纸制品生产企业 > 燃料燃烧 > 化石燃料燃烧 > 石油 > 氧化亚氮,氧化亚氮,原油,0.6,因子 (kgN₂O/TJ),"数据来源于《2006年IPCC清单指南》
"
制造业 > 造纸和纸制品生产企业 > 燃料燃烧 > 化石燃料燃烧 > 石油 > 氧化亚氮,氧化亚氮,汽油,0.6,因子 (kgN₂O/TJ),"数据来源于《2006年IPCC清单指南》
"
制造业 > 造纸和纸制品生产企业 > 燃料燃烧 > 化石燃料燃烧 > 石油 > 氧化亚氮,氧化亚氮,煤油,0.6,因子 (kgN₂O/TJ),"数据来源于《2006年IPCC清单指南》
"
制造业 > 造纸和纸制品生产企业 > 燃料燃烧 > 化石燃料燃烧 > 石油 > 氧化亚氮,氧化亚氮,柴油,0.6,因子 (kgN₂O/TJ),"数据来源于《2006年IPCC清单指南》
"
制造业 > 造纸和纸制品生产企业 > 燃料燃烧 > 化石燃料燃烧 > 石油 > 氧化亚氮,氧化亚氮,燃料油,0.6,因子 (kgN₂O/TJ),"数据来源于《2006年IPCC清单指南》
"
制造业 > 造纸和纸制品生产企业 > 燃料燃烧 > 化石燃料燃烧 > 石油 > 氧化亚氮,氧化亚氮,石脑油,0.6,因子 (kgN₂O/TJ),"数据来源于《2006年IPCC清单指南》
"
制造业 > 造纸和纸制品生产企业 > 燃料燃烧 > 化石燃料燃烧 > 石油 > 氧化亚氮,氧化亚氮,润滑油,0.6,因子 (kgN₂O/TJ),"数据来源于《2006年IPCC清单指南》
"
制造业 > 造纸和纸制品生产企业 > 燃料燃烧 > 化石燃料燃烧 > 石油 > 氧化亚氮,氧化亚氮,石蜡,0.6,因子 (kgN₂O/TJ),"数据来源于《2006年IPCC清单指南》
"
制造业 > 造纸和纸制品生产企业 > 燃料燃烧 > 化石燃料燃烧 > 石油 > 氧化亚氮,氧化亚氮,溶剂油,0.6,因子 (kgN₂O/TJ),"数据来源于《2006年IPCC清单指南》
"
制造业 > 造纸和纸制品生产企业 > 燃料燃烧 > 化石燃料燃烧 > 石油 > 氧化亚氮,氧化亚氮,石油沥青,0.6,因子 (kgN₂O/TJ),"数据来源于《2006年IPCC清单指南》
"
制造业 > 造纸和纸制品生产企业 > 燃料燃烧 > 化石燃料燃烧 > 石油 > 氧化亚氮,氧化亚氮,石油焦,0.6,因子 (kgN₂O/TJ),"数据来源于《2006年IPCC清单指南》
"
制造业 > 造纸和纸制品生产企业 > 燃料燃烧 > 化石燃料燃烧 > 石油 > 氧化亚氮,氧化亚氮,液化石油气,0.1,因子 (kgN₂O/TJ),"数据来源于《2006年IPCC清单指南》
"
制造业 > 造纸和纸制品生产企业 > 燃料燃烧 > 化石燃料燃烧 > 石油 > 氧化亚氮,氧化亚氮,炼厂干气,0.1,因子 (kgN₂O/TJ),"数据来源于《2006年IPCC清单指南》
"
制造业 > 造纸和纸制品生产企业 > 燃料燃烧 > 化石燃料燃烧 > 石油 > 氧化亚氮,氧化亚氮,其他石油制品,0.6,因子 (kgN₂O/TJ),"数据来源于《2006年IPCC清单指南》
"
制造业 > 造纸和纸制品生产企业 > 燃料燃烧 > 化石燃料燃烧 > 天然气 > 二氧化碳 > 天然气,天然气,天然气,57.2,因子  (tCO₂/TJ),本土化数据，油气企业抽样实测数据
制造业 > 造纸和纸制品生产企业 > 燃料燃烧 > 化石燃料燃烧 > 天然气 > 二氧化碳 > 液化天然气,液化天然气,液化天然气,56.8,因子  (tCO₂/TJ),本土化数据，油气企业抽样实测数据
制造业 > 造纸和纸制品生产企业 > 燃料燃烧 > 化石燃料燃烧 > 天然气 > 甲烷,甲烷,天然气,1,因子 (kgCH₄/TJ),数据来源于《2006年IPCC清单指南》
制造业 > 造纸和纸制品生产企业 > 燃料燃烧 > 化石燃料燃烧 > 天然气 > 氧化亚氮,氧化亚氮,天然气,0.1,因子 (kgN₂O/TJ),数据来源于《2006年IPCC清单指南》
制造业 > 造纸和纸制品生产企业 > 燃料燃烧 > 生物质燃料燃烧 > 二氧化碳,二氧化碳,农业废弃物,100000,因子  (kgCO₂/TJ),数据来源于《2006年IPCC清单指南》
制造业 > 造纸和纸制品生产企业 > 燃料燃烧 > 生物质燃料燃烧 > 二氧化碳,二氧化碳,薪柴,112000,因子  (kgCO₂/TJ),数据来源于《2006年IPCC清单指南》
制造业 > 造纸和纸制品生产企业 > 燃料燃烧 > 生物质燃料燃烧 > 二氧化碳,二氧化碳,木炭,112000,因子  (kgCO₂/TJ),数据来源于《2006年IPCC清单指南》
制造业 > 造纸和纸制品生产企业 > 燃料燃烧 > 生物质燃料燃烧 > 二氧化碳,二氧化碳,动物粪便,100000,因子  (kgCO₂/TJ),数据来源于《2006年IPCC清单指南》
制造业 > 造纸和纸制品生产企业 > 燃料燃烧 > 生物质燃料燃烧 > 二氧化碳,二氧化碳,沼气,54600,因子  (kgCO₂/TJ),数据来源于《2006年IPCC清单指南》
制造业 > 造纸和纸制品生产企业 > 燃料燃烧 > 生物质燃料燃烧 > 二氧化碳,二氧化碳,其他生物气体,54600,因子  (kgCO₂/TJ),数据来源于《2006年IPCC清单指南》
制造业 > 造纸和纸制品生产企业 > 燃料燃烧 > 生物质燃料燃烧 > 二氧化碳,二氧化碳,城市生活垃圾(生物成因),100000,因子  (kgCO₂/TJ),数据来源于《2006年IPCC清单指南》
制造业 > 造纸和纸制品生产企业 > 燃料燃烧 > 生物质燃料燃烧 > 二氧化碳,二氧化碳,生物汽油,70800,因子  (kgCO₂/TJ),数据来源于《2006年IPCC清单指南》
制造业 > 造纸和纸制品生产企业 > 燃料燃烧 > 生物质燃料燃烧 > 二氧化碳,二氧化碳,生物柴油,70800,因子  (kgCO₂/TJ),数据来源于《2006年IPCC清单指南》
制造业 > 造纸和纸制品生产企业 > 燃料燃烧 > 生物质燃料燃烧 > 二氧化碳,二氧化碳,其他液体生物质燃料,79600,因子  (kgCO₂/TJ),数据来源于《2006年IPCC清单指南》
制造业 > 造纸和纸制品生产企业 > 工业生产过程和产品使用 > 碳酸盐使用过程,碳酸盐使用过程,方解石、文石和石灰石(CaCO₃),0.44,因子 (tCO₂/t carbonate),分子式质量比值，属于理论值
制造业 > 造纸和纸制品生产企业 > 工业生产过程和产品使用 > 碳酸盐使用过程,碳酸盐使用过程,菱镁石(MgCO₃),0.522,因子 (tCO₂/t carbonate),分子式质量比值，属于理论值
制造业 > 造纸和纸制品生产企业 > 工业生产过程和产品使用 > 碳酸盐使用过程,碳酸盐使用过程,碳酸钠或纯碱(Na₂CO₃),0.415,因子 (tCO₂/t carbonate),分子式质量比值，属于理论值
制造业 > 造纸和纸制品生产企业 > 工业生产过程和产品使用 > 碳酸盐使用过程,碳酸盐使用过程,碳酸氢钠(NaHCO₃),0.524,因子 (tCO₂/t carbonate),分子式质量比值，属于理论值
制造业 > 造纸和纸制品生产企业 > 工业生产过程和产品使用 > 碳酸盐使用过程,碳酸盐使用过程,菱铁矿或碳酸铁(FeCO₃),0.38,因子 (tCO₂/t carbonate),分子式质量比值，属于理论值
制造业 > 造纸和纸制品生产企业 > 工业生产过程和产品使用 > 碳酸盐使用过程,碳酸盐使用过程,菱锰矿(MnCO₃),0.383,因子 (tCO₂/t carbonate),分子式质量比值，属于理论值
制造业 > 造纸和纸制品生产企业 > 工业生产过程和产品使用 > 碳酸盐使用过程,碳酸盐使用过程,碳酸钡(BaCO₃),0.223,因子 (tCO₂/t carbonate),分子式质量比值，属于理论值
制造业 > 造纸和纸制品生产企业 > 工业生产过程和产品使用 > 碳酸盐使用过程,碳酸盐使用过程,碳酸锂(Li₂CO₃),0.595,因子 (tCO₂/t carbonate),分子式质量比值，属于理论值
制造业 > 造纸和纸制品生产企业 > 工业生产过程和产品使用 > 碳酸盐使用过程,碳酸盐使用过程,碳酸钾(K₂CO₃),0.318,因子 (tCO₂/t carbonate),分子式质量比值，属于理论值
制造业 > 造纸和纸制品生产企业 > 工业生产过程和产品使用 > 碳酸盐使用过程,碳酸盐使用过程,碳酸锶(SrCO₃),0.298,因子 (tCO₂/t carbonate),分子式质量比值，属于理论值
制造业 > 造纸和纸制品生产企业 > 工业生产过程和产品使用 > 碳酸盐使用过程,碳酸盐使用过程,白云石(CaMg(CO₃)₂),0.477,因子 (tCO₂/t carbonate),分子式质量比值，属于理论值
制造业 > 造纸和纸制品生产企业 > 工业生产过程和产品使用 > 碳酸盐使用过程,碳酸盐使用过程,"铁白云石(Ca(Fe,Mg,Mn)(CO₃)₂)",0.40~0.48,因子 (tCO₂/t carbonate),分子式质量比值，属于理论值
制造业 > 造纸和纸制品生产企业 > 废弃物处理处置 > 废水处理 > 工业废水,工业废水,海洋、河流或湖泊排放,0.025,因子 (kgCH₄/kgCOD),数据来源于《2006年IPCC清单指南》
制造业 > 造纸和纸制品生产企业 > 废弃物处理处置 > 废水处理 > 工业废水,工业废水,集中好氧处理设施(管理完善),0,因子 (kgCH₄/kgCOD),数据来源于《2006年IPCC清单指南》
制造业 > 造纸和纸制品生产企业 > 废弃物处理处置 > 废水处理 > 工业废水,工业废水,集中好氧处理设施(管理不完善，超负荷),0.075,因子 (kgCH₄/kgCOD),数据来源于《2006年IPCC清单指南》
制造业 > 造纸和纸制品生产企业 > 废弃物处理处置 > 废水处理 > 工业废水,工业废水,污泥厌氧消化池(未考虑甲烷回收),0.2,因子 (kgCH₄/kgCOD),数据来源于《2006年IPCC清单指南》
制造业 > 造纸和纸制品生产企业 > 废弃物处理处置 > 废水处理 > 工业废水,工业废水,厌氧反应器(未考虑甲烷回收),0.2,因子 (kgCH₄/kgCOD),数据来源于《2006年IPCC清单指南》
制造业 > 造纸和纸制品生产企业 > 废弃物处理处置 > 废水处理 > 工业废水,工业废水,浅厌氧塘(深度不足2米),0.05,因子 (kgCH₄/kgCOD),数据来源于《2006年IPCC清单指南》
制造业 > 造纸和纸制品生产企业 > 废弃物处理处置 > 废水处理 > 工业废水,工业废水,深厌氧塘(深度超过2米),0.2,因子 (kgCH₄/kgCOD),数据来源于《2006年IPCC清单指南》
制造业 > 造纸和纸制品生产企业 > 净购入电力与热力 > 电力消费 > 电力平均二氧化碳排放因子 > 全国电力平均二氧化碳排放因子,全国电力平均二氧化碳排放因子,全国,0.5306,2023年因子 (kgCO₂/kWh),本土化数据，数据来源于生态环境部、国家统计局《关于发布2023年电力二氧化碳排放因子的公告》（公告2025年第47号）
制造业 > 造纸和纸制品生产企业 > 净购入电力与热力 > 电力消费 > 电力平均二氧化碳排放因子 > 区域电力平均二氧化碳排放因子,区域电力平均二氧化碳排放因子,华北,0.6361,2023年因子 (kgCO₂/kWh),本土化数据，数据来源于生态环境部、国家统计局《关于发布2023年电力二氧化碳排放因子的公告》（公告2025年第47号）
制造业 > 造纸和纸制品生产企业 > 净购入电力与热力 > 电力消费 > 电力平均二氧化碳排放因子 > 区域电力平均二氧化碳排放因子,区域电力平均二氧化碳排放因子,东北,0.5122,2023年因子 (kgCO₂/kWh),本土化数据，数据来源于生态环境部、国家统计局《关于发布2023年电力二氧化碳排放因子的公告》（公告2025年第47号）
制造业 > 造纸和纸制品生产企业 > 净购入电力与热力 > 电力消费 > 电力平均二氧化碳排放因子 > 区域电力平均二氧化碳排放因子,区域电力平均二氧化碳排放因子,华东,0.55,2023年因子 (kgCO₂/kWh),本土化数据，数据来源于生态环境部、国家统计局《关于发布2023年电力二氧化碳排放因子的公告》（公告2025年第47号）
制造业 > 造纸和纸制品生产企业 > 净购入电力与热力 > 电力消费 > 电力平均二氧化碳排放因子 > 区域电力平均二氧化碳排放因子,区域电力平均二氧化碳排放因子,华中,0.5271,2023年因子 (kgCO₂/kWh),本土化数据，数据来源于生态环境部、国家统计局《关于发布2023年电力二氧化碳排放因子的公告》（公告2025年第47号）
制造业 > 造纸和纸制品生产企业 > 净购入电力与热力 > 电力消费 > 电力平均二氧化碳排放因子 > 区域电力平均二氧化碳排放因子,区域电力平均二氧化碳排放因子,西北,0.5543,2023年因子 (kgCO₂/kWh),本土化数据，数据来源于生态环境部、国家统计局《关于发布2023年电力二氧化碳排放因子的公告》（公告2025年第47号）
制造业 > 造纸和纸制品生产企业 > 净购入电力与热力 > 电力消费 > 电力平均二氧化碳排放因子 > 区域电力平均二氧化碳排放因子,区域电力平均二氧化碳排放因子,南方,0.4042,2023年因子 (kgCO₂/kWh),本土化数据，数据来源于生态环境部、国家统计局《关于发布2023年电力二氧化碳排放因子的公告》（公告2025年第47号）
制造业 > 造纸和纸制品生产企业 > 净购入电力与热力 > 电力消费 > 电力平均二氧化碳排放因子 > 区域电力平均二氧化碳排放因子,区域电力平均二氧化碳排放因子,西南,0.2472,2023年因子 (kgCO₂/kWh),本土化数据，数据来源于生态环境部、国家统计局《关于发布2023年电力二氧化碳排放因子的公告》（公告2025年第47号）
制造业 > 造纸和纸制品生产企业 > 净购入电力与热力 > 电力消费 > 电力平均二氧化碳排放因子 > 省级电力平均二氧化碳排放因子,省级电力平均二氧化碳排放因子,北京,0.5554,2023年因子 (kgCO₂/kWh),本土化数据，数据来源于生态环境部、国家统计局《关于发布2023年电力二氧化碳排放因子的公告》（公告2025年第47号）
制造业 > 造纸和纸制品生产企业 > 净购入电力与热力 > 电力消费 > 电力平均二氧化碳排放因子 > 省级电力平均二氧化碳排放因子,省级电力平均二氧化碳排放因子,天津,0.6796,2023年因子 (kgCO₂/kWh),本土化数据，数据来源于生态环境部、国家统计局《关于发布2023年电力二氧化碳排放因子的公告》（公告2025年第47号）
制造业 > 造纸和纸制品生产企业 > 净购入电力与热力 > 电力消费 > 电力平均二氧化碳排放因子 > 省级电力平均二氧化碳排放因子,省级电力平均二氧化碳排放因子,河北,0.6516,2023年因子 (kgCO₂/kWh),本土化数据，数据来源于生态环境部、国家统计局《关于发布2023年电力二氧化碳排放因子的公告》（公告2025年第47号）
制造业 > 造纸和纸制品生产企业 > 净购入电力与热力 > 电力消费 > 电力平均二氧化碳排放因子 > 省级电力平均二氧化碳排放因子,省级电力平均二氧化碳排放因子,山西,0.6634,2023年因子 (kgCO₂/kWh),本土化数据，数据来源于生态环境部、国家统计局《关于发布2023年电力二氧化碳排放因子的公告》（公告2025年第47号）
制造业 > 造纸和纸制品生产企业 > 净购入电力与热力 > 电力消费 > 电力平均二氧化碳排放因子 > 省级电力平均二氧化碳排放因子,省级电力平均二氧化碳排放因子,内蒙古,0.6479,2023年因子 (kgCO₂/kWh),本土化数据，数据来源于生态环境部、国家统计局《关于发布2023年电力二氧化碳排放因子的公告》（公告2025年第47号）
制造业 > 造纸和纸制品生产企业 > 净购入电力与热力 > 电力消费 > 电力平均二氧化碳排放因子 > 省级电力平均二氧化碳排放因子,省级电力平均二氧化碳排放因子,辽宁,0.4878,2023年因子 (kgCO₂/kWh),本土化数据，数据来源于生态环境部、国家统计局《关于发布2023年电力二氧化碳排放因子的公告》（公告2025年第47号）
制造业 > 造纸和纸制品生产企业 > 净购入电力与热力 > 电力消费 > 电力平均二氧化碳排放因子 > 省级电力平均二氧化碳排放因子,省级电力平均二氧化碳排放因子,吉林,0.4671,2023年因子 (kgCO₂/kWh),本土化数据，数据来源于生态环境部、国家统计局《关于发布2023年电力二氧化碳排放因子的公告》（公告2025年第47号）
制造业 > 造纸和纸制品生产企业 > 净购入电力与热力 > 电力消费 > 电力平均二氧化碳排放因子 > 省级电力平均二氧化碳排放因子,省级电力平均二氧化碳排放因子,黑龙江,0.5229,2023年因子 (kgCO₂/kWh),本土化数据，数据来源于生态环境部、国家统计局《关于发布2023年电力二氧化碳排放因子的公告》（公告2025年第47号）
制造业 > 造纸和纸制品生产企业 > 净购入电力与热力 > 电力消费 > 电力平均二氧化碳排放因子 > 省级电力平均二氧化碳排放因子,省级电力平均二氧化碳排放因子,上海,0.5737,2023年因子 (kgCO₂/kWh),本土化数据，数据来源于生态环境部、国家统计局《关于发布2023年电力二氧化碳排放因子的公告》（公告2025年第47号）
制造业 > 造纸和纸制品生产企业 > 净购入电力与热力 > 电力消费 > 电力平均二氧化碳排放因子 > 省级电力平均二氧化碳排放因子,省级电力平均二氧化碳排放因子,江苏,0.5827,2023年因子 (kgCO₂/kWh),本土化数据，数据来源于生态环境部、国家统计局《关于发布2023年电力二氧化碳排放因子的公告》（公告2025年第47号）
制造业 > 造纸和纸制品生产企业 > 净购入电力与热力 > 电力消费 > 电力平均二氧化碳排放因子 > 省级电力平均二氧化碳排放因子,省级电力平均二氧化碳排放因子,浙江,0.4974,2023年因子 (kgCO₂/kWh),本土化数据，数据来源于生态环境部、国家统计局《关于发布2023年电力二氧化碳排放因子的公告》（公告2025年第47号）
制造业 > 造纸和纸制品生产企业 > 净购入电力与热力 > 电力消费 > 电力平均二氧化碳排放因子 > 省级电力平均二氧化碳排放因子,省级电力平均二氧化碳排放因子,安徽,0.6553,2023年因子 (kgCO₂/kWh),本土化数据，数据来源于生态环境部、国家统计局《关于发布2023年电力二氧化碳排放因子的公告》（公告2025年第47号）
制造业 > 造纸和纸制品生产企业 > 净购入电力与热力 > 电力消费 > 电力平均二氧化碳排放因子 > 省级电力平均二氧化碳排放因子,省级电力平均二氧化碳排放因子,福建,0.4211,2023年因子 (kgCO₂/kWh),本土化数据，数据来源于生态环境部、国家统计局《关于发布2023年电力二氧化碳排放因子的公告》（公告2025年第47号）
制造业 > 造纸和纸制品生产企业 > 净购入电力与热力 > 电力消费 > 电力平均二氧化碳排放因子 > 省级电力平均二氧化碳排放因子,省级电力平均二氧化碳排放因子,江西,0.5836,2023年因子 (kgCO₂/kWh),本土化数据，数据来源于生态环境部、国家统计局《关于发布2023年电力二氧化碳排放因子的公告》（公告2025年第47号）
制造业 > 造纸和纸制品生产企业 > 净购入电力与热力 > 电力消费 > 电力平均二氧化碳排放因子 > 省级电力平均二氧化碳排放因子,省级电力平均二氧化碳排放因子,山东,0.6191,2023年因子 (kgCO₂/kWh),本土化数据，数据来源于生态环境部、国家统计局《关于发布2023年电力二氧化碳排放因子的公告》（公告2025年第47号）
制造业 > 造纸和纸制品生产企业 > 净购入电力与热力 > 电力消费 > 电力平均二氧化碳排放因子 > 省级电力平均二氧化碳排放因子,省级电力平均二氧化碳排放因子,河南,0.5897,2023年因子 (kgCO₂/kWh),本土化数据，数据来源于生态环境部、国家统计局《关于发布2023年电力二氧化碳排放因子的公告》（公告2025年第47号）
制造业 > 造纸和纸制品生产企业 > 净购入电力与热力 > 电力消费 > 电力平均二氧化碳排放因子 > 省级电力平均二氧化碳排放因子,省级电力平均二氧化碳排放因子,湖北,0.4044,2023年因子 (kgCO₂/kWh),本土化数据，数据来源于生态环境部、国家统计局《关于发布2023年电力二氧化碳排放因子的公告》（公告2025年第47号）
制造业 > 造纸和纸制品生产企业 > 净购入电力与热力 > 电力消费 > 电力平均二氧化碳排放因子 > 省级电力平均二氧化碳排放因子,省级电力平均二氧化碳排放因子,湖南,0.4976,2023年因子 (kgCO₂/kWh),本土化数据，数据来源于生态环境部、国家统计局《关于发布2023年电力二氧化碳排放因子的公告》（公告2025年第47号）
制造业 > 造纸和纸制品生产企业 > 净购入电力与热力 > 电力消费 > 电力平均二氧化碳排放因子 > 省级电力平均二氧化碳排放因子,省级电力平均二氧化碳排放因子,广东,0.4419,2023年因子 (kgCO₂/kWh),本土化数据，数据来源于生态环境部、国家统计局《关于发布2023年电力二氧化碳排放因子的公告》（公告2025年第47号）
制造业 > 造纸和纸制品生产企业 > 净购入电力与热力 > 电力消费 > 电力平均二氧化碳排放因子 > 省级电力平均二氧化碳排放因子,省级电力平均二氧化碳排放因子,广西,0.4476,2023年因子 (kgCO₂/kWh),本土化数据，数据来源于生态环境部、国家统计局《关于发布2023年电力二氧化碳排放因子的公告》（公告2025年第47号）
制造业 > 造纸和纸制品生产企业 > 净购入电力与热力 > 电力消费 > 电力平均二氧化碳排放因子 > 省级电力平均二氧化碳排放因子,省级电力平均二氧化碳排放因子,海南,0.3648,2023年因子 (kgCO₂/kWh),本土化数据，数据来源于生态环境部、国家统计局《关于发布2023年电力二氧化碳排放因子的公告》（公告2025年第47号）
制造业 > 造纸和纸制品生产企业 > 净购入电力与热力 > 电力消费 > 电力平均二氧化碳排放因子 > 省级电力平均二氧化碳排放因子,省级电力平均二氧化碳排放因子,重庆,0.5581,2023年因子 (kgCO₂/kWh),本土化数据，数据来源于生态环境部、国家统计局《关于发布2023年电力二氧化碳排放因子的公告》（公告2025年第47号）
制造业 > 造纸和纸制品生产企业 > 净购入电力与热力 > 电力消费 > 电力平均二氧化碳排放因子 > 省级电力平均二氧化碳排放因子,省级电力平均二氧化碳排放因子,四川,0.1564,2023年因子 (kgCO₂/kWh),本土化数据，数据来源于生态环境部、国家统计局《关于发布2023年电力二氧化碳排放因子的公告》（公告2025年第47号）
制造业 > 造纸和纸制品生产企业 > 净购入电力与热力 > 电力消费 > 电力平均二氧化碳排放因子 > 省级电力平均二氧化碳排放因子,省级电力平均二氧化碳排放因子,贵州,0.5683,2023年因子 (kgCO₂/kWh),本土化数据，数据来源于生态环境部、国家统计局《关于发布2023年电力二氧化碳排放因子的公告》（公告2025年第47号）
制造业 > 造纸和纸制品生产企业 > 净购入电力与热力 > 电力消费 > 电力平均二氧化碳排放因子 > 省级电力平均二氧化碳排放因子,省级电力平均二氧化碳排放因子,云南,0.1333,2023年因子 (kgCO₂/kWh),本土化数据，数据来源于生态环境部、国家统计局《关于发布2023年电力二氧化碳排放因子的公告》（公告2025年第47号）
制造业 > 造纸和纸制品生产企业 > 净购入电力与热力 > 电力消费 > 电力平均二氧化碳排放因子 > 省级电力平均二氧化碳排放因子,省级电力平均二氧化碳排放因子,陕西,0.6335,2023年因子 (kgCO₂/kWh),本土化数据，数据来源于生态环境部、国家统计局《关于发布2023年电力二氧化碳排放因子的公告》（公告2025年第47号）
制造业 > 造纸和纸制品生产企业 > 净购入电力与热力 > 电力消费 > 电力平均二氧化碳排放因子 > 省级电力平均二氧化碳排放因子,省级电力平均二氧化碳排放因子,甘肃,0.4471,2023年因子 (kgCO₂/kWh),本土化数据，数据来源于生态环境部、国家统计局《关于发布2023年电力二氧化碳排放因子的公告》（公告2025年第47号）
制造业 > 造纸和纸制品生产企业 > 净购入电力与热力 > 电力消费 > 电力平均二氧化碳排放因子 > 省级电力平均二氧化碳排放因子,省级电力平均二氧化碳排放因子,青海,0.1796,2023年因子 (kgCO₂/kWh),本土化数据，数据来源于生态环境部、国家统计局《关于发布2023年电力二氧化碳排放因子的公告》（公告2025年第47号）
制造业 > 造纸和纸制品生产企业 > 净购入电力与热力 > 电力消费 > 电力平均二氧化碳排放因子 > 省级电力平均二氧化碳排放因子,省级电力平均二氧化碳排放因子,宁夏,0.6187,2023年因子 (kgCO₂/kWh),本土化数据，数据来源于生态环境部、国家统计局《关于发布2023年电力二氧化碳排放因子的公告》（公告2025年第47号）
制造业 > 造纸和纸制品生产企业 > 净购入电力与热力 > 电力消费 > 电力平均二氧化碳排放因子 > 省级电力平均二氧化碳排放因子,省级电力平均二氧化碳排放因子,新疆,0.6021,2023年因子 (kgCO₂/kWh),本土化数据，数据来源于生态环境部、国家统计局《关于发布2023年电力二氧化碳排放因子的公告》（公告2025年第47号）
制造业 > 造纸和纸制品生产企业 > 净购入电力与热力 > 电力消费 > 电力平均二氧化碳排放因子（不包括市场化交易的非化石能源电量） > 全国电力平均二氧化碳排放因子（不包括市场化交易的非化石能源电量）,全国电力平均二氧化碳排放因子（不包括市场化交易的非化石能源电量）,全国,0.6096,2023年因子 (kgCO₂/kWh),本土化数据，数据来源于生态环境部、国家统计局《关于发布2023年电力二氧化碳排放因子的公告》（公告2025年第47号）
制造业 > 造纸和纸制品生产企业 > 净购入电力与热力 > 电力消费 > 化石能源电力二氧化碳排放因子 > 全国化石能源电力二氧化碳排放因子,全国化石能源电力二氧化碳排放因子,全国,0.8273,2023年因子 (kgCO₂/kWh),本土化数据，数据来源于生态环境部、国家统计局《关于发布2023年电力二氧化碳排放因子的公告》（公告2025年第47号）
制造业 > 氟化工企业 > 燃料燃烧 > 化石燃料燃烧 > 煤炭 > 二氧化碳,二氧化碳,无烟煤,98.3,因子  (tCO₂/TJ),"数据来源于《2006年IPCC清单指南》
"
制造业 > 氟化工企业 > 燃料燃烧 > 化石燃料燃烧 > 煤炭 > 二氧化碳,二氧化碳,炼焦烟煤,94.6,因子  (tCO₂/TJ),数据来源于《2006年IPCC清单指南》
制造业 > 氟化工企业 > 燃料燃烧 > 化石燃料燃烧 > 煤炭 > 二氧化碳,二氧化碳,一般烟煤,94.6,因子  (tCO₂/TJ),数据来源于《2006年IPCC清单指南》
制造业 > 氟化工企业 > 燃料燃烧 > 化石燃料燃烧 > 煤炭 > 二氧化碳,二氧化碳,褐煤,101.2,因子  (tCO₂/TJ),数据来源于《2006年IPCC清单指南》
制造业 > 氟化工企业 > 燃料燃烧 > 化石燃料燃烧 > 煤炭 > 二氧化碳,二氧化碳,煤制品,97.5,因子  (tCO₂/TJ),数据来源于《2006年IPCC清单指南》
制造业 > 氟化工企业 > 燃料燃烧 > 化石燃料燃烧 > 煤炭 > 二氧化碳,二氧化碳,焦炭,107.1,因子  (tCO₂/TJ),数据来源于《2006年IPCC清单指南》
制造业 > 氟化工企业 > 燃料燃烧 > 化石燃料燃烧 > 煤炭 > 二氧化碳,二氧化碳,焦炉煤气,44.4,因子  (tCO₂/TJ),数据来源于《2006年IPCC清单指南》
制造业 > 氟化工企业 > 燃料燃烧 > 化石燃料燃烧 > 煤炭 > 二氧化碳,二氧化碳,高炉煤气,259.6,因子  (tCO₂/TJ),数据来源于《2006年IPCC清单指南》
制造业 > 氟化工企业 > 燃料燃烧 > 化石燃料燃烧 > 煤炭 > 二氧化碳,二氧化碳,转炉煤气,181.9,因子  (tCO₂/TJ),数据来源于《2006年IPCC清单指南》
制造业 > 氟化工企业 > 燃料燃烧 > 化石燃料燃烧 > 煤炭 > 二氧化碳,二氧化碳,其他煤气,44.4,因子  (tCO₂/TJ),数据来源于《2006年IPCC清单指南》
制造业 > 氟化工企业 > 燃料燃烧 > 化石燃料燃烧 > 煤炭 > 甲烷,甲烷,无烟煤,10,因子 (kgCH₄/TJ),数据来源于《2006年IPCC清单指南》	
制造业 > 氟化工企业 > 燃料燃烧 > 化石燃料燃烧 > 煤炭 > 甲烷,甲烷,炼焦烟煤,10,因子 (kgCH₄/TJ),数据来源于《2006年IPCC清单指南》	
制造业 > 氟化工企业 > 燃料燃烧 > 化石燃料燃烧 > 煤炭 > 甲烷,甲烷,一般烟煤,10,因子 (kgCH₄/TJ),数据来源于《2006年IPCC清单指南》	
制造业 > 氟化工企业 > 燃料燃烧 > 化石燃料燃烧 > 煤炭 > 甲烷,甲烷,褐煤,10,因子 (kgCH₄/TJ),数据来源于《2006年IPCC清单指南》	
制造业 > 氟化工企业 > 燃料燃烧 > 化石燃料燃烧 > 煤炭 > 甲烷,甲烷,煤制品,10,因子 (kgCH₄/TJ),数据来源于《2006年IPCC清单指南》	
制造业 > 氟化工企业 > 燃料燃烧 > 化石燃料燃烧 > 煤炭 > 甲烷,甲烷,焦炭,10,因子 (kgCH₄/TJ),数据来源于《2006年IPCC清单指南》	
制造业 > 氟化工企业 > 燃料燃烧 > 化石燃料燃烧 > 煤炭 > 甲烷,甲烷,焦炉煤气,1,因子 (kgCH₄/TJ),数据来源于《2006年IPCC清单指南》	
制造业 > 氟化工企业 > 燃料燃烧 > 化石燃料燃烧 > 煤炭 > 甲烷,甲烷,高炉煤气,1,因子 (kgCH₄/TJ),数据来源于《2006年IPCC清单指南》	
制造业 > 氟化工企业 > 燃料燃烧 > 化石燃料燃烧 > 煤炭 > 甲烷,甲烷,转炉煤气,1,因子 (kgCH₄/TJ),数据来源于《2006年IPCC清单指南》	
制造业 > 氟化工企业 > 燃料燃烧 > 化石燃料燃烧 > 煤炭 > 甲烷,甲烷,其他煤气,1,因子 (kgCH₄/TJ),数据来源于《2006年IPCC清单指南》	
制造业 > 氟化工企业 > 燃料燃烧 > 化石燃料燃烧 > 煤炭 > 氧化亚氮,氧化亚氮,无烟煤,1.5,因子 (kgN₂O/TJ),数据来源于《2006年IPCC清单指南》	
制造业 > 氟化工企业 > 燃料燃烧 > 化石燃料燃烧 > 煤炭 > 氧化亚氮,氧化亚氮,炼焦烟煤,1.5,因子 (kgN₂O/TJ),数据来源于《2006年IPCC清单指南》	
制造业 > 氟化工企业 > 燃料燃烧 > 化石燃料燃烧 > 煤炭 > 氧化亚氮,氧化亚氮,一般烟煤,1.5,因子 (kgN₂O/TJ),数据来源于《2006年IPCC清单指南》	
制造业 > 氟化工企业 > 燃料燃烧 > 化石燃料燃烧 > 煤炭 > 氧化亚氮,氧化亚氮,褐煤,1.5,因子 (kgN₂O/TJ),数据来源于《2006年IPCC清单指南》	
制造业 > 氟化工企业 > 燃料燃烧 > 化石燃料燃烧 > 煤炭 > 氧化亚氮,氧化亚氮,煤制品,1.5,因子 (kgN₂O/TJ),数据来源于《2006年IPCC清单指南》	
制造业 > 氟化工企业 > 燃料燃烧 > 化石燃料燃烧 > 煤炭 > 氧化亚氮,氧化亚氮,焦炭,1.5,因子 (kgN₂O/TJ),数据来源于《2006年IPCC清单指南》	
制造业 > 氟化工企业 > 燃料燃烧 > 化石燃料燃烧 > 煤炭 > 氧化亚氮,氧化亚氮,焦炉煤气,0.1,因子 (kgN₂O/TJ),数据来源于《2006年IPCC清单指南》	
制造业 > 氟化工企业 > 燃料燃烧 > 化石燃料燃烧 > 煤炭 > 氧化亚氮,氧化亚氮,高炉煤气,0.1,因子 (kgN₂O/TJ),数据来源于《2006年IPCC清单指南》	
制造业 > 氟化工企业 > 燃料燃烧 > 化石燃料燃烧 > 煤炭 > 氧化亚氮,氧化亚氮,转炉煤气,0.1,因子 (kgN₂O/TJ),数据来源于《2006年IPCC清单指南》	
制造业 > 氟化工企业 > 燃料燃烧 > 化石燃料燃烧 > 煤炭 > 氧化亚氮,氧化亚氮,其他煤气,0.1,因子 (kgN₂O/TJ),数据来源于《2006年IPCC清单指南》	
制造业 > 氟化工企业 > 燃料燃烧 > 化石燃料燃烧 > 石油 > 二氧化碳,二氧化碳,原油,73.3,因子  (tCO₂/TJ),数据来源于《2006年IPCC清单指南》
制造业 > 氟化工企业 > 燃料燃烧 > 化石燃料燃烧 > 石油 > 二氧化碳,二氧化碳,汽油,69.3,因子  (tCO₂/TJ),数据来源于《2006年IPCC清单指南》
制造业 > 氟化工企业 > 燃料燃烧 > 化石燃料燃烧 > 石油 > 二氧化碳,二氧化碳,煤油,71.9,因子  (tCO₂/TJ),数据来源于《2006年IPCC清单指南》
制造业 > 氟化工企业 > 燃料燃烧 > 化石燃料燃烧 > 石油 > 二氧化碳,二氧化碳,柴油,74.1,因子  (tCO₂/TJ),数据来源于《2006年IPCC清单指南》
制造业 > 氟化工企业 > 燃料燃烧 > 化石燃料燃烧 > 石油 > 二氧化碳,二氧化碳,燃料油,77.4,因子  (tCO₂/TJ),数据来源于《2006年IPCC清单指南》
制造业 > 氟化工企业 > 燃料燃烧 > 化石燃料燃烧 > 石油 > 二氧化碳,二氧化碳,石脑油,73.3,因子  (tCO₂/TJ),数据来源于《2006年IPCC清单指南》
制造业 > 氟化工企业 > 燃料燃烧 > 化石燃料燃烧 > 石油 > 二氧化碳,二氧化碳,润滑油,73.3,因子  (tCO₂/TJ),数据来源于《2006年IPCC清单指南》
制造业 > 氟化工企业 > 燃料燃烧 > 化石燃料燃烧 > 石油 > 二氧化碳,二氧化碳,石蜡,73.3,因子  (tCO₂/TJ),数据来源于《2006年IPCC清单指南》
制造业 > 氟化工企业 > 燃料燃烧 > 化石燃料燃烧 > 石油 > 二氧化碳,二氧化碳,溶剂油,73.3,因子  (tCO₂/TJ),数据来源于《2006年IPCC清单指南》
制造业 > 氟化工企业 > 燃料燃烧 > 化石燃料燃烧 > 石油 > 二氧化碳,二氧化碳,石油沥青,80.7,因子  (tCO₂/TJ),数据来源于《2006年IPCC清单指南》
制造业 > 氟化工企业 > 燃料燃烧 > 化石燃料燃烧 > 石油 > 二氧化碳,二氧化碳,石油焦,97.5,因子  (tCO₂/TJ),数据来源于《2006年IPCC清单指南》
制造业 > 氟化工企业 > 燃料燃烧 > 化石燃料燃烧 > 石油 > 二氧化碳,二氧化碳,液化石油气,63.1,因子  (tCO₂/TJ),数据来源于《2006年IPCC清单指南》
制造业 > 氟化工企业 > 燃料燃烧 > 化石燃料燃烧 > 石油 > 二氧化碳,二氧化碳,炼厂干气,57.6,因子  (tCO₂/TJ),数据来源于《2006年IPCC清单指南》
制造业 > 氟化工企业 > 燃料燃烧 > 化石燃料燃烧 > 石油 > 二氧化碳,二氧化碳,其他石油制品,73.3,因子  (tCO₂/TJ),数据来源于《2006年IPCC清单指南》
制造业 > 氟化工企业 > 燃料燃烧 > 化石燃料燃烧 > 石油 > 甲烷,甲烷,原油,3,因子 (kgCH₄/TJ),数据来源于《2006年IPCC清单指南》	
制造业 > 氟化工企业 > 燃料燃烧 > 化石燃料燃烧 > 石油 > 甲烷,甲烷,汽油,3,因子 (kgCH₄/TJ),数据来源于《2006年IPCC清单指南》	
制造业 > 氟化工企业 > 燃料燃烧 > 化石燃料燃烧 > 石油 > 甲烷,甲烷,煤油,3,因子 (kgCH₄/TJ),数据来源于《2006年IPCC清单指南》	
制造业 > 氟化工企业 > 燃料燃烧 > 化石燃料燃烧 > 石油 > 甲烷,甲烷,柴油,3,因子 (kgCH₄/TJ),数据来源于《2006年IPCC清单指南》	
制造业 > 氟化工企业 > 燃料燃烧 > 化石燃料燃烧 > 石油 > 甲烷,甲烷,燃料油,3,因子 (kgCH₄/TJ),数据来源于《2006年IPCC清单指南》	
制造业 > 氟化工企业 > 燃料燃烧 > 化石燃料燃烧 > 石油 > 甲烷,甲烷,石脑油,3,因子 (kgCH₄/TJ),数据来源于《2006年IPCC清单指南》	
制造业 > 氟化工企业 > 燃料燃烧 > 化石燃料燃烧 > 石油 > 甲烷,甲烷,润滑油,3,因子 (kgCH₄/TJ),数据来源于《2006年IPCC清单指南》	
制造业 > 氟化工企业 > 燃料燃烧 > 化石燃料燃烧 > 石油 > 甲烷,甲烷,石蜡,3,因子 (kgCH₄/TJ),数据来源于《2006年IPCC清单指南》	
制造业 > 氟化工企业 > 燃料燃烧 > 化石燃料燃烧 > 石油 > 甲烷,甲烷,溶剂油,3,因子 (kgCH₄/TJ),数据来源于《2006年IPCC清单指南》	
制造业 > 氟化工企业 > 燃料燃烧 > 化石燃料燃烧 > 石油 > 甲烷,甲烷,石油沥青,3,因子 (kgCH₄/TJ),数据来源于《2006年IPCC清单指南》	
制造业 > 氟化工企业 > 燃料燃烧 > 化石燃料燃烧 > 石油 > 甲烷,甲烷,石油焦,3,因子 (kgCH₄/TJ),数据来源于《2006年IPCC清单指南》	
制造业 > 氟化工企业 > 燃料燃烧 > 化石燃料燃烧 > 石油 > 甲烷,甲烷,液化石油气,1,因子 (kgCH₄/TJ),数据来源于《2006年IPCC清单指南》	
制造业 > 氟化工企业 > 燃料燃烧 > 化石燃料燃烧 > 石油 > 甲烷,甲烷,炼厂干气,1,因子 (kgCH₄/TJ),数据来源于《2006年IPCC清单指南》	
制造业 > 氟化工企业 > 燃料燃烧 > 化石燃料燃烧 > 石油 > 甲烷,甲烷,其他石油制品,3,因子 (kgCH₄/TJ),数据来源于《2006年IPCC清单指南》	
制造业 > 氟化工企业 > 燃料燃烧 > 化石燃料燃烧 > 石油 > 氧化亚氮,氧化亚氮,原油,0.6,因子 (kgCH₄/TJ),数据来源于《2006年IPCC清单指南》
制造业 > 氟化工企业 > 燃料燃烧 > 化石燃料燃烧 > 石油 > 氧化亚氮,氧化亚氮,汽油,0.6,因子 (kgCH₄/TJ),数据来源于《2006年IPCC清单指南》
制造业 > 氟化工企业 > 燃料燃烧 > 化石燃料燃烧 > 石油 > 氧化亚氮,氧化亚氮,煤油,0.6,因子 (kgCH₄/TJ),数据来源于《2006年IPCC清单指南》
制造业 > 氟化工企业 > 燃料燃烧 > 化石燃料燃烧 > 石油 > 氧化亚氮,氧化亚氮,柴油,0.6,因子 (kgCH₄/TJ),数据来源于《2006年IPCC清单指南》
制造业 > 氟化工企业 > 燃料燃烧 > 化石燃料燃烧 > 石油 > 氧化亚氮,氧化亚氮,燃料油,0.6,因子 (kgCH₄/TJ),数据来源于《2006年IPCC清单指南》
制造业 > 氟化工企业 > 燃料燃烧 > 化石燃料燃烧 > 石油 > 氧化亚氮,氧化亚氮,石脑油,0.6,因子 (kgCH₄/TJ),数据来源于《2006年IPCC清单指南》
制造业 > 氟化工企业 > 燃料燃烧 > 化石燃料燃烧 > 石油 > 氧化亚氮,氧化亚氮,润滑油,0.6,因子 (kgCH₄/TJ),数据来源于《2006年IPCC清单指南》
制造业 > 氟化工企业 > 燃料燃烧 > 化石燃料燃烧 > 石油 > 氧化亚氮,氧化亚氮,石蜡,0.6,因子 (kgCH₄/TJ),数据来源于《2006年IPCC清单指南》
制造业 > 氟化工企业 > 燃料燃烧 > 化石燃料燃烧 > 石油 > 氧化亚氮,氧化亚氮,溶剂油,0.6,因子 (kgCH₄/TJ),数据来源于《2006年IPCC清单指南》
制造业 > 氟化工企业 > 燃料燃烧 > 化石燃料燃烧 > 石油 > 氧化亚氮,氧化亚氮,石油沥青,0.6,因子 (kgCH₄/TJ),数据来源于《2006年IPCC清单指南》
制造业 > 氟化工企业 > 燃料燃烧 > 化石燃料燃烧 > 石油 > 氧化亚氮,氧化亚氮,石油焦,0.6,因子 (kgCH₄/TJ),数据来源于《2006年IPCC清单指南》
制造业 > 氟化工企业 > 燃料燃烧 > 化石燃料燃烧 > 石油 > 氧化亚氮,氧化亚氮,液化石油气,0.1,因子 (kgCH₄/TJ),数据来源于《2006年IPCC清单指南》
制造业 > 氟化工企业 > 燃料燃烧 > 化石燃料燃烧 > 石油 > 氧化亚氮,氧化亚氮,炼厂干气,0.1,因子 (kgCH₄/TJ),数据来源于《2006年IPCC清单指南》
制造业 > 氟化工企业 > 燃料燃烧 > 化石燃料燃烧 > 石油 > 氧化亚氮,氧化亚氮,其他石油制品,0.6,因子 (kgCH₄/TJ),数据来源于《2006年IPCC清单指南》
制造业 > 氟化工企业 > 燃料燃烧 > 化石燃料燃烧 > 天然气 > 二氧化碳 > 天然气,天然气,天然气,57.2,因子  (tCO₂/TJ),本土化数据，油气企业抽样实测数据
制造业 > 氟化工企业 > 燃料燃烧 > 化石燃料燃烧 > 天然气 > 二氧化碳 > 液化天然气,液化天然气,液化天然气,56.8,因子  (tCO₂/TJ),本土化数据，油气企业抽样实测数据
制造业 > 氟化工企业 > 燃料燃烧 > 化石燃料燃烧 > 天然气 > 甲烷,甲烷,天然气,1,因子 (kgCH₄/TJ),数据来源于《2006年IPCC清单指南》
制造业 > 氟化工企业 > 燃料燃烧 > 化石燃料燃烧 > 天然气 > 氧化亚氮,氧化亚氮,天然气,0.1,因子 (kgN₂O/TJ),"数据来源于《2006年IPCC清单指南》
"
制造业 > 氟化工企业 > 燃料燃烧 > 生物质燃料燃烧 > 二氧化碳,二氧化碳,农业废弃物,100000,因子  (kgCO₂/TJ),数据来源于《2006年IPCC清单指南》
制造业 > 氟化工企业 > 燃料燃烧 > 生物质燃料燃烧 > 二氧化碳,二氧化碳,薪柴,112000,因子  (kgCO₂/TJ),数据来源于《2006年IPCC清单指南》
制造业 > 氟化工企业 > 燃料燃烧 > 生物质燃料燃烧 > 二氧化碳,二氧化碳,木炭,112000,因子  (kgCO₂/TJ),数据来源于《2006年IPCC清单指南》
制造业 > 氟化工企业 > 燃料燃烧 > 生物质燃料燃烧 > 二氧化碳,二氧化碳,动物粪便,100000,因子  (kgCO₂/TJ),数据来源于《2006年IPCC清单指南》
制造业 > 氟化工企业 > 燃料燃烧 > 生物质燃料燃烧 > 二氧化碳,二氧化碳,沼气,54600,因子  (kgCO₂/TJ),数据来源于《2006年IPCC清单指南》
制造业 > 氟化工企业 > 燃料燃烧 > 生物质燃料燃烧 > 二氧化碳,二氧化碳,其他生物气体,54600,因子  (kgCO₂/TJ),数据来源于《2006年IPCC清单指南》
制造业 > 氟化工企业 > 燃料燃烧 > 生物质燃料燃烧 > 二氧化碳,二氧化碳,城市生活垃圾(生物成因),100000,因子  (kgCO₂/TJ),数据来源于《2006年IPCC清单指南》
制造业 > 氟化工企业 > 燃料燃烧 > 生物质燃料燃烧 > 二氧化碳,二氧化碳,生物汽油,70800,因子  (kgCO₂/TJ),数据来源于《2006年IPCC清单指南》
制造业 > 氟化工企业 > 燃料燃烧 > 生物质燃料燃烧 > 二氧化碳,二氧化碳,生物柴油,70800,因子  (kgCO₂/TJ),数据来源于《2006年IPCC清单指南》
制造业 > 氟化工企业 > 燃料燃烧 > 生物质燃料燃烧 > 二氧化碳,二氧化碳,其他液体生物质燃料,79600,因子  (kgCO₂/TJ),数据来源于《2006年IPCC清单指南》
制造业 > 氟化工企业 > 工业生产过程和产品使用 > 含氟产品生产 > 销毁三氟甲烷,销毁三氟甲烷,被销毁的 HFC-23 转化成的 CO₂排放,0.62857,因子 (tCO₂/tHFC-23),分子式质量比值，属于理论值
制造业 > 氟化工企业 > 工业生产过程和产品使用 > 含氟产品生产 > 逸散,逸散,SF₆生产过程副产物及逸散排放,0.2,因子 (%),数据来源于《2006年IPCC清单指南》，适用于不需高度提纯的SF6生产过程
制造业 > 氟化工企业 > 工业生产过程和产品使用 > 含氟产品生产 > 逸散,逸散,HFCs生产过程副产物及逸散排放,0.5,因子 (%),数据来源于《2006年IPCC清单指南》
制造业 > 氟化工企业 > 工业生产过程和产品使用 > 含氟产品生产 > 逸散,逸散,PFCs生产过程副产物及逸散排放,0.5,因子 (%),数据来源于《2006年IPCC清单指南》
制造业 > 氟化工企业 > 净购入电力与热力 > 电力消费 > 电力平均二氧化碳排放因子 > 全国电力平均二氧化碳排放因子,全国电力平均二氧化碳排放因子,全国,0.5306,2023年因子 (kgCO₂/kWh),本土化数据，数据来源于生态环境部、国家统计局《关于发布2023年电力二氧化碳排放因子的公告》（公告2025年第47号）
制造业 > 氟化工企业 > 净购入电力与热力 > 电力消费 > 电力平均二氧化碳排放因子 > 区域电力平均二氧化碳排放因子,区域电力平均二氧化碳排放因子,华北,0.6361,2023年因子 (kgCO₂/kWh),本土化数据，数据来源于生态环境部、国家统计局《关于发布2023年电力二氧化碳排放因子的公告》（公告2025年第47号）
制造业 > 氟化工企业 > 净购入电力与热力 > 电力消费 > 电力平均二氧化碳排放因子 > 区域电力平均二氧化碳排放因子,区域电力平均二氧化碳排放因子,东北,0.5122,2023年因子 (kgCO₂/kWh),本土化数据，数据来源于生态环境部、国家统计局《关于发布2023年电力二氧化碳排放因子的公告》（公告2025年第47号）
制造业 > 氟化工企业 > 净购入电力与热力 > 电力消费 > 电力平均二氧化碳排放因子 > 区域电力平均二氧化碳排放因子,区域电力平均二氧化碳排放因子,华东,0.55,2023年因子 (kgCO₂/kWh),本土化数据，数据来源于生态环境部、国家统计局《关于发布2023年电力二氧化碳排放因子的公告》（公告2025年第47号）
制造业 > 氟化工企业 > 净购入电力与热力 > 电力消费 > 电力平均二氧化碳排放因子 > 区域电力平均二氧化碳排放因子,区域电力平均二氧化碳排放因子,华中,0.5271,2023年因子 (kgCO₂/kWh),本土化数据，数据来源于生态环境部、国家统计局《关于发布2023年电力二氧化碳排放因子的公告》（公告2025年第47号）
制造业 > 氟化工企业 > 净购入电力与热力 > 电力消费 > 电力平均二氧化碳排放因子 > 区域电力平均二氧化碳排放因子,区域电力平均二氧化碳排放因子,西北,0.5543,2023年因子 (kgCO₂/kWh),本土化数据，数据来源于生态环境部、国家统计局《关于发布2023年电力二氧化碳排放因子的公告》（公告2025年第47号）
制造业 > 氟化工企业 > 净购入电力与热力 > 电力消费 > 电力平均二氧化碳排放因子 > 区域电力平均二氧化碳排放因子,区域电力平均二氧化碳排放因子,南方,0.4042,2023年因子 (kgCO₂/kWh),本土化数据，数据来源于生态环境部、国家统计局《关于发布2023年电力二氧化碳排放因子的公告》（公告2025年第47号）
制造业 > 氟化工企业 > 净购入电力与热力 > 电力消费 > 电力平均二氧化碳排放因子 > 区域电力平均二氧化碳排放因子,区域电力平均二氧化碳排放因子,西南,0.2472,2023年因子 (kgCO₂/kWh),本土化数据，数据来源于生态环境部、国家统计局《关于发布2023年电力二氧化碳排放因子的公告》（公告2025年第47号）
制造业 > 氟化工企业 > 净购入电力与热力 > 电力消费 > 电力平均二氧化碳排放因子 > 省级电力平均二氧化碳排放因子,省级电力平均二氧化碳排放因子,北京,0.5554,2023年因子 (kgCO₂/kWh),本土化数据，数据来源于生态环境部、国家统计局《关于发布2023年电力二氧化碳排放因子的公告》（公告2025年第47号）
制造业 > 氟化工企业 > 净购入电力与热力 > 电力消费 > 电力平均二氧化碳排放因子 > 省级电力平均二氧化碳排放因子,省级电力平均二氧化碳排放因子,天津,0.6796,2023年因子 (kgCO₂/kWh),本土化数据，数据来源于生态环境部、国家统计局《关于发布2023年电力二氧化碳排放因子的公告》（公告2025年第47号）
制造业 > 氟化工企业 > 净购入电力与热力 > 电力消费 > 电力平均二氧化碳排放因子 > 省级电力平均二氧化碳排放因子,省级电力平均二氧化碳排放因子,河北,0.6516,2023年因子 (kgCO₂/kWh),本土化数据，数据来源于生态环境部、国家统计局《关于发布2023年电力二氧化碳排放因子的公告》（公告2025年第47号）
制造业 > 氟化工企业 > 净购入电力与热力 > 电力消费 > 电力平均二氧化碳排放因子 > 省级电力平均二氧化碳排放因子,省级电力平均二氧化碳排放因子,山西,0.6634,2023年因子 (kgCO₂/kWh),本土化数据，数据来源于生态环境部、国家统计局《关于发布2023年电力二氧化碳排放因子的公告》（公告2025年第47号）
制造业 > 氟化工企业 > 净购入电力与热力 > 电力消费 > 电力平均二氧化碳排放因子 > 省级电力平均二氧化碳排放因子,省级电力平均二氧化碳排放因子,内蒙古,0.6479,2023年因子 (kgCO₂/kWh),本土化数据，数据来源于生态环境部、国家统计局《关于发布2023年电力二氧化碳排放因子的公告》（公告2025年第47号）
制造业 > 氟化工企业 > 净购入电力与热力 > 电力消费 > 电力平均二氧化碳排放因子 > 省级电力平均二氧化碳排放因子,省级电力平均二氧化碳排放因子,辽宁,0.4878,2023年因子 (kgCO₂/kWh),本土化数据，数据来源于生态环境部、国家统计局《关于发布2023年电力二氧化碳排放因子的公告》（公告2025年第47号）
制造业 > 氟化工企业 > 净购入电力与热力 > 电力消费 > 电力平均二氧化碳排放因子 > 省级电力平均二氧化碳排放因子,省级电力平均二氧化碳排放因子,吉林,0.4671,2023年因子 (kgCO₂/kWh),本土化数据，数据来源于生态环境部、国家统计局《关于发布2023年电力二氧化碳排放因子的公告》（公告2025年第47号）
制造业 > 氟化工企业 > 净购入电力与热力 > 电力消费 > 电力平均二氧化碳排放因子 > 省级电力平均二氧化碳排放因子,省级电力平均二氧化碳排放因子,黑龙江,0.5229,2023年因子 (kgCO₂/kWh),本土化数据，数据来源于生态环境部、国家统计局《关于发布2023年电力二氧化碳排放因子的公告》（公告2025年第47号）
制造业 > 氟化工企业 > 净购入电力与热力 > 电力消费 > 电力平均二氧化碳排放因子 > 省级电力平均二氧化碳排放因子,省级电力平均二氧化碳排放因子,上海,0.5737,2023年因子 (kgCO₂/kWh),本土化数据，数据来源于生态环境部、国家统计局《关于发布2023年电力二氧化碳排放因子的公告》（公告2025年第47号）
制造业 > 氟化工企业 > 净购入电力与热力 > 电力消费 > 电力平均二氧化碳排放因子 > 省级电力平均二氧化碳排放因子,省级电力平均二氧化碳排放因子,江苏,0.5827,2023年因子 (kgCO₂/kWh),本土化数据，数据来源于生态环境部、国家统计局《关于发布2023年电力二氧化碳排放因子的公告》（公告2025年第47号）
制造业 > 氟化工企业 > 净购入电力与热力 > 电力消费 > 电力平均二氧化碳排放因子 > 省级电力平均二氧化碳排放因子,省级电力平均二氧化碳排放因子,浙江,0.4974,2023年因子 (kgCO₂/kWh),本土化数据，数据来源于生态环境部、国家统计局《关于发布2023年电力二氧化碳排放因子的公告》（公告2025年第47号）
制造业 > 氟化工企业 > 净购入电力与热力 > 电力消费 > 电力平均二氧化碳排放因子 > 省级电力平均二氧化碳排放因子,省级电力平均二氧化碳排放因子,安徽,0.6553,2023年因子 (kgCO₂/kWh),本土化数据，数据来源于生态环境部、国家统计局《关于发布2023年电力二氧化碳排放因子的公告》（公告2025年第47号）
制造业 > 氟化工企业 > 净购入电力与热力 > 电力消费 > 电力平均二氧化碳排放因子 > 省级电力平均二氧化碳排放因子,省级电力平均二氧化碳排放因子,福建,0.4211,2023年因子 (kgCO₂/kWh),本土化数据，数据来源于生态环境部、国家统计局《关于发布2023年电力二氧化碳排放因子的公告》（公告2025年第47号）
制造业 > 氟化工企业 > 净购入电力与热力 > 电力消费 > 电力平均二氧化碳排放因子 > 省级电力平均二氧化碳排放因子,省级电力平均二氧化碳排放因子,江西,0.5836,2023年因子 (kgCO₂/kWh),本土化数据，数据来源于生态环境部、国家统计局《关于发布2023年电力二氧化碳排放因子的公告》（公告2025年第47号）
制造业 > 氟化工企业 > 净购入电力与热力 > 电力消费 > 电力平均二氧化碳排放因子 > 省级电力平均二氧化碳排放因子,省级电力平均二氧化碳排放因子,山东,0.6191,2023年因子 (kgCO₂/kWh),本土化数据，数据来源于生态环境部、国家统计局《关于发布2023年电力二氧化碳排放因子的公告》（公告2025年第47号）
制造业 > 氟化工企业 > 净购入电力与热力 > 电力消费 > 电力平均二氧化碳排放因子 > 省级电力平均二氧化碳排放因子,省级电力平均二氧化碳排放因子,河南,0.5897,2023年因子 (kgCO₂/kWh),本土化数据，数据来源于生态环境部、国家统计局《关于发布2023年电力二氧化碳排放因子的公告》（公告2025年第47号）
制造业 > 氟化工企业 > 净购入电力与热力 > 电力消费 > 电力平均二氧化碳排放因子 > 省级电力平均二氧化碳排放因子,省级电力平均二氧化碳排放因子,湖北,0.4044,2023年因子 (kgCO₂/kWh),本土化数据，数据来源于生态环境部、国家统计局《关于发布2023年电力二氧化碳排放因子的公告》（公告2025年第47号）
制造业 > 氟化工企业 > 净购入电力与热力 > 电力消费 > 电力平均二氧化碳排放因子 > 省级电力平均二氧化碳排放因子,省级电力平均二氧化碳排放因子,湖南,0.4976,2023年因子 (kgCO₂/kWh),本土化数据，数据来源于生态环境部、国家统计局《关于发布2023年电力二氧化碳排放因子的公告》（公告2025年第47号）
制造业 > 氟化工企业 > 净购入电力与热力 > 电力消费 > 电力平均二氧化碳排放因子 > 省级电力平均二氧化碳排放因子,省级电力平均二氧化碳排放因子,广东,0.4419,2023年因子 (kgCO₂/kWh),本土化数据，数据来源于生态环境部、国家统计局《关于发布2023年电力二氧化碳排放因子的公告》（公告2025年第47号）
制造业 > 氟化工企业 > 净购入电力与热力 > 电力消费 > 电力平均二氧化碳排放因子 > 省级电力平均二氧化碳排放因子,省级电力平均二氧化碳排放因子,广西,0.4476,2023年因子 (kgCO₂/kWh),本土化数据，数据来源于生态环境部、国家统计局《关于发布2023年电力二氧化碳排放因子的公告》（公告2025年第47号）
制造业 > 氟化工企业 > 净购入电力与热力 > 电力消费 > 电力平均二氧化碳排放因子 > 省级电力平均二氧化碳排放因子,省级电力平均二氧化碳排放因子,海南,0.3648,2023年因子 (kgCO₂/kWh),本土化数据，数据来源于生态环境部、国家统计局《关于发布2023年电力二氧化碳排放因子的公告》（公告2025年第47号）
制造业 > 氟化工企业 > 净购入电力与热力 > 电力消费 > 电力平均二氧化碳排放因子 > 省级电力平均二氧化碳排放因子,省级电力平均二氧化碳排放因子,重庆,0.5581,2023年因子 (kgCO₂/kWh),本土化数据，数据来源于生态环境部、国家统计局《关于发布2023年电力二氧化碳排放因子的公告》（公告2025年第47号）
制造业 > 氟化工企业 > 净购入电力与热力 > 电力消费 > 电力平均二氧化碳排放因子 > 省级电力平均二氧化碳排放因子,省级电力平均二氧化碳排放因子,四川,0.1564,2023年因子 (kgCO₂/kWh),本土化数据，数据来源于生态环境部、国家统计局《关于发布2023年电力二氧化碳排放因子的公告》（公告2025年第47号）
制造业 > 氟化工企业 > 净购入电力与热力 > 电力消费 > 电力平均二氧化碳排放因子 > 省级电力平均二氧化碳排放因子,省级电力平均二氧化碳排放因子,贵州,0.5683,2023年因子 (kgCO₂/kWh),本土化数据，数据来源于生态环境部、国家统计局《关于发布2023年电力二氧化碳排放因子的公告》（公告2025年第47号）
制造业 > 氟化工企业 > 净购入电力与热力 > 电力消费 > 电力平均二氧化碳排放因子 > 省级电力平均二氧化碳排放因子,省级电力平均二氧化碳排放因子,云南,0.1333,2023年因子 (kgCO₂/kWh),本土化数据，数据来源于生态环境部、国家统计局《关于发布2023年电力二氧化碳排放因子的公告》（公告2025年第47号）
制造业 > 氟化工企业 > 净购入电力与热力 > 电力消费 > 电力平均二氧化碳排放因子 > 省级电力平均二氧化碳排放因子,省级电力平均二氧化碳排放因子,陕西,0.6335,2023年因子 (kgCO₂/kWh),本土化数据，数据来源于生态环境部、国家统计局《关于发布2023年电力二氧化碳排放因子的公告》（公告2025年第47号）
制造业 > 氟化工企业 > 净购入电力与热力 > 电力消费 > 电力平均二氧化碳排放因子 > 省级电力平均二氧化碳排放因子,省级电力平均二氧化碳排放因子,甘肃,0.4471,2023年因子 (kgCO₂/kWh),本土化数据，数据来源于生态环境部、国家统计局《关于发布2023年电力二氧化碳排放因子的公告》（公告2025年第47号）
制造业 > 氟化工企业 > 净购入电力与热力 > 电力消费 > 电力平均二氧化碳排放因子 > 省级电力平均二氧化碳排放因子,省级电力平均二氧化碳排放因子,青海,0.1796,2023年因子 (kgCO₂/kWh),本土化数据，数据来源于生态环境部、国家统计局《关于发布2023年电力二氧化碳排放因子的公告》（公告2025年第47号）
制造业 > 氟化工企业 > 净购入电力与热力 > 电力消费 > 电力平均二氧化碳排放因子 > 省级电力平均二氧化碳排放因子,省级电力平均二氧化碳排放因子,宁夏,0.6187,2023年因子 (kgCO₂/kWh),本土化数据，数据来源于生态环境部、国家统计局《关于发布2023年电力二氧化碳排放因子的公告》（公告2025年第47号）
制造业 > 氟化工企业 > 净购入电力与热力 > 电力消费 > 电力平均二氧化碳排放因子 > 省级电力平均二氧化碳排放因子,省级电力平均二氧化碳排放因子,新疆,0.6021,2023年因子 (kgCO₂/kWh),本土化数据，数据来源于生态环境部、国家统计局《关于发布2023年电力二氧化碳排放因子的公告》（公告2025年第47号）
制造业 > 氟化工企业 > 净购入电力与热力 > 电力消费 > 电力平均二氧化碳排放因子（不包括市场化交易的非化石能源电量） > 全国电力平均二氧化碳排放因子（不包括市场化交易的非化石能源电量）,全国电力平均二氧化碳排放因子（不包括市场化交易的非化石能源电量）,全国,0.6096,2023年因子 (kgCO₂/kWh),本土化数据，数据来源于生态环境部、国家统计局《关于发布2023年电力二氧化碳排放因子的公告》（公告2025年第47号）
制造业 > 氟化工企业 > 净购入电力与热力 > 电力消费 > 化石能源电力二氧化碳排放因子 > 全国化石能源电力二氧化碳排放因子,全国化石能源电力二氧化碳排放因子,全国,0.8273,2023年因子 (kgCO₂/kWh),本土化数据，数据来源于生态环境部、国家统计局《关于发布2023年电力二氧化碳排放因子的公告》（公告2025年第47号）
制造业 > 铝冶炼企业 > 燃料燃烧 > 化石燃料燃烧 > 煤炭 > 二氧化碳,二氧化碳,无烟煤,98.3,因子  (tCO₂/TJ),"数据来源于《2006年IPCC清单指南》
"
制造业 > 铝冶炼企业 > 燃料燃烧 > 化石燃料燃烧 > 煤炭 > 二氧化碳,二氧化碳,炼焦烟煤,94.6,因子  (tCO₂/TJ),数据来源于《2006年IPCC清单指南》
制造业 > 铝冶炼企业 > 燃料燃烧 > 化石燃料燃烧 > 煤炭 > 二氧化碳,二氧化碳,一般烟煤,94.6,因子  (tCO₂/TJ),数据来源于《2006年IPCC清单指南》
制造业 > 铝冶炼企业 > 燃料燃烧 > 化石燃料燃烧 > 煤炭 > 二氧化碳,二氧化碳,褐煤,101.2,因子  (tCO₂/TJ),数据来源于《2006年IPCC清单指南》
制造业 > 铝冶炼企业 > 燃料燃烧 > 化石燃料燃烧 > 煤炭 > 二氧化碳,二氧化碳,煤制品,97.5,因子  (tCO₂/TJ),数据来源于《2006年IPCC清单指南》
制造业 > 铝冶炼企业 > 燃料燃烧 > 化石燃料燃烧 > 煤炭 > 二氧化碳,二氧化碳,焦炭,107.1,因子  (tCO₂/TJ),数据来源于《2006年IPCC清单指南》
制造业 > 铝冶炼企业 > 燃料燃烧 > 化石燃料燃烧 > 煤炭 > 二氧化碳,二氧化碳,焦炉煤气,44.4,因子  (tCO₂/TJ),数据来源于《2006年IPCC清单指南》
制造业 > 铝冶炼企业 > 燃料燃烧 > 化石燃料燃烧 > 煤炭 > 二氧化碳,二氧化碳,高炉煤气,259.6,因子  (tCO₂/TJ),数据来源于《2006年IPCC清单指南》
制造业 > 铝冶炼企业 > 燃料燃烧 > 化石燃料燃烧 > 煤炭 > 二氧化碳,二氧化碳,转炉煤气,181.9,因子  (tCO₂/TJ),数据来源于《2006年IPCC清单指南》
制造业 > 铝冶炼企业 > 燃料燃烧 > 化石燃料燃烧 > 煤炭 > 二氧化碳,二氧化碳,其他煤气,44.4,因子  (tCO₂/TJ),数据来源于《2006年IPCC清单指南》
制造业 > 铝冶炼企业 > 燃料燃烧 > 化石燃料燃烧 > 煤炭 > 甲烷,甲烷,无烟煤,10,因子 (kgCH₄/TJ),数据来源于《2006年IPCC清单指南》	
制造业 > 铝冶炼企业 > 燃料燃烧 > 化石燃料燃烧 > 煤炭 > 甲烷,甲烷,炼焦烟煤,10,因子 (kgCH₄/TJ),数据来源于《2006年IPCC清单指南》	
制造业 > 铝冶炼企业 > 燃料燃烧 > 化石燃料燃烧 > 煤炭 > 甲烷,甲烷,一般烟煤,10,因子 (kgCH₄/TJ),数据来源于《2006年IPCC清单指南》	
制造业 > 铝冶炼企业 > 燃料燃烧 > 化石燃料燃烧 > 煤炭 > 甲烷,甲烷,褐煤,10,因子 (kgCH₄/TJ),数据来源于《2006年IPCC清单指南》	
制造业 > 铝冶炼企业 > 燃料燃烧 > 化石燃料燃烧 > 煤炭 > 甲烷,甲烷,煤制品,10,因子 (kgCH₄/TJ),数据来源于《2006年IPCC清单指南》	
制造业 > 铝冶炼企业 > 燃料燃烧 > 化石燃料燃烧 > 煤炭 > 甲烷,甲烷,焦炭,10,因子 (kgCH₄/TJ),数据来源于《2006年IPCC清单指南》	
制造业 > 铝冶炼企业 > 燃料燃烧 > 化石燃料燃烧 > 煤炭 > 甲烷,甲烷,焦炉煤气,1,因子 (kgCH₄/TJ),数据来源于《2006年IPCC清单指南》	
制造业 > 铝冶炼企业 > 燃料燃烧 > 化石燃料燃烧 > 煤炭 > 甲烷,甲烷,高炉煤气,1,因子 (kgCH₄/TJ),数据来源于《2006年IPCC清单指南》	
制造业 > 铝冶炼企业 > 燃料燃烧 > 化石燃料燃烧 > 煤炭 > 甲烷,甲烷,转炉煤气,1,因子 (kgCH₄/TJ),数据来源于《2006年IPCC清单指南》	
制造业 > 铝冶炼企业 > 燃料燃烧 > 化石燃料燃烧 > 煤炭 > 甲烷,甲烷,其他煤气,1,因子 (kgCH₄/TJ),数据来源于《2006年IPCC清单指南》	
制造业 > 铝冶炼企业 > 燃料燃烧 > 化石燃料燃烧 > 煤炭 > 氧化亚氮,氧化亚氮,无烟煤,1.5,因子 (kgN₂O/TJ),数据来源于《2006年IPCC清单指南》	
制造业 > 铝冶炼企业 > 燃料燃烧 > 化石燃料燃烧 > 煤炭 > 氧化亚氮,氧化亚氮,炼焦烟煤,1.5,因子 (kgN₂O/TJ),数据来源于《2006年IPCC清单指南》	
制造业 > 铝冶炼企业 > 燃料燃烧 > 化石燃料燃烧 > 煤炭 > 氧化亚氮,氧化亚氮,一般烟煤,1.5,因子 (kgN₂O/TJ),数据来源于《2006年IPCC清单指南》	
制造业 > 铝冶炼企业 > 燃料燃烧 > 化石燃料燃烧 > 煤炭 > 氧化亚氮,氧化亚氮,褐煤,1.5,因子 (kgN₂O/TJ),数据来源于《2006年IPCC清单指南》	
制造业 > 铝冶炼企业 > 燃料燃烧 > 化石燃料燃烧 > 煤炭 > 氧化亚氮,氧化亚氮,煤制品,1.5,因子 (kgN₂O/TJ),数据来源于《2006年IPCC清单指南》	
制造业 > 铝冶炼企业 > 燃料燃烧 > 化石燃料燃烧 > 煤炭 > 氧化亚氮,氧化亚氮,焦炭,1.5,因子 (kgN₂O/TJ),数据来源于《2006年IPCC清单指南》	
制造业 > 铝冶炼企业 > 燃料燃烧 > 化石燃料燃烧 > 煤炭 > 氧化亚氮,氧化亚氮,焦炉煤气,0.1,因子 (kgN₂O/TJ),数据来源于《2006年IPCC清单指南》	
制造业 > 铝冶炼企业 > 燃料燃烧 > 化石燃料燃烧 > 煤炭 > 氧化亚氮,氧化亚氮,高炉煤气,0.1,因子 (kgN₂O/TJ),数据来源于《2006年IPCC清单指南》	
制造业 > 铝冶炼企业 > 燃料燃烧 > 化石燃料燃烧 > 煤炭 > 氧化亚氮,氧化亚氮,转炉煤气,0.1,因子 (kgN₂O/TJ),数据来源于《2006年IPCC清单指南》	
制造业 > 铝冶炼企业 > 燃料燃烧 > 化石燃料燃烧 > 煤炭 > 氧化亚氮,氧化亚氮,其他煤气,0.1,因子 (kgN₂O/TJ),数据来源于《2006年IPCC清单指南》	
制造业 > 铝冶炼企业 > 燃料燃烧 > 化石燃料燃烧 > 石油 > 二氧化碳,二氧化碳,原油,73.3,因子  (tCO₂/TJ),数据来源于《2006年IPCC清单指南》
制造业 > 铝冶炼企业 > 燃料燃烧 > 化石燃料燃烧 > 石油 > 二氧化碳,二氧化碳,汽油,69.3,因子  (tCO₂/TJ),数据来源于《2006年IPCC清单指南》
制造业 > 铝冶炼企业 > 燃料燃烧 > 化石燃料燃烧 > 石油 > 二氧化碳,二氧化碳,煤油,71.9,因子  (tCO₂/TJ),数据来源于《2006年IPCC清单指南》
制造业 > 铝冶炼企业 > 燃料燃烧 > 化石燃料燃烧 > 石油 > 二氧化碳,二氧化碳,柴油,74.1,因子  (tCO₂/TJ),数据来源于《2006年IPCC清单指南》
制造业 > 铝冶炼企业 > 燃料燃烧 > 化石燃料燃烧 > 石油 > 二氧化碳,二氧化碳,燃料油,77.4,因子  (tCO₂/TJ),数据来源于《2006年IPCC清单指南》
制造业 > 铝冶炼企业 > 燃料燃烧 > 化石燃料燃烧 > 石油 > 二氧化碳,二氧化碳,石脑油,73.3,因子  (tCO₂/TJ),数据来源于《2006年IPCC清单指南》
制造业 > 铝冶炼企业 > 燃料燃烧 > 化石燃料燃烧 > 石油 > 二氧化碳,二氧化碳,润滑油,73.3,因子  (tCO₂/TJ),数据来源于《2006年IPCC清单指南》
制造业 > 铝冶炼企业 > 燃料燃烧 > 化石燃料燃烧 > 石油 > 二氧化碳,二氧化碳,石蜡,73.3,因子  (tCO₂/TJ),数据来源于《2006年IPCC清单指南》
制造业 > 铝冶炼企业 > 燃料燃烧 > 化石燃料燃烧 > 石油 > 二氧化碳,二氧化碳,溶剂油,73.3,因子  (tCO₂/TJ),数据来源于《2006年IPCC清单指南》
制造业 > 铝冶炼企业 > 燃料燃烧 > 化石燃料燃烧 > 石油 > 二氧化碳,二氧化碳,石油沥青,80.7,因子  (tCO₂/TJ),数据来源于《2006年IPCC清单指南》
制造业 > 铝冶炼企业 > 燃料燃烧 > 化石燃料燃烧 > 石油 > 二氧化碳,二氧化碳,石油焦,97.5,因子  (tCO₂/TJ),数据来源于《2006年IPCC清单指南》
制造业 > 铝冶炼企业 > 燃料燃烧 > 化石燃料燃烧 > 石油 > 二氧化碳,二氧化碳,液化石油气,63.1,因子  (tCO₂/TJ),数据来源于《2006年IPCC清单指南》
制造业 > 铝冶炼企业 > 燃料燃烧 > 化石燃料燃烧 > 石油 > 二氧化碳,二氧化碳,炼厂干气,57.6,因子  (tCO₂/TJ),数据来源于《2006年IPCC清单指南》
制造业 > 铝冶炼企业 > 燃料燃烧 > 化石燃料燃烧 > 石油 > 二氧化碳,二氧化碳,其他石油制品,73.3,因子  (tCO₂/TJ),数据来源于《2006年IPCC清单指南》
制造业 > 铝冶炼企业 > 燃料燃烧 > 化石燃料燃烧 > 石油 > 甲烷,甲烷,原油,3,因子 (kgCH₄/TJ),数据来源于《2006年IPCC清单指南》	
制造业 > 铝冶炼企业 > 燃料燃烧 > 化石燃料燃烧 > 石油 > 甲烷,甲烷,汽油,3,因子 (kgCH₄/TJ),数据来源于《2006年IPCC清单指南》	
制造业 > 铝冶炼企业 > 燃料燃烧 > 化石燃料燃烧 > 石油 > 甲烷,甲烷,煤油,3,因子 (kgCH₄/TJ),数据来源于《2006年IPCC清单指南》	
制造业 > 铝冶炼企业 > 燃料燃烧 > 化石燃料燃烧 > 石油 > 甲烷,甲烷,柴油,3,因子 (kgCH₄/TJ),数据来源于《2006年IPCC清单指南》	
制造业 > 铝冶炼企业 > 燃料燃烧 > 化石燃料燃烧 > 石油 > 甲烷,甲烷,燃料油,3,因子 (kgCH₄/TJ),数据来源于《2006年IPCC清单指南》	
制造业 > 铝冶炼企业 > 燃料燃烧 > 化石燃料燃烧 > 石油 > 甲烷,甲烷,石脑油,3,因子 (kgCH₄/TJ),数据来源于《2006年IPCC清单指南》	
制造业 > 铝冶炼企业 > 燃料燃烧 > 化石燃料燃烧 > 石油 > 甲烷,甲烷,润滑油,3,因子 (kgCH₄/TJ),数据来源于《2006年IPCC清单指南》	
制造业 > 铝冶炼企业 > 燃料燃烧 > 化石燃料燃烧 > 石油 > 甲烷,甲烷,石蜡,3,因子 (kgCH₄/TJ),数据来源于《2006年IPCC清单指南》	
制造业 > 铝冶炼企业 > 燃料燃烧 > 化石燃料燃烧 > 石油 > 甲烷,甲烷,溶剂油,3,因子 (kgCH₄/TJ),数据来源于《2006年IPCC清单指南》	
制造业 > 铝冶炼企业 > 燃料燃烧 > 化石燃料燃烧 > 石油 > 甲烷,甲烷,石油沥青,3,因子 (kgCH₄/TJ),数据来源于《2006年IPCC清单指南》	
制造业 > 铝冶炼企业 > 燃料燃烧 > 化石燃料燃烧 > 石油 > 甲烷,甲烷,石油焦,3,因子 (kgCH₄/TJ),数据来源于《2006年IPCC清单指南》	
制造业 > 铝冶炼企业 > 燃料燃烧 > 化石燃料燃烧 > 石油 > 甲烷,甲烷,液化石油气,1,因子 (kgCH₄/TJ),数据来源于《2006年IPCC清单指南》	
制造业 > 铝冶炼企业 > 燃料燃烧 > 化石燃料燃烧 > 石油 > 甲烷,甲烷,炼厂干气,1,因子 (kgCH₄/TJ),数据来源于《2006年IPCC清单指南》	
制造业 > 铝冶炼企业 > 燃料燃烧 > 化石燃料燃烧 > 石油 > 甲烷,甲烷,其他石油制品,3,因子 (kgCH₄/TJ),数据来源于《2006年IPCC清单指南》	
制造业 > 铝冶炼企业 > 燃料燃烧 > 化石燃料燃烧 > 石油 > 氧化亚氮,氧化亚氮,原油,0.6,因子 (kgCH₄/TJ),数据来源于《2006年IPCC清单指南》
制造业 > 铝冶炼企业 > 燃料燃烧 > 化石燃料燃烧 > 石油 > 氧化亚氮,氧化亚氮,汽油,0.6,因子 (kgCH₄/TJ),数据来源于《2006年IPCC清单指南》
制造业 > 铝冶炼企业 > 燃料燃烧 > 化石燃料燃烧 > 石油 > 氧化亚氮,氧化亚氮,煤油,0.6,因子 (kgCH₄/TJ),数据来源于《2006年IPCC清单指南》
制造业 > 铝冶炼企业 > 燃料燃烧 > 化石燃料燃烧 > 石油 > 氧化亚氮,氧化亚氮,柴油,0.6,因子 (kgCH₄/TJ),数据来源于《2006年IPCC清单指南》
制造业 > 铝冶炼企业 > 燃料燃烧 > 化石燃料燃烧 > 石油 > 氧化亚氮,氧化亚氮,燃料油,0.6,因子 (kgCH₄/TJ),数据来源于《2006年IPCC清单指南》
制造业 > 铝冶炼企业 > 燃料燃烧 > 化石燃料燃烧 > 石油 > 氧化亚氮,氧化亚氮,石脑油,0.6,因子 (kgCH₄/TJ),数据来源于《2006年IPCC清单指南》
制造业 > 铝冶炼企业 > 燃料燃烧 > 化石燃料燃烧 > 石油 > 氧化亚氮,氧化亚氮,润滑油,0.6,因子 (kgCH₄/TJ),数据来源于《2006年IPCC清单指南》
制造业 > 铝冶炼企业 > 燃料燃烧 > 化石燃料燃烧 > 石油 > 氧化亚氮,氧化亚氮,石蜡,0.6,因子 (kgCH₄/TJ),数据来源于《2006年IPCC清单指南》
制造业 > 铝冶炼企业 > 燃料燃烧 > 化石燃料燃烧 > 石油 > 氧化亚氮,氧化亚氮,溶剂油,0.6,因子 (kgCH₄/TJ),数据来源于《2006年IPCC清单指南》
制造业 > 铝冶炼企业 > 燃料燃烧 > 化石燃料燃烧 > 石油 > 氧化亚氮,氧化亚氮,石油沥青,0.6,因子 (kgCH₄/TJ),数据来源于《2006年IPCC清单指南》
制造业 > 铝冶炼企业 > 燃料燃烧 > 化石燃料燃烧 > 石油 > 氧化亚氮,氧化亚氮,石油焦,0.6,因子 (kgCH₄/TJ),数据来源于《2006年IPCC清单指南》
制造业 > 铝冶炼企业 > 燃料燃烧 > 化石燃料燃烧 > 石油 > 氧化亚氮,氧化亚氮,液化石油气,0.1,因子 (kgCH₄/TJ),数据来源于《2006年IPCC清单指南》
制造业 > 铝冶炼企业 > 燃料燃烧 > 化石燃料燃烧 > 石油 > 氧化亚氮,氧化亚氮,炼厂干气,0.1,因子 (kgCH₄/TJ),数据来源于《2006年IPCC清单指南》
制造业 > 铝冶炼企业 > 燃料燃烧 > 化石燃料燃烧 > 石油 > 氧化亚氮,氧化亚氮,其他石油制品,0.6,因子 (kgCH₄/TJ),数据来源于《2006年IPCC清单指南》
制造业 > 铝冶炼企业 > 燃料燃烧 > 化石燃料燃烧 > 天然气 > 二氧化碳 > 天然气,天然气,天然气,57.2,因子  (tCO₂/TJ),本土化数据，油气企业抽样实测数据
制造业 > 铝冶炼企业 > 燃料燃烧 > 化石燃料燃烧 > 天然气 > 二氧化碳 > 液化天然气,液化天然气,液化天然气,56.8,因子  (tCO₂/TJ),本土化数据，油气企业抽样实测数据
制造业 > 铝冶炼企业 > 燃料燃烧 > 化石燃料燃烧 > 天然气 > 甲烷,甲烷,天然气,1,因子 (kgCH₄/TJ),数据来源于《2006年IPCC清单指南》
制造业 > 铝冶炼企业 > 燃料燃烧 > 化石燃料燃烧 > 天然气 > 氧化亚氮,氧化亚氮,天然气,0.1,因子 (kgN₂O/TJ),数据来源于《2006年IPCC清单指南》
制造业 > 铝冶炼企业 > 燃料燃烧 > 生物质燃料燃烧 > 二氧化碳,二氧化碳,农业废弃物,100000,因子  (kgCO₂/TJ),数据来源于《2006年IPCC清单指南》
制造业 > 铝冶炼企业 > 燃料燃烧 > 生物质燃料燃烧 > 二氧化碳,二氧化碳,薪柴,112000,因子  (kgCO₂/TJ),数据来源于《2006年IPCC清单指南》
制造业 > 铝冶炼企业 > 燃料燃烧 > 生物质燃料燃烧 > 二氧化碳,二氧化碳,木炭,112000,因子  (kgCO₂/TJ),数据来源于《2006年IPCC清单指南》
制造业 > 铝冶炼企业 > 燃料燃烧 > 生物质燃料燃烧 > 二氧化碳,二氧化碳,动物粪便,100000,因子  (kgCO₂/TJ),数据来源于《2006年IPCC清单指南》
制造业 > 铝冶炼企业 > 燃料燃烧 > 生物质燃料燃烧 > 二氧化碳,二氧化碳,沼气,54600,因子  (kgCO₂/TJ),数据来源于《2006年IPCC清单指南》
制造业 > 铝冶炼企业 > 燃料燃烧 > 生物质燃料燃烧 > 二氧化碳,二氧化碳,其他生物气体,54600,因子  (kgCO₂/TJ),数据来源于《2006年IPCC清单指南》
制造业 > 铝冶炼企业 > 燃料燃烧 > 生物质燃料燃烧 > 二氧化碳,二氧化碳,城市生活垃圾(生物成因),100000,因子  (kgCO₂/TJ),数据来源于《2006年IPCC清单指南》
制造业 > 铝冶炼企业 > 燃料燃烧 > 生物质燃料燃烧 > 二氧化碳,二氧化碳,生物汽油,70800,因子  (kgCO₂/TJ),数据来源于《2006年IPCC清单指南》
制造业 > 铝冶炼企业 > 燃料燃烧 > 生物质燃料燃烧 > 二氧化碳,二氧化碳,生物柴油,70800,因子  (kgCO₂/TJ),数据来源于《2006年IPCC清单指南》
制造业 > 铝冶炼企业 > 燃料燃烧 > 生物质燃料燃烧 > 二氧化碳,二氧化碳,其他液体生物质燃料,79600,因子  (kgCO₂/TJ),数据来源于《2006年IPCC清单指南》
制造业 > 铝冶炼企业 > 工业生产过程和产品使用 > 电解铝生产过程 > 炭阳极消耗过程,炭阳极消耗过程,炭阳极消耗过程排放因子,1.4162,因子  (tCO₂/t-Al),本土化数据，全国碳排放权交易市场企业实测
制造业 > 铝冶炼企业 > 工业生产过程和产品使用 > 电解铝生产过程 > 阳极效应 > 四氟化碳,四氟化碳,电解铝四氟化碳排放因子,0.02,因子 (kgCF₄/t-Al),本土化数据，全国碳排放权交易市场企业实测
制造业 > 铝冶炼企业 > 工业生产过程和产品使用 > 电解铝生产过程 > 阳极效应 > 六氟化二碳,六氟化二碳,电解铝六氟化二碳排放因子,0.0011,因子 (kgC₂F₆/t-Al),本土化数据，全国碳排放权交易市场企业实测
制造业 > 铝冶炼企业 > 净购入电力与热力 > 电力消费 > 电力平均二氧化碳排放因子 > 全国电力平均二氧化碳排放因子,全国电力平均二氧化碳排放因子,全国,0.5306,2023年因子 (kgCO₂/kWh),本土化数据，数据来源于生态环境部、国家统计局《关于发布2023年电力二氧化碳排放因子的公告》（公告2025年第47号）
制造业 > 铝冶炼企业 > 净购入电力与热力 > 电力消费 > 电力平均二氧化碳排放因子 > 区域电力平均二氧化碳排放因子,区域电力平均二氧化碳排放因子,华北,0.6361,2023年因子 (kgCO₂/kWh),本土化数据，数据来源于生态环境部、国家统计局《关于发布2023年电力二氧化碳排放因子的公告》（公告2025年第47号）
制造业 > 铝冶炼企业 > 净购入电力与热力 > 电力消费 > 电力平均二氧化碳排放因子 > 区域电力平均二氧化碳排放因子,区域电力平均二氧化碳排放因子,东北,0.5122,2023年因子 (kgCO₂/kWh),本土化数据，数据来源于生态环境部、国家统计局《关于发布2023年电力二氧化碳排放因子的公告》（公告2025年第47号）
制造业 > 铝冶炼企业 > 净购入电力与热力 > 电力消费 > 电力平均二氧化碳排放因子 > 区域电力平均二氧化碳排放因子,区域电力平均二氧化碳排放因子,华东,0.5500,2023年因子 (kgCO₂/kWh),本土化数据，数据来源于生态环境部、国家统计局《关于发布2023年电力二氧化碳排放因子的公告》（公告2025年第47号）
制造业 > 铝冶炼企业 > 净购入电力与热力 > 电力消费 > 电力平均二氧化碳排放因子 > 区域电力平均二氧化碳排放因子,区域电力平均二氧化碳排放因子,华中,0.5271,2023年因子 (kgCO₂/kWh),本土化数据，数据来源于生态环境部、国家统计局《关于发布2023年电力二氧化碳排放因子的公告》（公告2025年第47号）
制造业 > 铝冶炼企业 > 净购入电力与热力 > 电力消费 > 电力平均二氧化碳排放因子 > 区域电力平均二氧化碳排放因子,区域电力平均二氧化碳排放因子,西北,0.5543,2023年因子 (kgCO₂/kWh),本土化数据，数据来源于生态环境部、国家统计局《关于发布2023年电力二氧化碳排放因子的公告》（公告2025年第47号）
制造业 > 铝冶炼企业 > 净购入电力与热力 > 电力消费 > 电力平均二氧化碳排放因子 > 区域电力平均二氧化碳排放因子,区域电力平均二氧化碳排放因子,南方,0.4042,2023年因子 (kgCO₂/kWh),本土化数据，数据来源于生态环境部、国家统计局《关于发布2023年电力二氧化碳排放因子的公告》（公告2025年第47号）
制造业 > 铝冶炼企业 > 净购入电力与热力 > 电力消费 > 电力平均二氧化碳排放因子 > 区域电力平均二氧化碳排放因子,区域电力平均二氧化碳排放因子,西南,0.2472,2023年因子 (kgCO₂/kWh),本土化数据，数据来源于生态环境部、国家统计局《关于发布2023年电力二氧化碳排放因子的公告》（公告2025年第47号）
制造业 > 铝冶炼企业 > 净购入电力与热力 > 电力消费 > 电力平均二氧化碳排放因子 > 省级电力平均二氧化碳排放因子,省级电力平均二氧化碳排放因子,北京,0.5554,2023年因子 (kgCO₂/kWh),"本土化数据，数据来源于生态环境部、国家统计局《关于发布2023年电力二氧化碳排放因子的公告》（公告2025年第47号）
"
制造业 > 铝冶炼企业 > 净购入电力与热力 > 电力消费 > 电力平均二氧化碳排放因子 > 省级电力平均二氧化碳排放因子,省级电力平均二氧化碳排放因子,天津,0.6796,2023年因子 (kgCO₂/kWh),"本土化数据，数据来源于生态环境部、国家统计局《关于发布2023年电力二氧化碳排放因子的公告》（公告2025年第47号）
"
制造业 > 铝冶炼企业 > 净购入电力与热力 > 电力消费 > 电力平均二氧化碳排放因子 > 省级电力平均二氧化碳排放因子,省级电力平均二氧化碳排放因子,河北,0.6516,2023年因子 (kgCO₂/kWh),"本土化数据，数据来源于生态环境部、国家统计局《关于发布2023年电力二氧化碳排放因子的公告》（公告2025年第47号）
"
制造业 > 铝冶炼企业 > 净购入电力与热力 > 电力消费 > 电力平均二氧化碳排放因子 > 省级电力平均二氧化碳排放因子,省级电力平均二氧化碳排放因子,山西,0.6634,2023年因子 (kgCO₂/kWh),"本土化数据，数据来源于生态环境部、国家统计局《关于发布2023年电力二氧化碳排放因子的公告》（公告2025年第47号）
"
制造业 > 铝冶炼企业 > 净购入电力与热力 > 电力消费 > 电力平均二氧化碳排放因子 > 省级电力平均二氧化碳排放因子,省级电力平均二氧化碳排放因子,内蒙古,0.6479,2023年因子 (kgCO₂/kWh),"本土化数据，数据来源于生态环境部、国家统计局《关于发布2023年电力二氧化碳排放因子的公告》（公告2025年第47号）
"
制造业 > 铝冶炼企业 > 净购入电力与热力 > 电力消费 > 电力平均二氧化碳排放因子 > 省级电力平均二氧化碳排放因子,省级电力平均二氧化碳排放因子,辽宁,0.4878,2023年因子 (kgCO₂/kWh),"本土化数据，数据来源于生态环境部、国家统计局《关于发布2023年电力二氧化碳排放因子的公告》（公告2025年第47号）
"
制造业 > 铝冶炼企业 > 净购入电力与热力 > 电力消费 > 电力平均二氧化碳排放因子 > 省级电力平均二氧化碳排放因子,省级电力平均二氧化碳排放因子,吉林,0.4671,2023年因子 (kgCO₂/kWh),"本土化数据，数据来源于生态环境部、国家统计局《关于发布2023年电力二氧化碳排放因子的公告》（公告2025年第47号）
"
制造业 > 铝冶炼企业 > 净购入电力与热力 > 电力消费 > 电力平均二氧化碳排放因子 > 省级电力平均二氧化碳排放因子,省级电力平均二氧化碳排放因子,黑龙江,0.5229,2023年因子 (kgCO₂/kWh),"本土化数据，数据来源于生态环境部、国家统计局《关于发布2023年电力二氧化碳排放因子的公告》（公告2025年第47号）
"
制造业 > 铝冶炼企业 > 净购入电力与热力 > 电力消费 > 电力平均二氧化碳排放因子 > 省级电力平均二氧化碳排放因子,省级电力平均二氧化碳排放因子,上海,0.5737,2023年因子 (kgCO₂/kWh),"本土化数据，数据来源于生态环境部、国家统计局《关于发布2023年电力二氧化碳排放因子的公告》（公告2025年第47号）
"
制造业 > 铝冶炼企业 > 净购入电力与热力 > 电力消费 > 电力平均二氧化碳排放因子 > 省级电力平均二氧化碳排放因子,省级电力平均二氧化碳排放因子,江苏,0.5827,2023年因子 (kgCO₂/kWh),"本土化数据，数据来源于生态环境部、国家统计局《关于发布2023年电力二氧化碳排放因子的公告》（公告2025年第47号）
"
制造业 > 铝冶炼企业 > 净购入电力与热力 > 电力消费 > 电力平均二氧化碳排放因子 > 省级电力平均二氧化碳排放因子,省级电力平均二氧化碳排放因子,浙江,0.4974,2023年因子 (kgCO₂/kWh),"本土化数据，数据来源于生态环境部、国家统计局《关于发布2023年电力二氧化碳排放因子的公告》（公告2025年第47号）
"
制造业 > 铝冶炼企业 > 净购入电力与热力 > 电力消费 > 电力平均二氧化碳排放因子 > 省级电力平均二氧化碳排放因子,省级电力平均二氧化碳排放因子,安徽,0.6553,2023年因子 (kgCO₂/kWh),"本土化数据，数据来源于生态环境部、国家统计局《关于发布2023年电力二氧化碳排放因子的公告》（公告2025年第47号）
"
制造业 > 铝冶炼企业 > 净购入电力与热力 > 电力消费 > 电力平均二氧化碳排放因子 > 省级电力平均二氧化碳排放因子,省级电力平均二氧化碳排放因子,福建,0.4211,2023年因子 (kgCO₂/kWh),"本土化数据，数据来源于生态环境部、国家统计局《关于发布2023年电力二氧化碳排放因子的公告》（公告2025年第47号）
"
制造业 > 铝冶炼企业 > 净购入电力与热力 > 电力消费 > 电力平均二氧化碳排放因子 > 省级电力平均二氧化碳排放因子,省级电力平均二氧化碳排放因子,江西,0.5836,2023年因子 (kgCO₂/kWh),"本土化数据，数据来源于生态环境部、国家统计局《关于发布2023年电力二氧化碳排放因子的公告》（公告2025年第47号）
"
制造业 > 铝冶炼企业 > 净购入电力与热力 > 电力消费 > 电力平均二氧化碳排放因子 > 省级电力平均二氧化碳排放因子,省级电力平均二氧化碳排放因子,山东,0.6191,2023年因子 (kgCO₂/kWh),"本土化数据，数据来源于生态环境部、国家统计局《关于发布2023年电力二氧化碳排放因子的公告》（公告2025年第47号）
"
制造业 > 铝冶炼企业 > 净购入电力与热力 > 电力消费 > 电力平均二氧化碳排放因子 > 省级电力平均二氧化碳排放因子,省级电力平均二氧化碳排放因子,河南,0.5897,2023年因子 (kgCO₂/kWh),"本土化数据，数据来源于生态环境部、国家统计局《关于发布2023年电力二氧化碳排放因子的公告》（公告2025年第47号）
"
制造业 > 铝冶炼企业 > 净购入电力与热力 > 电力消费 > 电力平均二氧化碳排放因子 > 省级电力平均二氧化碳排放因子,省级电力平均二氧化碳排放因子,湖北,0.4044,2023年因子 (kgCO₂/kWh),"本土化数据，数据来源于生态环境部、国家统计局《关于发布2023年电力二氧化碳排放因子的公告》（公告2025年第47号）
"
制造业 > 铝冶炼企业 > 净购入电力与热力 > 电力消费 > 电力平均二氧化碳排放因子 > 省级电力平均二氧化碳排放因子,省级电力平均二氧化碳排放因子,湖南,0.4976,2023年因子 (kgCO₂/kWh),"本土化数据，数据来源于生态环境部、国家统计局《关于发布2023年电力二氧化碳排放因子的公告》（公告2025年第47号）
"
制造业 > 铝冶炼企业 > 净购入电力与热力 > 电力消费 > 电力平均二氧化碳排放因子 > 省级电力平均二氧化碳排放因子,省级电力平均二氧化碳排放因子,广东,0.4419,2023年因子 (kgCO₂/kWh),"本土化数据，数据来源于生态环境部、国家统计局《关于发布2023年电力二氧化碳排放因子的公告》（公告2025年第47号）
"
制造业 > 铝冶炼企业 > 净购入电力与热力 > 电力消费 > 电力平均二氧化碳排放因子 > 省级电力平均二氧化碳排放因子,省级电力平均二氧化碳排放因子,广西,0.4476,2023年因子 (kgCO₂/kWh),"本土化数据，数据来源于生态环境部、国家统计局《关于发布2023年电力二氧化碳排放因子的公告》（公告2025年第47号）
"
制造业 > 铝冶炼企业 > 净购入电力与热力 > 电力消费 > 电力平均二氧化碳排放因子 > 省级电力平均二氧化碳排放因子,省级电力平均二氧化碳排放因子,海南,0.3648,2023年因子 (kgCO₂/kWh),"本土化数据，数据来源于生态环境部、国家统计局《关于发布2023年电力二氧化碳排放因子的公告》（公告2025年第47号）
"
制造业 > 铝冶炼企业 > 净购入电力与热力 > 电力消费 > 电力平均二氧化碳排放因子 > 省级电力平均二氧化碳排放因子,省级电力平均二氧化碳排放因子,重庆,0.5581,2023年因子 (kgCO₂/kWh),"本土化数据，数据来源于生态环境部、国家统计局《关于发布2023年电力二氧化碳排放因子的公告》（公告2025年第47号）
"
制造业 > 铝冶炼企业 > 净购入电力与热力 > 电力消费 > 电力平均二氧化碳排放因子 > 省级电力平均二氧化碳排放因子,省级电力平均二氧化碳排放因子,四川,0.1564,2023年因子 (kgCO₂/kWh),"本土化数据，数据来源于生态环境部、国家统计局《关于发布2023年电力二氧化碳排放因子的公告》（公告2025年第47号）
"
制造业 > 铝冶炼企业 > 净购入电力与热力 > 电力消费 > 电力平均二氧化碳排放因子 > 省级电力平均二氧化碳排放因子,省级电力平均二氧化碳排放因子,贵州,0.5683,2023年因子 (kgCO₂/kWh),"本土化数据，数据来源于生态环境部、国家统计局《关于发布2023年电力二氧化碳排放因子的公告》（公告2025年第47号）
"
制造业 > 铝冶炼企业 > 净购入电力与热力 > 电力消费 > 电力平均二氧化碳排放因子 > 省级电力平均二氧化碳排放因子,省级电力平均二氧化碳排放因子,云南,0.1333,2023年因子 (kgCO₂/kWh),"本土化数据，数据来源于生态环境部、国家统计局《关于发布2023年电力二氧化碳排放因子的公告》（公告2025年第47号）
"
制造业 > 铝冶炼企业 > 净购入电力与热力 > 电力消费 > 电力平均二氧化碳排放因子 > 省级电力平均二氧化碳排放因子,省级电力平均二氧化碳排放因子,陕西,0.6335,2023年因子 (kgCO₂/kWh),"本土化数据，数据来源于生态环境部、国家统计局《关于发布2023年电力二氧化碳排放因子的公告》（公告2025年第47号）
"
制造业 > 铝冶炼企业 > 净购入电力与热力 > 电力消费 > 电力平均二氧化碳排放因子 > 省级电力平均二氧化碳排放因子,省级电力平均二氧化碳排放因子,甘肃,0.4471,2023年因子 (kgCO₂/kWh),"本土化数据，数据来源于生态环境部、国家统计局《关于发布2023年电力二氧化碳排放因子的公告》（公告2025年第47号）
"
制造业 > 铝冶炼企业 > 净购入电力与热力 > 电力消费 > 电力平均二氧化碳排放因子 > 省级电力平均二氧化碳排放因子,省级电力平均二氧化碳排放因子,青海,0.1796,2023年因子 (kgCO₂/kWh),"本土化数据，数据来源于生态环境部、国家统计局《关于发布2023年电力二氧化碳排放因子的公告》（公告2025年第47号）
"
制造业 > 铝冶炼企业 > 净购入电力与热力 > 电力消费 > 电力平均二氧化碳排放因子 > 省级电力平均二氧化碳排放因子,省级电力平均二氧化碳排放因子,宁夏,0.6187,2023年因子 (kgCO₂/kWh),"本土化数据，数据来源于生态环境部、国家统计局《关于发布2023年电力二氧化碳排放因子的公告》（公告2025年第47号）
"
制造业 > 铝冶炼企业 > 净购入电力与热力 > 电力消费 > 电力平均二氧化碳排放因子 > 省级电力平均二氧化碳排放因子,省级电力平均二氧化碳排放因子,新疆,0.6021,2023年因子 (kgCO₂/kWh),"本土化数据，数据来源于生态环境部、国家统计局《关于发布2023年电力二氧化碳排放因子的公告》（公告2025年第47号）
"
制造业 > 铝冶炼企业 > 净购入电力与热力 > 电力消费 > 电力平均二氧化碳排放因子（不包括市场化交易的非化石能源电量） > 全国电力平均二氧化碳排放因子（不包括市场化交易的非化石能源电量）,全国电力平均二氧化碳排放因子（不包括市场化交易的非化石能源电量）,全国,0.6096,2023年因子 (kgCO₂/kWh),本土化数据，数据来源于生态环境部、国家统计局《关于发布2023年电力二氧化碳排放因子的公告》（公告2025年第47号）
制造业 > 铝冶炼企业 > 净购入电力与热力 > 电力消费 > 化石能源电力二氧化碳排放因子 > 全国化石能源电力二氧化碳排放因子,全国化石能源电力二氧化碳排放因子,全国,0.8273,2023年因子 (kgCO₂/kWh),本土化数据，数据来源于生态环境部、国家统计局《关于发布2023年电力二氧化碳排放因子的公告》（公告2025年第47号）
制造业 > 水泥生产企业 > 燃料燃烧 > 化石燃料燃烧 > 煤炭 > 二氧化碳,二氧化碳,无烟煤,98.3,因子  (tCO₂/TJ),"数据来源于《2006年IPCC清单指南》
"
制造业 > 水泥生产企业 > 燃料燃烧 > 化石燃料燃烧 > 煤炭 > 二氧化碳,二氧化碳,炼焦烟煤,94.6,因子  (tCO₂/TJ),数据来源于《2006年IPCC清单指南》
制造业 > 水泥生产企业 > 燃料燃烧 > 化石燃料燃烧 > 煤炭 > 二氧化碳,二氧化碳,一般烟煤,94.6,因子  (tCO₂/TJ),数据来源于《2006年IPCC清单指南》
制造业 > 水泥生产企业 > 燃料燃烧 > 化石燃料燃烧 > 煤炭 > 二氧化碳,二氧化碳,褐煤,101.2,因子  (tCO₂/TJ),数据来源于《2006年IPCC清单指南》
制造业 > 水泥生产企业 > 燃料燃烧 > 化石燃料燃烧 > 煤炭 > 二氧化碳,二氧化碳,煤制品,97.5,因子  (tCO₂/TJ),数据来源于《2006年IPCC清单指南》
制造业 > 水泥生产企业 > 燃料燃烧 > 化石燃料燃烧 > 煤炭 > 二氧化碳,二氧化碳,焦炭,107.1,因子  (tCO₂/TJ),数据来源于《2006年IPCC清单指南》
制造业 > 水泥生产企业 > 燃料燃烧 > 化石燃料燃烧 > 煤炭 > 二氧化碳,二氧化碳,焦炉煤气,44.4,因子  (tCO₂/TJ),数据来源于《2006年IPCC清单指南》
制造业 > 水泥生产企业 > 燃料燃烧 > 化石燃料燃烧 > 煤炭 > 二氧化碳,二氧化碳,高炉煤气,259.6,因子  (tCO₂/TJ),数据来源于《2006年IPCC清单指南》
制造业 > 水泥生产企业 > 燃料燃烧 > 化石燃料燃烧 > 煤炭 > 二氧化碳,二氧化碳,转炉煤气,181.9,因子  (tCO₂/TJ),数据来源于《2006年IPCC清单指南》
制造业 > 水泥生产企业 > 燃料燃烧 > 化石燃料燃烧 > 煤炭 > 二氧化碳,二氧化碳,其他煤气,44.4,因子  (tCO₂/TJ),数据来源于《2006年IPCC清单指南》
制造业 > 水泥生产企业 > 燃料燃烧 > 化石燃料燃烧 > 煤炭 > 甲烷,甲烷,无烟煤,10,因子 (kgCH₄/TJ),数据来源于《2006年IPCC清单指南》	
制造业 > 水泥生产企业 > 燃料燃烧 > 化石燃料燃烧 > 煤炭 > 甲烷,甲烷,炼焦烟煤,10,因子 (kgCH₄/TJ),数据来源于《2006年IPCC清单指南》	
制造业 > 水泥生产企业 > 燃料燃烧 > 化石燃料燃烧 > 煤炭 > 甲烷,甲烷,一般烟煤,10,因子 (kgCH₄/TJ),数据来源于《2006年IPCC清单指南》	
制造业 > 水泥生产企业 > 燃料燃烧 > 化石燃料燃烧 > 煤炭 > 甲烷,甲烷,褐煤,10,因子 (kgCH₄/TJ),数据来源于《2006年IPCC清单指南》	
制造业 > 水泥生产企业 > 燃料燃烧 > 化石燃料燃烧 > 煤炭 > 甲烷,甲烷,煤制品,10,因子 (kgCH₄/TJ),数据来源于《2006年IPCC清单指南》	
制造业 > 水泥生产企业 > 燃料燃烧 > 化石燃料燃烧 > 煤炭 > 甲烷,甲烷,焦炭,10,因子 (kgCH₄/TJ),数据来源于《2006年IPCC清单指南》	
制造业 > 水泥生产企业 > 燃料燃烧 > 化石燃料燃烧 > 煤炭 > 甲烷,甲烷,焦炉煤气,1,因子 (kgCH₄/TJ),数据来源于《2006年IPCC清单指南》	
制造业 > 水泥生产企业 > 燃料燃烧 > 化石燃料燃烧 > 煤炭 > 甲烷,甲烷,高炉煤气,1,因子 (kgCH₄/TJ),数据来源于《2006年IPCC清单指南》	
制造业 > 水泥生产企业 > 燃料燃烧 > 化石燃料燃烧 > 煤炭 > 甲烷,甲烷,转炉煤气,1,因子 (kgCH₄/TJ),数据来源于《2006年IPCC清单指南》	
制造业 > 水泥生产企业 > 燃料燃烧 > 化石燃料燃烧 > 煤炭 > 甲烷,甲烷,其他煤气,1,因子 (kgCH₄/TJ),数据来源于《2006年IPCC清单指南》	
制造业 > 水泥生产企业 > 燃料燃烧 > 化石燃料燃烧 > 煤炭 > 氧化亚氮,氧化亚氮,无烟煤,1.5,因子 (kgN₂O/TJ),数据来源于《2006年IPCC清单指南》	
制造业 > 水泥生产企业 > 燃料燃烧 > 化石燃料燃烧 > 煤炭 > 氧化亚氮,氧化亚氮,炼焦烟煤,1.5,因子 (kgN₂O/TJ),数据来源于《2006年IPCC清单指南》	
制造业 > 水泥生产企业 > 燃料燃烧 > 化石燃料燃烧 > 煤炭 > 氧化亚氮,氧化亚氮,一般烟煤,1.5,因子 (kgN₂O/TJ),数据来源于《2006年IPCC清单指南》	
制造业 > 水泥生产企业 > 燃料燃烧 > 化石燃料燃烧 > 煤炭 > 氧化亚氮,氧化亚氮,褐煤,1.5,因子 (kgN₂O/TJ),数据来源于《2006年IPCC清单指南》	
制造业 > 水泥生产企业 > 燃料燃烧 > 化石燃料燃烧 > 煤炭 > 氧化亚氮,氧化亚氮,煤制品,1.5,因子 (kgN₂O/TJ),数据来源于《2006年IPCC清单指南》	
制造业 > 水泥生产企业 > 燃料燃烧 > 化石燃料燃烧 > 煤炭 > 氧化亚氮,氧化亚氮,焦炭,1.5,因子 (kgN₂O/TJ),数据来源于《2006年IPCC清单指南》	
制造业 > 水泥生产企业 > 燃料燃烧 > 化石燃料燃烧 > 煤炭 > 氧化亚氮,氧化亚氮,焦炉煤气,0.1,因子 (kgN₂O/TJ),数据来源于《2006年IPCC清单指南》	
制造业 > 水泥生产企业 > 燃料燃烧 > 化石燃料燃烧 > 煤炭 > 氧化亚氮,氧化亚氮,高炉煤气,0.1,因子 (kgN₂O/TJ),数据来源于《2006年IPCC清单指南》	
制造业 > 水泥生产企业 > 燃料燃烧 > 化石燃料燃烧 > 煤炭 > 氧化亚氮,氧化亚氮,转炉煤气,0.1,因子 (kgN₂O/TJ),数据来源于《2006年IPCC清单指南》	
制造业 > 水泥生产企业 > 燃料燃烧 > 化石燃料燃烧 > 煤炭 > 氧化亚氮,氧化亚氮,其他煤气,0.1,因子 (kgN₂O/TJ),数据来源于《2006年IPCC清单指南》	
制造业 > 水泥生产企业 > 燃料燃烧 > 化石燃料燃烧 > 石油 > 二氧化碳,二氧化碳,原油,73.3,因子  (tCO₂/TJ),数据来源于《2006年IPCC清单指南》
制造业 > 水泥生产企业 > 燃料燃烧 > 化石燃料燃烧 > 石油 > 二氧化碳,二氧化碳,汽油,69.3,因子  (tCO₂/TJ),数据来源于《2006年IPCC清单指南》
制造业 > 水泥生产企业 > 燃料燃烧 > 化石燃料燃烧 > 石油 > 二氧化碳,二氧化碳,煤油,71.9,因子  (tCO₂/TJ),数据来源于《2006年IPCC清单指南》
制造业 > 水泥生产企业 > 燃料燃烧 > 化石燃料燃烧 > 石油 > 二氧化碳,二氧化碳,柴油,74.1,因子  (tCO₂/TJ),数据来源于《2006年IPCC清单指南》
制造业 > 水泥生产企业 > 燃料燃烧 > 化石燃料燃烧 > 石油 > 二氧化碳,二氧化碳,燃料油,77.4,因子  (tCO₂/TJ),数据来源于《2006年IPCC清单指南》
制造业 > 水泥生产企业 > 燃料燃烧 > 化石燃料燃烧 > 石油 > 二氧化碳,二氧化碳,石脑油,73.3,因子  (tCO₂/TJ),数据来源于《2006年IPCC清单指南》
制造业 > 水泥生产企业 > 燃料燃烧 > 化石燃料燃烧 > 石油 > 二氧化碳,二氧化碳,润滑油,73.3,因子  (tCO₂/TJ),数据来源于《2006年IPCC清单指南》
制造业 > 水泥生产企业 > 燃料燃烧 > 化石燃料燃烧 > 石油 > 二氧化碳,二氧化碳,石蜡,73.3,因子  (tCO₂/TJ),数据来源于《2006年IPCC清单指南》
制造业 > 水泥生产企业 > 燃料燃烧 > 化石燃料燃烧 > 石油 > 二氧化碳,二氧化碳,溶剂油,73.3,因子  (tCO₂/TJ),数据来源于《2006年IPCC清单指南》
制造业 > 水泥生产企业 > 燃料燃烧 > 化石燃料燃烧 > 石油 > 二氧化碳,二氧化碳,石油沥青,80.7,因子  (tCO₂/TJ),数据来源于《2006年IPCC清单指南》
制造业 > 水泥生产企业 > 燃料燃烧 > 化石燃料燃烧 > 石油 > 二氧化碳,二氧化碳,石油焦,97.5,因子  (tCO₂/TJ),数据来源于《2006年IPCC清单指南》
制造业 > 水泥生产企业 > 燃料燃烧 > 化石燃料燃烧 > 石油 > 二氧化碳,二氧化碳,液化石油气,63.1,因子  (tCO₂/TJ),数据来源于《2006年IPCC清单指南》
制造业 > 水泥生产企业 > 燃料燃烧 > 化石燃料燃烧 > 石油 > 二氧化碳,二氧化碳,炼厂干气,57.6,因子  (tCO₂/TJ),数据来源于《2006年IPCC清单指南》
制造业 > 水泥生产企业 > 燃料燃烧 > 化石燃料燃烧 > 石油 > 二氧化碳,二氧化碳,其他石油制品,73.3,因子  (tCO₂/TJ),数据来源于《2006年IPCC清单指南》
制造业 > 水泥生产企业 > 燃料燃烧 > 化石燃料燃烧 > 石油 > 甲烷,甲烷,原油,3,因子 (kgCH₄/TJ),数据来源于《2006年IPCC清单指南》	
制造业 > 水泥生产企业 > 燃料燃烧 > 化石燃料燃烧 > 石油 > 甲烷,甲烷,汽油,3,因子 (kgCH₄/TJ),数据来源于《2006年IPCC清单指南》	
制造业 > 水泥生产企业 > 燃料燃烧 > 化石燃料燃烧 > 石油 > 甲烷,甲烷,煤油,3,因子 (kgCH₄/TJ),数据来源于《2006年IPCC清单指南》	
制造业 > 水泥生产企业 > 燃料燃烧 > 化石燃料燃烧 > 石油 > 甲烷,甲烷,柴油,3,因子 (kgCH₄/TJ),数据来源于《2006年IPCC清单指南》	
制造业 > 水泥生产企业 > 燃料燃烧 > 化石燃料燃烧 > 石油 > 甲烷,甲烷,燃料油,3,因子 (kgCH₄/TJ),数据来源于《2006年IPCC清单指南》	
制造业 > 水泥生产企业 > 燃料燃烧 > 化石燃料燃烧 > 石油 > 甲烷,甲烷,石脑油,3,因子 (kgCH₄/TJ),数据来源于《2006年IPCC清单指南》	
制造业 > 水泥生产企业 > 燃料燃烧 > 化石燃料燃烧 > 石油 > 甲烷,甲烷,润滑油,3,因子 (kgCH₄/TJ),数据来源于《2006年IPCC清单指南》	
制造业 > 水泥生产企业 > 燃料燃烧 > 化石燃料燃烧 > 石油 > 甲烷,甲烷,石蜡,3,因子 (kgCH₄/TJ),数据来源于《2006年IPCC清单指南》	
制造业 > 水泥生产企业 > 燃料燃烧 > 化石燃料燃烧 > 石油 > 甲烷,甲烷,溶剂油,3,因子 (kgCH₄/TJ),数据来源于《2006年IPCC清单指南》	
制造业 > 水泥生产企业 > 燃料燃烧 > 化石燃料燃烧 > 石油 > 甲烷,甲烷,石油沥青,3,因子 (kgCH₄/TJ),数据来源于《2006年IPCC清单指南》	
制造业 > 水泥生产企业 > 燃料燃烧 > 化石燃料燃烧 > 石油 > 甲烷,甲烷,石油焦,3,因子 (kgCH₄/TJ),数据来源于《2006年IPCC清单指南》	
制造业 > 水泥生产企业 > 燃料燃烧 > 化石燃料燃烧 > 石油 > 甲烷,甲烷,液化石油气,1,因子 (kgCH₄/TJ),数据来源于《2006年IPCC清单指南》	
制造业 > 水泥生产企业 > 燃料燃烧 > 化石燃料燃烧 > 石油 > 甲烷,甲烷,炼厂干气,1,因子 (kgCH₄/TJ),数据来源于《2006年IPCC清单指南》	
制造业 > 水泥生产企业 > 燃料燃烧 > 化石燃料燃烧 > 石油 > 甲烷,甲烷,其他石油制品,3,因子 (kgCH₄/TJ),数据来源于《2006年IPCC清单指南》	
制造业 > 水泥生产企业 > 燃料燃烧 > 化石燃料燃烧 > 石油 > 氧化亚氮,氧化亚氮,原油,0.6,因子 (kgN₂O/TJ),"数据来源于《2006年IPCC清单指南》
"
制造业 > 水泥生产企业 > 燃料燃烧 > 化石燃料燃烧 > 石油 > 氧化亚氮,氧化亚氮,汽油,0.6,因子 (kgN₂O/TJ),"数据来源于《2006年IPCC清单指南》
"
制造业 > 水泥生产企业 > 燃料燃烧 > 化石燃料燃烧 > 石油 > 氧化亚氮,氧化亚氮,煤油,0.6,因子 (kgN₂O/TJ),"数据来源于《2006年IPCC清单指南》
"
制造业 > 水泥生产企业 > 燃料燃烧 > 化石燃料燃烧 > 石油 > 氧化亚氮,氧化亚氮,柴油,0.6,因子 (kgN₂O/TJ),"数据来源于《2006年IPCC清单指南》
"
制造业 > 水泥生产企业 > 燃料燃烧 > 化石燃料燃烧 > 石油 > 氧化亚氮,氧化亚氮,燃料油,0.6,因子 (kgN₂O/TJ),"数据来源于《2006年IPCC清单指南》
"
制造业 > 水泥生产企业 > 燃料燃烧 > 化石燃料燃烧 > 石油 > 氧化亚氮,氧化亚氮,石脑油,0.6,因子 (kgN₂O/TJ),"数据来源于《2006年IPCC清单指南》
"
制造业 > 水泥生产企业 > 燃料燃烧 > 化石燃料燃烧 > 石油 > 氧化亚氮,氧化亚氮,润滑油,0.6,因子 (kgN₂O/TJ),"数据来源于《2006年IPCC清单指南》
"
制造业 > 水泥生产企业 > 燃料燃烧 > 化石燃料燃烧 > 石油 > 氧化亚氮,氧化亚氮,石蜡,0.6,因子 (kgN₂O/TJ),"数据来源于《2006年IPCC清单指南》
"
制造业 > 水泥生产企业 > 燃料燃烧 > 化石燃料燃烧 > 石油 > 氧化亚氮,氧化亚氮,溶剂油,0.6,因子 (kgN₂O/TJ),"数据来源于《2006年IPCC清单指南》
"
制造业 > 水泥生产企业 > 燃料燃烧 > 化石燃料燃烧 > 石油 > 氧化亚氮,氧化亚氮,石油沥青,0.6,因子 (kgN₂O/TJ),"数据来源于《2006年IPCC清单指南》
"
制造业 > 水泥生产企业 > 燃料燃烧 > 化石燃料燃烧 > 石油 > 氧化亚氮,氧化亚氮,石油焦,0.6,因子 (kgN₂O/TJ),"数据来源于《2006年IPCC清单指南》
"
制造业 > 水泥生产企业 > 燃料燃烧 > 化石燃料燃烧 > 石油 > 氧化亚氮,氧化亚氮,液化石油气,0.1,因子 (kgN₂O/TJ),"数据来源于《2006年IPCC清单指南》
"
制造业 > 水泥生产企业 > 燃料燃烧 > 化石燃料燃烧 > 石油 > 氧化亚氮,氧化亚氮,炼厂干气,0.1,因子 (kgN₂O/TJ),"数据来源于《2006年IPCC清单指南》
"
制造业 > 水泥生产企业 > 燃料燃烧 > 化石燃料燃烧 > 石油 > 氧化亚氮,氧化亚氮,其他石油制品,0.6,因子 (kgN₂O/TJ),"数据来源于《2006年IPCC清单指南》
"
制造业 > 水泥生产企业 > 燃料燃烧 > 化石燃料燃烧 > 天然气 > 二氧化碳 > 天然气,天然气,天然气,57.2,因子  (tCO₂/TJ),本土化数据，油气企业抽样实测数据
制造业 > 水泥生产企业 > 燃料燃烧 > 化石燃料燃烧 > 天然气 > 二氧化碳 > 液化天然气,液化天然气,液化天然气,56.8,因子  (tCO₂/TJ),本土化数据，油气企业抽样实测数据
制造业 > 水泥生产企业 > 燃料燃烧 > 化石燃料燃烧 > 天然气 > 甲烷,甲烷,天然气,1,因子 (kgCH₄/TJ),数据来源于《2006年IPCC清单指南》
制造业 > 水泥生产企业 > 燃料燃烧 > 化石燃料燃烧 > 天然气 > 氧化亚氮,氧化亚氮,天然气,0.1,因子 (kgN₂O/TJ),数据来源于《2006年IPCC清单指南》
制造业 > 水泥生产企业 > 燃料燃烧 > 生物质燃料燃烧 > 二氧化碳,二氧化碳,农业废弃物,100000,因子  (kgCO₂/TJ),数据来源于《2006年IPCC清单指南》
制造业 > 水泥生产企业 > 燃料燃烧 > 生物质燃料燃烧 > 二氧化碳,二氧化碳,薪柴,112000,因子  (kgCO₂/TJ),数据来源于《2006年IPCC清单指南》
制造业 > 水泥生产企业 > 燃料燃烧 > 生物质燃料燃烧 > 二氧化碳,二氧化碳,木炭,112000,因子  (kgCO₂/TJ),数据来源于《2006年IPCC清单指南》
制造业 > 水泥生产企业 > 燃料燃烧 > 生物质燃料燃烧 > 二氧化碳,二氧化碳,动物粪便,100000,因子  (kgCO₂/TJ),数据来源于《2006年IPCC清单指南》
制造业 > 水泥生产企业 > 燃料燃烧 > 生物质燃料燃烧 > 二氧化碳,二氧化碳,沼气,54600,因子  (kgCO₂/TJ),数据来源于《2006年IPCC清单指南》
制造业 > 水泥生产企业 > 燃料燃烧 > 生物质燃料燃烧 > 二氧化碳,二氧化碳,其他生物气体,54600,因子  (kgCO₂/TJ),数据来源于《2006年IPCC清单指南》
制造业 > 水泥生产企业 > 燃料燃烧 > 生物质燃料燃烧 > 二氧化碳,二氧化碳,城市生活垃圾(生物成因),100000,因子  (kgCO₂/TJ),数据来源于《2006年IPCC清单指南》
制造业 > 水泥生产企业 > 燃料燃烧 > 生物质燃料燃烧 > 二氧化碳,二氧化碳,生物汽油,70800,因子  (kgCO₂/TJ),数据来源于《2006年IPCC清单指南》
制造业 > 水泥生产企业 > 燃料燃烧 > 生物质燃料燃烧 > 二氧化碳,二氧化碳,生物柴油,70800,因子  (kgCO₂/TJ),数据来源于《2006年IPCC清单指南》
制造业 > 水泥生产企业 > 燃料燃烧 > 生物质燃料燃烧 > 二氧化碳,二氧化碳,其他液体生物质燃料,79600,因子  (kgCO₂/TJ),数据来源于《2006年IPCC清单指南》
制造业 > 水泥生产企业 > 工业生产过程和产品使用 > 熟料生产过程,熟料生产过程,硅酸盐水泥熟料,0.5274,因子 tCO₂/t 熟料,本土化数据，全国碳排放权交易市场企业实测
制造业 > 水泥生产企业 > 工业生产过程和产品使用 > 熟料生产过程,熟料生产过程,白色硅酸盐水泥熟料,0.5479,因子 tCO₂/t 熟料,本土化数据，全国碳排放权交易市场企业实测
制造业 > 水泥生产企业 > 工业生产过程和产品使用 > 熟料生产过程,熟料生产过程,硫(铁)铝酸盐水泥熟料,0.3532,因子 tCO₂/t 熟料,本土化数据，全国碳排放权交易市场企业实测
制造业 > 水泥生产企业 > 工业生产过程和产品使用 > 熟料生产过程,熟料生产过程,铝酸盐水泥熟料,0.1981,因子 tCO₂/t 熟料,本土化数据，全国碳排放权交易市场企业实测
制造业 > 水泥生产企业 > 净购入电力与热力 > 电力消费 > 电力平均二氧化碳排放因子 > 全国电力平均二氧化碳排放因子,全国电力平均二氧化碳排放因子,全国,0.5306,2023年因子 (kgCO₂/kWh),本土化数据，数据来源于生态环境部、国家统计局《关于发布2023年电力二氧化碳排放因子的公告》（公告2025年第47号）
制造业 > 水泥生产企业 > 净购入电力与热力 > 电力消费 > 电力平均二氧化碳排放因子 > 区域电力平均二氧化碳排放因子,区域电力平均二氧化碳排放因子,华北,0.6361,2023年因子 (kgCO₂/kWh),本土化数据，数据来源于生态环境部、国家统计局《关于发布2023年电力二氧化碳排放因子的公告》（公告2025年第47号）
制造业 > 水泥生产企业 > 净购入电力与热力 > 电力消费 > 电力平均二氧化碳排放因子 > 区域电力平均二氧化碳排放因子,区域电力平均二氧化碳排放因子,东北,0.5122,2023年因子 (kgCO₂/kWh),本土化数据，数据来源于生态环境部、国家统计局《关于发布2023年电力二氧化碳排放因子的公告》（公告2025年第47号）
制造业 > 水泥生产企业 > 净购入电力与热力 > 电力消费 > 电力平均二氧化碳排放因子 > 区域电力平均二氧化碳排放因子,区域电力平均二氧化碳排放因子,华东,0.55,2023年因子 (kgCO₂/kWh),本土化数据，数据来源于生态环境部、国家统计局《关于发布2023年电力二氧化碳排放因子的公告》（公告2025年第47号）
制造业 > 水泥生产企业 > 净购入电力与热力 > 电力消费 > 电力平均二氧化碳排放因子 > 区域电力平均二氧化碳排放因子,区域电力平均二氧化碳排放因子,华中,0.5271,2023年因子 (kgCO₂/kWh),本土化数据，数据来源于生态环境部、国家统计局《关于发布2023年电力二氧化碳排放因子的公告》（公告2025年第47号）
制造业 > 水泥生产企业 > 净购入电力与热力 > 电力消费 > 电力平均二氧化碳排放因子 > 区域电力平均二氧化碳排放因子,区域电力平均二氧化碳排放因子,西北,0.5543,2023年因子 (kgCO₂/kWh),本土化数据，数据来源于生态环境部、国家统计局《关于发布2023年电力二氧化碳排放因子的公告》（公告2025年第47号）
制造业 > 水泥生产企业 > 净购入电力与热力 > 电力消费 > 电力平均二氧化碳排放因子 > 区域电力平均二氧化碳排放因子,区域电力平均二氧化碳排放因子,南方,0.4042,2023年因子 (kgCO₂/kWh),本土化数据，数据来源于生态环境部、国家统计局《关于发布2023年电力二氧化碳排放因子的公告》（公告2025年第47号）
制造业 > 水泥生产企业 > 净购入电力与热力 > 电力消费 > 电力平均二氧化碳排放因子 > 区域电力平均二氧化碳排放因子,区域电力平均二氧化碳排放因子,西南,0.2472,2023年因子 (kgCO₂/kWh),本土化数据，数据来源于生态环境部、国家统计局《关于发布2023年电力二氧化碳排放因子的公告》（公告2025年第47号）
制造业 > 水泥生产企业 > 净购入电力与热力 > 电力消费 > 电力平均二氧化碳排放因子 > 省级电力平均二氧化碳排放因子,省级电力平均二氧化碳排放因子,北京,0.5554,2023年因子 (kgCO₂/kWh),本土化数据，数据来源于生态环境部、国家统计局《关于发布2023年电力二氧化碳排放因子的公告》（公告2025年第47号）
制造业 > 水泥生产企业 > 净购入电力与热力 > 电力消费 > 电力平均二氧化碳排放因子 > 省级电力平均二氧化碳排放因子,省级电力平均二氧化碳排放因子,天津,0.6796,2023年因子 (kgCO₂/kWh),本土化数据，数据来源于生态环境部、国家统计局《关于发布2023年电力二氧化碳排放因子的公告》（公告2025年第47号）
制造业 > 水泥生产企业 > 净购入电力与热力 > 电力消费 > 电力平均二氧化碳排放因子 > 省级电力平均二氧化碳排放因子,省级电力平均二氧化碳排放因子,河北,0.6516,2023年因子 (kgCO₂/kWh),本土化数据，数据来源于生态环境部、国家统计局《关于发布2023年电力二氧化碳排放因子的公告》（公告2025年第47号）
制造业 > 水泥生产企业 > 净购入电力与热力 > 电力消费 > 电力平均二氧化碳排放因子 > 省级电力平均二氧化碳排放因子,省级电力平均二氧化碳排放因子,山西,0.6634,2023年因子 (kgCO₂/kWh),本土化数据，数据来源于生态环境部、国家统计局《关于发布2023年电力二氧化碳排放因子的公告》（公告2025年第47号）
制造业 > 水泥生产企业 > 净购入电力与热力 > 电力消费 > 电力平均二氧化碳排放因子 > 省级电力平均二氧化碳排放因子,省级电力平均二氧化碳排放因子,内蒙古,0.6479,2023年因子 (kgCO₂/kWh),本土化数据，数据来源于生态环境部、国家统计局《关于发布2023年电力二氧化碳排放因子的公告》（公告2025年第47号）
制造业 > 水泥生产企业 > 净购入电力与热力 > 电力消费 > 电力平均二氧化碳排放因子 > 省级电力平均二氧化碳排放因子,省级电力平均二氧化碳排放因子,辽宁,0.4878,2023年因子 (kgCO₂/kWh),本土化数据，数据来源于生态环境部、国家统计局《关于发布2023年电力二氧化碳排放因子的公告》（公告2025年第47号）
制造业 > 水泥生产企业 > 净购入电力与热力 > 电力消费 > 电力平均二氧化碳排放因子 > 省级电力平均二氧化碳排放因子,省级电力平均二氧化碳排放因子,吉林,0.4671,2023年因子 (kgCO₂/kWh),本土化数据，数据来源于生态环境部、国家统计局《关于发布2023年电力二氧化碳排放因子的公告》（公告2025年第47号）
制造业 > 水泥生产企业 > 净购入电力与热力 > 电力消费 > 电力平均二氧化碳排放因子 > 省级电力平均二氧化碳排放因子,省级电力平均二氧化碳排放因子,黑龙江,0.5229,2023年因子 (kgCO₂/kWh),本土化数据，数据来源于生态环境部、国家统计局《关于发布2023年电力二氧化碳排放因子的公告》（公告2025年第47号）
制造业 > 水泥生产企业 > 净购入电力与热力 > 电力消费 > 电力平均二氧化碳排放因子 > 省级电力平均二氧化碳排放因子,省级电力平均二氧化碳排放因子,上海,0.5737,2023年因子 (kgCO₂/kWh),本土化数据，数据来源于生态环境部、国家统计局《关于发布2023年电力二氧化碳排放因子的公告》（公告2025年第47号）
制造业 > 水泥生产企业 > 净购入电力与热力 > 电力消费 > 电力平均二氧化碳排放因子 > 省级电力平均二氧化碳排放因子,省级电力平均二氧化碳排放因子,江苏,0.5827,2023年因子 (kgCO₂/kWh),本土化数据，数据来源于生态环境部、国家统计局《关于发布2023年电力二氧化碳排放因子的公告》（公告2025年第47号）
制造业 > 水泥生产企业 > 净购入电力与热力 > 电力消费 > 电力平均二氧化碳排放因子 > 省级电力平均二氧化碳排放因子,省级电力平均二氧化碳排放因子,浙江,0.4974,2023年因子 (kgCO₂/kWh),本土化数据，数据来源于生态环境部、国家统计局《关于发布2023年电力二氧化碳排放因子的公告》（公告2025年第47号）
制造业 > 水泥生产企业 > 净购入电力与热力 > 电力消费 > 电力平均二氧化碳排放因子 > 省级电力平均二氧化碳排放因子,省级电力平均二氧化碳排放因子,安徽,0.6553,2023年因子 (kgCO₂/kWh),本土化数据，数据来源于生态环境部、国家统计局《关于发布2023年电力二氧化碳排放因子的公告》（公告2025年第47号）
制造业 > 水泥生产企业 > 净购入电力与热力 > 电力消费 > 电力平均二氧化碳排放因子 > 省级电力平均二氧化碳排放因子,省级电力平均二氧化碳排放因子,福建,0.4211,2023年因子 (kgCO₂/kWh),本土化数据，数据来源于生态环境部、国家统计局《关于发布2023年电力二氧化碳排放因子的公告》（公告2025年第47号）
制造业 > 水泥生产企业 > 净购入电力与热力 > 电力消费 > 电力平均二氧化碳排放因子 > 省级电力平均二氧化碳排放因子,省级电力平均二氧化碳排放因子,江西,0.5836,2023年因子 (kgCO₂/kWh),本土化数据，数据来源于生态环境部、国家统计局《关于发布2023年电力二氧化碳排放因子的公告》（公告2025年第47号）
制造业 > 水泥生产企业 > 净购入电力与热力 > 电力消费 > 电力平均二氧化碳排放因子 > 省级电力平均二氧化碳排放因子,省级电力平均二氧化碳排放因子,山东,0.6191,2023年因子 (kgCO₂/kWh),本土化数据，数据来源于生态环境部、国家统计局《关于发布2023年电力二氧化碳排放因子的公告》（公告2025年第47号）
制造业 > 水泥生产企业 > 净购入电力与热力 > 电力消费 > 电力平均二氧化碳排放因子 > 省级电力平均二氧化碳排放因子,省级电力平均二氧化碳排放因子,河南,0.5897,2023年因子 (kgCO₂/kWh),本土化数据，数据来源于生态环境部、国家统计局《关于发布2023年电力二氧化碳排放因子的公告》（公告2025年第47号）
制造业 > 水泥生产企业 > 净购入电力与热力 > 电力消费 > 电力平均二氧化碳排放因子 > 省级电力平均二氧化碳排放因子,省级电力平均二氧化碳排放因子,湖北,0.4044,2023年因子 (kgCO₂/kWh),本土化数据，数据来源于生态环境部、国家统计局《关于发布2023年电力二氧化碳排放因子的公告》（公告2025年第47号）
制造业 > 水泥生产企业 > 净购入电力与热力 > 电力消费 > 电力平均二氧化碳排放因子 > 省级电力平均二氧化碳排放因子,省级电力平均二氧化碳排放因子,湖南,0.4976,2023年因子 (kgCO₂/kWh),本土化数据，数据来源于生态环境部、国家统计局《关于发布2023年电力二氧化碳排放因子的公告》（公告2025年第47号）
制造业 > 水泥生产企业 > 净购入电力与热力 > 电力消费 > 电力平均二氧化碳排放因子 > 省级电力平均二氧化碳排放因子,省级电力平均二氧化碳排放因子,广东,0.4419,2023年因子 (kgCO₂/kWh),本土化数据，数据来源于生态环境部、国家统计局《关于发布2023年电力二氧化碳排放因子的公告》（公告2025年第47号）
制造业 > 水泥生产企业 > 净购入电力与热力 > 电力消费 > 电力平均二氧化碳排放因子 > 省级电力平均二氧化碳排放因子,省级电力平均二氧化碳排放因子,广西,0.4476,2023年因子 (kgCO₂/kWh),本土化数据，数据来源于生态环境部、国家统计局《关于发布2023年电力二氧化碳排放因子的公告》（公告2025年第47号）
制造业 > 水泥生产企业 > 净购入电力与热力 > 电力消费 > 电力平均二氧化碳排放因子 > 省级电力平均二氧化碳排放因子,省级电力平均二氧化碳排放因子,海南,0.3648,2023年因子 (kgCO₂/kWh),本土化数据，数据来源于生态环境部、国家统计局《关于发布2023年电力二氧化碳排放因子的公告》（公告2025年第47号）
制造业 > 水泥生产企业 > 净购入电力与热力 > 电力消费 > 电力平均二氧化碳排放因子 > 省级电力平均二氧化碳排放因子,省级电力平均二氧化碳排放因子,重庆,0.5581,2023年因子 (kgCO₂/kWh),本土化数据，数据来源于生态环境部、国家统计局《关于发布2023年电力二氧化碳排放因子的公告》（公告2025年第47号）
制造业 > 水泥生产企业 > 净购入电力与热力 > 电力消费 > 电力平均二氧化碳排放因子 > 省级电力平均二氧化碳排放因子,省级电力平均二氧化碳排放因子,四川,0.1564,2023年因子 (kgCO₂/kWh),本土化数据，数据来源于生态环境部、国家统计局《关于发布2023年电力二氧化碳排放因子的公告》（公告2025年第47号）
制造业 > 水泥生产企业 > 净购入电力与热力 > 电力消费 > 电力平均二氧化碳排放因子 > 省级电力平均二氧化碳排放因子,省级电力平均二氧化碳排放因子,贵州,0.5683,2023年因子 (kgCO₂/kWh),本土化数据，数据来源于生态环境部、国家统计局《关于发布2023年电力二氧化碳排放因子的公告》（公告2025年第47号）
制造业 > 水泥生产企业 > 净购入电力与热力 > 电力消费 > 电力平均二氧化碳排放因子 > 省级电力平均二氧化碳排放因子,省级电力平均二氧化碳排放因子,云南,0.1333,2023年因子 (kgCO₂/kWh),本土化数据，数据来源于生态环境部、国家统计局《关于发布2023年电力二氧化碳排放因子的公告》（公告2025年第47号）
制造业 > 水泥生产企业 > 净购入电力与热力 > 电力消费 > 电力平均二氧化碳排放因子 > 省级电力平均二氧化碳排放因子,省级电力平均二氧化碳排放因子,陕西,0.6335,2023年因子 (kgCO₂/kWh),本土化数据，数据来源于生态环境部、国家统计局《关于发布2023年电力二氧化碳排放因子的公告》（公告2025年第47号）
制造业 > 水泥生产企业 > 净购入电力与热力 > 电力消费 > 电力平均二氧化碳排放因子 > 省级电力平均二氧化碳排放因子,省级电力平均二氧化碳排放因子,甘肃,0.4471,2023年因子 (kgCO₂/kWh),本土化数据，数据来源于生态环境部、国家统计局《关于发布2023年电力二氧化碳排放因子的公告》（公告2025年第47号）
制造业 > 水泥生产企业 > 净购入电力与热力 > 电力消费 > 电力平均二氧化碳排放因子 > 省级电力平均二氧化碳排放因子,省级电力平均二氧化碳排放因子,青海,0.1796,2023年因子 (kgCO₂/kWh),本土化数据，数据来源于生态环境部、国家统计局《关于发布2023年电力二氧化碳排放因子的公告》（公告2025年第47号）
制造业 > 水泥生产企业 > 净购入电力与热力 > 电力消费 > 电力平均二氧化碳排放因子 > 省级电力平均二氧化碳排放因子,省级电力平均二氧化碳排放因子,宁夏,0.6187,2023年因子 (kgCO₂/kWh),本土化数据，数据来源于生态环境部、国家统计局《关于发布2023年电力二氧化碳排放因子的公告》（公告2025年第47号）
制造业 > 水泥生产企业 > 净购入电力与热力 > 电力消费 > 电力平均二氧化碳排放因子 > 省级电力平均二氧化碳排放因子,省级电力平均二氧化碳排放因子,新疆,0.6021,2023年因子 (kgCO₂/kWh),本土化数据，数据来源于生态环境部、国家统计局《关于发布2023年电力二氧化碳排放因子的公告》（公告2025年第47号）
制造业 > 水泥生产企业 > 净购入电力与热力 > 电力消费 > 电力平均二氧化碳排放因子（不包括市场化交易的非化石能源电量） > 全国电力平均二氧化碳排放因子（不包括市场化交易的非化石能源电量）,全国电力平均二氧化碳排放因子（不包括市场化交易的非化石能源电量）,全国,0.6096,2023年因子 (kgCO₂/kWh),本土化数据，数据来源于生态环境部、国家统计局《关于发布2023年电力二氧化碳排放因子的公告》（公告2025年第47号）
制造业 > 水泥生产企业 > 净购入电力与热力 > 电力消费 > 化石能源电力二氧化碳排放因子 > 全国化石能源电力二氧化碳排放因子,全国化石能源电力二氧化碳排放因子,全国,0.8273,2023年因子 (kgCO₂/kWh),本土化数据，数据来源于生态环境部、国家统计局《关于发布2023年电力二氧化碳排放因子的公告》（公告2025年第47号）
制造业 > 平板玻璃生产企业 > 燃料燃烧 > 化石燃料燃烧 > 煤炭 > 二氧化碳,二氧化碳,无烟煤,98.3,因子  (tCO₂/TJ),"数据来源于《2006年IPCC清单指南》
"
制造业 > 平板玻璃生产企业 > 燃料燃烧 > 化石燃料燃烧 > 煤炭 > 二氧化碳,二氧化碳,炼焦烟煤,94.6,因子  (tCO₂/TJ),数据来源于《2006年IPCC清单指南》
制造业 > 平板玻璃生产企业 > 燃料燃烧 > 化石燃料燃烧 > 煤炭 > 二氧化碳,二氧化碳,一般烟煤,94.6,因子  (tCO₂/TJ),数据来源于《2006年IPCC清单指南》
制造业 > 平板玻璃生产企业 > 燃料燃烧 > 化石燃料燃烧 > 煤炭 > 二氧化碳,二氧化碳,褐煤,101.2,因子  (tCO₂/TJ),数据来源于《2006年IPCC清单指南》
制造业 > 平板玻璃生产企业 > 燃料燃烧 > 化石燃料燃烧 > 煤炭 > 二氧化碳,二氧化碳,煤制品,97.5,因子  (tCO₂/TJ),数据来源于《2006年IPCC清单指南》
制造业 > 平板玻璃生产企业 > 燃料燃烧 > 化石燃料燃烧 > 煤炭 > 二氧化碳,二氧化碳,焦炭,107.1,因子  (tCO₂/TJ),数据来源于《2006年IPCC清单指南》
制造业 > 平板玻璃生产企业 > 燃料燃烧 > 化石燃料燃烧 > 煤炭 > 二氧化碳,二氧化碳,焦炉煤气,44.4,因子  (tCO₂/TJ),数据来源于《2006年IPCC清单指南》
制造业 > 平板玻璃生产企业 > 燃料燃烧 > 化石燃料燃烧 > 煤炭 > 二氧化碳,二氧化碳,高炉煤气,259.6,因子  (tCO₂/TJ),数据来源于《2006年IPCC清单指南》
制造业 > 平板玻璃生产企业 > 燃料燃烧 > 化石燃料燃烧 > 煤炭 > 二氧化碳,二氧化碳,转炉煤气,181.9,因子  (tCO₂/TJ),数据来源于《2006年IPCC清单指南》
制造业 > 平板玻璃生产企业 > 燃料燃烧 > 化石燃料燃烧 > 煤炭 > 二氧化碳,二氧化碳,其他煤气,44.4,因子  (tCO₂/TJ),数据来源于《2006年IPCC清单指南》
制造业 > 平板玻璃生产企业 > 燃料燃烧 > 化石燃料燃烧 > 煤炭 > 甲烷,甲烷,无烟煤,10,因子 (kgCH₄/TJ),数据来源于《2006年IPCC清单指南》	
制造业 > 平板玻璃生产企业 > 燃料燃烧 > 化石燃料燃烧 > 煤炭 > 甲烷,甲烷,炼焦烟煤,10,因子 (kgCH₄/TJ),数据来源于《2006年IPCC清单指南》	
制造业 > 平板玻璃生产企业 > 燃料燃烧 > 化石燃料燃烧 > 煤炭 > 甲烷,甲烷,一般烟煤,10,因子 (kgCH₄/TJ),数据来源于《2006年IPCC清单指南》	
制造业 > 平板玻璃生产企业 > 燃料燃烧 > 化石燃料燃烧 > 煤炭 > 甲烷,甲烷,褐煤,10,因子 (kgCH₄/TJ),数据来源于《2006年IPCC清单指南》	
制造业 > 平板玻璃生产企业 > 燃料燃烧 > 化石燃料燃烧 > 煤炭 > 甲烷,甲烷,煤制品,10,因子 (kgCH₄/TJ),数据来源于《2006年IPCC清单指南》	
制造业 > 平板玻璃生产企业 > 燃料燃烧 > 化石燃料燃烧 > 煤炭 > 甲烷,甲烷,焦炭,10,因子 (kgCH₄/TJ),数据来源于《2006年IPCC清单指南》	
制造业 > 平板玻璃生产企业 > 燃料燃烧 > 化石燃料燃烧 > 煤炭 > 甲烷,甲烷,焦炉煤气,1,因子 (kgCH₄/TJ),数据来源于《2006年IPCC清单指南》	
制造业 > 平板玻璃生产企业 > 燃料燃烧 > 化石燃料燃烧 > 煤炭 > 甲烷,甲烷,高炉煤气,1,因子 (kgCH₄/TJ),数据来源于《2006年IPCC清单指南》	
制造业 > 平板玻璃生产企业 > 燃料燃烧 > 化石燃料燃烧 > 煤炭 > 甲烷,甲烷,转炉煤气,1,因子 (kgCH₄/TJ),数据来源于《2006年IPCC清单指南》	
制造业 > 平板玻璃生产企业 > 燃料燃烧 > 化石燃料燃烧 > 煤炭 > 甲烷,甲烷,其他煤气,1,因子 (kgCH₄/TJ),数据来源于《2006年IPCC清单指南》	
制造业 > 平板玻璃生产企业 > 燃料燃烧 > 化石燃料燃烧 > 煤炭 > 氧化亚氮,氧化亚氮,无烟煤,1.5,因子 (kgN₂O/TJ),数据来源于《2006年IPCC清单指南》	
制造业 > 平板玻璃生产企业 > 燃料燃烧 > 化石燃料燃烧 > 煤炭 > 氧化亚氮,氧化亚氮,炼焦烟煤,1.5,因子 (kgN₂O/TJ),数据来源于《2006年IPCC清单指南》	
制造业 > 平板玻璃生产企业 > 燃料燃烧 > 化石燃料燃烧 > 煤炭 > 氧化亚氮,氧化亚氮,一般烟煤,1.5,因子 (kgN₂O/TJ),数据来源于《2006年IPCC清单指南》	
制造业 > 平板玻璃生产企业 > 燃料燃烧 > 化石燃料燃烧 > 煤炭 > 氧化亚氮,氧化亚氮,褐煤,1.5,因子 (kgN₂O/TJ),数据来源于《2006年IPCC清单指南》	
制造业 > 平板玻璃生产企业 > 燃料燃烧 > 化石燃料燃烧 > 煤炭 > 氧化亚氮,氧化亚氮,煤制品,1.5,因子 (kgN₂O/TJ),数据来源于《2006年IPCC清单指南》	
制造业 > 平板玻璃生产企业 > 燃料燃烧 > 化石燃料燃烧 > 煤炭 > 氧化亚氮,氧化亚氮,焦炭,1.5,因子 (kgN₂O/TJ),数据来源于《2006年IPCC清单指南》	
制造业 > 平板玻璃生产企业 > 燃料燃烧 > 化石燃料燃烧 > 煤炭 > 氧化亚氮,氧化亚氮,焦炉煤气,0.1,因子 (kgN₂O/TJ),数据来源于《2006年IPCC清单指南》	
制造业 > 平板玻璃生产企业 > 燃料燃烧 > 化石燃料燃烧 > 煤炭 > 氧化亚氮,氧化亚氮,高炉煤气,0.1,因子 (kgN₂O/TJ),数据来源于《2006年IPCC清单指南》	
制造业 > 平板玻璃生产企业 > 燃料燃烧 > 化石燃料燃烧 > 煤炭 > 氧化亚氮,氧化亚氮,转炉煤气,0.1,因子 (kgN₂O/TJ),数据来源于《2006年IPCC清单指南》	
制造业 > 平板玻璃生产企业 > 燃料燃烧 > 化石燃料燃烧 > 煤炭 > 氧化亚氮,氧化亚氮,其他煤气,0.1,因子 (kgN₂O/TJ),数据来源于《2006年IPCC清单指南》	
制造业 > 平板玻璃生产企业 > 燃料燃烧 > 化石燃料燃烧 > 石油 > 二氧化碳,二氧化碳,原油,73.3,因子  (tCO₂/TJ),数据来源于《2006年IPCC清单指南》
制造业 > 平板玻璃生产企业 > 燃料燃烧 > 化石燃料燃烧 > 石油 > 二氧化碳,二氧化碳,汽油,69.3,因子  (tCO₂/TJ),数据来源于《2006年IPCC清单指南》
制造业 > 平板玻璃生产企业 > 燃料燃烧 > 化石燃料燃烧 > 石油 > 二氧化碳,二氧化碳,煤油,71.9,因子  (tCO₂/TJ),数据来源于《2006年IPCC清单指南》
制造业 > 平板玻璃生产企业 > 燃料燃烧 > 化石燃料燃烧 > 石油 > 二氧化碳,二氧化碳,柴油,74.1,因子  (tCO₂/TJ),数据来源于《2006年IPCC清单指南》
制造业 > 平板玻璃生产企业 > 燃料燃烧 > 化石燃料燃烧 > 石油 > 二氧化碳,二氧化碳,燃料油,77.4,因子  (tCO₂/TJ),数据来源于《2006年IPCC清单指南》
制造业 > 平板玻璃生产企业 > 燃料燃烧 > 化石燃料燃烧 > 石油 > 二氧化碳,二氧化碳,石脑油,73.3,因子  (tCO₂/TJ),数据来源于《2006年IPCC清单指南》
制造业 > 平板玻璃生产企业 > 燃料燃烧 > 化石燃料燃烧 > 石油 > 二氧化碳,二氧化碳,润滑油,73.3,因子  (tCO₂/TJ),数据来源于《2006年IPCC清单指南》
制造业 > 平板玻璃生产企业 > 燃料燃烧 > 化石燃料燃烧 > 石油 > 二氧化碳,二氧化碳,石蜡,73.3,因子  (tCO₂/TJ),数据来源于《2006年IPCC清单指南》
制造业 > 平板玻璃生产企业 > 燃料燃烧 > 化石燃料燃烧 > 石油 > 二氧化碳,二氧化碳,溶剂油,73.3,因子  (tCO₂/TJ),数据来源于《2006年IPCC清单指南》
制造业 > 平板玻璃生产企业 > 燃料燃烧 > 化石燃料燃烧 > 石油 > 二氧化碳,二氧化碳,石油沥青,80.7,因子  (tCO₂/TJ),数据来源于《2006年IPCC清单指南》
制造业 > 平板玻璃生产企业 > 燃料燃烧 > 化石燃料燃烧 > 石油 > 二氧化碳,二氧化碳,石油焦,97.5,因子  (tCO₂/TJ),数据来源于《2006年IPCC清单指南》
制造业 > 平板玻璃生产企业 > 燃料燃烧 > 化石燃料燃烧 > 石油 > 二氧化碳,二氧化碳,液化石油气,63.1,因子  (tCO₂/TJ),数据来源于《2006年IPCC清单指南》
制造业 > 平板玻璃生产企业 > 燃料燃烧 > 化石燃料燃烧 > 石油 > 二氧化碳,二氧化碳,炼厂干气,57.6,因子  (tCO₂/TJ),数据来源于《2006年IPCC清单指南》
制造业 > 平板玻璃生产企业 > 燃料燃烧 > 化石燃料燃烧 > 石油 > 二氧化碳,二氧化碳,其他石油制品,73.3,因子  (tCO₂/TJ),数据来源于《2006年IPCC清单指南》
制造业 > 平板玻璃生产企业 > 燃料燃烧 > 化石燃料燃烧 > 石油 > 甲烷,甲烷,原油,3,因子 (kgCH₄/TJ),数据来源于《2006年IPCC清单指南》	
制造业 > 平板玻璃生产企业 > 燃料燃烧 > 化石燃料燃烧 > 石油 > 甲烷,甲烷,汽油,3,因子 (kgCH₄/TJ),数据来源于《2006年IPCC清单指南》	
制造业 > 平板玻璃生产企业 > 燃料燃烧 > 化石燃料燃烧 > 石油 > 甲烷,甲烷,煤油,3,因子 (kgCH₄/TJ),数据来源于《2006年IPCC清单指南》	
制造业 > 平板玻璃生产企业 > 燃料燃烧 > 化石燃料燃烧 > 石油 > 甲烷,甲烷,柴油,3,因子 (kgCH₄/TJ),数据来源于《2006年IPCC清单指南》	
制造业 > 平板玻璃生产企业 > 燃料燃烧 > 化石燃料燃烧 > 石油 > 甲烷,甲烷,燃料油,3,因子 (kgCH₄/TJ),数据来源于《2006年IPCC清单指南》	
制造业 > 平板玻璃生产企业 > 燃料燃烧 > 化石燃料燃烧 > 石油 > 甲烷,甲烷,石脑油,3,因子 (kgCH₄/TJ),数据来源于《2006年IPCC清单指南》	
制造业 > 平板玻璃生产企业 > 燃料燃烧 > 化石燃料燃烧 > 石油 > 甲烷,甲烷,润滑油,3,因子 (kgCH₄/TJ),数据来源于《2006年IPCC清单指南》	
制造业 > 平板玻璃生产企业 > 燃料燃烧 > 化石燃料燃烧 > 石油 > 甲烷,甲烷,石蜡,3,因子 (kgCH₄/TJ),数据来源于《2006年IPCC清单指南》	
制造业 > 平板玻璃生产企业 > 燃料燃烧 > 化石燃料燃烧 > 石油 > 甲烷,甲烷,溶剂油,3,因子 (kgCH₄/TJ),数据来源于《2006年IPCC清单指南》	
制造业 > 平板玻璃生产企业 > 燃料燃烧 > 化石燃料燃烧 > 石油 > 甲烷,甲烷,石油沥青,3,因子 (kgCH₄/TJ),数据来源于《2006年IPCC清单指南》	
制造业 > 平板玻璃生产企业 > 燃料燃烧 > 化石燃料燃烧 > 石油 > 甲烷,甲烷,石油焦,3,因子 (kgCH₄/TJ),数据来源于《2006年IPCC清单指南》	
制造业 > 平板玻璃生产企业 > 燃料燃烧 > 化石燃料燃烧 > 石油 > 甲烷,甲烷,液化石油气,1,因子 (kgCH₄/TJ),数据来源于《2006年IPCC清单指南》	
制造业 > 平板玻璃生产企业 > 燃料燃烧 > 化石燃料燃烧 > 石油 > 甲烷,甲烷,炼厂干气,1,因子 (kgCH₄/TJ),数据来源于《2006年IPCC清单指南》	
制造业 > 平板玻璃生产企业 > 燃料燃烧 > 化石燃料燃烧 > 石油 > 甲烷,甲烷,其他石油制品,3,因子 (kgCH₄/TJ),数据来源于《2006年IPCC清单指南》	
制造业 > 平板玻璃生产企业 > 燃料燃烧 > 化石燃料燃烧 > 石油 > 氧化亚氮,氧化亚氮,原油,0.6,因子 (kgN₂O/TJ),"数据来源于《2006年IPCC清单指南》
"
制造业 > 平板玻璃生产企业 > 燃料燃烧 > 化石燃料燃烧 > 石油 > 氧化亚氮,氧化亚氮,汽油,0.6,因子 (kgN₂O/TJ),"数据来源于《2006年IPCC清单指南》
"
制造业 > 平板玻璃生产企业 > 燃料燃烧 > 化石燃料燃烧 > 石油 > 氧化亚氮,氧化亚氮,煤油,0.6,因子 (kgN₂O/TJ),"数据来源于《2006年IPCC清单指南》
"
制造业 > 平板玻璃生产企业 > 燃料燃烧 > 化石燃料燃烧 > 石油 > 氧化亚氮,氧化亚氮,柴油,0.6,因子 (kgN₂O/TJ),"数据来源于《2006年IPCC清单指南》
"
制造业 > 平板玻璃生产企业 > 燃料燃烧 > 化石燃料燃烧 > 石油 > 氧化亚氮,氧化亚氮,燃料油,0.6,因子 (kgN₂O/TJ),"数据来源于《2006年IPCC清单指南》
"
制造业 > 平板玻璃生产企业 > 燃料燃烧 > 化石燃料燃烧 > 石油 > 氧化亚氮,氧化亚氮,石脑油,0.6,因子 (kgN₂O/TJ),"数据来源于《2006年IPCC清单指南》
"
制造业 > 平板玻璃生产企业 > 燃料燃烧 > 化石燃料燃烧 > 石油 > 氧化亚氮,氧化亚氮,润滑油,0.6,因子 (kgN₂O/TJ),"数据来源于《2006年IPCC清单指南》
"
制造业 > 平板玻璃生产企业 > 燃料燃烧 > 化石燃料燃烧 > 石油 > 氧化亚氮,氧化亚氮,石蜡,0.6,因子 (kgN₂O/TJ),"数据来源于《2006年IPCC清单指南》
"
制造业 > 平板玻璃生产企业 > 燃料燃烧 > 化石燃料燃烧 > 石油 > 氧化亚氮,氧化亚氮,溶剂油,0.6,因子 (kgN₂O/TJ),"数据来源于《2006年IPCC清单指南》
"
制造业 > 平板玻璃生产企业 > 燃料燃烧 > 化石燃料燃烧 > 石油 > 氧化亚氮,氧化亚氮,石油沥青,0.6,因子 (kgN₂O/TJ),"数据来源于《2006年IPCC清单指南》
"
制造业 > 平板玻璃生产企业 > 燃料燃烧 > 化石燃料燃烧 > 石油 > 氧化亚氮,氧化亚氮,石油焦,0.6,因子 (kgN₂O/TJ),"数据来源于《2006年IPCC清单指南》
"
制造业 > 平板玻璃生产企业 > 燃料燃烧 > 化石燃料燃烧 > 石油 > 氧化亚氮,氧化亚氮,液化石油气,0.1,因子 (kgN₂O/TJ),"数据来源于《2006年IPCC清单指南》
"
制造业 > 平板玻璃生产企业 > 燃料燃烧 > 化石燃料燃烧 > 石油 > 氧化亚氮,氧化亚氮,炼厂干气,0.1,因子 (kgN₂O/TJ),"数据来源于《2006年IPCC清单指南》
"
制造业 > 平板玻璃生产企业 > 燃料燃烧 > 化石燃料燃烧 > 石油 > 氧化亚氮,氧化亚氮,其他石油制品,0.6,因子 (kgN₂O/TJ),"数据来源于《2006年IPCC清单指南》
"
制造业 > 平板玻璃生产企业 > 燃料燃烧 > 化石燃料燃烧 > 天然气 > 二氧化碳 > 天然气,天然气,天然气,57.2,因子  (tCO₂/TJ),本土化数据，油气企业抽样实测数据
制造业 > 平板玻璃生产企业 > 燃料燃烧 > 化石燃料燃烧 > 天然气 > 二氧化碳 > 液化天然气,液化天然气,液化天然气,56.8,因子  (tCO₂/TJ),本土化数据，油气企业抽样实测数据
制造业 > 平板玻璃生产企业 > 燃料燃烧 > 化石燃料燃烧 > 天然气 > 甲烷,甲烷,天然气,1,因子 (kgCH₄/TJ),数据来源于《2006年IPCC清单指南》
制造业 > 平板玻璃生产企业 > 燃料燃烧 > 化石燃料燃烧 > 天然气 > 氧化亚氮,氧化亚氮,天然气,0.1,因子 (kgN₂O/TJ),数据来源于《2006年IPCC清单指南》
制造业 > 平板玻璃生产企业 > 燃料燃烧 > 生物质燃料燃烧 > 二氧化碳,二氧化碳,农业废弃物,100000,因子  (kgCO₂/TJ),数据来源于《2006年IPCC清单指南》
制造业 > 平板玻璃生产企业 > 燃料燃烧 > 生物质燃料燃烧 > 二氧化碳,二氧化碳,薪柴,112000,因子  (kgCO₂/TJ),数据来源于《2006年IPCC清单指南》
制造业 > 平板玻璃生产企业 > 燃料燃烧 > 生物质燃料燃烧 > 二氧化碳,二氧化碳,木炭,112000,因子  (kgCO₂/TJ),数据来源于《2006年IPCC清单指南》
制造业 > 平板玻璃生产企业 > 燃料燃烧 > 生物质燃料燃烧 > 二氧化碳,二氧化碳,动物粪便,100000,因子  (kgCO₂/TJ),数据来源于《2006年IPCC清单指南》
制造业 > 平板玻璃生产企业 > 燃料燃烧 > 生物质燃料燃烧 > 二氧化碳,二氧化碳,沼气,54600,因子  (kgCO₂/TJ),数据来源于《2006年IPCC清单指南》
制造业 > 平板玻璃生产企业 > 燃料燃烧 > 生物质燃料燃烧 > 二氧化碳,二氧化碳,其他生物气体,54600,因子  (kgCO₂/TJ),数据来源于《2006年IPCC清单指南》
制造业 > 平板玻璃生产企业 > 燃料燃烧 > 生物质燃料燃烧 > 二氧化碳,二氧化碳,城市生活垃圾(生物成因),100000,因子  (kgCO₂/TJ),数据来源于《2006年IPCC清单指南》
制造业 > 平板玻璃生产企业 > 燃料燃烧 > 生物质燃料燃烧 > 二氧化碳,二氧化碳,生物汽油,70800,因子  (kgCO₂/TJ),数据来源于《2006年IPCC清单指南》
制造业 > 平板玻璃生产企业 > 燃料燃烧 > 生物质燃料燃烧 > 二氧化碳,二氧化碳,生物柴油,70800,因子  (kgCO₂/TJ),数据来源于《2006年IPCC清单指南》
制造业 > 平板玻璃生产企业 > 燃料燃烧 > 生物质燃料燃烧 > 二氧化碳,二氧化碳,其他液体生物质燃料,79600,因子  (kgCO₂/TJ),数据来源于《2006年IPCC清单指南》
制造业 > 平板玻璃生产企业 > 工业生产过程和产品使用 > 平板玻璃生产过程,平板玻璃生产过程,平板玻璃生产过程排放因子,92.9852,"因子（tCO₂/10,000 weight cases）",2022年和2023年平板玻璃生产企业的调研数据
制造业 > 平板玻璃生产企业 > 净购入电力与热力 > 电力消费 > 电力平均二氧化碳排放因子 > 全国电力平均二氧化碳排放因子,全国电力平均二氧化碳排放因子,全国,0.5306,2023年因子 (kgCO₂/kWh),本土化数据，数据来源于生态环境部、国家统计局《关于发布2023年电力二氧化碳排放因子的公告》（公告2025年第47号）
制造业 > 平板玻璃生产企业 > 净购入电力与热力 > 电力消费 > 电力平均二氧化碳排放因子 > 区域电力平均二氧化碳排放因子,区域电力平均二氧化碳排放因子,华北,0.6361,2023年因子 (kgCO₂/kWh),本土化数据，数据来源于生态环境部、国家统计局《关于发布2023年电力二氧化碳排放因子的公告》（公告2025年第47号）
制造业 > 平板玻璃生产企业 > 净购入电力与热力 > 电力消费 > 电力平均二氧化碳排放因子 > 区域电力平均二氧化碳排放因子,区域电力平均二氧化碳排放因子,东北,0.5122,2023年因子 (kgCO₂/kWh),本土化数据，数据来源于生态环境部、国家统计局《关于发布2023年电力二氧化碳排放因子的公告》（公告2025年第47号）
制造业 > 平板玻璃生产企业 > 净购入电力与热力 > 电力消费 > 电力平均二氧化碳排放因子 > 区域电力平均二氧化碳排放因子,区域电力平均二氧化碳排放因子,华东,0.55,2023年因子 (kgCO₂/kWh),本土化数据，数据来源于生态环境部、国家统计局《关于发布2023年电力二氧化碳排放因子的公告》（公告2025年第47号）
制造业 > 平板玻璃生产企业 > 净购入电力与热力 > 电力消费 > 电力平均二氧化碳排放因子 > 区域电力平均二氧化碳排放因子,区域电力平均二氧化碳排放因子,华中,0.5271,2023年因子 (kgCO₂/kWh),本土化数据，数据来源于生态环境部、国家统计局《关于发布2023年电力二氧化碳排放因子的公告》（公告2025年第47号）
制造业 > 平板玻璃生产企业 > 净购入电力与热力 > 电力消费 > 电力平均二氧化碳排放因子 > 区域电力平均二氧化碳排放因子,区域电力平均二氧化碳排放因子,西北,0.5543,2023年因子 (kgCO₂/kWh),本土化数据，数据来源于生态环境部、国家统计局《关于发布2023年电力二氧化碳排放因子的公告》（公告2025年第47号）
制造业 > 平板玻璃生产企业 > 净购入电力与热力 > 电力消费 > 电力平均二氧化碳排放因子 > 区域电力平均二氧化碳排放因子,区域电力平均二氧化碳排放因子,南方,0.4042,2023年因子 (kgCO₂/kWh),本土化数据，数据来源于生态环境部、国家统计局《关于发布2023年电力二氧化碳排放因子的公告》（公告2025年第47号）
制造业 > 平板玻璃生产企业 > 净购入电力与热力 > 电力消费 > 电力平均二氧化碳排放因子 > 区域电力平均二氧化碳排放因子,区域电力平均二氧化碳排放因子,西南,0.2472,2023年因子 (kgCO₂/kWh),本土化数据，数据来源于生态环境部、国家统计局《关于发布2023年电力二氧化碳排放因子的公告》（公告2025年第47号）
制造业 > 平板玻璃生产企业 > 净购入电力与热力 > 电力消费 > 电力平均二氧化碳排放因子 > 省级电力平均二氧化碳排放因子,省级电力平均二氧化碳排放因子,北京,0.5554,2023年因子 (kgCO₂/kWh),本土化数据，数据来源于生态环境部、国家统计局《关于发布2023年电力二氧化碳排放因子的公告》（公告2025年第47号）
制造业 > 平板玻璃生产企业 > 净购入电力与热力 > 电力消费 > 电力平均二氧化碳排放因子 > 省级电力平均二氧化碳排放因子,省级电力平均二氧化碳排放因子,天津,0.6796,2023年因子 (kgCO₂/kWh),本土化数据，数据来源于生态环境部、国家统计局《关于发布2023年电力二氧化碳排放因子的公告》（公告2025年第47号）
制造业 > 平板玻璃生产企业 > 净购入电力与热力 > 电力消费 > 电力平均二氧化碳排放因子 > 省级电力平均二氧化碳排放因子,省级电力平均二氧化碳排放因子,河北,0.6516,2023年因子 (kgCO₂/kWh),本土化数据，数据来源于生态环境部、国家统计局《关于发布2023年电力二氧化碳排放因子的公告》（公告2025年第47号）
制造业 > 平板玻璃生产企业 > 净购入电力与热力 > 电力消费 > 电力平均二氧化碳排放因子 > 省级电力平均二氧化碳排放因子,省级电力平均二氧化碳排放因子,山西,0.6634,2023年因子 (kgCO₂/kWh),本土化数据，数据来源于生态环境部、国家统计局《关于发布2023年电力二氧化碳排放因子的公告》（公告2025年第47号）
制造业 > 平板玻璃生产企业 > 净购入电力与热力 > 电力消费 > 电力平均二氧化碳排放因子 > 省级电力平均二氧化碳排放因子,省级电力平均二氧化碳排放因子,内蒙古,0.6479,2023年因子 (kgCO₂/kWh),本土化数据，数据来源于生态环境部、国家统计局《关于发布2023年电力二氧化碳排放因子的公告》（公告2025年第47号）
制造业 > 平板玻璃生产企业 > 净购入电力与热力 > 电力消费 > 电力平均二氧化碳排放因子 > 省级电力平均二氧化碳排放因子,省级电力平均二氧化碳排放因子,辽宁,0.4878,2023年因子 (kgCO₂/kWh),本土化数据，数据来源于生态环境部、国家统计局《关于发布2023年电力二氧化碳排放因子的公告》（公告2025年第47号）
制造业 > 平板玻璃生产企业 > 净购入电力与热力 > 电力消费 > 电力平均二氧化碳排放因子 > 省级电力平均二氧化碳排放因子,省级电力平均二氧化碳排放因子,吉林,0.4671,2023年因子 (kgCO₂/kWh),本土化数据，数据来源于生态环境部、国家统计局《关于发布2023年电力二氧化碳排放因子的公告》（公告2025年第47号）
制造业 > 平板玻璃生产企业 > 净购入电力与热力 > 电力消费 > 电力平均二氧化碳排放因子 > 省级电力平均二氧化碳排放因子,省级电力平均二氧化碳排放因子,黑龙江,0.5229,2023年因子 (kgCO₂/kWh),本土化数据，数据来源于生态环境部、国家统计局《关于发布2023年电力二氧化碳排放因子的公告》（公告2025年第47号）
制造业 > 平板玻璃生产企业 > 净购入电力与热力 > 电力消费 > 电力平均二氧化碳排放因子 > 省级电力平均二氧化碳排放因子,省级电力平均二氧化碳排放因子,上海,0.5737,2023年因子 (kgCO₂/kWh),本土化数据，数据来源于生态环境部、国家统计局《关于发布2023年电力二氧化碳排放因子的公告》（公告2025年第47号）
制造业 > 平板玻璃生产企业 > 净购入电力与热力 > 电力消费 > 电力平均二氧化碳排放因子 > 省级电力平均二氧化碳排放因子,省级电力平均二氧化碳排放因子,江苏,0.5827,2023年因子 (kgCO₂/kWh),本土化数据，数据来源于生态环境部、国家统计局《关于发布2023年电力二氧化碳排放因子的公告》（公告2025年第47号）
制造业 > 平板玻璃生产企业 > 净购入电力与热力 > 电力消费 > 电力平均二氧化碳排放因子 > 省级电力平均二氧化碳排放因子,省级电力平均二氧化碳排放因子,浙江,0.4974,2023年因子 (kgCO₂/kWh),本土化数据，数据来源于生态环境部、国家统计局《关于发布2023年电力二氧化碳排放因子的公告》（公告2025年第47号）
制造业 > 平板玻璃生产企业 > 净购入电力与热力 > 电力消费 > 电力平均二氧化碳排放因子 > 省级电力平均二氧化碳排放因子,省级电力平均二氧化碳排放因子,安徽,0.6553,2023年因子 (kgCO₂/kWh),本土化数据，数据来源于生态环境部、国家统计局《关于发布2023年电力二氧化碳排放因子的公告》（公告2025年第47号）
制造业 > 平板玻璃生产企业 > 净购入电力与热力 > 电力消费 > 电力平均二氧化碳排放因子 > 省级电力平均二氧化碳排放因子,省级电力平均二氧化碳排放因子,福建,0.4211,2023年因子 (kgCO₂/kWh),本土化数据，数据来源于生态环境部、国家统计局《关于发布2023年电力二氧化碳排放因子的公告》（公告2025年第47号）
制造业 > 平板玻璃生产企业 > 净购入电力与热力 > 电力消费 > 电力平均二氧化碳排放因子 > 省级电力平均二氧化碳排放因子,省级电力平均二氧化碳排放因子,江西,0.5836,2023年因子 (kgCO₂/kWh),本土化数据，数据来源于生态环境部、国家统计局《关于发布2023年电力二氧化碳排放因子的公告》（公告2025年第47号）
制造业 > 平板玻璃生产企业 > 净购入电力与热力 > 电力消费 > 电力平均二氧化碳排放因子 > 省级电力平均二氧化碳排放因子,省级电力平均二氧化碳排放因子,山东,0.6191,2023年因子 (kgCO₂/kWh),本土化数据，数据来源于生态环境部、国家统计局《关于发布2023年电力二氧化碳排放因子的公告》（公告2025年第47号）
制造业 > 平板玻璃生产企业 > 净购入电力与热力 > 电力消费 > 电力平均二氧化碳排放因子 > 省级电力平均二氧化碳排放因子,省级电力平均二氧化碳排放因子,河南,0.5897,2023年因子 (kgCO₂/kWh),本土化数据，数据来源于生态环境部、国家统计局《关于发布2023年电力二氧化碳排放因子的公告》（公告2025年第47号）
制造业 > 平板玻璃生产企业 > 净购入电力与热力 > 电力消费 > 电力平均二氧化碳排放因子 > 省级电力平均二氧化碳排放因子,省级电力平均二氧化碳排放因子,湖北,0.4044,2023年因子 (kgCO₂/kWh),本土化数据，数据来源于生态环境部、国家统计局《关于发布2023年电力二氧化碳排放因子的公告》（公告2025年第47号）
制造业 > 平板玻璃生产企业 > 净购入电力与热力 > 电力消费 > 电力平均二氧化碳排放因子 > 省级电力平均二氧化碳排放因子,省级电力平均二氧化碳排放因子,湖南,0.4976,2023年因子 (kgCO₂/kWh),本土化数据，数据来源于生态环境部、国家统计局《关于发布2023年电力二氧化碳排放因子的公告》（公告2025年第47号）
制造业 > 平板玻璃生产企业 > 净购入电力与热力 > 电力消费 > 电力平均二氧化碳排放因子 > 省级电力平均二氧化碳排放因子,省级电力平均二氧化碳排放因子,广东,0.4419,2023年因子 (kgCO₂/kWh),本土化数据，数据来源于生态环境部、国家统计局《关于发布2023年电力二氧化碳排放因子的公告》（公告2025年第47号）
制造业 > 平板玻璃生产企业 > 净购入电力与热力 > 电力消费 > 电力平均二氧化碳排放因子 > 省级电力平均二氧化碳排放因子,省级电力平均二氧化碳排放因子,广西,0.4476,2023年因子 (kgCO₂/kWh),本土化数据，数据来源于生态环境部、国家统计局《关于发布2023年电力二氧化碳排放因子的公告》（公告2025年第47号）
制造业 > 平板玻璃生产企业 > 净购入电力与热力 > 电力消费 > 电力平均二氧化碳排放因子 > 省级电力平均二氧化碳排放因子,省级电力平均二氧化碳排放因子,海南,0.3648,2023年因子 (kgCO₂/kWh),本土化数据，数据来源于生态环境部、国家统计局《关于发布2023年电力二氧化碳排放因子的公告》（公告2025年第47号）
制造业 > 平板玻璃生产企业 > 净购入电力与热力 > 电力消费 > 电力平均二氧化碳排放因子 > 省级电力平均二氧化碳排放因子,省级电力平均二氧化碳排放因子,重庆,0.5581,2023年因子 (kgCO₂/kWh),本土化数据，数据来源于生态环境部、国家统计局《关于发布2023年电力二氧化碳排放因子的公告》（公告2025年第47号）
制造业 > 平板玻璃生产企业 > 净购入电力与热力 > 电力消费 > 电力平均二氧化碳排放因子 > 省级电力平均二氧化碳排放因子,省级电力平均二氧化碳排放因子,四川,0.1564,2023年因子 (kgCO₂/kWh),本土化数据，数据来源于生态环境部、国家统计局《关于发布2023年电力二氧化碳排放因子的公告》（公告2025年第47号）
制造业 > 平板玻璃生产企业 > 净购入电力与热力 > 电力消费 > 电力平均二氧化碳排放因子 > 省级电力平均二氧化碳排放因子,省级电力平均二氧化碳排放因子,贵州,0.5683,2023年因子 (kgCO₂/kWh),本土化数据，数据来源于生态环境部、国家统计局《关于发布2023年电力二氧化碳排放因子的公告》（公告2025年第47号）
制造业 > 平板玻璃生产企业 > 净购入电力与热力 > 电力消费 > 电力平均二氧化碳排放因子 > 省级电力平均二氧化碳排放因子,省级电力平均二氧化碳排放因子,云南,0.1333,2023年因子 (kgCO₂/kWh),本土化数据，数据来源于生态环境部、国家统计局《关于发布2023年电力二氧化碳排放因子的公告》（公告2025年第47号）
制造业 > 平板玻璃生产企业 > 净购入电力与热力 > 电力消费 > 电力平均二氧化碳排放因子 > 省级电力平均二氧化碳排放因子,省级电力平均二氧化碳排放因子,陕西,0.6335,2023年因子 (kgCO₂/kWh),本土化数据，数据来源于生态环境部、国家统计局《关于发布2023年电力二氧化碳排放因子的公告》（公告2025年第47号）
制造业 > 平板玻璃生产企业 > 净购入电力与热力 > 电力消费 > 电力平均二氧化碳排放因子 > 省级电力平均二氧化碳排放因子,省级电力平均二氧化碳排放因子,甘肃,0.4471,2023年因子 (kgCO₂/kWh),本土化数据，数据来源于生态环境部、国家统计局《关于发布2023年电力二氧化碳排放因子的公告》（公告2025年第47号）
制造业 > 平板玻璃生产企业 > 净购入电力与热力 > 电力消费 > 电力平均二氧化碳排放因子 > 省级电力平均二氧化碳排放因子,省级电力平均二氧化碳排放因子,青海,0.1796,2023年因子 (kgCO₂/kWh),本土化数据，数据来源于生态环境部、国家统计局《关于发布2023年电力二氧化碳排放因子的公告》（公告2025年第47号）
制造业 > 平板玻璃生产企业 > 净购入电力与热力 > 电力消费 > 电力平均二氧化碳排放因子 > 省级电力平均二氧化碳排放因子,省级电力平均二氧化碳排放因子,宁夏,0.6187,2023年因子 (kgCO₂/kWh),本土化数据，数据来源于生态环境部、国家统计局《关于发布2023年电力二氧化碳排放因子的公告》（公告2025年第47号）
制造业 > 平板玻璃生产企业 > 净购入电力与热力 > 电力消费 > 电力平均二氧化碳排放因子 > 省级电力平均二氧化碳排放因子,省级电力平均二氧化碳排放因子,新疆,0.6021,2023年因子 (kgCO₂/kWh),本土化数据，数据来源于生态环境部、国家统计局《关于发布2023年电力二氧化碳排放因子的公告》（公告2025年第47号）
制造业 > 平板玻璃生产企业 > 净购入电力与热力 > 电力消费 > 电力平均二氧化碳排放因子（不包括市场化交易的非化石能源电量） > 全国电力平均二氧化碳排放因子（不包括市场化交易的非化石能源电量）,全国电力平均二氧化碳排放因子（不包括市场化交易的非化石能源电量）,全国,0.6096,2023年因子 (kgCO₂/kWh),本土化数据，数据来源于生态环境部、国家统计局《关于发布2023年电力二氧化碳排放因子的公告》（公告2025年第47号）
制造业 > 平板玻璃生产企业 > 净购入电力与热力 > 电力消费 > 化石能源电力二氧化碳排放因子 > 全国化石能源电力二氧化碳排放因子,全国化石能源电力二氧化碳排放因子,全国,0.8273,2023年因子 (kgCO₂/kWh),本土化数据，数据来源于生态环境部、国家统计局《关于发布2023年电力二氧化碳排放因子的公告》（公告2025年第47号）
制造业 > 陶瓷生产企业 > 燃料燃烧 > 化石燃料燃烧 > 煤炭 > 二氧化碳,二氧化碳,无烟煤,98.3,因子  (tCO₂/TJ),"数据来源于《2006年IPCC清单指南》
"
制造业 > 陶瓷生产企业 > 燃料燃烧 > 化石燃料燃烧 > 煤炭 > 二氧化碳,二氧化碳,炼焦烟煤,94.6,因子  (tCO₂/TJ),数据来源于《2006年IPCC清单指南》
制造业 > 陶瓷生产企业 > 燃料燃烧 > 化石燃料燃烧 > 煤炭 > 二氧化碳,二氧化碳,一般烟煤,94.6,因子  (tCO₂/TJ),数据来源于《2006年IPCC清单指南》
制造业 > 陶瓷生产企业 > 燃料燃烧 > 化石燃料燃烧 > 煤炭 > 二氧化碳,二氧化碳,褐煤,101.2,因子  (tCO₂/TJ),数据来源于《2006年IPCC清单指南》
制造业 > 陶瓷生产企业 > 燃料燃烧 > 化石燃料燃烧 > 煤炭 > 二氧化碳,二氧化碳,煤制品,97.5,因子  (tCO₂/TJ),数据来源于《2006年IPCC清单指南》
制造业 > 陶瓷生产企业 > 燃料燃烧 > 化石燃料燃烧 > 煤炭 > 二氧化碳,二氧化碳,焦炭,107.1,因子  (tCO₂/TJ),数据来源于《2006年IPCC清单指南》
制造业 > 陶瓷生产企业 > 燃料燃烧 > 化石燃料燃烧 > 煤炭 > 二氧化碳,二氧化碳,焦炉煤气,44.4,因子  (tCO₂/TJ),数据来源于《2006年IPCC清单指南》
制造业 > 陶瓷生产企业 > 燃料燃烧 > 化石燃料燃烧 > 煤炭 > 二氧化碳,二氧化碳,高炉煤气,259.6,因子  (tCO₂/TJ),数据来源于《2006年IPCC清单指南》
制造业 > 陶瓷生产企业 > 燃料燃烧 > 化石燃料燃烧 > 煤炭 > 二氧化碳,二氧化碳,转炉煤气,181.9,因子  (tCO₂/TJ),数据来源于《2006年IPCC清单指南》
制造业 > 陶瓷生产企业 > 燃料燃烧 > 化石燃料燃烧 > 煤炭 > 二氧化碳,二氧化碳,其他煤气,44.4,因子  (tCO₂/TJ),数据来源于《2006年IPCC清单指南》
制造业 > 陶瓷生产企业 > 燃料燃烧 > 化石燃料燃烧 > 煤炭 > 甲烷,甲烷,无烟煤,10,因子 (kgCH₄/TJ),数据来源于《2006年IPCC清单指南》	
制造业 > 陶瓷生产企业 > 燃料燃烧 > 化石燃料燃烧 > 煤炭 > 甲烷,甲烷,炼焦烟煤,10,因子 (kgCH₄/TJ),数据来源于《2006年IPCC清单指南》	
制造业 > 陶瓷生产企业 > 燃料燃烧 > 化石燃料燃烧 > 煤炭 > 甲烷,甲烷,一般烟煤,10,因子 (kgCH₄/TJ),数据来源于《2006年IPCC清单指南》	
制造业 > 陶瓷生产企业 > 燃料燃烧 > 化石燃料燃烧 > 煤炭 > 甲烷,甲烷,褐煤,10,因子 (kgCH₄/TJ),数据来源于《2006年IPCC清单指南》	
制造业 > 陶瓷生产企业 > 燃料燃烧 > 化石燃料燃烧 > 煤炭 > 甲烷,甲烷,煤制品,10,因子 (kgCH₄/TJ),数据来源于《2006年IPCC清单指南》	
制造业 > 陶瓷生产企业 > 燃料燃烧 > 化石燃料燃烧 > 煤炭 > 甲烷,甲烷,焦炭,10,因子 (kgCH₄/TJ),数据来源于《2006年IPCC清单指南》	
制造业 > 陶瓷生产企业 > 燃料燃烧 > 化石燃料燃烧 > 煤炭 > 甲烷,甲烷,焦炉煤气,1,因子 (kgCH₄/TJ),数据来源于《2006年IPCC清单指南》	
制造业 > 陶瓷生产企业 > 燃料燃烧 > 化石燃料燃烧 > 煤炭 > 甲烷,甲烷,高炉煤气,1,因子 (kgCH₄/TJ),数据来源于《2006年IPCC清单指南》	
制造业 > 陶瓷生产企业 > 燃料燃烧 > 化石燃料燃烧 > 煤炭 > 甲烷,甲烷,转炉煤气,1,因子 (kgCH₄/TJ),数据来源于《2006年IPCC清单指南》	
制造业 > 陶瓷生产企业 > 燃料燃烧 > 化石燃料燃烧 > 煤炭 > 甲烷,甲烷,其他煤气,1,因子 (kgCH₄/TJ),数据来源于《2006年IPCC清单指南》	
制造业 > 陶瓷生产企业 > 燃料燃烧 > 化石燃料燃烧 > 煤炭 > 氧化亚氮,氧化亚氮,无烟煤,1.5,因子 (kgN₂O/TJ),数据来源于《2006年IPCC清单指南》	
制造业 > 陶瓷生产企业 > 燃料燃烧 > 化石燃料燃烧 > 煤炭 > 氧化亚氮,氧化亚氮,炼焦烟煤,1.5,因子 (kgN₂O/TJ),数据来源于《2006年IPCC清单指南》	
制造业 > 陶瓷生产企业 > 燃料燃烧 > 化石燃料燃烧 > 煤炭 > 氧化亚氮,氧化亚氮,一般烟煤,1.5,因子 (kgN₂O/TJ),数据来源于《2006年IPCC清单指南》	
制造业 > 陶瓷生产企业 > 燃料燃烧 > 化石燃料燃烧 > 煤炭 > 氧化亚氮,氧化亚氮,褐煤,1.5,因子 (kgN₂O/TJ),数据来源于《2006年IPCC清单指南》	
制造业 > 陶瓷生产企业 > 燃料燃烧 > 化石燃料燃烧 > 煤炭 > 氧化亚氮,氧化亚氮,煤制品,1.5,因子 (kgN₂O/TJ),数据来源于《2006年IPCC清单指南》	
制造业 > 陶瓷生产企业 > 燃料燃烧 > 化石燃料燃烧 > 煤炭 > 氧化亚氮,氧化亚氮,焦炭,1.5,因子 (kgN₂O/TJ),数据来源于《2006年IPCC清单指南》	
制造业 > 陶瓷生产企业 > 燃料燃烧 > 化石燃料燃烧 > 煤炭 > 氧化亚氮,氧化亚氮,焦炉煤气,0.1,因子 (kgN₂O/TJ),数据来源于《2006年IPCC清单指南》	
制造业 > 陶瓷生产企业 > 燃料燃烧 > 化石燃料燃烧 > 煤炭 > 氧化亚氮,氧化亚氮,高炉煤气,0.1,因子 (kgN₂O/TJ),数据来源于《2006年IPCC清单指南》	
制造业 > 陶瓷生产企业 > 燃料燃烧 > 化石燃料燃烧 > 煤炭 > 氧化亚氮,氧化亚氮,转炉煤气,0.1,因子 (kgN₂O/TJ),数据来源于《2006年IPCC清单指南》	
制造业 > 陶瓷生产企业 > 燃料燃烧 > 化石燃料燃烧 > 煤炭 > 氧化亚氮,氧化亚氮,其他煤气,0.1,因子 (kgN₂O/TJ),数据来源于《2006年IPCC清单指南》	
制造业 > 陶瓷生产企业 > 燃料燃烧 > 化石燃料燃烧 > 石油 > 二氧化碳,二氧化碳,原油,73.3,因子  (tCO₂/TJ),"数据来源于《2006年IPCC清单指南》
"
制造业 > 陶瓷生产企业 > 燃料燃烧 > 化石燃料燃烧 > 石油 > 二氧化碳,二氧化碳,汽油,69.3,因子  (tCO₂/TJ),"数据来源于《2006年IPCC清单指南》
"
制造业 > 陶瓷生产企业 > 燃料燃烧 > 化石燃料燃烧 > 石油 > 二氧化碳,二氧化碳,煤油,71.9,因子  (tCO₂/TJ),"数据来源于《2006年IPCC清单指南》
"
制造业 > 陶瓷生产企业 > 燃料燃烧 > 化石燃料燃烧 > 石油 > 二氧化碳,二氧化碳,柴油,74.1,因子  (tCO₂/TJ),"数据来源于《2006年IPCC清单指南》
"
制造业 > 陶瓷生产企业 > 燃料燃烧 > 化石燃料燃烧 > 石油 > 二氧化碳,二氧化碳,燃料油,77.4,因子  (tCO₂/TJ),"数据来源于《2006年IPCC清单指南》
"
制造业 > 陶瓷生产企业 > 燃料燃烧 > 化石燃料燃烧 > 石油 > 二氧化碳,二氧化碳,石脑油,73.3,因子  (tCO₂/TJ),数据来源于《2006年IPCC清单指南》
制造业 > 陶瓷生产企业 > 燃料燃烧 > 化石燃料燃烧 > 石油 > 二氧化碳,二氧化碳,润滑油,73.3,因子  (tCO₂/TJ),"数据来源于《2006年IPCC清单指南》
"
制造业 > 陶瓷生产企业 > 燃料燃烧 > 化石燃料燃烧 > 石油 > 二氧化碳,二氧化碳,石蜡,73.3,因子  (tCO₂/TJ),"数据来源于《2006年IPCC清单指南》
"
制造业 > 陶瓷生产企业 > 燃料燃烧 > 化石燃料燃烧 > 石油 > 二氧化碳,二氧化碳,溶剂油,73.3,因子  (tCO₂/TJ),"数据来源于《2006年IPCC清单指南》
"
制造业 > 陶瓷生产企业 > 燃料燃烧 > 化石燃料燃烧 > 石油 > 二氧化碳,二氧化碳,石油沥青,80.7,因子  (tCO₂/TJ),"数据来源于《2006年IPCC清单指南》
"
制造业 > 陶瓷生产企业 > 燃料燃烧 > 化石燃料燃烧 > 石油 > 二氧化碳,二氧化碳,石油焦,97.5,因子  (tCO₂/TJ),"数据来源于《2006年IPCC清单指南》
"
制造业 > 陶瓷生产企业 > 燃料燃烧 > 化石燃料燃烧 > 石油 > 二氧化碳,二氧化碳,液化石油气,63.1,因子  (tCO₂/TJ),"数据来源于《2006年IPCC清单指南》
"
制造业 > 陶瓷生产企业 > 燃料燃烧 > 化石燃料燃烧 > 石油 > 二氧化碳,二氧化碳,炼厂干气,57.6,因子  (tCO₂/TJ),"数据来源于《2006年IPCC清单指南》
"
制造业 > 陶瓷生产企业 > 燃料燃烧 > 化石燃料燃烧 > 石油 > 二氧化碳,二氧化碳,其他石油制品,73.3,因子  (tCO₂/TJ),"数据来源于《2006年IPCC清单指南》
"
制造业 > 陶瓷生产企业 > 燃料燃烧 > 化石燃料燃烧 > 石油 > 甲烷,甲烷,原油,3,因子 (kgCH₄/TJ),数据来源于《2006年IPCC清单指南》	
制造业 > 陶瓷生产企业 > 燃料燃烧 > 化石燃料燃烧 > 石油 > 甲烷,甲烷,汽油,3,因子 (kgCH₄/TJ),数据来源于《2006年IPCC清单指南》	
制造业 > 陶瓷生产企业 > 燃料燃烧 > 化石燃料燃烧 > 石油 > 甲烷,甲烷,煤油,3,因子 (kgCH₄/TJ),数据来源于《2006年IPCC清单指南》	
制造业 > 陶瓷生产企业 > 燃料燃烧 > 化石燃料燃烧 > 石油 > 甲烷,甲烷,柴油,3,因子 (kgCH₄/TJ),数据来源于《2006年IPCC清单指南》	
制造业 > 陶瓷生产企业 > 燃料燃烧 > 化石燃料燃烧 > 石油 > 甲烷,甲烷,燃料油,3,因子 (kgCH₄/TJ),数据来源于《2006年IPCC清单指南》	
制造业 > 陶瓷生产企业 > 燃料燃烧 > 化石燃料燃烧 > 石油 > 甲烷,甲烷,石脑油,3,因子 (kgCH₄/TJ),数据来源于《2006年IPCC清单指南》	
制造业 > 陶瓷生产企业 > 燃料燃烧 > 化石燃料燃烧 > 石油 > 甲烷,甲烷,润滑油,3,因子 (kgCH₄/TJ),数据来源于《2006年IPCC清单指南》	
制造业 > 陶瓷生产企业 > 燃料燃烧 > 化石燃料燃烧 > 石油 > 甲烷,甲烷,石蜡,3,因子 (kgCH₄/TJ),数据来源于《2006年IPCC清单指南》	
制造业 > 陶瓷生产企业 > 燃料燃烧 > 化石燃料燃烧 > 石油 > 甲烷,甲烷,溶剂油,3,因子 (kgCH₄/TJ),数据来源于《2006年IPCC清单指南》	
制造业 > 陶瓷生产企业 > 燃料燃烧 > 化石燃料燃烧 > 石油 > 甲烷,甲烷,石油沥青,3,因子 (kgCH₄/TJ),数据来源于《2006年IPCC清单指南》	
制造业 > 陶瓷生产企业 > 燃料燃烧 > 化石燃料燃烧 > 石油 > 甲烷,甲烷,石油焦,3,因子 (kgCH₄/TJ),数据来源于《2006年IPCC清单指南》	
制造业 > 陶瓷生产企业 > 燃料燃烧 > 化石燃料燃烧 > 石油 > 甲烷,甲烷,液化石油气,1,因子 (kgCH₄/TJ),数据来源于《2006年IPCC清单指南》	
制造业 > 陶瓷生产企业 > 燃料燃烧 > 化石燃料燃烧 > 石油 > 甲烷,甲烷,炼厂干气,1,因子 (kgCH₄/TJ),数据来源于《2006年IPCC清单指南》	
制造业 > 陶瓷生产企业 > 燃料燃烧 > 化石燃料燃烧 > 石油 > 甲烷,甲烷,其他石油制品,3,因子 (kgCH₄/TJ),数据来源于《2006年IPCC清单指南》	
制造业 > 陶瓷生产企业 > 燃料燃烧 > 化石燃料燃烧 > 石油 > 氧化亚氮,氧化亚氮,原油,0.6,因子 (kgN₂O/TJ),"数据来源于《2006年IPCC清单指南》
"
制造业 > 陶瓷生产企业 > 燃料燃烧 > 化石燃料燃烧 > 石油 > 氧化亚氮,氧化亚氮,汽油,0.6,因子 (kgN₂O/TJ),"数据来源于《2006年IPCC清单指南》
"
制造业 > 陶瓷生产企业 > 燃料燃烧 > 化石燃料燃烧 > 石油 > 氧化亚氮,氧化亚氮,煤油,0.6,因子 (kgN₂O/TJ),"数据来源于《2006年IPCC清单指南》
"
制造业 > 陶瓷生产企业 > 燃料燃烧 > 化石燃料燃烧 > 石油 > 氧化亚氮,氧化亚氮,柴油,0.6,因子 (kgN₂O/TJ),"数据来源于《2006年IPCC清单指南》
"
制造业 > 陶瓷生产企业 > 燃料燃烧 > 化石燃料燃烧 > 石油 > 氧化亚氮,氧化亚氮,燃料油,0.6,因子 (kgN₂O/TJ),"数据来源于《2006年IPCC清单指南》
"
制造业 > 陶瓷生产企业 > 燃料燃烧 > 化石燃料燃烧 > 石油 > 氧化亚氮,氧化亚氮,石脑油,0.6,因子 (kgN₂O/TJ),"数据来源于《2006年IPCC清单指南》
"
制造业 > 陶瓷生产企业 > 燃料燃烧 > 化石燃料燃烧 > 石油 > 氧化亚氮,氧化亚氮,润滑油,0.6,因子 (kgN₂O/TJ),"数据来源于《2006年IPCC清单指南》
"
制造业 > 陶瓷生产企业 > 燃料燃烧 > 化石燃料燃烧 > 石油 > 氧化亚氮,氧化亚氮,石蜡,0.6,因子 (kgN₂O/TJ),"数据来源于《2006年IPCC清单指南》
"
制造业 > 陶瓷生产企业 > 燃料燃烧 > 化石燃料燃烧 > 石油 > 氧化亚氮,氧化亚氮,溶剂油,0.6,因子 (kgN₂O/TJ),"数据来源于《2006年IPCC清单指南》
"
制造业 > 陶瓷生产企业 > 燃料燃烧 > 化石燃料燃烧 > 石油 > 氧化亚氮,氧化亚氮,石油沥青,0.6,因子 (kgN₂O/TJ),"数据来源于《2006年IPCC清单指南》
"
制造业 > 陶瓷生产企业 > 燃料燃烧 > 化石燃料燃烧 > 石油 > 氧化亚氮,氧化亚氮,石油焦,0.6,因子 (kgN₂O/TJ),"数据来源于《2006年IPCC清单指南》
"
制造业 > 陶瓷生产企业 > 燃料燃烧 > 化石燃料燃烧 > 石油 > 氧化亚氮,氧化亚氮,液化石油气,0.1,因子 (kgN₂O/TJ),"数据来源于《2006年IPCC清单指南》
"
制造业 > 陶瓷生产企业 > 燃料燃烧 > 化石燃料燃烧 > 石油 > 氧化亚氮,氧化亚氮,炼厂干气,0.1,因子 (kgN₂O/TJ),"数据来源于《2006年IPCC清单指南》
"
制造业 > 陶瓷生产企业 > 燃料燃烧 > 化石燃料燃烧 > 石油 > 氧化亚氮,氧化亚氮,其他石油制品,0.6,因子 (kgN₂O/TJ),"数据来源于《2006年IPCC清单指南》
"
制造业 > 陶瓷生产企业 > 燃料燃烧 > 化石燃料燃烧 > 天然气 > 二氧化碳 > 天然气,天然气,天然气,57.2,因子  (tCO₂/TJ),本土化数据，油气企业抽样实测数据
制造业 > 陶瓷生产企业 > 燃料燃烧 > 化石燃料燃烧 > 天然气 > 二氧化碳 > 液化天然气,液化天然气,液化天然气,56.8,因子  (tCO₂/TJ),本土化数据，油气企业抽样实测数据
制造业 > 陶瓷生产企业 > 燃料燃烧 > 化石燃料燃烧 > 天然气 > 甲烷,甲烷,天然气,1,因子 (kgCH₄/TJ),数据来源于《2006年IPCC清单指南》
制造业 > 陶瓷生产企业 > 燃料燃烧 > 化石燃料燃烧 > 天然气 > 氧化亚氮,氧化亚氮,天然气,0.1,因子 (kgN₂O/TJ),数据来源于《2006年IPCC清单指南》
制造业 > 陶瓷生产企业 > 燃料燃烧 > 生物质燃料燃烧 > 二氧化碳,二氧化碳,农业废弃物,100000,因子  (kgCO₂/TJ),数据来源于《2006年IPCC清单指南》
制造业 > 陶瓷生产企业 > 燃料燃烧 > 生物质燃料燃烧 > 二氧化碳,二氧化碳,薪柴,112000,因子  (kgCO₂/TJ),数据来源于《2006年IPCC清单指南》
制造业 > 陶瓷生产企业 > 燃料燃烧 > 生物质燃料燃烧 > 二氧化碳,二氧化碳,木炭,112000,因子  (kgCO₂/TJ),数据来源于《2006年IPCC清单指南》
制造业 > 陶瓷生产企业 > 燃料燃烧 > 生物质燃料燃烧 > 二氧化碳,二氧化碳,动物粪便,100000,因子  (kgCO₂/TJ),数据来源于《2006年IPCC清单指南》
制造业 > 陶瓷生产企业 > 燃料燃烧 > 生物质燃料燃烧 > 二氧化碳,二氧化碳,沼气,54600,因子  (kgCO₂/TJ),数据来源于《2006年IPCC清单指南》
制造业 > 陶瓷生产企业 > 燃料燃烧 > 生物质燃料燃烧 > 二氧化碳,二氧化碳,其他生物气体,54600,因子  (kgCO₂/TJ),数据来源于《2006年IPCC清单指南》
制造业 > 陶瓷生产企业 > 燃料燃烧 > 生物质燃料燃烧 > 二氧化碳,二氧化碳,城市生活垃圾(生物成因),100000,因子  (kgCO₂/TJ),数据来源于《2006年IPCC清单指南》
制造业 > 陶瓷生产企业 > 燃料燃烧 > 生物质燃料燃烧 > 二氧化碳,二氧化碳,生物汽油,70800,因子  (kgCO₂/TJ),数据来源于《2006年IPCC清单指南》
制造业 > 陶瓷生产企业 > 燃料燃烧 > 生物质燃料燃烧 > 二氧化碳,二氧化碳,生物柴油,70800,因子  (kgCO₂/TJ),数据来源于《2006年IPCC清单指南》
制造业 > 陶瓷生产企业 > 燃料燃烧 > 生物质燃料燃烧 > 二氧化碳,二氧化碳,其他液体生物质燃料,79600,因子  (kgCO₂/TJ),数据来源于《2006年IPCC清单指南》
制造业 > 陶瓷生产企业 > 工业生产过程和产品使用 > 碳酸盐使用过程,碳酸盐使用过程,方解石、文石和石灰石(CaCO₃),0.44,因子 tCO₂/t碳酸盐,分子式质量比值，属于理论值
制造业 > 陶瓷生产企业 > 工业生产过程和产品使用 > 碳酸盐使用过程,碳酸盐使用过程,菱镁石(MgCO₃),0.522,因子 tCO₂/t碳酸盐,分子式质量比值，属于理论值
制造业 > 陶瓷生产企业 > 工业生产过程和产品使用 > 碳酸盐使用过程,碳酸盐使用过程,碳酸钠或纯碱(Na₂CO₃),0.415,因子 tCO₂/t碳酸盐,分子式质量比值，属于理论值
制造业 > 陶瓷生产企业 > 工业生产过程和产品使用 > 碳酸盐使用过程,碳酸盐使用过程,碳酸氢钠(NaHCO₃),0.524,因子 tCO₂/t碳酸盐,分子式质量比值，属于理论值
制造业 > 陶瓷生产企业 > 工业生产过程和产品使用 > 碳酸盐使用过程,碳酸盐使用过程,菱铁矿或碳酸铁(FeCO₃),0.38,因子 tCO₂/t碳酸盐,分子式质量比值，属于理论值
制造业 > 陶瓷生产企业 > 工业生产过程和产品使用 > 碳酸盐使用过程,碳酸盐使用过程,菱锰矿(MnCO₃),0.383,因子 tCO₂/t碳酸盐,分子式质量比值，属于理论值
制造业 > 陶瓷生产企业 > 工业生产过程和产品使用 > 碳酸盐使用过程,碳酸盐使用过程,碳酸钡(BaCO₃),0.223,因子 tCO₂/t碳酸盐,分子式质量比值，属于理论值
制造业 > 陶瓷生产企业 > 工业生产过程和产品使用 > 碳酸盐使用过程,碳酸盐使用过程,碳酸锂(Li₂CO₃),0.595,因子 tCO₂/t碳酸盐,分子式质量比值，属于理论值
制造业 > 陶瓷生产企业 > 工业生产过程和产品使用 > 碳酸盐使用过程,碳酸盐使用过程,碳酸钾(K₂CO₃),0.318,因子 tCO₂/t碳酸盐,分子式质量比值，属于理论值
制造业 > 陶瓷生产企业 > 工业生产过程和产品使用 > 碳酸盐使用过程,碳酸盐使用过程,碳酸锶(SrCO₃),0.298,因子 tCO₂/t碳酸盐,分子式质量比值，属于理论值
制造业 > 陶瓷生产企业 > 工业生产过程和产品使用 > 碳酸盐使用过程,碳酸盐使用过程,白云石(CaMg(CO₃)₂),0.477,因子 tCO₂/t碳酸盐,分子式质量比值，属于理论值
制造业 > 陶瓷生产企业 > 工业生产过程和产品使用 > 碳酸盐使用过程,碳酸盐使用过程,"铁白云石(Ca(Fe,Mg,Mn)(CO₃)₂)",0.40~0.48,因子 tCO₂/t碳酸盐,分子式质量比值，属于理论值
制造业 > 陶瓷生产企业 > 净购入电力与热力 > 电力消费 > 电力平均二氧化碳排放因子 > 全国电力平均二氧化碳排放因子,全国电力平均二氧化碳排放因子,全国,0.5306,2023年因子 (kgCO₂/kWh),本土化数据，数据来源于生态环境部、国家统计局《关于发布2023年电力二氧化碳排放因子的公告》（公告2025年第47号）
制造业 > 陶瓷生产企业 > 净购入电力与热力 > 电力消费 > 电力平均二氧化碳排放因子 > 区域电力平均二氧化碳排放因子,区域电力平均二氧化碳排放因子,华北,0.6361,2023年因子 (kgCO₂/kWh),本土化数据，数据来源于生态环境部、国家统计局《关于发布2023年电力二氧化碳排放因子的公告》（公告2025年第47号）
制造业 > 陶瓷生产企业 > 净购入电力与热力 > 电力消费 > 电力平均二氧化碳排放因子 > 区域电力平均二氧化碳排放因子,区域电力平均二氧化碳排放因子,东北,0.5122,2023年因子 (kgCO₂/kWh),本土化数据，数据来源于生态环境部、国家统计局《关于发布2023年电力二氧化碳排放因子的公告》（公告2025年第47号）
制造业 > 陶瓷生产企业 > 净购入电力与热力 > 电力消费 > 电力平均二氧化碳排放因子 > 区域电力平均二氧化碳排放因子,区域电力平均二氧化碳排放因子,华东,0.55,2023年因子 (kgCO₂/kWh),本土化数据，数据来源于生态环境部、国家统计局《关于发布2023年电力二氧化碳排放因子的公告》（公告2025年第47号）
制造业 > 陶瓷生产企业 > 净购入电力与热力 > 电力消费 > 电力平均二氧化碳排放因子 > 区域电力平均二氧化碳排放因子,区域电力平均二氧化碳排放因子,华中,0.5271,2023年因子 (kgCO₂/kWh),本土化数据，数据来源于生态环境部、国家统计局《关于发布2023年电力二氧化碳排放因子的公告》（公告2025年第47号）
制造业 > 陶瓷生产企业 > 净购入电力与热力 > 电力消费 > 电力平均二氧化碳排放因子 > 区域电力平均二氧化碳排放因子,区域电力平均二氧化碳排放因子,西北,0.5543,2023年因子 (kgCO₂/kWh),本土化数据，数据来源于生态环境部、国家统计局《关于发布2023年电力二氧化碳排放因子的公告》（公告2025年第47号）
制造业 > 陶瓷生产企业 > 净购入电力与热力 > 电力消费 > 电力平均二氧化碳排放因子 > 区域电力平均二氧化碳排放因子,区域电力平均二氧化碳排放因子,南方,0.4042,2023年因子 (kgCO₂/kWh),本土化数据，数据来源于生态环境部、国家统计局《关于发布2023年电力二氧化碳排放因子的公告》（公告2025年第47号）
制造业 > 陶瓷生产企业 > 净购入电力与热力 > 电力消费 > 电力平均二氧化碳排放因子 > 区域电力平均二氧化碳排放因子,区域电力平均二氧化碳排放因子,西南,0.2472,2023年因子 (kgCO₂/kWh),本土化数据，数据来源于生态环境部、国家统计局《关于发布2023年电力二氧化碳排放因子的公告》（公告2025年第47号）
制造业 > 陶瓷生产企业 > 净购入电力与热力 > 电力消费 > 电力平均二氧化碳排放因子 > 省级电力平均二氧化碳排放因子,省级电力平均二氧化碳排放因子,北京,0.5554,2023年因子 (kgCO₂/kWh),本土化数据，数据来源于生态环境部、国家统计局《关于发布2023年电力二氧化碳排放因子的公告》（公告2025年第47号）
制造业 > 陶瓷生产企业 > 净购入电力与热力 > 电力消费 > 电力平均二氧化碳排放因子 > 省级电力平均二氧化碳排放因子,省级电力平均二氧化碳排放因子,天津,0.6796,2023年因子 (kgCO₂/kWh),本土化数据，数据来源于生态环境部、国家统计局《关于发布2023年电力二氧化碳排放因子的公告》（公告2025年第47号）
制造业 > 陶瓷生产企业 > 净购入电力与热力 > 电力消费 > 电力平均二氧化碳排放因子 > 省级电力平均二氧化碳排放因子,省级电力平均二氧化碳排放因子,河北,0.6516,2023年因子 (kgCO₂/kWh),本土化数据，数据来源于生态环境部、国家统计局《关于发布2023年电力二氧化碳排放因子的公告》（公告2025年第47号）
制造业 > 陶瓷生产企业 > 净购入电力与热力 > 电力消费 > 电力平均二氧化碳排放因子 > 省级电力平均二氧化碳排放因子,省级电力平均二氧化碳排放因子,山西,0.6634,2023年因子 (kgCO₂/kWh),本土化数据，数据来源于生态环境部、国家统计局《关于发布2023年电力二氧化碳排放因子的公告》（公告2025年第47号）
制造业 > 陶瓷生产企业 > 净购入电力与热力 > 电力消费 > 电力平均二氧化碳排放因子 > 省级电力平均二氧化碳排放因子,省级电力平均二氧化碳排放因子,内蒙古,0.6479,2023年因子 (kgCO₂/kWh),本土化数据，数据来源于生态环境部、国家统计局《关于发布2023年电力二氧化碳排放因子的公告》（公告2025年第47号）
制造业 > 陶瓷生产企业 > 净购入电力与热力 > 电力消费 > 电力平均二氧化碳排放因子 > 省级电力平均二氧化碳排放因子,省级电力平均二氧化碳排放因子,辽宁,0.4878,2023年因子 (kgCO₂/kWh),本土化数据，数据来源于生态环境部、国家统计局《关于发布2023年电力二氧化碳排放因子的公告》（公告2025年第47号）
制造业 > 陶瓷生产企业 > 净购入电力与热力 > 电力消费 > 电力平均二氧化碳排放因子 > 省级电力平均二氧化碳排放因子,省级电力平均二氧化碳排放因子,吉林,0.4671,2023年因子 (kgCO₂/kWh),本土化数据，数据来源于生态环境部、国家统计局《关于发布2023年电力二氧化碳排放因子的公告》（公告2025年第47号）
制造业 > 陶瓷生产企业 > 净购入电力与热力 > 电力消费 > 电力平均二氧化碳排放因子 > 省级电力平均二氧化碳排放因子,省级电力平均二氧化碳排放因子,黑龙江,0.5229,2023年因子 (kgCO₂/kWh),本土化数据，数据来源于生态环境部、国家统计局《关于发布2023年电力二氧化碳排放因子的公告》（公告2025年第47号）
制造业 > 陶瓷生产企业 > 净购入电力与热力 > 电力消费 > 电力平均二氧化碳排放因子 > 省级电力平均二氧化碳排放因子,省级电力平均二氧化碳排放因子,上海,0.5737,2023年因子 (kgCO₂/kWh),本土化数据，数据来源于生态环境部、国家统计局《关于发布2023年电力二氧化碳排放因子的公告》（公告2025年第47号）
制造业 > 陶瓷生产企业 > 净购入电力与热力 > 电力消费 > 电力平均二氧化碳排放因子 > 省级电力平均二氧化碳排放因子,省级电力平均二氧化碳排放因子,江苏,0.5827,2023年因子 (kgCO₂/kWh),本土化数据，数据来源于生态环境部、国家统计局《关于发布2023年电力二氧化碳排放因子的公告》（公告2025年第47号）
制造业 > 陶瓷生产企业 > 净购入电力与热力 > 电力消费 > 电力平均二氧化碳排放因子 > 省级电力平均二氧化碳排放因子,省级电力平均二氧化碳排放因子,浙江,0.4974,2023年因子 (kgCO₂/kWh),本土化数据，数据来源于生态环境部、国家统计局《关于发布2023年电力二氧化碳排放因子的公告》（公告2025年第47号）
制造业 > 陶瓷生产企业 > 净购入电力与热力 > 电力消费 > 电力平均二氧化碳排放因子 > 省级电力平均二氧化碳排放因子,省级电力平均二氧化碳排放因子,安徽,0.6553,2023年因子 (kgCO₂/kWh),本土化数据，数据来源于生态环境部、国家统计局《关于发布2023年电力二氧化碳排放因子的公告》（公告2025年第47号）
制造业 > 陶瓷生产企业 > 净购入电力与热力 > 电力消费 > 电力平均二氧化碳排放因子 > 省级电力平均二氧化碳排放因子,省级电力平均二氧化碳排放因子,福建,0.4211,2023年因子 (kgCO₂/kWh),本土化数据，数据来源于生态环境部、国家统计局《关于发布2023年电力二氧化碳排放因子的公告》（公告2025年第47号）
制造业 > 陶瓷生产企业 > 净购入电力与热力 > 电力消费 > 电力平均二氧化碳排放因子 > 省级电力平均二氧化碳排放因子,省级电力平均二氧化碳排放因子,江西,0.5836,2023年因子 (kgCO₂/kWh),本土化数据，数据来源于生态环境部、国家统计局《关于发布2023年电力二氧化碳排放因子的公告》（公告2025年第47号）
制造业 > 陶瓷生产企业 > 净购入电力与热力 > 电力消费 > 电力平均二氧化碳排放因子 > 省级电力平均二氧化碳排放因子,省级电力平均二氧化碳排放因子,山东,0.6191,2023年因子 (kgCO₂/kWh),本土化数据，数据来源于生态环境部、国家统计局《关于发布2023年电力二氧化碳排放因子的公告》（公告2025年第47号）
制造业 > 陶瓷生产企业 > 净购入电力与热力 > 电力消费 > 电力平均二氧化碳排放因子 > 省级电力平均二氧化碳排放因子,省级电力平均二氧化碳排放因子,河南,0.5897,2023年因子 (kgCO₂/kWh),本土化数据，数据来源于生态环境部、国家统计局《关于发布2023年电力二氧化碳排放因子的公告》（公告2025年第47号）
制造业 > 陶瓷生产企业 > 净购入电力与热力 > 电力消费 > 电力平均二氧化碳排放因子 > 省级电力平均二氧化碳排放因子,省级电力平均二氧化碳排放因子,湖北,0.4044,2023年因子 (kgCO₂/kWh),本土化数据，数据来源于生态环境部、国家统计局《关于发布2023年电力二氧化碳排放因子的公告》（公告2025年第47号）
制造业 > 陶瓷生产企业 > 净购入电力与热力 > 电力消费 > 电力平均二氧化碳排放因子 > 省级电力平均二氧化碳排放因子,省级电力平均二氧化碳排放因子,湖南,0.4976,2023年因子 (kgCO₂/kWh),本土化数据，数据来源于生态环境部、国家统计局《关于发布2023年电力二氧化碳排放因子的公告》（公告2025年第47号）
制造业 > 陶瓷生产企业 > 净购入电力与热力 > 电力消费 > 电力平均二氧化碳排放因子 > 省级电力平均二氧化碳排放因子,省级电力平均二氧化碳排放因子,广东,0.4419,2023年因子 (kgCO₂/kWh),本土化数据，数据来源于生态环境部、国家统计局《关于发布2023年电力二氧化碳排放因子的公告》（公告2025年第47号）
制造业 > 陶瓷生产企业 > 净购入电力与热力 > 电力消费 > 电力平均二氧化碳排放因子 > 省级电力平均二氧化碳排放因子,省级电力平均二氧化碳排放因子,广西,0.4476,2023年因子 (kgCO₂/kWh),本土化数据，数据来源于生态环境部、国家统计局《关于发布2023年电力二氧化碳排放因子的公告》（公告2025年第47号）
制造业 > 陶瓷生产企业 > 净购入电力与热力 > 电力消费 > 电力平均二氧化碳排放因子 > 省级电力平均二氧化碳排放因子,省级电力平均二氧化碳排放因子,海南,0.3648,2023年因子 (kgCO₂/kWh),本土化数据，数据来源于生态环境部、国家统计局《关于发布2023年电力二氧化碳排放因子的公告》（公告2025年第47号）
制造业 > 陶瓷生产企业 > 净购入电力与热力 > 电力消费 > 电力平均二氧化碳排放因子 > 省级电力平均二氧化碳排放因子,省级电力平均二氧化碳排放因子,重庆,0.5581,2023年因子 (kgCO₂/kWh),本土化数据，数据来源于生态环境部、国家统计局《关于发布2023年电力二氧化碳排放因子的公告》（公告2025年第47号）
制造业 > 陶瓷生产企业 > 净购入电力与热力 > 电力消费 > 电力平均二氧化碳排放因子 > 省级电力平均二氧化碳排放因子,省级电力平均二氧化碳排放因子,四川,0.1564,2023年因子 (kgCO₂/kWh),本土化数据，数据来源于生态环境部、国家统计局《关于发布2023年电力二氧化碳排放因子的公告》（公告2025年第47号）
制造业 > 陶瓷生产企业 > 净购入电力与热力 > 电力消费 > 电力平均二氧化碳排放因子 > 省级电力平均二氧化碳排放因子,省级电力平均二氧化碳排放因子,贵州,0.5683,2023年因子 (kgCO₂/kWh),本土化数据，数据来源于生态环境部、国家统计局《关于发布2023年电力二氧化碳排放因子的公告》（公告2025年第47号）
制造业 > 陶瓷生产企业 > 净购入电力与热力 > 电力消费 > 电力平均二氧化碳排放因子 > 省级电力平均二氧化碳排放因子,省级电力平均二氧化碳排放因子,云南,0.1333,2023年因子 (kgCO₂/kWh),本土化数据，数据来源于生态环境部、国家统计局《关于发布2023年电力二氧化碳排放因子的公告》（公告2025年第47号）
制造业 > 陶瓷生产企业 > 净购入电力与热力 > 电力消费 > 电力平均二氧化碳排放因子 > 省级电力平均二氧化碳排放因子,省级电力平均二氧化碳排放因子,陕西,0.6335,2023年因子 (kgCO₂/kWh),本土化数据，数据来源于生态环境部、国家统计局《关于发布2023年电力二氧化碳排放因子的公告》（公告2025年第47号）
制造业 > 陶瓷生产企业 > 净购入电力与热力 > 电力消费 > 电力平均二氧化碳排放因子 > 省级电力平均二氧化碳排放因子,省级电力平均二氧化碳排放因子,甘肃,0.4471,2023年因子 (kgCO₂/kWh),本土化数据，数据来源于生态环境部、国家统计局《关于发布2023年电力二氧化碳排放因子的公告》（公告2025年第47号）
制造业 > 陶瓷生产企业 > 净购入电力与热力 > 电力消费 > 电力平均二氧化碳排放因子 > 省级电力平均二氧化碳排放因子,省级电力平均二氧化碳排放因子,青海,0.1796,2023年因子 (kgCO₂/kWh),本土化数据，数据来源于生态环境部、国家统计局《关于发布2023年电力二氧化碳排放因子的公告》（公告2025年第47号）
制造业 > 陶瓷生产企业 > 净购入电力与热力 > 电力消费 > 电力平均二氧化碳排放因子 > 省级电力平均二氧化碳排放因子,省级电力平均二氧化碳排放因子,宁夏,0.6187,2023年因子 (kgCO₂/kWh),本土化数据，数据来源于生态环境部、国家统计局《关于发布2023年电力二氧化碳排放因子的公告》（公告2025年第47号）
制造业 > 陶瓷生产企业 > 净购入电力与热力 > 电力消费 > 电力平均二氧化碳排放因子 > 省级电力平均二氧化碳排放因子,省级电力平均二氧化碳排放因子,新疆,0.6021,2023年因子 (kgCO₂/kWh),本土化数据，数据来源于生态环境部、国家统计局《关于发布2023年电力二氧化碳排放因子的公告》（公告2025年第47号）
制造业 > 陶瓷生产企业 > 净购入电力与热力 > 电力消费 > 电力平均二氧化碳排放因子（不包括市场化交易的非化石能源电量） > 全国电力平均二氧化碳排放因子（不包括市场化交易的非化石能源电量）,全国电力平均二氧化碳排放因子（不包括市场化交易的非化石能源电量）,全国,0.6096,2023年因子 (kgCO₂/kWh),本土化数据，数据来源于生态环境部、国家统计局《关于发布2023年电力二氧化碳排放因子的公告》（公告2025年第47号）
制造业 > 陶瓷生产企业 > 净购入电力与热力 > 电力消费 > 化石能源电力二氧化碳排放因子 > 全国化石能源电力二氧化碳排放因子,全国化石能源电力二氧化碳排放因子,全国,0.8273,2023年因子 (kgCO₂/kWh),本土化数据，数据来源于生态环境部、国家统计局《关于发布2023年电力二氧化碳排放因子的公告》（公告2025年第47号）
制造业 > 化工生产企业 > 燃料燃烧 > 化石燃料燃烧 > 煤炭 > 二氧化碳,二氧化碳,无烟煤,98.3,因子  (tCO₂/TJ),"数据来源于《2006年IPCC清单指南》
"
制造业 > 化工生产企业 > 燃料燃烧 > 化石燃料燃烧 > 煤炭 > 二氧化碳,二氧化碳,炼焦烟煤,94.6,因子  (tCO₂/TJ),数据来源于《2006年IPCC清单指南》
制造业 > 化工生产企业 > 燃料燃烧 > 化石燃料燃烧 > 煤炭 > 二氧化碳,二氧化碳,一般烟煤,94.6,因子  (tCO₂/TJ),数据来源于《2006年IPCC清单指南》
制造业 > 化工生产企业 > 燃料燃烧 > 化石燃料燃烧 > 煤炭 > 二氧化碳,二氧化碳,褐煤,101.2,因子  (tCO₂/TJ),数据来源于《2006年IPCC清单指南》
制造业 > 化工生产企业 > 燃料燃烧 > 化石燃料燃烧 > 煤炭 > 二氧化碳,二氧化碳,煤制品,97.5,因子  (tCO₂/TJ),数据来源于《2006年IPCC清单指南》
制造业 > 化工生产企业 > 燃料燃烧 > 化石燃料燃烧 > 煤炭 > 二氧化碳,二氧化碳,焦炭,107.1,因子  (tCO₂/TJ),数据来源于《2006年IPCC清单指南》
制造业 > 化工生产企业 > 燃料燃烧 > 化石燃料燃烧 > 煤炭 > 二氧化碳,二氧化碳,焦炉煤气,44.4,因子  (tCO₂/TJ),数据来源于《2006年IPCC清单指南》
制造业 > 化工生产企业 > 燃料燃烧 > 化石燃料燃烧 > 煤炭 > 二氧化碳,二氧化碳,高炉煤气,259.6,因子  (tCO₂/TJ),数据来源于《2006年IPCC清单指南》
制造业 > 化工生产企业 > 燃料燃烧 > 化石燃料燃烧 > 煤炭 > 二氧化碳,二氧化碳,转炉煤气,181.9,因子  (tCO₂/TJ),数据来源于《2006年IPCC清单指南》
制造业 > 化工生产企业 > 燃料燃烧 > 化石燃料燃烧 > 煤炭 > 二氧化碳,二氧化碳,其他煤气,44.4,因子  (tCO₂/TJ),数据来源于《2006年IPCC清单指南》
制造业 > 化工生产企业 > 燃料燃烧 > 化石燃料燃烧 > 煤炭 > 甲烷,甲烷,无烟煤,10,因子 (kgCH₄/TJ),数据来源于《2006年IPCC清单指南》	
制造业 > 化工生产企业 > 燃料燃烧 > 化石燃料燃烧 > 煤炭 > 甲烷,甲烷,炼焦烟煤,10,因子 (kgCH₄/TJ),数据来源于《2006年IPCC清单指南》	
制造业 > 化工生产企业 > 燃料燃烧 > 化石燃料燃烧 > 煤炭 > 甲烷,甲烷,一般烟煤,10,因子 (kgCH₄/TJ),数据来源于《2006年IPCC清单指南》	
制造业 > 化工生产企业 > 燃料燃烧 > 化石燃料燃烧 > 煤炭 > 甲烷,甲烷,褐煤,10,因子 (kgCH₄/TJ),数据来源于《2006年IPCC清单指南》	
制造业 > 化工生产企业 > 燃料燃烧 > 化石燃料燃烧 > 煤炭 > 甲烷,甲烷,煤制品,10,因子 (kgCH₄/TJ),数据来源于《2006年IPCC清单指南》	
制造业 > 化工生产企业 > 燃料燃烧 > 化石燃料燃烧 > 煤炭 > 甲烷,甲烷,焦炭,10,因子 (kgCH₄/TJ),数据来源于《2006年IPCC清单指南》	
制造业 > 化工生产企业 > 燃料燃烧 > 化石燃料燃烧 > 煤炭 > 甲烷,甲烷,焦炉煤气,1,因子 (kgCH₄/TJ),数据来源于《2006年IPCC清单指南》	
制造业 > 化工生产企业 > 燃料燃烧 > 化石燃料燃烧 > 煤炭 > 甲烷,甲烷,高炉煤气,1,因子 (kgCH₄/TJ),数据来源于《2006年IPCC清单指南》	
制造业 > 化工生产企业 > 燃料燃烧 > 化石燃料燃烧 > 煤炭 > 甲烷,甲烷,转炉煤气,1,因子 (kgCH₄/TJ),数据来源于《2006年IPCC清单指南》	
制造业 > 化工生产企业 > 燃料燃烧 > 化石燃料燃烧 > 煤炭 > 甲烷,甲烷,其他煤气,1,因子 (kgCH₄/TJ),数据来源于《2006年IPCC清单指南》	
制造业 > 化工生产企业 > 燃料燃烧 > 化石燃料燃烧 > 煤炭 > 氧化亚氮,氧化亚氮,无烟煤,1.5,因子 (kgN₂O/TJ),数据来源于《2006年IPCC清单指南》	
制造业 > 化工生产企业 > 燃料燃烧 > 化石燃料燃烧 > 煤炭 > 氧化亚氮,氧化亚氮,炼焦烟煤,1.5,因子 (kgN₂O/TJ),数据来源于《2006年IPCC清单指南》	
制造业 > 化工生产企业 > 燃料燃烧 > 化石燃料燃烧 > 煤炭 > 氧化亚氮,氧化亚氮,一般烟煤,1.5,因子 (kgN₂O/TJ),数据来源于《2006年IPCC清单指南》	
制造业 > 化工生产企业 > 燃料燃烧 > 化石燃料燃烧 > 煤炭 > 氧化亚氮,氧化亚氮,褐煤,1.5,因子 (kgN₂O/TJ),数据来源于《2006年IPCC清单指南》	
制造业 > 化工生产企业 > 燃料燃烧 > 化石燃料燃烧 > 煤炭 > 氧化亚氮,氧化亚氮,煤制品,1.5,因子 (kgN₂O/TJ),数据来源于《2006年IPCC清单指南》	
制造业 > 化工生产企业 > 燃料燃烧 > 化石燃料燃烧 > 煤炭 > 氧化亚氮,氧化亚氮,焦炭,1.5,因子 (kgN₂O/TJ),数据来源于《2006年IPCC清单指南》	
制造业 > 化工生产企业 > 燃料燃烧 > 化石燃料燃烧 > 煤炭 > 氧化亚氮,氧化亚氮,焦炉煤气,0.1,因子 (kgN₂O/TJ),数据来源于《2006年IPCC清单指南》	
制造业 > 化工生产企业 > 燃料燃烧 > 化石燃料燃烧 > 煤炭 > 氧化亚氮,氧化亚氮,高炉煤气,0.1,因子 (kgN₂O/TJ),数据来源于《2006年IPCC清单指南》	
制造业 > 化工生产企业 > 燃料燃烧 > 化石燃料燃烧 > 煤炭 > 氧化亚氮,氧化亚氮,转炉煤气,0.1,因子 (kgN₂O/TJ),数据来源于《2006年IPCC清单指南》	
制造业 > 化工生产企业 > 燃料燃烧 > 化石燃料燃烧 > 煤炭 > 氧化亚氮,氧化亚氮,其他煤气,0.1,因子 (kgN₂O/TJ),数据来源于《2006年IPCC清单指南》	
制造业 > 化工生产企业 > 燃料燃烧 > 化石燃料燃烧 > 石油 > 二氧化碳,二氧化碳,原油,73.3,因子  (tCO₂/TJ),数据来源于《2006年IPCC清单指南》
制造业 > 化工生产企业 > 燃料燃烧 > 化石燃料燃烧 > 石油 > 二氧化碳,二氧化碳,汽油,69.3,因子  (tCO₂/TJ),数据来源于《2006年IPCC清单指南》
制造业 > 化工生产企业 > 燃料燃烧 > 化石燃料燃烧 > 石油 > 二氧化碳,二氧化碳,煤油,71.9,因子  (tCO₂/TJ),数据来源于《2006年IPCC清单指南》
制造业 > 化工生产企业 > 燃料燃烧 > 化石燃料燃烧 > 石油 > 二氧化碳,二氧化碳,柴油,74.1,因子  (tCO₂/TJ),数据来源于《2006年IPCC清单指南》
制造业 > 化工生产企业 > 燃料燃烧 > 化石燃料燃烧 > 石油 > 二氧化碳,二氧化碳,燃料油,77.4,因子  (tCO₂/TJ),数据来源于《2006年IPCC清单指南》
制造业 > 化工生产企业 > 燃料燃烧 > 化石燃料燃烧 > 石油 > 二氧化碳,二氧化碳,石脑油,73.3,因子  (tCO₂/TJ),数据来源于《2006年IPCC清单指南》
制造业 > 化工生产企业 > 燃料燃烧 > 化石燃料燃烧 > 石油 > 二氧化碳,二氧化碳,润滑油,73.3,因子  (tCO₂/TJ),数据来源于《2006年IPCC清单指南》
制造业 > 化工生产企业 > 燃料燃烧 > 化石燃料燃烧 > 石油 > 二氧化碳,二氧化碳,石蜡,73.3,因子  (tCO₂/TJ),数据来源于《2006年IPCC清单指南》
制造业 > 化工生产企业 > 燃料燃烧 > 化石燃料燃烧 > 石油 > 二氧化碳,二氧化碳,溶剂油,73.3,因子  (tCO₂/TJ),数据来源于《2006年IPCC清单指南》
制造业 > 化工生产企业 > 燃料燃烧 > 化石燃料燃烧 > 石油 > 二氧化碳,二氧化碳,石油沥青,80.7,因子  (tCO₂/TJ),数据来源于《2006年IPCC清单指南》
制造业 > 化工生产企业 > 燃料燃烧 > 化石燃料燃烧 > 石油 > 二氧化碳,二氧化碳,石油焦,97.5,因子  (tCO₂/TJ),数据来源于《2006年IPCC清单指南》
制造业 > 化工生产企业 > 燃料燃烧 > 化石燃料燃烧 > 石油 > 二氧化碳,二氧化碳,液化石油气,63.1,因子  (tCO₂/TJ),数据来源于《2006年IPCC清单指南》
制造业 > 化工生产企业 > 燃料燃烧 > 化石燃料燃烧 > 石油 > 二氧化碳,二氧化碳,炼厂干气,57.6,因子  (tCO₂/TJ),数据来源于《2006年IPCC清单指南》
制造业 > 化工生产企业 > 燃料燃烧 > 化石燃料燃烧 > 石油 > 二氧化碳,二氧化碳,其他石油制品,73.3,因子  (tCO₂/TJ),数据来源于《2006年IPCC清单指南》
制造业 > 化工生产企业 > 燃料燃烧 > 化石燃料燃烧 > 石油 > 甲烷,甲烷,原油,3,因子 (kgCH₄/TJ),数据来源于《2006年IPCC清单指南》	
制造业 > 化工生产企业 > 燃料燃烧 > 化石燃料燃烧 > 石油 > 甲烷,甲烷,汽油,3,因子 (kgCH₄/TJ),数据来源于《2006年IPCC清单指南》	
制造业 > 化工生产企业 > 燃料燃烧 > 化石燃料燃烧 > 石油 > 甲烷,甲烷,煤油,3,因子 (kgCH₄/TJ),数据来源于《2006年IPCC清单指南》	
制造业 > 化工生产企业 > 燃料燃烧 > 化石燃料燃烧 > 石油 > 甲烷,甲烷,柴油,3,因子 (kgCH₄/TJ),数据来源于《2006年IPCC清单指南》	
制造业 > 化工生产企业 > 燃料燃烧 > 化石燃料燃烧 > 石油 > 甲烷,甲烷,燃料油,3,因子 (kgCH₄/TJ),数据来源于《2006年IPCC清单指南》	
制造业 > 化工生产企业 > 燃料燃烧 > 化石燃料燃烧 > 石油 > 甲烷,甲烷,石脑油,3,因子 (kgCH₄/TJ),数据来源于《2006年IPCC清单指南》	
制造业 > 化工生产企业 > 燃料燃烧 > 化石燃料燃烧 > 石油 > 甲烷,甲烷,润滑油,3,因子 (kgCH₄/TJ),数据来源于《2006年IPCC清单指南》	
制造业 > 化工生产企业 > 燃料燃烧 > 化石燃料燃烧 > 石油 > 甲烷,甲烷,石蜡,3,因子 (kgCH₄/TJ),数据来源于《2006年IPCC清单指南》	
制造业 > 化工生产企业 > 燃料燃烧 > 化石燃料燃烧 > 石油 > 甲烷,甲烷,溶剂油,3,因子 (kgCH₄/TJ),数据来源于《2006年IPCC清单指南》	
制造业 > 化工生产企业 > 燃料燃烧 > 化石燃料燃烧 > 石油 > 甲烷,甲烷,石油沥青,3,因子 (kgCH₄/TJ),数据来源于《2006年IPCC清单指南》	
制造业 > 化工生产企业 > 燃料燃烧 > 化石燃料燃烧 > 石油 > 甲烷,甲烷,石油焦,3,因子 (kgCH₄/TJ),数据来源于《2006年IPCC清单指南》	
制造业 > 化工生产企业 > 燃料燃烧 > 化石燃料燃烧 > 石油 > 甲烷,甲烷,液化石油气,1,因子 (kgCH₄/TJ),数据来源于《2006年IPCC清单指南》	
制造业 > 化工生产企业 > 燃料燃烧 > 化石燃料燃烧 > 石油 > 甲烷,甲烷,炼厂干气,1,因子 (kgCH₄/TJ),数据来源于《2006年IPCC清单指南》	
制造业 > 化工生产企业 > 燃料燃烧 > 化石燃料燃烧 > 石油 > 甲烷,甲烷,其他石油制品,3,因子 (kgCH₄/TJ),数据来源于《2006年IPCC清单指南》	
制造业 > 化工生产企业 > 燃料燃烧 > 化石燃料燃烧 > 石油 > 氧化亚氮,氧化亚氮,原油,0.6,因子 (kgN₂O/TJ),"数据来源于《2006年IPCC清单指南》
"
制造业 > 化工生产企业 > 燃料燃烧 > 化石燃料燃烧 > 石油 > 氧化亚氮,氧化亚氮,汽油,0.6,因子 (kgN₂O/TJ),"数据来源于《2006年IPCC清单指南》
"
制造业 > 化工生产企业 > 燃料燃烧 > 化石燃料燃烧 > 石油 > 氧化亚氮,氧化亚氮,煤油,0.6,因子 (kgN₂O/TJ),"数据来源于《2006年IPCC清单指南》
"
制造业 > 化工生产企业 > 燃料燃烧 > 化石燃料燃烧 > 石油 > 氧化亚氮,氧化亚氮,柴油,0.6,因子 (kgN₂O/TJ),"数据来源于《2006年IPCC清单指南》
"
制造业 > 化工生产企业 > 燃料燃烧 > 化石燃料燃烧 > 石油 > 氧化亚氮,氧化亚氮,燃料油,0.6,因子 (kgN₂O/TJ),"数据来源于《2006年IPCC清单指南》
"
制造业 > 化工生产企业 > 燃料燃烧 > 化石燃料燃烧 > 石油 > 氧化亚氮,氧化亚氮,石脑油,0.6,因子 (kgN₂O/TJ),"数据来源于《2006年IPCC清单指南》
"
制造业 > 化工生产企业 > 燃料燃烧 > 化石燃料燃烧 > 石油 > 氧化亚氮,氧化亚氮,润滑油,0.6,因子 (kgN₂O/TJ),"数据来源于《2006年IPCC清单指南》
"
制造业 > 化工生产企业 > 燃料燃烧 > 化石燃料燃烧 > 石油 > 氧化亚氮,氧化亚氮,石蜡,0.6,因子 (kgN₂O/TJ),"数据来源于《2006年IPCC清单指南》
"
制造业 > 化工生产企业 > 燃料燃烧 > 化石燃料燃烧 > 石油 > 氧化亚氮,氧化亚氮,溶剂油,0.6,因子 (kgN₂O/TJ),"数据来源于《2006年IPCC清单指南》
"
制造业 > 化工生产企业 > 燃料燃烧 > 化石燃料燃烧 > 石油 > 氧化亚氮,氧化亚氮,石油沥青,0.6,因子 (kgN₂O/TJ),"数据来源于《2006年IPCC清单指南》
"
制造业 > 化工生产企业 > 燃料燃烧 > 化石燃料燃烧 > 石油 > 氧化亚氮,氧化亚氮,石油焦,0.6,因子 (kgN₂O/TJ),"数据来源于《2006年IPCC清单指南》
"
制造业 > 化工生产企业 > 燃料燃烧 > 化石燃料燃烧 > 石油 > 氧化亚氮,氧化亚氮,液化石油气,0.1,因子 (kgN₂O/TJ),"数据来源于《2006年IPCC清单指南》
"
制造业 > 化工生产企业 > 燃料燃烧 > 化石燃料燃烧 > 石油 > 氧化亚氮,氧化亚氮,炼厂干气,0.1,因子 (kgN₂O/TJ),"数据来源于《2006年IPCC清单指南》
"
制造业 > 化工生产企业 > 燃料燃烧 > 化石燃料燃烧 > 石油 > 氧化亚氮,氧化亚氮,其他石油制品,0.6,因子 (kgN₂O/TJ),"数据来源于《2006年IPCC清单指南》
"
制造业 > 化工生产企业 > 燃料燃烧 > 化石燃料燃烧 > 天然气 > 二氧化碳 > 天然气,天然气,天然气,57.2,因子  (tCO₂/TJ),本土化数据，油气企业抽样实测数据
制造业 > 化工生产企业 > 燃料燃烧 > 化石燃料燃烧 > 天然气 > 二氧化碳 > 液化天然气,液化天然气,液化天然气,56.8,因子  (tCO₂/TJ),本土化数据，油气企业抽样实测数据
制造业 > 化工生产企业 > 燃料燃烧 > 化石燃料燃烧 > 天然气 > 甲烷,甲烷,天然气,1,因子 (kgCH₄/TJ),数据来源于《2006年IPCC清单指南》
制造业 > 化工生产企业 > 燃料燃烧 > 化石燃料燃烧 > 天然气 > 氧化亚氮,氧化亚氮,天然气,0.1,因子 (kgN₂O/TJ),数据来源于《2006年IPCC清单指南》
制造业 > 化工生产企业 > 燃料燃烧 > 生物质燃料燃烧 > 二氧化碳,二氧化碳,农业废弃物,100000,因子  (kgCO₂/TJ),数据来源于《2006年IPCC清单指南》
制造业 > 化工生产企业 > 燃料燃烧 > 生物质燃料燃烧 > 二氧化碳,二氧化碳,薪柴,112000,因子  (kgCO₂/TJ),数据来源于《2006年IPCC清单指南》
制造业 > 化工生产企业 > 燃料燃烧 > 生物质燃料燃烧 > 二氧化碳,二氧化碳,木炭,112000,因子  (kgCO₂/TJ),数据来源于《2006年IPCC清单指南》
制造业 > 化工生产企业 > 燃料燃烧 > 生物质燃料燃烧 > 二氧化碳,二氧化碳,动物粪便,100000,因子  (kgCO₂/TJ),数据来源于《2006年IPCC清单指南》
制造业 > 化工生产企业 > 燃料燃烧 > 生物质燃料燃烧 > 二氧化碳,二氧化碳,沼气,54600,因子  (kgCO₂/TJ),数据来源于《2006年IPCC清单指南》
制造业 > 化工生产企业 > 燃料燃烧 > 生物质燃料燃烧 > 二氧化碳,二氧化碳,其他生物气体,54600,因子  (kgCO₂/TJ),数据来源于《2006年IPCC清单指南》
制造业 > 化工生产企业 > 燃料燃烧 > 生物质燃料燃烧 > 二氧化碳,二氧化碳,城市生活垃圾(生物成因),100000,因子  (kgCO₂/TJ),数据来源于《2006年IPCC清单指南》
制造业 > 化工生产企业 > 燃料燃烧 > 生物质燃料燃烧 > 二氧化碳,二氧化碳,生物汽油,70800,因子  (kgCO₂/TJ),数据来源于《2006年IPCC清单指南》
制造业 > 化工生产企业 > 燃料燃烧 > 生物质燃料燃烧 > 二氧化碳,二氧化碳,生物柴油,70800,因子  (kgCO₂/TJ),数据来源于《2006年IPCC清单指南》
制造业 > 化工生产企业 > 燃料燃烧 > 生物质燃料燃烧 > 二氧化碳,二氧化碳,其他液体生物质燃料,79600,因子  (kgCO₂/TJ),数据来源于《2006年IPCC清单指南》
制造业 > 化工生产企业 > 工业生产过程和产品使用 > 碳酸盐使用过程,碳酸盐使用过程,方解石、文石和石灰石(CaCO₃),0.44,因子 (tCO₂/t carbonate),分子式质量比值，属于理论值
制造业 > 化工生产企业 > 工业生产过程和产品使用 > 碳酸盐使用过程,碳酸盐使用过程,菱镁石(MgCO₃),0.522,因子 (tCO₂/t carbonate),分子式质量比值，属于理论值
制造业 > 化工生产企业 > 工业生产过程和产品使用 > 碳酸盐使用过程,碳酸盐使用过程,碳酸钠或纯碱(Na₂CO₃),0.415,因子 (tCO₂/t carbonate),分子式质量比值，属于理论值
制造业 > 化工生产企业 > 工业生产过程和产品使用 > 碳酸盐使用过程,碳酸盐使用过程,碳酸氢钠(NaHCO₃),0.524,因子 (tCO₂/t carbonate),分子式质量比值，属于理论值
制造业 > 化工生产企业 > 工业生产过程和产品使用 > 碳酸盐使用过程,碳酸盐使用过程,菱铁矿或碳酸铁(FeCO₃),0.38,因子 (tCO₂/t carbonate),分子式质量比值，属于理论值
制造业 > 化工生产企业 > 工业生产过程和产品使用 > 碳酸盐使用过程,碳酸盐使用过程,菱锰矿(MnCO₃),0.383,因子 (tCO₂/t carbonate),分子式质量比值，属于理论值
制造业 > 化工生产企业 > 工业生产过程和产品使用 > 碳酸盐使用过程,碳酸盐使用过程,碳酸钡(BaCO₃),0.223,因子 (tCO₂/t carbonate),分子式质量比值，属于理论值
制造业 > 化工生产企业 > 工业生产过程和产品使用 > 碳酸盐使用过程,碳酸盐使用过程,碳酸锂(Li₂CO₃),0.595,因子 (tCO₂/t carbonate),分子式质量比值，属于理论值
制造业 > 化工生产企业 > 工业生产过程和产品使用 > 碳酸盐使用过程,碳酸盐使用过程,碳酸钾(K₂CO₃),0.318,因子 (tCO₂/t carbonate),分子式质量比值，属于理论值
制造业 > 化工生产企业 > 工业生产过程和产品使用 > 碳酸盐使用过程,碳酸盐使用过程,碳酸锶(SrCO₃),0.298,因子 (tCO₂/t carbonate),分子式质量比值，属于理论值
制造业 > 化工生产企业 > 工业生产过程和产品使用 > 碳酸盐使用过程,碳酸盐使用过程,白云石(CaMg(CO₃)₂),0.477,因子 (tCO₂/t carbonate),分子式质量比值，属于理论值
制造业 > 化工生产企业 > 工业生产过程和产品使用 > 碳酸盐使用过程,碳酸盐使用过程,"铁白云石(Ca(Fe,Mg,Mn)(CO₃)₂)",0.40~0.48,因子 (tCO₂/t carbonate),分子式质量比值，属于理论值
制造业 > 化工生产企业 > 工业生产过程和产品使用 > 化工生产过程排放 > 硝酸生产过程,硝酸生产过程,高压法,9,因子值（kgN₂O/t Nitric Acid）,数据来源于《2006年IPCC清单指南》
制造业 > 化工生产企业 > 工业生产过程和产品使用 > 化工生产过程排放 > 硝酸生产过程,硝酸生产过程,中压法,7,因子值（kgN₂O/t Nitric Acid）,数据来源于《2006年IPCC清单指南》
制造业 > 化工生产企业 > 工业生产过程和产品使用 > 化工生产过程排放 > 硝酸生产过程,硝酸生产过程,低压法,5,因子值（kgN₂O/t Nitric Acid）,数据来源于《2006年IPCC清单指南》
制造业 > 化工生产企业 > 工业生产过程和产品使用 > 化工生产过程排放 > 硝酸生产过程,硝酸生产过程,双加压法,8.02,因子值（kgN₂O/t Nitric Acid）,本土化数据，硝酸生产抽样实测数据
制造业 > 化工生产企业 > 工业生产过程和产品使用 > 化工生产过程排放 > 己二酸生产过程,己二酸生产过程,环己烷法,300,因子 (kgN₂O/t Adipic Acid),数据来源于《2006年IPCC清单指南》
制造业 > 化工生产企业 > 工业生产过程和产品使用 > 化工生产过程排放 > 己二酸生产过程,己二酸生产过程,环己醇法,282,因子 (kgN₂O/t Adipic Acid),数据来源于《2006年IPCC清单指南》
制造业 > 化工生产企业 > 净购入电力与热力 > 电力消费 > 电力平均二氧化碳排放因子 > 全国电力平均二氧化碳排放因子,全国电力平均二氧化碳排放因子,全国,0.5306,2023年因子 (kgCO₂/kWh),本土化数据，数据来源于生态环境部、国家统计局《关于发布2023年电力二氧化碳排放因子的公告》（公告2025年第47号）
制造业 > 化工生产企业 > 净购入电力与热力 > 电力消费 > 电力平均二氧化碳排放因子 > 区域电力平均二氧化碳排放因子,区域电力平均二氧化碳排放因子,华北,0.6361,2023年因子 (kgCO₂/kWh),本土化数据，数据来源于生态环境部、国家统计局《关于发布2023年电力二氧化碳排放因子的公告》（公告2025年第47号）
制造业 > 化工生产企业 > 净购入电力与热力 > 电力消费 > 电力平均二氧化碳排放因子 > 区域电力平均二氧化碳排放因子,区域电力平均二氧化碳排放因子,东北,0.5122,2023年因子 (kgCO₂/kWh),本土化数据，数据来源于生态环境部、国家统计局《关于发布2023年电力二氧化碳排放因子的公告》（公告2025年第47号）
制造业 > 化工生产企业 > 净购入电力与热力 > 电力消费 > 电力平均二氧化碳排放因子 > 区域电力平均二氧化碳排放因子,区域电力平均二氧化碳排放因子,华东,0.55,2023年因子 (kgCO₂/kWh),本土化数据，数据来源于生态环境部、国家统计局《关于发布2023年电力二氧化碳排放因子的公告》（公告2025年第47号）
制造业 > 化工生产企业 > 净购入电力与热力 > 电力消费 > 电力平均二氧化碳排放因子 > 区域电力平均二氧化碳排放因子,区域电力平均二氧化碳排放因子,华中,0.5271,2023年因子 (kgCO₂/kWh),本土化数据，数据来源于生态环境部、国家统计局《关于发布2023年电力二氧化碳排放因子的公告》（公告2025年第47号）
制造业 > 化工生产企业 > 净购入电力与热力 > 电力消费 > 电力平均二氧化碳排放因子 > 区域电力平均二氧化碳排放因子,区域电力平均二氧化碳排放因子,西北,0.5543,2023年因子 (kgCO₂/kWh),本土化数据，数据来源于生态环境部、国家统计局《关于发布2023年电力二氧化碳排放因子的公告》（公告2025年第47号）
制造业 > 化工生产企业 > 净购入电力与热力 > 电力消费 > 电力平均二氧化碳排放因子 > 区域电力平均二氧化碳排放因子,区域电力平均二氧化碳排放因子,南方,0.4042,2023年因子 (kgCO₂/kWh),本土化数据，数据来源于生态环境部、国家统计局《关于发布2023年电力二氧化碳排放因子的公告》（公告2025年第47号）
制造业 > 化工生产企业 > 净购入电力与热力 > 电力消费 > 电力平均二氧化碳排放因子 > 区域电力平均二氧化碳排放因子,区域电力平均二氧化碳排放因子,西南,0.2472,2023年因子 (kgCO₂/kWh),本土化数据，数据来源于生态环境部、国家统计局《关于发布2023年电力二氧化碳排放因子的公告》（公告2025年第47号）
制造业 > 化工生产企业 > 净购入电力与热力 > 电力消费 > 电力平均二氧化碳排放因子 > 省级电力平均二氧化碳排放因子,省级电力平均二氧化碳排放因子,北京,0.5554,2023年因子 (kgCO₂/kWh),本土化数据，数据来源于生态环境部、国家统计局《关于发布2023年电力二氧化碳排放因子的公告》（公告2025年第47号）
制造业 > 化工生产企业 > 净购入电力与热力 > 电力消费 > 电力平均二氧化碳排放因子 > 省级电力平均二氧化碳排放因子,省级电力平均二氧化碳排放因子,天津,0.6796,2023年因子 (kgCO₂/kWh),本土化数据，数据来源于生态环境部、国家统计局《关于发布2023年电力二氧化碳排放因子的公告》（公告2025年第47号）
制造业 > 化工生产企业 > 净购入电力与热力 > 电力消费 > 电力平均二氧化碳排放因子 > 省级电力平均二氧化碳排放因子,省级电力平均二氧化碳排放因子,河北,0.6516,2023年因子 (kgCO₂/kWh),本土化数据，数据来源于生态环境部、国家统计局《关于发布2023年电力二氧化碳排放因子的公告》（公告2025年第47号）
制造业 > 化工生产企业 > 净购入电力与热力 > 电力消费 > 电力平均二氧化碳排放因子 > 省级电力平均二氧化碳排放因子,省级电力平均二氧化碳排放因子,山西,0.6634,2023年因子 (kgCO₂/kWh),本土化数据，数据来源于生态环境部、国家统计局《关于发布2023年电力二氧化碳排放因子的公告》（公告2025年第47号）
制造业 > 化工生产企业 > 净购入电力与热力 > 电力消费 > 电力平均二氧化碳排放因子 > 省级电力平均二氧化碳排放因子,省级电力平均二氧化碳排放因子,内蒙古,0.6479,2023年因子 (kgCO₂/kWh),本土化数据，数据来源于生态环境部、国家统计局《关于发布2023年电力二氧化碳排放因子的公告》（公告2025年第47号）
制造业 > 化工生产企业 > 净购入电力与热力 > 电力消费 > 电力平均二氧化碳排放因子 > 省级电力平均二氧化碳排放因子,省级电力平均二氧化碳排放因子,辽宁,0.4878,2023年因子 (kgCO₂/kWh),本土化数据，数据来源于生态环境部、国家统计局《关于发布2023年电力二氧化碳排放因子的公告》（公告2025年第47号）
制造业 > 化工生产企业 > 净购入电力与热力 > 电力消费 > 电力平均二氧化碳排放因子 > 省级电力平均二氧化碳排放因子,省级电力平均二氧化碳排放因子,吉林,0.4671,2023年因子 (kgCO₂/kWh),本土化数据，数据来源于生态环境部、国家统计局《关于发布2023年电力二氧化碳排放因子的公告》（公告2025年第47号）
制造业 > 化工生产企业 > 净购入电力与热力 > 电力消费 > 电力平均二氧化碳排放因子 > 省级电力平均二氧化碳排放因子,省级电力平均二氧化碳排放因子,黑龙江,0.5229,2023年因子 (kgCO₂/kWh),本土化数据，数据来源于生态环境部、国家统计局《关于发布2023年电力二氧化碳排放因子的公告》（公告2025年第47号）
制造业 > 化工生产企业 > 净购入电力与热力 > 电力消费 > 电力平均二氧化碳排放因子 > 省级电力平均二氧化碳排放因子,省级电力平均二氧化碳排放因子,上海,0.5737,2023年因子 (kgCO₂/kWh),本土化数据，数据来源于生态环境部、国家统计局《关于发布2023年电力二氧化碳排放因子的公告》（公告2025年第47号）
制造业 > 化工生产企业 > 净购入电力与热力 > 电力消费 > 电力平均二氧化碳排放因子 > 省级电力平均二氧化碳排放因子,省级电力平均二氧化碳排放因子,江苏,0.5827,2023年因子 (kgCO₂/kWh),本土化数据，数据来源于生态环境部、国家统计局《关于发布2023年电力二氧化碳排放因子的公告》（公告2025年第47号）
制造业 > 化工生产企业 > 净购入电力与热力 > 电力消费 > 电力平均二氧化碳排放因子 > 省级电力平均二氧化碳排放因子,省级电力平均二氧化碳排放因子,浙江,0.4974,2023年因子 (kgCO₂/kWh),本土化数据，数据来源于生态环境部、国家统计局《关于发布2023年电力二氧化碳排放因子的公告》（公告2025年第47号）
制造业 > 化工生产企业 > 净购入电力与热力 > 电力消费 > 电力平均二氧化碳排放因子 > 省级电力平均二氧化碳排放因子,省级电力平均二氧化碳排放因子,安徽,0.6553,2023年因子 (kgCO₂/kWh),本土化数据，数据来源于生态环境部、国家统计局《关于发布2023年电力二氧化碳排放因子的公告》（公告2025年第47号）
制造业 > 化工生产企业 > 净购入电力与热力 > 电力消费 > 电力平均二氧化碳排放因子 > 省级电力平均二氧化碳排放因子,省级电力平均二氧化碳排放因子,福建,0.4211,2023年因子 (kgCO₂/kWh),本土化数据，数据来源于生态环境部、国家统计局《关于发布2023年电力二氧化碳排放因子的公告》（公告2025年第47号）
制造业 > 化工生产企业 > 净购入电力与热力 > 电力消费 > 电力平均二氧化碳排放因子 > 省级电力平均二氧化碳排放因子,省级电力平均二氧化碳排放因子,江西,0.5836,2023年因子 (kgCO₂/kWh),本土化数据，数据来源于生态环境部、国家统计局《关于发布2023年电力二氧化碳排放因子的公告》（公告2025年第47号）
制造业 > 化工生产企业 > 净购入电力与热力 > 电力消费 > 电力平均二氧化碳排放因子 > 省级电力平均二氧化碳排放因子,省级电力平均二氧化碳排放因子,山东,0.6191,2023年因子 (kgCO₂/kWh),本土化数据，数据来源于生态环境部、国家统计局《关于发布2023年电力二氧化碳排放因子的公告》（公告2025年第47号）
制造业 > 化工生产企业 > 净购入电力与热力 > 电力消费 > 电力平均二氧化碳排放因子 > 省级电力平均二氧化碳排放因子,省级电力平均二氧化碳排放因子,河南,0.5897,2023年因子 (kgCO₂/kWh),本土化数据，数据来源于生态环境部、国家统计局《关于发布2023年电力二氧化碳排放因子的公告》（公告2025年第47号）
制造业 > 化工生产企业 > 净购入电力与热力 > 电力消费 > 电力平均二氧化碳排放因子 > 省级电力平均二氧化碳排放因子,省级电力平均二氧化碳排放因子,湖北,0.4044,2023年因子 (kgCO₂/kWh),本土化数据，数据来源于生态环境部、国家统计局《关于发布2023年电力二氧化碳排放因子的公告》（公告2025年第47号）
制造业 > 化工生产企业 > 净购入电力与热力 > 电力消费 > 电力平均二氧化碳排放因子 > 省级电力平均二氧化碳排放因子,省级电力平均二氧化碳排放因子,湖南,0.4976,2023年因子 (kgCO₂/kWh),本土化数据，数据来源于生态环境部、国家统计局《关于发布2023年电力二氧化碳排放因子的公告》（公告2025年第47号）
制造业 > 化工生产企业 > 净购入电力与热力 > 电力消费 > 电力平均二氧化碳排放因子 > 省级电力平均二氧化碳排放因子,省级电力平均二氧化碳排放因子,广东,0.4419,2023年因子 (kgCO₂/kWh),本土化数据，数据来源于生态环境部、国家统计局《关于发布2023年电力二氧化碳排放因子的公告》（公告2025年第47号）
制造业 > 化工生产企业 > 净购入电力与热力 > 电力消费 > 电力平均二氧化碳排放因子 > 省级电力平均二氧化碳排放因子,省级电力平均二氧化碳排放因子,广西,0.4476,2023年因子 (kgCO₂/kWh),本土化数据，数据来源于生态环境部、国家统计局《关于发布2023年电力二氧化碳排放因子的公告》（公告2025年第47号）
制造业 > 化工生产企业 > 净购入电力与热力 > 电力消费 > 电力平均二氧化碳排放因子 > 省级电力平均二氧化碳排放因子,省级电力平均二氧化碳排放因子,海南,0.3648,2023年因子 (kgCO₂/kWh),本土化数据，数据来源于生态环境部、国家统计局《关于发布2023年电力二氧化碳排放因子的公告》（公告2025年第47号）
制造业 > 化工生产企业 > 净购入电力与热力 > 电力消费 > 电力平均二氧化碳排放因子 > 省级电力平均二氧化碳排放因子,省级电力平均二氧化碳排放因子,重庆,0.5581,2023年因子 (kgCO₂/kWh),本土化数据，数据来源于生态环境部、国家统计局《关于发布2023年电力二氧化碳排放因子的公告》（公告2025年第47号）
制造业 > 化工生产企业 > 净购入电力与热力 > 电力消费 > 电力平均二氧化碳排放因子 > 省级电力平均二氧化碳排放因子,省级电力平均二氧化碳排放因子,四川,0.1564,2023年因子 (kgCO₂/kWh),本土化数据，数据来源于生态环境部、国家统计局《关于发布2023年电力二氧化碳排放因子的公告》（公告2025年第47号）
制造业 > 化工生产企业 > 净购入电力与热力 > 电力消费 > 电力平均二氧化碳排放因子 > 省级电力平均二氧化碳排放因子,省级电力平均二氧化碳排放因子,贵州,0.5683,2023年因子 (kgCO₂/kWh),本土化数据，数据来源于生态环境部、国家统计局《关于发布2023年电力二氧化碳排放因子的公告》（公告2025年第47号）
制造业 > 化工生产企业 > 净购入电力与热力 > 电力消费 > 电力平均二氧化碳排放因子 > 省级电力平均二氧化碳排放因子,省级电力平均二氧化碳排放因子,云南,0.1333,2023年因子 (kgCO₂/kWh),本土化数据，数据来源于生态环境部、国家统计局《关于发布2023年电力二氧化碳排放因子的公告》（公告2025年第47号）
制造业 > 化工生产企业 > 净购入电力与热力 > 电力消费 > 电力平均二氧化碳排放因子 > 省级电力平均二氧化碳排放因子,省级电力平均二氧化碳排放因子,陕西,0.6335,2023年因子 (kgCO₂/kWh),本土化数据，数据来源于生态环境部、国家统计局《关于发布2023年电力二氧化碳排放因子的公告》（公告2025年第47号）
制造业 > 化工生产企业 > 净购入电力与热力 > 电力消费 > 电力平均二氧化碳排放因子 > 省级电力平均二氧化碳排放因子,省级电力平均二氧化碳排放因子,甘肃,0.4471,2023年因子 (kgCO₂/kWh),本土化数据，数据来源于生态环境部、国家统计局《关于发布2023年电力二氧化碳排放因子的公告》（公告2025年第47号）
制造业 > 化工生产企业 > 净购入电力与热力 > 电力消费 > 电力平均二氧化碳排放因子 > 省级电力平均二氧化碳排放因子,省级电力平均二氧化碳排放因子,青海,0.1796,2023年因子 (kgCO₂/kWh),本土化数据，数据来源于生态环境部、国家统计局《关于发布2023年电力二氧化碳排放因子的公告》（公告2025年第47号）
制造业 > 化工生产企业 > 净购入电力与热力 > 电力消费 > 电力平均二氧化碳排放因子 > 省级电力平均二氧化碳排放因子,省级电力平均二氧化碳排放因子,宁夏,0.6187,2023年因子 (kgCO₂/kWh),本土化数据，数据来源于生态环境部、国家统计局《关于发布2023年电力二氧化碳排放因子的公告》（公告2025年第47号）
制造业 > 化工生产企业 > 净购入电力与热力 > 电力消费 > 电力平均二氧化碳排放因子 > 省级电力平均二氧化碳排放因子,省级电力平均二氧化碳排放因子,新疆,0.6021,2023年因子 (kgCO₂/kWh),本土化数据，数据来源于生态环境部、国家统计局《关于发布2023年电力二氧化碳排放因子的公告》（公告2025年第47号）
制造业 > 化工生产企业 > 净购入电力与热力 > 电力消费 > 电力平均二氧化碳排放因子（不包括市场化交易的非化石能源电量） > 全国电力平均二氧化碳排放因子（不包括市场化交易的非化石能源电量）,全国电力平均二氧化碳排放因子（不包括市场化交易的非化石能源电量）,全国,0.6096,2023年因子 (kgCO₂/kWh),本土化数据，数据来源于生态环境部、国家统计局《关于发布2023年电力二氧化碳排放因子的公告》（公告2025年第47号）
制造业 > 化工生产企业 > 净购入电力与热力 > 电力消费 > 化石能源电力二氧化碳排放因子 > 全国化石能源电力二氧化碳排放因子,全国化石能源电力二氧化碳排放因子,全国,0.8273,2023年因子 (kgCO₂/kWh),本土化数据，数据来源于生态环境部、国家统计局《关于发布2023年电力二氧化碳排放因子的公告》（公告2025年第47号）
制造业 > 其他有色金属冶炼和压延加工企业 > 燃料燃烧 > 化石燃料燃烧 > 煤炭 > 二氧化碳,二氧化碳,无烟煤,98.3,因子  (tCO₂/TJ),"数据来源于《2006年IPCC清单指南》
"
制造业 > 其他有色金属冶炼和压延加工企业 > 燃料燃烧 > 化石燃料燃烧 > 煤炭 > 二氧化碳,二氧化碳,炼焦烟煤,94.6,因子  (tCO₂/TJ),数据来源于《2006年IPCC清单指南》
制造业 > 其他有色金属冶炼和压延加工企业 > 燃料燃烧 > 化石燃料燃烧 > 煤炭 > 二氧化碳,二氧化碳,一般烟煤,94.6,因子  (tCO₂/TJ),数据来源于《2006年IPCC清单指南》
制造业 > 其他有色金属冶炼和压延加工企业 > 燃料燃烧 > 化石燃料燃烧 > 煤炭 > 二氧化碳,二氧化碳,褐煤,101.2,因子  (tCO₂/TJ),数据来源于《2006年IPCC清单指南》
制造业 > 其他有色金属冶炼和压延加工企业 > 燃料燃烧 > 化石燃料燃烧 > 煤炭 > 二氧化碳,二氧化碳,煤制品,97.5,因子  (tCO₂/TJ),数据来源于《2006年IPCC清单指南》
制造业 > 其他有色金属冶炼和压延加工企业 > 燃料燃烧 > 化石燃料燃烧 > 煤炭 > 二氧化碳,二氧化碳,焦炭,107.1,因子  (tCO₂/TJ),数据来源于《2006年IPCC清单指南》
制造业 > 其他有色金属冶炼和压延加工企业 > 燃料燃烧 > 化石燃料燃烧 > 煤炭 > 二氧化碳,二氧化碳,焦炉煤气,44.4,因子  (tCO₂/TJ),数据来源于《2006年IPCC清单指南》
制造业 > 其他有色金属冶炼和压延加工企业 > 燃料燃烧 > 化石燃料燃烧 > 煤炭 > 二氧化碳,二氧化碳,高炉煤气,259.6,因子  (tCO₂/TJ),数据来源于《2006年IPCC清单指南》
制造业 > 其他有色金属冶炼和压延加工企业 > 燃料燃烧 > 化石燃料燃烧 > 煤炭 > 二氧化碳,二氧化碳,转炉煤气,181.9,因子  (tCO₂/TJ),数据来源于《2006年IPCC清单指南》
制造业 > 其他有色金属冶炼和压延加工企业 > 燃料燃烧 > 化石燃料燃烧 > 煤炭 > 二氧化碳,二氧化碳,其他煤气,44.4,因子  (tCO₂/TJ),数据来源于《2006年IPCC清单指南》
制造业 > 其他有色金属冶炼和压延加工企业 > 燃料燃烧 > 化石燃料燃烧 > 煤炭 > 甲烷,甲烷,无烟煤,10,因子 (kgCH₄/TJ),数据来源于《2006年IPCC清单指南》	
制造业 > 其他有色金属冶炼和压延加工企业 > 燃料燃烧 > 化石燃料燃烧 > 煤炭 > 甲烷,甲烷,炼焦烟煤,10,因子 (kgCH₄/TJ),数据来源于《2006年IPCC清单指南》	
制造业 > 其他有色金属冶炼和压延加工企业 > 燃料燃烧 > 化石燃料燃烧 > 煤炭 > 甲烷,甲烷,一般烟煤,10,因子 (kgCH₄/TJ),数据来源于《2006年IPCC清单指南》	
制造业 > 其他有色金属冶炼和压延加工企业 > 燃料燃烧 > 化石燃料燃烧 > 煤炭 > 甲烷,甲烷,褐煤,10,因子 (kgCH₄/TJ),数据来源于《2006年IPCC清单指南》	
制造业 > 其他有色金属冶炼和压延加工企业 > 燃料燃烧 > 化石燃料燃烧 > 煤炭 > 甲烷,甲烷,煤制品,10,因子 (kgCH₄/TJ),数据来源于《2006年IPCC清单指南》	
制造业 > 其他有色金属冶炼和压延加工企业 > 燃料燃烧 > 化石燃料燃烧 > 煤炭 > 甲烷,甲烷,焦炭,10,因子 (kgCH₄/TJ),数据来源于《2006年IPCC清单指南》	
制造业 > 其他有色金属冶炼和压延加工企业 > 燃料燃烧 > 化石燃料燃烧 > 煤炭 > 甲烷,甲烷,焦炉煤气,1,因子 (kgCH₄/TJ),数据来源于《2006年IPCC清单指南》	
制造业 > 其他有色金属冶炼和压延加工企业 > 燃料燃烧 > 化石燃料燃烧 > 煤炭 > 甲烷,甲烷,高炉煤气,1,因子 (kgCH₄/TJ),数据来源于《2006年IPCC清单指南》	
制造业 > 其他有色金属冶炼和压延加工企业 > 燃料燃烧 > 化石燃料燃烧 > 煤炭 > 甲烷,甲烷,转炉煤气,1,因子 (kgCH₄/TJ),数据来源于《2006年IPCC清单指南》	
制造业 > 其他有色金属冶炼和压延加工企业 > 燃料燃烧 > 化石燃料燃烧 > 煤炭 > 甲烷,甲烷,其他煤气,1,因子 (kgCH₄/TJ),数据来源于《2006年IPCC清单指南》	
制造业 > 其他有色金属冶炼和压延加工企业 > 燃料燃烧 > 化石燃料燃烧 > 煤炭 > 氧化亚氮,氧化亚氮,无烟煤,1.5,因子 (kgN₂O/TJ),数据来源于《2006年IPCC清单指南》	
制造业 > 其他有色金属冶炼和压延加工企业 > 燃料燃烧 > 化石燃料燃烧 > 煤炭 > 氧化亚氮,氧化亚氮,炼焦烟煤,1.5,因子 (kgN₂O/TJ),数据来源于《2006年IPCC清单指南》	
制造业 > 其他有色金属冶炼和压延加工企业 > 燃料燃烧 > 化石燃料燃烧 > 煤炭 > 氧化亚氮,氧化亚氮,一般烟煤,1.5,因子 (kgN₂O/TJ),数据来源于《2006年IPCC清单指南》	
制造业 > 其他有色金属冶炼和压延加工企业 > 燃料燃烧 > 化石燃料燃烧 > 煤炭 > 氧化亚氮,氧化亚氮,褐煤,1.5,因子 (kgN₂O/TJ),数据来源于《2006年IPCC清单指南》	
制造业 > 其他有色金属冶炼和压延加工企业 > 燃料燃烧 > 化石燃料燃烧 > 煤炭 > 氧化亚氮,氧化亚氮,煤制品,1.5,因子 (kgN₂O/TJ),数据来源于《2006年IPCC清单指南》	
制造业 > 其他有色金属冶炼和压延加工企业 > 燃料燃烧 > 化石燃料燃烧 > 煤炭 > 氧化亚氮,氧化亚氮,焦炭,1.5,因子 (kgN₂O/TJ),数据来源于《2006年IPCC清单指南》	
制造业 > 其他有色金属冶炼和压延加工企业 > 燃料燃烧 > 化石燃料燃烧 > 煤炭 > 氧化亚氮,氧化亚氮,焦炉煤气,0.1,因子 (kgN₂O/TJ),数据来源于《2006年IPCC清单指南》	
制造业 > 其他有色金属冶炼和压延加工企业 > 燃料燃烧 > 化石燃料燃烧 > 煤炭 > 氧化亚氮,氧化亚氮,高炉煤气,0.1,因子 (kgN₂O/TJ),数据来源于《2006年IPCC清单指南》	
制造业 > 其他有色金属冶炼和压延加工企业 > 燃料燃烧 > 化石燃料燃烧 > 煤炭 > 氧化亚氮,氧化亚氮,转炉煤气,0.1,因子 (kgN₂O/TJ),数据来源于《2006年IPCC清单指南》	
制造业 > 其他有色金属冶炼和压延加工企业 > 燃料燃烧 > 化石燃料燃烧 > 煤炭 > 氧化亚氮,氧化亚氮,其他煤气,0.1,因子 (kgN₂O/TJ),数据来源于《2006年IPCC清单指南》	
制造业 > 其他有色金属冶炼和压延加工企业 > 燃料燃烧 > 化石燃料燃烧 > 石油 > 二氧化碳,二氧化碳,原油,73.3,因子  (tCO₂/TJ),数据来源于《2006年IPCC清单指南》
制造业 > 其他有色金属冶炼和压延加工企业 > 燃料燃烧 > 化石燃料燃烧 > 石油 > 二氧化碳,二氧化碳,汽油,69.3,因子  (tCO₂/TJ),数据来源于《2006年IPCC清单指南》
制造业 > 其他有色金属冶炼和压延加工企业 > 燃料燃烧 > 化石燃料燃烧 > 石油 > 二氧化碳,二氧化碳,煤油,71.9,因子  (tCO₂/TJ),数据来源于《2006年IPCC清单指南》
制造业 > 其他有色金属冶炼和压延加工企业 > 燃料燃烧 > 化石燃料燃烧 > 石油 > 二氧化碳,二氧化碳,柴油,74.1,因子  (tCO₂/TJ),数据来源于《2006年IPCC清单指南》
制造业 > 其他有色金属冶炼和压延加工企业 > 燃料燃烧 > 化石燃料燃烧 > 石油 > 二氧化碳,二氧化碳,燃料油,77.4,因子  (tCO₂/TJ),数据来源于《2006年IPCC清单指南》
制造业 > 其他有色金属冶炼和压延加工企业 > 燃料燃烧 > 化石燃料燃烧 > 石油 > 二氧化碳,二氧化碳,石脑油,73.3,因子  (tCO₂/TJ),数据来源于《2006年IPCC清单指南》
制造业 > 其他有色金属冶炼和压延加工企业 > 燃料燃烧 > 化石燃料燃烧 > 石油 > 二氧化碳,二氧化碳,润滑油,73.3,因子  (tCO₂/TJ),数据来源于《2006年IPCC清单指南》
制造业 > 其他有色金属冶炼和压延加工企业 > 燃料燃烧 > 化石燃料燃烧 > 石油 > 二氧化碳,二氧化碳,石蜡,73.3,因子  (tCO₂/TJ),数据来源于《2006年IPCC清单指南》
制造业 > 其他有色金属冶炼和压延加工企业 > 燃料燃烧 > 化石燃料燃烧 > 石油 > 二氧化碳,二氧化碳,溶剂油,73.3,因子  (tCO₂/TJ),数据来源于《2006年IPCC清单指南》
制造业 > 其他有色金属冶炼和压延加工企业 > 燃料燃烧 > 化石燃料燃烧 > 石油 > 二氧化碳,二氧化碳,石油沥青,80.7,因子  (tCO₂/TJ),数据来源于《2006年IPCC清单指南》
制造业 > 其他有色金属冶炼和压延加工企业 > 燃料燃烧 > 化石燃料燃烧 > 石油 > 二氧化碳,二氧化碳,石油焦,97.5,因子  (tCO₂/TJ),数据来源于《2006年IPCC清单指南》
制造业 > 其他有色金属冶炼和压延加工企业 > 燃料燃烧 > 化石燃料燃烧 > 石油 > 二氧化碳,二氧化碳,液化石油气,63.1,因子  (tCO₂/TJ),数据来源于《2006年IPCC清单指南》
制造业 > 其他有色金属冶炼和压延加工企业 > 燃料燃烧 > 化石燃料燃烧 > 石油 > 二氧化碳,二氧化碳,炼厂干气,57.6,因子  (tCO₂/TJ),数据来源于《2006年IPCC清单指南》
制造业 > 其他有色金属冶炼和压延加工企业 > 燃料燃烧 > 化石燃料燃烧 > 石油 > 二氧化碳,二氧化碳,其他石油制品,73.3,因子  (tCO₂/TJ),数据来源于《2006年IPCC清单指南》
制造业 > 其他有色金属冶炼和压延加工企业 > 燃料燃烧 > 化石燃料燃烧 > 石油 > 甲烷,甲烷,原油,3,因子 (kgCH₄/TJ),数据来源于《2006年IPCC清单指南》	
制造业 > 其他有色金属冶炼和压延加工企业 > 燃料燃烧 > 化石燃料燃烧 > 石油 > 甲烷,甲烷,汽油,3,因子 (kgCH₄/TJ),数据来源于《2006年IPCC清单指南》	
制造业 > 其他有色金属冶炼和压延加工企业 > 燃料燃烧 > 化石燃料燃烧 > 石油 > 甲烷,甲烷,煤油,3,因子 (kgCH₄/TJ),数据来源于《2006年IPCC清单指南》	
制造业 > 其他有色金属冶炼和压延加工企业 > 燃料燃烧 > 化石燃料燃烧 > 石油 > 甲烷,甲烷,柴油,3,因子 (kgCH₄/TJ),数据来源于《2006年IPCC清单指南》	
制造业 > 其他有色金属冶炼和压延加工企业 > 燃料燃烧 > 化石燃料燃烧 > 石油 > 甲烷,甲烷,燃料油,3,因子 (kgCH₄/TJ),数据来源于《2006年IPCC清单指南》	
制造业 > 其他有色金属冶炼和压延加工企业 > 燃料燃烧 > 化石燃料燃烧 > 石油 > 甲烷,甲烷,石脑油,3,因子 (kgCH₄/TJ),数据来源于《2006年IPCC清单指南》	
制造业 > 其他有色金属冶炼和压延加工企业 > 燃料燃烧 > 化石燃料燃烧 > 石油 > 甲烷,甲烷,润滑油,3,因子 (kgCH₄/TJ),数据来源于《2006年IPCC清单指南》	
制造业 > 其他有色金属冶炼和压延加工企业 > 燃料燃烧 > 化石燃料燃烧 > 石油 > 甲烷,甲烷,石蜡,3,因子 (kgCH₄/TJ),数据来源于《2006年IPCC清单指南》	
制造业 > 其他有色金属冶炼和压延加工企业 > 燃料燃烧 > 化石燃料燃烧 > 石油 > 甲烷,甲烷,溶剂油,3,因子 (kgCH₄/TJ),数据来源于《2006年IPCC清单指南》	
制造业 > 其他有色金属冶炼和压延加工企业 > 燃料燃烧 > 化石燃料燃烧 > 石油 > 甲烷,甲烷,石油沥青,3,因子 (kgCH₄/TJ),数据来源于《2006年IPCC清单指南》	
制造业 > 其他有色金属冶炼和压延加工企业 > 燃料燃烧 > 化石燃料燃烧 > 石油 > 甲烷,甲烷,石油焦,3,因子 (kgCH₄/TJ),数据来源于《2006年IPCC清单指南》	
制造业 > 其他有色金属冶炼和压延加工企业 > 燃料燃烧 > 化石燃料燃烧 > 石油 > 甲烷,甲烷,液化石油气,1,因子 (kgCH₄/TJ),数据来源于《2006年IPCC清单指南》	
制造业 > 其他有色金属冶炼和压延加工企业 > 燃料燃烧 > 化石燃料燃烧 > 石油 > 甲烷,甲烷,炼厂干气,1,因子 (kgCH₄/TJ),数据来源于《2006年IPCC清单指南》	
制造业 > 其他有色金属冶炼和压延加工企业 > 燃料燃烧 > 化石燃料燃烧 > 石油 > 甲烷,甲烷,其他石油制品,3,因子 (kgCH₄/TJ),数据来源于《2006年IPCC清单指南》	
制造业 > 其他有色金属冶炼和压延加工企业 > 燃料燃烧 > 化石燃料燃烧 > 石油 > 氧化亚氮,氧化亚氮,原油,0.6,因子 (kgN₂O/TJ),"数据来源于《2006年IPCC清单指南》
"
制造业 > 其他有色金属冶炼和压延加工企业 > 燃料燃烧 > 化石燃料燃烧 > 石油 > 氧化亚氮,氧化亚氮,汽油,0.6,因子 (kgN₂O/TJ),"数据来源于《2006年IPCC清单指南》
"
制造业 > 其他有色金属冶炼和压延加工企业 > 燃料燃烧 > 化石燃料燃烧 > 石油 > 氧化亚氮,氧化亚氮,煤油,0.6,因子 (kgN₂O/TJ),"数据来源于《2006年IPCC清单指南》
"
制造业 > 其他有色金属冶炼和压延加工企业 > 燃料燃烧 > 化石燃料燃烧 > 石油 > 氧化亚氮,氧化亚氮,柴油,0.6,因子 (kgN₂O/TJ),"数据来源于《2006年IPCC清单指南》
"
制造业 > 其他有色金属冶炼和压延加工企业 > 燃料燃烧 > 化石燃料燃烧 > 石油 > 氧化亚氮,氧化亚氮,燃料油,0.6,因子 (kgN₂O/TJ),"数据来源于《2006年IPCC清单指南》
"
制造业 > 其他有色金属冶炼和压延加工企业 > 燃料燃烧 > 化石燃料燃烧 > 石油 > 氧化亚氮,氧化亚氮,石脑油,0.6,因子 (kgN₂O/TJ),"数据来源于《2006年IPCC清单指南》
"
制造业 > 其他有色金属冶炼和压延加工企业 > 燃料燃烧 > 化石燃料燃烧 > 石油 > 氧化亚氮,氧化亚氮,润滑油,0.6,因子 (kgN₂O/TJ),"数据来源于《2006年IPCC清单指南》
"
制造业 > 其他有色金属冶炼和压延加工企业 > 燃料燃烧 > 化石燃料燃烧 > 石油 > 氧化亚氮,氧化亚氮,石蜡,0.6,因子 (kgN₂O/TJ),"数据来源于《2006年IPCC清单指南》
"
制造业 > 其他有色金属冶炼和压延加工企业 > 燃料燃烧 > 化石燃料燃烧 > 石油 > 氧化亚氮,氧化亚氮,溶剂油,0.6,因子 (kgN₂O/TJ),"数据来源于《2006年IPCC清单指南》
"
制造业 > 其他有色金属冶炼和压延加工企业 > 燃料燃烧 > 化石燃料燃烧 > 石油 > 氧化亚氮,氧化亚氮,石油沥青,0.6,因子 (kgN₂O/TJ),"数据来源于《2006年IPCC清单指南》
"
制造业 > 其他有色金属冶炼和压延加工企业 > 燃料燃烧 > 化石燃料燃烧 > 石油 > 氧化亚氮,氧化亚氮,石油焦,0.6,因子 (kgN₂O/TJ),"数据来源于《2006年IPCC清单指南》
"
制造业 > 其他有色金属冶炼和压延加工企业 > 燃料燃烧 > 化石燃料燃烧 > 石油 > 氧化亚氮,氧化亚氮,液化石油气,0.1,因子 (kgN₂O/TJ),"数据来源于《2006年IPCC清单指南》
"
制造业 > 其他有色金属冶炼和压延加工企业 > 燃料燃烧 > 化石燃料燃烧 > 石油 > 氧化亚氮,氧化亚氮,炼厂干气,0.1,因子 (kgN₂O/TJ),"数据来源于《2006年IPCC清单指南》
"
制造业 > 其他有色金属冶炼和压延加工企业 > 燃料燃烧 > 化石燃料燃烧 > 石油 > 氧化亚氮,氧化亚氮,其他石油制品,0.6,因子 (kgN₂O/TJ),"数据来源于《2006年IPCC清单指南》
"
制造业 > 其他有色金属冶炼和压延加工企业 > 燃料燃烧 > 化石燃料燃烧 > 天然气 > 二氧化碳 > 天然气,天然气,天然气,57.2,因子  (tCO₂/TJ),本土化数据，油气企业抽样实测数据
制造业 > 其他有色金属冶炼和压延加工企业 > 燃料燃烧 > 化石燃料燃烧 > 天然气 > 二氧化碳 > 液化天然气,液化天然气,液化天然气,56.8,因子  (tCO₂/TJ),本土化数据，油气企业抽样实测数据
制造业 > 其他有色金属冶炼和压延加工企业 > 燃料燃烧 > 化石燃料燃烧 > 天然气 > 甲烷,甲烷,天然气,1,因子 (kgCH₄/TJ),数据来源于《2006年IPCC清单指南》
制造业 > 其他有色金属冶炼和压延加工企业 > 燃料燃烧 > 化石燃料燃烧 > 天然气 > 氧化亚氮,氧化亚氮,天然气,0.1,因子 (kgN₂O/TJ),数据来源于《2006年IPCC清单指南》
制造业 > 其他有色金属冶炼和压延加工企业 > 燃料燃烧 > 生物质燃料燃烧 > 二氧化碳,二氧化碳,农业废弃物,100000,因子  (kgCO₂/TJ),数据来源于《2006年IPCC清单指南》
制造业 > 其他有色金属冶炼和压延加工企业 > 燃料燃烧 > 生物质燃料燃烧 > 二氧化碳,二氧化碳,薪柴,112000,因子  (kgCO₂/TJ),数据来源于《2006年IPCC清单指南》
制造业 > 其他有色金属冶炼和压延加工企业 > 燃料燃烧 > 生物质燃料燃烧 > 二氧化碳,二氧化碳,木炭,112000,因子  (kgCO₂/TJ),数据来源于《2006年IPCC清单指南》
制造业 > 其他有色金属冶炼和压延加工企业 > 燃料燃烧 > 生物质燃料燃烧 > 二氧化碳,二氧化碳,动物粪便,100000,因子  (kgCO₂/TJ),数据来源于《2006年IPCC清单指南》
制造业 > 其他有色金属冶炼和压延加工企业 > 燃料燃烧 > 生物质燃料燃烧 > 二氧化碳,二氧化碳,沼气,54600,因子  (kgCO₂/TJ),数据来源于《2006年IPCC清单指南》
制造业 > 其他有色金属冶炼和压延加工企业 > 燃料燃烧 > 生物质燃料燃烧 > 二氧化碳,二氧化碳,其他生物气体,54600,因子  (kgCO₂/TJ),数据来源于《2006年IPCC清单指南》
制造业 > 其他有色金属冶炼和压延加工企业 > 燃料燃烧 > 生物质燃料燃烧 > 二氧化碳,二氧化碳,城市生活垃圾(生物成因),100000,因子  (kgCO₂/TJ),数据来源于《2006年IPCC清单指南》
制造业 > 其他有色金属冶炼和压延加工企业 > 燃料燃烧 > 生物质燃料燃烧 > 二氧化碳,二氧化碳,生物汽油,70800,因子  (kgCO₂/TJ),数据来源于《2006年IPCC清单指南》
制造业 > 其他有色金属冶炼和压延加工企业 > 燃料燃烧 > 生物质燃料燃烧 > 二氧化碳,二氧化碳,生物柴油,70800,因子  (kgCO₂/TJ),数据来源于《2006年IPCC清单指南》
制造业 > 其他有色金属冶炼和压延加工企业 > 燃料燃烧 > 生物质燃料燃烧 > 二氧化碳,二氧化碳,其他液体生物质燃料,79600,因子  (kgCO₂/TJ),数据来源于《2006年IPCC清单指南》
制造业 > 其他有色金属冶炼和压延加工企业 > 工业生产过程和产品使用 > 碳酸盐使用过程,碳酸盐使用过程,方解石、文石和石灰石(CaCO₃),0.44,因子 (tCO₂/t carbonate),分子式质量比值，属于理论值
制造业 > 其他有色金属冶炼和压延加工企业 > 工业生产过程和产品使用 > 碳酸盐使用过程,碳酸盐使用过程,菱镁石(MgCO₃),0.522,因子 (tCO₂/t carbonate),分子式质量比值，属于理论值
制造业 > 其他有色金属冶炼和压延加工企业 > 工业生产过程和产品使用 > 碳酸盐使用过程,碳酸盐使用过程,碳酸钠或纯碱(Na₂CO₃),0.415,因子 (tCO₂/t carbonate),分子式质量比值，属于理论值
制造业 > 其他有色金属冶炼和压延加工企业 > 工业生产过程和产品使用 > 碳酸盐使用过程,碳酸盐使用过程,碳酸氢钠(NaHCO₃),0.524,因子 (tCO₂/t carbonate),分子式质量比值，属于理论值
制造业 > 其他有色金属冶炼和压延加工企业 > 工业生产过程和产品使用 > 碳酸盐使用过程,碳酸盐使用过程,菱铁矿或碳酸铁(FeCO₃),0.38,因子 (tCO₂/t carbonate),分子式质量比值，属于理论值
制造业 > 其他有色金属冶炼和压延加工企业 > 工业生产过程和产品使用 > 碳酸盐使用过程,碳酸盐使用过程,菱锰矿(MnCO₃),0.383,因子 (tCO₂/t carbonate),分子式质量比值，属于理论值
制造业 > 其他有色金属冶炼和压延加工企业 > 工业生产过程和产品使用 > 碳酸盐使用过程,碳酸盐使用过程,碳酸钡(BaCO₃),0.223,因子 (tCO₂/t carbonate),分子式质量比值，属于理论值
制造业 > 其他有色金属冶炼和压延加工企业 > 工业生产过程和产品使用 > 碳酸盐使用过程,碳酸盐使用过程,碳酸锂(Li₂CO₃),0.595,因子 (tCO₂/t carbonate),分子式质量比值，属于理论值
制造业 > 其他有色金属冶炼和压延加工企业 > 工业生产过程和产品使用 > 碳酸盐使用过程,碳酸盐使用过程,碳酸钾(K₂CO₃),0.318,因子 (tCO₂/t carbonate),分子式质量比值，属于理论值
制造业 > 其他有色金属冶炼和压延加工企业 > 工业生产过程和产品使用 > 碳酸盐使用过程,碳酸盐使用过程,碳酸锶(SrCO₃),0.298,因子 (tCO₂/t carbonate),分子式质量比值，属于理论值
制造业 > 其他有色金属冶炼和压延加工企业 > 工业生产过程和产品使用 > 碳酸盐使用过程,碳酸盐使用过程,白云石(CaMg(CO₃)₂),0.477,因子 (tCO₂/t carbonate),分子式质量比值，属于理论值
制造业 > 其他有色金属冶炼和压延加工企业 > 工业生产过程和产品使用 > 碳酸盐使用过程,碳酸盐使用过程,"铁白云石(Ca(Fe,Mg,Mn)(CO₃)₂)",0.40~0.48,因子 (tCO₂/t carbonate),分子式质量比值，属于理论值
制造业 > 其他有色金属冶炼和压延加工企业 > 净购入电力与热力 > 电力消费 > 电力平均二氧化碳排放因子 > 全国电力平均二氧化碳排放因子,全国电力平均二氧化碳排放因子,全国,0.5306,2023年因子 (kgCO₂/kWh),本土化数据，数据来源于生态环境部、国家统计局《关于发布2023年电力二氧化碳排放因子的公告》（公告2025年第47号）
制造业 > 其他有色金属冶炼和压延加工企业 > 净购入电力与热力 > 电力消费 > 电力平均二氧化碳排放因子 > 区域电力平均二氧化碳排放因子,区域电力平均二氧化碳排放因子,华北,0.6361,2023年因子 (kgCO₂/kWh),本土化数据，数据来源于生态环境部、国家统计局《关于发布2023年电力二氧化碳排放因子的公告》（公告2025年第47号）
制造业 > 其他有色金属冶炼和压延加工企业 > 净购入电力与热力 > 电力消费 > 电力平均二氧化碳排放因子 > 区域电力平均二氧化碳排放因子,区域电力平均二氧化碳排放因子,东北,0.5122,2023年因子 (kgCO₂/kWh),本土化数据，数据来源于生态环境部、国家统计局《关于发布2023年电力二氧化碳排放因子的公告》（公告2025年第47号）
制造业 > 其他有色金属冶炼和压延加工企业 > 净购入电力与热力 > 电力消费 > 电力平均二氧化碳排放因子 > 区域电力平均二氧化碳排放因子,区域电力平均二氧化碳排放因子,华东,0.55,2023年因子 (kgCO₂/kWh),本土化数据，数据来源于生态环境部、国家统计局《关于发布2023年电力二氧化碳排放因子的公告》（公告2025年第47号）
制造业 > 其他有色金属冶炼和压延加工企业 > 净购入电力与热力 > 电力消费 > 电力平均二氧化碳排放因子 > 区域电力平均二氧化碳排放因子,区域电力平均二氧化碳排放因子,华中,0.5271,2023年因子 (kgCO₂/kWh),本土化数据，数据来源于生态环境部、国家统计局《关于发布2023年电力二氧化碳排放因子的公告》（公告2025年第47号）
制造业 > 其他有色金属冶炼和压延加工企业 > 净购入电力与热力 > 电力消费 > 电力平均二氧化碳排放因子 > 区域电力平均二氧化碳排放因子,区域电力平均二氧化碳排放因子,西北,0.5543,2023年因子 (kgCO₂/kWh),本土化数据，数据来源于生态环境部、国家统计局《关于发布2023年电力二氧化碳排放因子的公告》（公告2025年第47号）
制造业 > 其他有色金属冶炼和压延加工企业 > 净购入电力与热力 > 电力消费 > 电力平均二氧化碳排放因子 > 区域电力平均二氧化碳排放因子,区域电力平均二氧化碳排放因子,南方,0.4042,2023年因子 (kgCO₂/kWh),本土化数据，数据来源于生态环境部、国家统计局《关于发布2023年电力二氧化碳排放因子的公告》（公告2025年第47号）
制造业 > 其他有色金属冶炼和压延加工企业 > 净购入电力与热力 > 电力消费 > 电力平均二氧化碳排放因子 > 区域电力平均二氧化碳排放因子,区域电力平均二氧化碳排放因子,西南,0.2472,2023年因子 (kgCO₂/kWh),本土化数据，数据来源于生态环境部、国家统计局《关于发布2023年电力二氧化碳排放因子的公告》（公告2025年第47号）
制造业 > 其他有色金属冶炼和压延加工企业 > 净购入电力与热力 > 电力消费 > 电力平均二氧化碳排放因子 > 省级电力平均二氧化碳排放因子,省级电力平均二氧化碳排放因子,北京,0.5554,2023年因子 (kgCO₂/kWh),本土化数据，数据来源于生态环境部、国家统计局《关于发布2023年电力二氧化碳排放因子的公告》（公告2025年第47号）
制造业 > 其他有色金属冶炼和压延加工企业 > 净购入电力与热力 > 电力消费 > 电力平均二氧化碳排放因子 > 省级电力平均二氧化碳排放因子,省级电力平均二氧化碳排放因子,天津,0.6796,2023年因子 (kgCO₂/kWh),本土化数据，数据来源于生态环境部、国家统计局《关于发布2023年电力二氧化碳排放因子的公告》（公告2025年第47号）
制造业 > 其他有色金属冶炼和压延加工企业 > 净购入电力与热力 > 电力消费 > 电力平均二氧化碳排放因子 > 省级电力平均二氧化碳排放因子,省级电力平均二氧化碳排放因子,河北,0.6516,2023年因子 (kgCO₂/kWh),本土化数据，数据来源于生态环境部、国家统计局《关于发布2023年电力二氧化碳排放因子的公告》（公告2025年第47号）
制造业 > 其他有色金属冶炼和压延加工企业 > 净购入电力与热力 > 电力消费 > 电力平均二氧化碳排放因子 > 省级电力平均二氧化碳排放因子,省级电力平均二氧化碳排放因子,山西,0.6634,2023年因子 (kgCO₂/kWh),本土化数据，数据来源于生态环境部、国家统计局《关于发布2023年电力二氧化碳排放因子的公告》（公告2025年第47号）
制造业 > 其他有色金属冶炼和压延加工企业 > 净购入电力与热力 > 电力消费 > 电力平均二氧化碳排放因子 > 省级电力平均二氧化碳排放因子,省级电力平均二氧化碳排放因子,内蒙古,0.6479,2023年因子 (kgCO₂/kWh),本土化数据，数据来源于生态环境部、国家统计局《关于发布2023年电力二氧化碳排放因子的公告》（公告2025年第47号）
制造业 > 其他有色金属冶炼和压延加工企业 > 净购入电力与热力 > 电力消费 > 电力平均二氧化碳排放因子 > 省级电力平均二氧化碳排放因子,省级电力平均二氧化碳排放因子,辽宁,0.4878,2023年因子 (kgCO₂/kWh),本土化数据，数据来源于生态环境部、国家统计局《关于发布2023年电力二氧化碳排放因子的公告》（公告2025年第47号）
制造业 > 其他有色金属冶炼和压延加工企业 > 净购入电力与热力 > 电力消费 > 电力平均二氧化碳排放因子 > 省级电力平均二氧化碳排放因子,省级电力平均二氧化碳排放因子,吉林,0.4671,2023年因子 (kgCO₂/kWh),本土化数据，数据来源于生态环境部、国家统计局《关于发布2023年电力二氧化碳排放因子的公告》（公告2025年第47号）
制造业 > 其他有色金属冶炼和压延加工企业 > 净购入电力与热力 > 电力消费 > 电力平均二氧化碳排放因子 > 省级电力平均二氧化碳排放因子,省级电力平均二氧化碳排放因子,黑龙江,0.5229,2023年因子 (kgCO₂/kWh),本土化数据，数据来源于生态环境部、国家统计局《关于发布2023年电力二氧化碳排放因子的公告》（公告2025年第47号）
制造业 > 其他有色金属冶炼和压延加工企业 > 净购入电力与热力 > 电力消费 > 电力平均二氧化碳排放因子 > 省级电力平均二氧化碳排放因子,省级电力平均二氧化碳排放因子,上海,0.5737,2023年因子 (kgCO₂/kWh),本土化数据，数据来源于生态环境部、国家统计局《关于发布2023年电力二氧化碳排放因子的公告》（公告2025年第47号）
制造业 > 其他有色金属冶炼和压延加工企业 > 净购入电力与热力 > 电力消费 > 电力平均二氧化碳排放因子 > 省级电力平均二氧化碳排放因子,省级电力平均二氧化碳排放因子,江苏,0.5827,2023年因子 (kgCO₂/kWh),本土化数据，数据来源于生态环境部、国家统计局《关于发布2023年电力二氧化碳排放因子的公告》（公告2025年第47号）
制造业 > 其他有色金属冶炼和压延加工企业 > 净购入电力与热力 > 电力消费 > 电力平均二氧化碳排放因子 > 省级电力平均二氧化碳排放因子,省级电力平均二氧化碳排放因子,浙江,0.4974,2023年因子 (kgCO₂/kWh),本土化数据，数据来源于生态环境部、国家统计局《关于发布2023年电力二氧化碳排放因子的公告》（公告2025年第47号）
制造业 > 其他有色金属冶炼和压延加工企业 > 净购入电力与热力 > 电力消费 > 电力平均二氧化碳排放因子 > 省级电力平均二氧化碳排放因子,省级电力平均二氧化碳排放因子,安徽,0.6553,2023年因子 (kgCO₂/kWh),本土化数据，数据来源于生态环境部、国家统计局《关于发布2023年电力二氧化碳排放因子的公告》（公告2025年第47号）
制造业 > 其他有色金属冶炼和压延加工企业 > 净购入电力与热力 > 电力消费 > 电力平均二氧化碳排放因子 > 省级电力平均二氧化碳排放因子,省级电力平均二氧化碳排放因子,福建,0.4211,2023年因子 (kgCO₂/kWh),本土化数据，数据来源于生态环境部、国家统计局《关于发布2023年电力二氧化碳排放因子的公告》（公告2025年第47号）
制造业 > 其他有色金属冶炼和压延加工企业 > 净购入电力与热力 > 电力消费 > 电力平均二氧化碳排放因子 > 省级电力平均二氧化碳排放因子,省级电力平均二氧化碳排放因子,江西,0.5836,2023年因子 (kgCO₂/kWh),本土化数据，数据来源于生态环境部、国家统计局《关于发布2023年电力二氧化碳排放因子的公告》（公告2025年第47号）
制造业 > 其他有色金属冶炼和压延加工企业 > 净购入电力与热力 > 电力消费 > 电力平均二氧化碳排放因子 > 省级电力平均二氧化碳排放因子,省级电力平均二氧化碳排放因子,山东,0.6191,2023年因子 (kgCO₂/kWh),本土化数据，数据来源于生态环境部、国家统计局《关于发布2023年电力二氧化碳排放因子的公告》（公告2025年第47号）
制造业 > 其他有色金属冶炼和压延加工企业 > 净购入电力与热力 > 电力消费 > 电力平均二氧化碳排放因子 > 省级电力平均二氧化碳排放因子,省级电力平均二氧化碳排放因子,河南,0.5897,2023年因子 (kgCO₂/kWh),本土化数据，数据来源于生态环境部、国家统计局《关于发布2023年电力二氧化碳排放因子的公告》（公告2025年第47号）
制造业 > 其他有色金属冶炼和压延加工企业 > 净购入电力与热力 > 电力消费 > 电力平均二氧化碳排放因子 > 省级电力平均二氧化碳排放因子,省级电力平均二氧化碳排放因子,湖北,0.4044,2023年因子 (kgCO₂/kWh),本土化数据，数据来源于生态环境部、国家统计局《关于发布2023年电力二氧化碳排放因子的公告》（公告2025年第47号）
制造业 > 其他有色金属冶炼和压延加工企业 > 净购入电力与热力 > 电力消费 > 电力平均二氧化碳排放因子 > 省级电力平均二氧化碳排放因子,省级电力平均二氧化碳排放因子,湖南,0.4976,2023年因子 (kgCO₂/kWh),本土化数据，数据来源于生态环境部、国家统计局《关于发布2023年电力二氧化碳排放因子的公告》（公告2025年第47号）
制造业 > 其他有色金属冶炼和压延加工企业 > 净购入电力与热力 > 电力消费 > 电力平均二氧化碳排放因子 > 省级电力平均二氧化碳排放因子,省级电力平均二氧化碳排放因子,广东,0.4419,2023年因子 (kgCO₂/kWh),本土化数据，数据来源于生态环境部、国家统计局《关于发布2023年电力二氧化碳排放因子的公告》（公告2025年第47号）
制造业 > 其他有色金属冶炼和压延加工企业 > 净购入电力与热力 > 电力消费 > 电力平均二氧化碳排放因子 > 省级电力平均二氧化碳排放因子,省级电力平均二氧化碳排放因子,广西,0.4476,2023年因子 (kgCO₂/kWh),本土化数据，数据来源于生态环境部、国家统计局《关于发布2023年电力二氧化碳排放因子的公告》（公告2025年第47号）
制造业 > 其他有色金属冶炼和压延加工企业 > 净购入电力与热力 > 电力消费 > 电力平均二氧化碳排放因子 > 省级电力平均二氧化碳排放因子,省级电力平均二氧化碳排放因子,海南,0.3648,2023年因子 (kgCO₂/kWh),本土化数据，数据来源于生态环境部、国家统计局《关于发布2023年电力二氧化碳排放因子的公告》（公告2025年第47号）
制造业 > 其他有色金属冶炼和压延加工企业 > 净购入电力与热力 > 电力消费 > 电力平均二氧化碳排放因子 > 省级电力平均二氧化碳排放因子,省级电力平均二氧化碳排放因子,重庆,0.5581,2023年因子 (kgCO₂/kWh),本土化数据，数据来源于生态环境部、国家统计局《关于发布2023年电力二氧化碳排放因子的公告》（公告2025年第47号）
制造业 > 其他有色金属冶炼和压延加工企业 > 净购入电力与热力 > 电力消费 > 电力平均二氧化碳排放因子 > 省级电力平均二氧化碳排放因子,省级电力平均二氧化碳排放因子,四川,0.1564,2023年因子 (kgCO₂/kWh),本土化数据，数据来源于生态环境部、国家统计局《关于发布2023年电力二氧化碳排放因子的公告》（公告2025年第47号）
制造业 > 其他有色金属冶炼和压延加工企业 > 净购入电力与热力 > 电力消费 > 电力平均二氧化碳排放因子 > 省级电力平均二氧化碳排放因子,省级电力平均二氧化碳排放因子,贵州,0.5683,2023年因子 (kgCO₂/kWh),本土化数据，数据来源于生态环境部、国家统计局《关于发布2023年电力二氧化碳排放因子的公告》（公告2025年第47号）
制造业 > 其他有色金属冶炼和压延加工企业 > 净购入电力与热力 > 电力消费 > 电力平均二氧化碳排放因子 > 省级电力平均二氧化碳排放因子,省级电力平均二氧化碳排放因子,云南,0.1333,2023年因子 (kgCO₂/kWh),本土化数据，数据来源于生态环境部、国家统计局《关于发布2023年电力二氧化碳排放因子的公告》（公告2025年第47号）
制造业 > 其他有色金属冶炼和压延加工企业 > 净购入电力与热力 > 电力消费 > 电力平均二氧化碳排放因子 > 省级电力平均二氧化碳排放因子,省级电力平均二氧化碳排放因子,陕西,0.6335,2023年因子 (kgCO₂/kWh),本土化数据，数据来源于生态环境部、国家统计局《关于发布2023年电力二氧化碳排放因子的公告》（公告2025年第47号）
制造业 > 其他有色金属冶炼和压延加工企业 > 净购入电力与热力 > 电力消费 > 电力平均二氧化碳排放因子 > 省级电力平均二氧化碳排放因子,省级电力平均二氧化碳排放因子,甘肃,0.4471,2023年因子 (kgCO₂/kWh),本土化数据，数据来源于生态环境部、国家统计局《关于发布2023年电力二氧化碳排放因子的公告》（公告2025年第47号）
制造业 > 其他有色金属冶炼和压延加工企业 > 净购入电力与热力 > 电力消费 > 电力平均二氧化碳排放因子 > 省级电力平均二氧化碳排放因子,省级电力平均二氧化碳排放因子,青海,0.1796,2023年因子 (kgCO₂/kWh),本土化数据，数据来源于生态环境部、国家统计局《关于发布2023年电力二氧化碳排放因子的公告》（公告2025年第47号）
制造业 > 其他有色金属冶炼和压延加工企业 > 净购入电力与热力 > 电力消费 > 电力平均二氧化碳排放因子 > 省级电力平均二氧化碳排放因子,省级电力平均二氧化碳排放因子,宁夏,0.6187,2023年因子 (kgCO₂/kWh),本土化数据，数据来源于生态环境部、国家统计局《关于发布2023年电力二氧化碳排放因子的公告》（公告2025年第47号）
制造业 > 其他有色金属冶炼和压延加工企业 > 净购入电力与热力 > 电力消费 > 电力平均二氧化碳排放因子 > 省级电力平均二氧化碳排放因子,省级电力平均二氧化碳排放因子,新疆,0.6021,2023年因子 (kgCO₂/kWh),本土化数据，数据来源于生态环境部、国家统计局《关于发布2023年电力二氧化碳排放因子的公告》（公告2025年第47号）
制造业 > 其他有色金属冶炼和压延加工企业 > 净购入电力与热力 > 电力消费 > 电力平均二氧化碳排放因子（不包括市场化交易的非化石能源电量） > 全国电力平均二氧化碳排放因子（不包括市场化交易的非化石能源电量）,全国电力平均二氧化碳排放因子（不包括市场化交易的非化石能源电量）,全国,0.6096,2023年因子 (kgCO₂/kWh),本土化数据，数据来源于生态环境部、国家统计局《关于发布2023年电力二氧化碳排放因子的公告》（公告2025年第47号）
制造业 > 其他有色金属冶炼和压延加工企业 > 净购入电力与热力 > 电力消费 > 化石能源电力二氧化碳排放因子 > 全国化石能源电力二氧化碳排放因子,全国化石能源电力二氧化碳排放因子,全国,0.8273,2023年因子 (kgCO₂/kWh),本土化数据，数据来源于生态环境部、国家统计局《关于发布2023年电力二氧化碳排放因子的公告》（公告2025年第47号）
制造业 > 工业其他行业 > 燃料燃烧 > 化石燃料燃烧 > 煤炭 > 二氧化碳,二氧化碳,无烟煤,98.3,因子  (tCO₂/TJ),"数据来源于《2006年IPCC清单指南》
"
制造业 > 工业其他行业 > 燃料燃烧 > 化石燃料燃烧 > 煤炭 > 二氧化碳,二氧化碳,炼焦烟煤,94.6,因子  (tCO₂/TJ),数据来源于《2006年IPCC清单指南》
制造业 > 工业其他行业 > 燃料燃烧 > 化石燃料燃烧 > 煤炭 > 二氧化碳,二氧化碳,一般烟煤,94.6,因子  (tCO₂/TJ),数据来源于《2006年IPCC清单指南》
制造业 > 工业其他行业 > 燃料燃烧 > 化石燃料燃烧 > 煤炭 > 二氧化碳,二氧化碳,褐煤,101.2,因子  (tCO₂/TJ),数据来源于《2006年IPCC清单指南》
制造业 > 工业其他行业 > 燃料燃烧 > 化石燃料燃烧 > 煤炭 > 二氧化碳,二氧化碳,煤制品,97.5,因子  (tCO₂/TJ),数据来源于《2006年IPCC清单指南》
制造业 > 工业其他行业 > 燃料燃烧 > 化石燃料燃烧 > 煤炭 > 二氧化碳,二氧化碳,焦炭,107.1,因子  (tCO₂/TJ),数据来源于《2006年IPCC清单指南》
制造业 > 工业其他行业 > 燃料燃烧 > 化石燃料燃烧 > 煤炭 > 二氧化碳,二氧化碳,焦炉煤气,44.4,因子  (tCO₂/TJ),数据来源于《2006年IPCC清单指南》
制造业 > 工业其他行业 > 燃料燃烧 > 化石燃料燃烧 > 煤炭 > 二氧化碳,二氧化碳,高炉煤气,259.6,因子  (tCO₂/TJ),数据来源于《2006年IPCC清单指南》
制造业 > 工业其他行业 > 燃料燃烧 > 化石燃料燃烧 > 煤炭 > 二氧化碳,二氧化碳,转炉煤气,181.9,因子  (tCO₂/TJ),数据来源于《2006年IPCC清单指南》
制造业 > 工业其他行业 > 燃料燃烧 > 化石燃料燃烧 > 煤炭 > 二氧化碳,二氧化碳,其他煤气,44.4,因子  (tCO₂/TJ),数据来源于《2006年IPCC清单指南》
制造业 > 工业其他行业 > 燃料燃烧 > 化石燃料燃烧 > 煤炭 > 甲烷,甲烷,无烟煤,10,因子 (kgCH₄/TJ),数据来源于《2006年IPCC清单指南》	
制造业 > 工业其他行业 > 燃料燃烧 > 化石燃料燃烧 > 煤炭 > 甲烷,甲烷,炼焦烟煤,10,因子 (kgCH₄/TJ),数据来源于《2006年IPCC清单指南》	
制造业 > 工业其他行业 > 燃料燃烧 > 化石燃料燃烧 > 煤炭 > 甲烷,甲烷,一般烟煤,10,因子 (kgCH₄/TJ),数据来源于《2006年IPCC清单指南》	
制造业 > 工业其他行业 > 燃料燃烧 > 化石燃料燃烧 > 煤炭 > 甲烷,甲烷,褐煤,10,因子 (kgCH₄/TJ),数据来源于《2006年IPCC清单指南》	
制造业 > 工业其他行业 > 燃料燃烧 > 化石燃料燃烧 > 煤炭 > 甲烷,甲烷,煤制品,10,因子 (kgCH₄/TJ),数据来源于《2006年IPCC清单指南》	
制造业 > 工业其他行业 > 燃料燃烧 > 化石燃料燃烧 > 煤炭 > 甲烷,甲烷,焦炭,10,因子 (kgCH₄/TJ),数据来源于《2006年IPCC清单指南》	
制造业 > 工业其他行业 > 燃料燃烧 > 化石燃料燃烧 > 煤炭 > 甲烷,甲烷,焦炉煤气,1,因子 (kgCH₄/TJ),数据来源于《2006年IPCC清单指南》	
制造业 > 工业其他行业 > 燃料燃烧 > 化石燃料燃烧 > 煤炭 > 甲烷,甲烷,高炉煤气,1,因子 (kgCH₄/TJ),数据来源于《2006年IPCC清单指南》	
制造业 > 工业其他行业 > 燃料燃烧 > 化石燃料燃烧 > 煤炭 > 甲烷,甲烷,转炉煤气,1,因子 (kgCH₄/TJ),数据来源于《2006年IPCC清单指南》	
制造业 > 工业其他行业 > 燃料燃烧 > 化石燃料燃烧 > 煤炭 > 甲烷,甲烷,其他煤气,1,因子 (kgCH₄/TJ),数据来源于《2006年IPCC清单指南》	
制造业 > 工业其他行业 > 燃料燃烧 > 化石燃料燃烧 > 煤炭 > 氧化亚氮,氧化亚氮,无烟煤,1.5,因子 (kgN₂O/TJ),数据来源于《2006年IPCC清单指南》	
制造业 > 工业其他行业 > 燃料燃烧 > 化石燃料燃烧 > 煤炭 > 氧化亚氮,氧化亚氮,炼焦烟煤,1.5,因子 (kgN₂O/TJ),数据来源于《2006年IPCC清单指南》	
制造业 > 工业其他行业 > 燃料燃烧 > 化石燃料燃烧 > 煤炭 > 氧化亚氮,氧化亚氮,一般烟煤,1.5,因子 (kgN₂O/TJ),数据来源于《2006年IPCC清单指南》	
制造业 > 工业其他行业 > 燃料燃烧 > 化石燃料燃烧 > 煤炭 > 氧化亚氮,氧化亚氮,褐煤,1.5,因子 (kgN₂O/TJ),数据来源于《2006年IPCC清单指南》	
制造业 > 工业其他行业 > 燃料燃烧 > 化石燃料燃烧 > 煤炭 > 氧化亚氮,氧化亚氮,煤制品,1.5,因子 (kgN₂O/TJ),数据来源于《2006年IPCC清单指南》	
制造业 > 工业其他行业 > 燃料燃烧 > 化石燃料燃烧 > 煤炭 > 氧化亚氮,氧化亚氮,焦炭,1.5,因子 (kgN₂O/TJ),数据来源于《2006年IPCC清单指南》	
制造业 > 工业其他行业 > 燃料燃烧 > 化石燃料燃烧 > 煤炭 > 氧化亚氮,氧化亚氮,焦炉煤气,0.1,因子 (kgN₂O/TJ),数据来源于《2006年IPCC清单指南》	
制造业 > 工业其他行业 > 燃料燃烧 > 化石燃料燃烧 > 煤炭 > 氧化亚氮,氧化亚氮,高炉煤气,0.1,因子 (kgN₂O/TJ),数据来源于《2006年IPCC清单指南》	
制造业 > 工业其他行业 > 燃料燃烧 > 化石燃料燃烧 > 煤炭 > 氧化亚氮,氧化亚氮,转炉煤气,0.1,因子 (kgN₂O/TJ),数据来源于《2006年IPCC清单指南》	
制造业 > 工业其他行业 > 燃料燃烧 > 化石燃料燃烧 > 煤炭 > 氧化亚氮,氧化亚氮,其他煤气,0.1,因子 (kgN₂O/TJ),数据来源于《2006年IPCC清单指南》	
制造业 > 工业其他行业 > 燃料燃烧 > 化石燃料燃烧 > 石油 > 二氧化碳,二氧化碳,原油,73.3,因子  (tCO₂/TJ),数据来源于《2006年IPCC清单指南》
制造业 > 工业其他行业 > 燃料燃烧 > 化石燃料燃烧 > 石油 > 二氧化碳,二氧化碳,汽油,69.3,因子  (tCO₂/TJ),数据来源于《2006年IPCC清单指南》
制造业 > 工业其他行业 > 燃料燃烧 > 化石燃料燃烧 > 石油 > 二氧化碳,二氧化碳,煤油,71.9,因子  (tCO₂/TJ),数据来源于《2006年IPCC清单指南》
制造业 > 工业其他行业 > 燃料燃烧 > 化石燃料燃烧 > 石油 > 二氧化碳,二氧化碳,柴油,74.1,因子  (tCO₂/TJ),数据来源于《2006年IPCC清单指南》
制造业 > 工业其他行业 > 燃料燃烧 > 化石燃料燃烧 > 石油 > 二氧化碳,二氧化碳,燃料油,77.4,因子  (tCO₂/TJ),数据来源于《2006年IPCC清单指南》
制造业 > 工业其他行业 > 燃料燃烧 > 化石燃料燃烧 > 石油 > 二氧化碳,二氧化碳,石脑油,73.3,因子  (tCO₂/TJ),数据来源于《2006年IPCC清单指南》
制造业 > 工业其他行业 > 燃料燃烧 > 化石燃料燃烧 > 石油 > 二氧化碳,二氧化碳,润滑油,73.3,因子  (tCO₂/TJ),数据来源于《2006年IPCC清单指南》
制造业 > 工业其他行业 > 燃料燃烧 > 化石燃料燃烧 > 石油 > 二氧化碳,二氧化碳,石蜡,73.3,因子  (tCO₂/TJ),数据来源于《2006年IPCC清单指南》
制造业 > 工业其他行业 > 燃料燃烧 > 化石燃料燃烧 > 石油 > 二氧化碳,二氧化碳,溶剂油,73.3,因子  (tCO₂/TJ),数据来源于《2006年IPCC清单指南》
制造业 > 工业其他行业 > 燃料燃烧 > 化石燃料燃烧 > 石油 > 二氧化碳,二氧化碳,石油沥青,80.7,因子  (tCO₂/TJ),数据来源于《2006年IPCC清单指南》
制造业 > 工业其他行业 > 燃料燃烧 > 化石燃料燃烧 > 石油 > 二氧化碳,二氧化碳,石油焦,97.5,因子  (tCO₂/TJ),数据来源于《2006年IPCC清单指南》
制造业 > 工业其他行业 > 燃料燃烧 > 化石燃料燃烧 > 石油 > 二氧化碳,二氧化碳,液化石油气,63.1,因子  (tCO₂/TJ),数据来源于《2006年IPCC清单指南》
制造业 > 工业其他行业 > 燃料燃烧 > 化石燃料燃烧 > 石油 > 二氧化碳,二氧化碳,炼厂干气,57.6,因子  (tCO₂/TJ),数据来源于《2006年IPCC清单指南》
制造业 > 工业其他行业 > 燃料燃烧 > 化石燃料燃烧 > 石油 > 二氧化碳,二氧化碳,其他石油制品,73.3,因子  (tCO₂/TJ),数据来源于《2006年IPCC清单指南》
制造业 > 工业其他行业 > 燃料燃烧 > 化石燃料燃烧 > 石油 > 甲烷,甲烷,原油,3,因子 (kgCH₄/TJ),数据来源于《2006年IPCC清单指南》	
制造业 > 工业其他行业 > 燃料燃烧 > 化石燃料燃烧 > 石油 > 甲烷,甲烷,汽油,3,因子 (kgCH₄/TJ),数据来源于《2006年IPCC清单指南》	
制造业 > 工业其他行业 > 燃料燃烧 > 化石燃料燃烧 > 石油 > 甲烷,甲烷,煤油,3,因子 (kgCH₄/TJ),数据来源于《2006年IPCC清单指南》	
制造业 > 工业其他行业 > 燃料燃烧 > 化石燃料燃烧 > 石油 > 甲烷,甲烷,柴油,3,因子 (kgCH₄/TJ),数据来源于《2006年IPCC清单指南》	
制造业 > 工业其他行业 > 燃料燃烧 > 化石燃料燃烧 > 石油 > 甲烷,甲烷,燃料油,3,因子 (kgCH₄/TJ),数据来源于《2006年IPCC清单指南》	
制造业 > 工业其他行业 > 燃料燃烧 > 化石燃料燃烧 > 石油 > 甲烷,甲烷,石脑油,3,因子 (kgCH₄/TJ),数据来源于《2006年IPCC清单指南》	
制造业 > 工业其他行业 > 燃料燃烧 > 化石燃料燃烧 > 石油 > 甲烷,甲烷,润滑油,3,因子 (kgCH₄/TJ),数据来源于《2006年IPCC清单指南》	
制造业 > 工业其他行业 > 燃料燃烧 > 化石燃料燃烧 > 石油 > 甲烷,甲烷,石蜡,3,因子 (kgCH₄/TJ),数据来源于《2006年IPCC清单指南》	
制造业 > 工业其他行业 > 燃料燃烧 > 化石燃料燃烧 > 石油 > 甲烷,甲烷,溶剂油,3,因子 (kgCH₄/TJ),数据来源于《2006年IPCC清单指南》	
制造业 > 工业其他行业 > 燃料燃烧 > 化石燃料燃烧 > 石油 > 甲烷,甲烷,石油沥青,3,因子 (kgCH₄/TJ),数据来源于《2006年IPCC清单指南》	
制造业 > 工业其他行业 > 燃料燃烧 > 化石燃料燃烧 > 石油 > 甲烷,甲烷,石油焦,3,因子 (kgCH₄/TJ),数据来源于《2006年IPCC清单指南》	
制造业 > 工业其他行业 > 燃料燃烧 > 化石燃料燃烧 > 石油 > 甲烷,甲烷,液化石油气,1,因子 (kgCH₄/TJ),数据来源于《2006年IPCC清单指南》	
制造业 > 工业其他行业 > 燃料燃烧 > 化石燃料燃烧 > 石油 > 甲烷,甲烷,炼厂干气,1,因子 (kgCH₄/TJ),数据来源于《2006年IPCC清单指南》	
制造业 > 工业其他行业 > 燃料燃烧 > 化石燃料燃烧 > 石油 > 甲烷,甲烷,其他石油制品,3,因子 (kgCH₄/TJ),数据来源于《2006年IPCC清单指南》	
制造业 > 工业其他行业 > 燃料燃烧 > 化石燃料燃烧 > 石油 > 氧化亚氮,氧化亚氮,原油,0.6,因子 (kgN₂O/TJ),"数据来源于《2006年IPCC清单指南》
"
制造业 > 工业其他行业 > 燃料燃烧 > 化石燃料燃烧 > 石油 > 氧化亚氮,氧化亚氮,汽油,0.6,因子 (kgN₂O/TJ),"数据来源于《2006年IPCC清单指南》
"
制造业 > 工业其他行业 > 燃料燃烧 > 化石燃料燃烧 > 石油 > 氧化亚氮,氧化亚氮,煤油,0.6,因子 (kgN₂O/TJ),"数据来源于《2006年IPCC清单指南》
"
制造业 > 工业其他行业 > 燃料燃烧 > 化石燃料燃烧 > 石油 > 氧化亚氮,氧化亚氮,柴油,0.6,因子 (kgN₂O/TJ),"数据来源于《2006年IPCC清单指南》
"
制造业 > 工业其他行业 > 燃料燃烧 > 化石燃料燃烧 > 石油 > 氧化亚氮,氧化亚氮,燃料油,0.6,因子 (kgN₂O/TJ),"数据来源于《2006年IPCC清单指南》
"
制造业 > 工业其他行业 > 燃料燃烧 > 化石燃料燃烧 > 石油 > 氧化亚氮,氧化亚氮,石脑油,0.6,因子 (kgN₂O/TJ),"数据来源于《2006年IPCC清单指南》
"
制造业 > 工业其他行业 > 燃料燃烧 > 化石燃料燃烧 > 石油 > 氧化亚氮,氧化亚氮,润滑油,0.6,因子 (kgN₂O/TJ),"数据来源于《2006年IPCC清单指南》
"
制造业 > 工业其他行业 > 燃料燃烧 > 化石燃料燃烧 > 石油 > 氧化亚氮,氧化亚氮,石蜡,0.6,因子 (kgN₂O/TJ),"数据来源于《2006年IPCC清单指南》
"
制造业 > 工业其他行业 > 燃料燃烧 > 化石燃料燃烧 > 石油 > 氧化亚氮,氧化亚氮,溶剂油,0.6,因子 (kgN₂O/TJ),"数据来源于《2006年IPCC清单指南》
"
制造业 > 工业其他行业 > 燃料燃烧 > 化石燃料燃烧 > 石油 > 氧化亚氮,氧化亚氮,石油沥青,0.6,因子 (kgN₂O/TJ),"数据来源于《2006年IPCC清单指南》
"
制造业 > 工业其他行业 > 燃料燃烧 > 化石燃料燃烧 > 石油 > 氧化亚氮,氧化亚氮,石油焦,0.6,因子 (kgN₂O/TJ),"数据来源于《2006年IPCC清单指南》
"
制造业 > 工业其他行业 > 燃料燃烧 > 化石燃料燃烧 > 石油 > 氧化亚氮,氧化亚氮,液化石油气,0.1,因子 (kgN₂O/TJ),"数据来源于《2006年IPCC清单指南》
"
制造业 > 工业其他行业 > 燃料燃烧 > 化石燃料燃烧 > 石油 > 氧化亚氮,氧化亚氮,炼厂干气,0.1,因子 (kgN₂O/TJ),"数据来源于《2006年IPCC清单指南》
"
制造业 > 工业其他行业 > 燃料燃烧 > 化石燃料燃烧 > 石油 > 氧化亚氮,氧化亚氮,其他石油制品,0.6,因子 (kgN₂O/TJ),"数据来源于《2006年IPCC清单指南》
"
制造业 > 工业其他行业 > 燃料燃烧 > 化石燃料燃烧 > 天然气 > 二氧化碳 > 天然气,天然气,天然气,57.2,因子  (tCO₂/TJ),本土化数据，油气企业抽样实测数据
制造业 > 工业其他行业 > 燃料燃烧 > 化石燃料燃烧 > 天然气 > 二氧化碳 > 液化天然气,液化天然气,液化天然气,56.8,因子  (tCO₂/TJ),本土化数据，油气企业抽样实测数据
制造业 > 工业其他行业 > 燃料燃烧 > 化石燃料燃烧 > 天然气 > 甲烷,甲烷,天然气,1,因子 (kgCH₄/TJ),数据来源于《2006年IPCC清单指南》
制造业 > 工业其他行业 > 燃料燃烧 > 化石燃料燃烧 > 天然气 > 氧化亚氮,氧化亚氮,天然气,0.1,因子 (kgN₂O/TJ),数据来源于《2006年IPCC清单指南》
制造业 > 工业其他行业 > 燃料燃烧 > 生物质燃料燃烧 > 二氧化碳,二氧化碳,农业废弃物,100000,因子  (kgCO₂/TJ),数据来源于《2006年IPCC清单指南》
制造业 > 工业其他行业 > 燃料燃烧 > 生物质燃料燃烧 > 二氧化碳,二氧化碳,薪柴,112000,因子  (kgCO₂/TJ),数据来源于《2006年IPCC清单指南》
制造业 > 工业其他行业 > 燃料燃烧 > 生物质燃料燃烧 > 二氧化碳,二氧化碳,木炭,112000,因子  (kgCO₂/TJ),数据来源于《2006年IPCC清单指南》
制造业 > 工业其他行业 > 燃料燃烧 > 生物质燃料燃烧 > 二氧化碳,二氧化碳,动物粪便,100000,因子  (kgCO₂/TJ),数据来源于《2006年IPCC清单指南》
制造业 > 工业其他行业 > 燃料燃烧 > 生物质燃料燃烧 > 二氧化碳,二氧化碳,沼气,54600,因子  (kgCO₂/TJ),数据来源于《2006年IPCC清单指南》
制造业 > 工业其他行业 > 燃料燃烧 > 生物质燃料燃烧 > 二氧化碳,二氧化碳,其他生物气体,54600,因子  (kgCO₂/TJ),数据来源于《2006年IPCC清单指南》
制造业 > 工业其他行业 > 燃料燃烧 > 生物质燃料燃烧 > 二氧化碳,二氧化碳,城市生活垃圾(生物成因),100000,因子  (kgCO₂/TJ),数据来源于《2006年IPCC清单指南》
制造业 > 工业其他行业 > 燃料燃烧 > 生物质燃料燃烧 > 二氧化碳,二氧化碳,生物汽油,70800,因子  (kgCO₂/TJ),数据来源于《2006年IPCC清单指南》
制造业 > 工业其他行业 > 燃料燃烧 > 生物质燃料燃烧 > 二氧化碳,二氧化碳,生物柴油,70800,因子  (kgCO₂/TJ),数据来源于《2006年IPCC清单指南》
制造业 > 工业其他行业 > 燃料燃烧 > 生物质燃料燃烧 > 二氧化碳,二氧化碳,其他液体生物质燃料,79600,因子  (kgCO₂/TJ),数据来源于《2006年IPCC清单指南》
制造业 > 工业其他行业 > 工业生产过程和产品使用 > 碳酸盐使用过程,碳酸盐使用过程,方解石、文石和石灰石(CaCO₃),0.44,因子 tCO₂/t碳酸盐,分子式质量比值，属于理论值
制造业 > 工业其他行业 > 工业生产过程和产品使用 > 碳酸盐使用过程,碳酸盐使用过程,菱镁石(MgCO₃),0.522,因子 tCO₂/t碳酸盐,分子式质量比值，属于理论值
制造业 > 工业其他行业 > 工业生产过程和产品使用 > 碳酸盐使用过程,碳酸盐使用过程,碳酸钠或纯碱(Na₂CO₃),0.415,因子 tCO₂/t碳酸盐,分子式质量比值，属于理论值
制造业 > 工业其他行业 > 工业生产过程和产品使用 > 碳酸盐使用过程,碳酸盐使用过程,碳酸氢钠(NaHCO₃),0.524,因子 tCO₂/t碳酸盐,分子式质量比值，属于理论值
制造业 > 工业其他行业 > 工业生产过程和产品使用 > 碳酸盐使用过程,碳酸盐使用过程,菱铁矿或碳酸铁(FeCO₃),0.38,因子 tCO₂/t碳酸盐,分子式质量比值，属于理论值
制造业 > 工业其他行业 > 工业生产过程和产品使用 > 碳酸盐使用过程,碳酸盐使用过程,菱锰矿(MnCO₃),0.383,因子 tCO₂/t碳酸盐,分子式质量比值，属于理论值
制造业 > 工业其他行业 > 工业生产过程和产品使用 > 碳酸盐使用过程,碳酸盐使用过程,碳酸钡(BaCO₃),0.223,因子 tCO₂/t碳酸盐,分子式质量比值，属于理论值
制造业 > 工业其他行业 > 工业生产过程和产品使用 > 碳酸盐使用过程,碳酸盐使用过程,碳酸锂(Li₂CO₃),0.595,因子 tCO₂/t碳酸盐,分子式质量比值，属于理论值
制造业 > 工业其他行业 > 工业生产过程和产品使用 > 碳酸盐使用过程,碳酸盐使用过程,碳酸钾(K₂CO₃),0.318,因子 tCO₂/t碳酸盐,分子式质量比值，属于理论值
制造业 > 工业其他行业 > 工业生产过程和产品使用 > 碳酸盐使用过程,碳酸盐使用过程,碳酸锶(SrCO₃),0.298,因子 tCO₂/t碳酸盐,分子式质量比值，属于理论值
制造业 > 工业其他行业 > 工业生产过程和产品使用 > 碳酸盐使用过程,碳酸盐使用过程,白云石(CaMg(CO₃)₂),0.477,因子 tCO₂/t碳酸盐,分子式质量比值，属于理论值
制造业 > 工业其他行业 > 工业生产过程和产品使用 > 碳酸盐使用过程,碳酸盐使用过程,"铁白云石(Ca(Fe,Mg,Mn)(CO₃)₂)",0.40~0.48,因子 tCO₂/t碳酸盐,分子式质量比值，属于理论值
制造业 > 工业其他行业 > 废弃物处理处置 > 废水处理 > 工业废水,工业废水,海洋、河流或湖泊排放,0.025,因子 (kgCH₄/kgCOD),数据来源于《2006年IPCC清单指南》
制造业 > 工业其他行业 > 废弃物处理处置 > 废水处理 > 工业废水,工业废水,集中好氧处理设施(管理完善),0,因子 (kgCH₄/kgCOD),数据来源于《2006年IPCC清单指南》
制造业 > 工业其他行业 > 废弃物处理处置 > 废水处理 > 工业废水,工业废水,集中好氧处理设施(管理不完善，超负荷),0.075,因子 (kgCH₄/kgCOD),数据来源于《2006年IPCC清单指南》
制造业 > 工业其他行业 > 废弃物处理处置 > 废水处理 > 工业废水,工业废水,污泥厌氧消化池(未考虑甲烷回收),0.2,因子 (kgCH₄/kgCOD),数据来源于《2006年IPCC清单指南》
制造业 > 工业其他行业 > 废弃物处理处置 > 废水处理 > 工业废水,工业废水,厌氧反应器(未考虑甲烷回收),0.2,因子 (kgCH₄/kgCOD),数据来源于《2006年IPCC清单指南》
制造业 > 工业其他行业 > 废弃物处理处置 > 废水处理 > 工业废水,工业废水,浅厌氧塘(深度不足2米),0.05,因子 (kgCH₄/kgCOD),数据来源于《2006年IPCC清单指南》
制造业 > 工业其他行业 > 废弃物处理处置 > 废水处理 > 工业废水,工业废水,深厌氧塘(深度超过2米),0.2,因子 (kgCH₄/kgCOD),数据来源于《2006年IPCC清单指南》
制造业 > 工业其他行业 > 净购入电力与热力 > 电力消费 > 电力平均二氧化碳排放因子 > 全国电力平均二氧化碳排放因子,全国电力平均二氧化碳排放因子,全国,0.5306,2023年因子 (kgCO₂/kWh),本土化数据，数据来源于生态环境部、国家统计局《关于发布2023年电力二氧化碳排放因子的公告》（公告2025年第47号）
制造业 > 工业其他行业 > 净购入电力与热力 > 电力消费 > 电力平均二氧化碳排放因子 > 区域电力平均二氧化碳排放因子,区域电力平均二氧化碳排放因子,华北,0.6361,2023年因子 (kgCO₂/kWh),本土化数据，数据来源于生态环境部、国家统计局《关于发布2023年电力二氧化碳排放因子的公告》（公告2025年第47号）
制造业 > 工业其他行业 > 净购入电力与热力 > 电力消费 > 电力平均二氧化碳排放因子 > 区域电力平均二氧化碳排放因子,区域电力平均二氧化碳排放因子,东北,0.5122,2023年因子 (kgCO₂/kWh),本土化数据，数据来源于生态环境部、国家统计局《关于发布2023年电力二氧化碳排放因子的公告》（公告2025年第47号）
制造业 > 工业其他行业 > 净购入电力与热力 > 电力消费 > 电力平均二氧化碳排放因子 > 区域电力平均二氧化碳排放因子,区域电力平均二氧化碳排放因子,华东,0.55,2023年因子 (kgCO₂/kWh),本土化数据，数据来源于生态环境部、国家统计局《关于发布2023年电力二氧化碳排放因子的公告》（公告2025年第47号）
制造业 > 工业其他行业 > 净购入电力与热力 > 电力消费 > 电力平均二氧化碳排放因子 > 区域电力平均二氧化碳排放因子,区域电力平均二氧化碳排放因子,华中,0.5271,2023年因子 (kgCO₂/kWh),本土化数据，数据来源于生态环境部、国家统计局《关于发布2023年电力二氧化碳排放因子的公告》（公告2025年第47号）
制造业 > 工业其他行业 > 净购入电力与热力 > 电力消费 > 电力平均二氧化碳排放因子 > 区域电力平均二氧化碳排放因子,区域电力平均二氧化碳排放因子,西北,0.5543,2023年因子 (kgCO₂/kWh),本土化数据，数据来源于生态环境部、国家统计局《关于发布2023年电力二氧化碳排放因子的公告》（公告2025年第47号）
制造业 > 工业其他行业 > 净购入电力与热力 > 电力消费 > 电力平均二氧化碳排放因子 > 区域电力平均二氧化碳排放因子,区域电力平均二氧化碳排放因子,南方,0.4042,2023年因子 (kgCO₂/kWh),本土化数据，数据来源于生态环境部、国家统计局《关于发布2023年电力二氧化碳排放因子的公告》（公告2025年第47号）
制造业 > 工业其他行业 > 净购入电力与热力 > 电力消费 > 电力平均二氧化碳排放因子 > 区域电力平均二氧化碳排放因子,区域电力平均二氧化碳排放因子,西南,0.2472,2023年因子 (kgCO₂/kWh),本土化数据，数据来源于生态环境部、国家统计局《关于发布2023年电力二氧化碳排放因子的公告》（公告2025年第47号）
制造业 > 工业其他行业 > 净购入电力与热力 > 电力消费 > 电力平均二氧化碳排放因子 > 省级电力平均二氧化碳排放因子,省级电力平均二氧化碳排放因子,北京,0.5554,2023年因子 (kgCO₂/kWh),本土化数据，数据来源于生态环境部、国家统计局《关于发布2023年电力二氧化碳排放因子的公告》（公告2025年第47号）
制造业 > 工业其他行业 > 净购入电力与热力 > 电力消费 > 电力平均二氧化碳排放因子 > 省级电力平均二氧化碳排放因子,省级电力平均二氧化碳排放因子,天津,0.6796,2023年因子 (kgCO₂/kWh),本土化数据，数据来源于生态环境部、国家统计局《关于发布2023年电力二氧化碳排放因子的公告》（公告2025年第47号）
制造业 > 工业其他行业 > 净购入电力与热力 > 电力消费 > 电力平均二氧化碳排放因子 > 省级电力平均二氧化碳排放因子,省级电力平均二氧化碳排放因子,河北,0.6516,2023年因子 (kgCO₂/kWh),本土化数据，数据来源于生态环境部、国家统计局《关于发布2023年电力二氧化碳排放因子的公告》（公告2025年第47号）
制造业 > 工业其他行业 > 净购入电力与热力 > 电力消费 > 电力平均二氧化碳排放因子 > 省级电力平均二氧化碳排放因子,省级电力平均二氧化碳排放因子,山西,0.6634,2023年因子 (kgCO₂/kWh),本土化数据，数据来源于生态环境部、国家统计局《关于发布2023年电力二氧化碳排放因子的公告》（公告2025年第47号）
制造业 > 工业其他行业 > 净购入电力与热力 > 电力消费 > 电力平均二氧化碳排放因子 > 省级电力平均二氧化碳排放因子,省级电力平均二氧化碳排放因子,内蒙古,0.6479,2023年因子 (kgCO₂/kWh),本土化数据，数据来源于生态环境部、国家统计局《关于发布2023年电力二氧化碳排放因子的公告》（公告2025年第47号）
制造业 > 工业其他行业 > 净购入电力与热力 > 电力消费 > 电力平均二氧化碳排放因子 > 省级电力平均二氧化碳排放因子,省级电力平均二氧化碳排放因子,辽宁,0.4878,2023年因子 (kgCO₂/kWh),本土化数据，数据来源于生态环境部、国家统计局《关于发布2023年电力二氧化碳排放因子的公告》（公告2025年第47号）
制造业 > 工业其他行业 > 净购入电力与热力 > 电力消费 > 电力平均二氧化碳排放因子 > 省级电力平均二氧化碳排放因子,省级电力平均二氧化碳排放因子,吉林,0.4671,2023年因子 (kgCO₂/kWh),本土化数据，数据来源于生态环境部、国家统计局《关于发布2023年电力二氧化碳排放因子的公告》（公告2025年第47号）
制造业 > 工业其他行业 > 净购入电力与热力 > 电力消费 > 电力平均二氧化碳排放因子 > 省级电力平均二氧化碳排放因子,省级电力平均二氧化碳排放因子,黑龙江,0.5229,2023年因子 (kgCO₂/kWh),本土化数据，数据来源于生态环境部、国家统计局《关于发布2023年电力二氧化碳排放因子的公告》（公告2025年第47号）
制造业 > 工业其他行业 > 净购入电力与热力 > 电力消费 > 电力平均二氧化碳排放因子 > 省级电力平均二氧化碳排放因子,省级电力平均二氧化碳排放因子,上海,0.5737,2023年因子 (kgCO₂/kWh),本土化数据，数据来源于生态环境部、国家统计局《关于发布2023年电力二氧化碳排放因子的公告》（公告2025年第47号）
制造业 > 工业其他行业 > 净购入电力与热力 > 电力消费 > 电力平均二氧化碳排放因子 > 省级电力平均二氧化碳排放因子,省级电力平均二氧化碳排放因子,江苏,0.5827,2023年因子 (kgCO₂/kWh),本土化数据，数据来源于生态环境部、国家统计局《关于发布2023年电力二氧化碳排放因子的公告》（公告2025年第47号）
制造业 > 工业其他行业 > 净购入电力与热力 > 电力消费 > 电力平均二氧化碳排放因子 > 省级电力平均二氧化碳排放因子,省级电力平均二氧化碳排放因子,浙江,0.4974,2023年因子 (kgCO₂/kWh),本土化数据，数据来源于生态环境部、国家统计局《关于发布2023年电力二氧化碳排放因子的公告》（公告2025年第47号）
制造业 > 工业其他行业 > 净购入电力与热力 > 电力消费 > 电力平均二氧化碳排放因子 > 省级电力平均二氧化碳排放因子,省级电力平均二氧化碳排放因子,安徽,0.6553,2023年因子 (kgCO₂/kWh),本土化数据，数据来源于生态环境部、国家统计局《关于发布2023年电力二氧化碳排放因子的公告》（公告2025年第47号）
制造业 > 工业其他行业 > 净购入电力与热力 > 电力消费 > 电力平均二氧化碳排放因子 > 省级电力平均二氧化碳排放因子,省级电力平均二氧化碳排放因子,福建,0.4211,2023年因子 (kgCO₂/kWh),本土化数据，数据来源于生态环境部、国家统计局《关于发布2023年电力二氧化碳排放因子的公告》（公告2025年第47号）
制造业 > 工业其他行业 > 净购入电力与热力 > 电力消费 > 电力平均二氧化碳排放因子 > 省级电力平均二氧化碳排放因子,省级电力平均二氧化碳排放因子,江西,0.5836,2023年因子 (kgCO₂/kWh),本土化数据，数据来源于生态环境部、国家统计局《关于发布2023年电力二氧化碳排放因子的公告》（公告2025年第47号）
制造业 > 工业其他行业 > 净购入电力与热力 > 电力消费 > 电力平均二氧化碳排放因子 > 省级电力平均二氧化碳排放因子,省级电力平均二氧化碳排放因子,山东,0.6191,2023年因子 (kgCO₂/kWh),本土化数据，数据来源于生态环境部、国家统计局《关于发布2023年电力二氧化碳排放因子的公告》（公告2025年第47号）
制造业 > 工业其他行业 > 净购入电力与热力 > 电力消费 > 电力平均二氧化碳排放因子 > 省级电力平均二氧化碳排放因子,省级电力平均二氧化碳排放因子,河南,0.5897,2023年因子 (kgCO₂/kWh),本土化数据，数据来源于生态环境部、国家统计局《关于发布2023年电力二氧化碳排放因子的公告》（公告2025年第47号）
制造业 > 工业其他行业 > 净购入电力与热力 > 电力消费 > 电力平均二氧化碳排放因子 > 省级电力平均二氧化碳排放因子,省级电力平均二氧化碳排放因子,湖北,0.4044,2023年因子 (kgCO₂/kWh),本土化数据，数据来源于生态环境部、国家统计局《关于发布2023年电力二氧化碳排放因子的公告》（公告2025年第47号）
制造业 > 工业其他行业 > 净购入电力与热力 > 电力消费 > 电力平均二氧化碳排放因子 > 省级电力平均二氧化碳排放因子,省级电力平均二氧化碳排放因子,湖南,0.4976,2023年因子 (kgCO₂/kWh),本土化数据，数据来源于生态环境部、国家统计局《关于发布2023年电力二氧化碳排放因子的公告》（公告2025年第47号）
制造业 > 工业其他行业 > 净购入电力与热力 > 电力消费 > 电力平均二氧化碳排放因子 > 省级电力平均二氧化碳排放因子,省级电力平均二氧化碳排放因子,广东,0.4419,2023年因子 (kgCO₂/kWh),本土化数据，数据来源于生态环境部、国家统计局《关于发布2023年电力二氧化碳排放因子的公告》（公告2025年第47号）
制造业 > 工业其他行业 > 净购入电力与热力 > 电力消费 > 电力平均二氧化碳排放因子 > 省级电力平均二氧化碳排放因子,省级电力平均二氧化碳排放因子,广西,0.4476,2023年因子 (kgCO₂/kWh),本土化数据，数据来源于生态环境部、国家统计局《关于发布2023年电力二氧化碳排放因子的公告》（公告2025年第47号）
制造业 > 工业其他行业 > 净购入电力与热力 > 电力消费 > 电力平均二氧化碳排放因子 > 省级电力平均二氧化碳排放因子,省级电力平均二氧化碳排放因子,海南,0.3648,2023年因子 (kgCO₂/kWh),本土化数据，数据来源于生态环境部、国家统计局《关于发布2023年电力二氧化碳排放因子的公告》（公告2025年第47号）
制造业 > 工业其他行业 > 净购入电力与热力 > 电力消费 > 电力平均二氧化碳排放因子 > 省级电力平均二氧化碳排放因子,省级电力平均二氧化碳排放因子,重庆,0.5581,2023年因子 (kgCO₂/kWh),本土化数据，数据来源于生态环境部、国家统计局《关于发布2023年电力二氧化碳排放因子的公告》（公告2025年第47号）
制造业 > 工业其他行业 > 净购入电力与热力 > 电力消费 > 电力平均二氧化碳排放因子 > 省级电力平均二氧化碳排放因子,省级电力平均二氧化碳排放因子,四川,0.1564,2023年因子 (kgCO₂/kWh),本土化数据，数据来源于生态环境部、国家统计局《关于发布2023年电力二氧化碳排放因子的公告》（公告2025年第47号）
制造业 > 工业其他行业 > 净购入电力与热力 > 电力消费 > 电力平均二氧化碳排放因子 > 省级电力平均二氧化碳排放因子,省级电力平均二氧化碳排放因子,贵州,0.5683,2023年因子 (kgCO₂/kWh),本土化数据，数据来源于生态环境部、国家统计局《关于发布2023年电力二氧化碳排放因子的公告》（公告2025年第47号）
制造业 > 工业其他行业 > 净购入电力与热力 > 电力消费 > 电力平均二氧化碳排放因子 > 省级电力平均二氧化碳排放因子,省级电力平均二氧化碳排放因子,云南,0.1333,2023年因子 (kgCO₂/kWh),本土化数据，数据来源于生态环境部、国家统计局《关于发布2023年电力二氧化碳排放因子的公告》（公告2025年第47号）
制造业 > 工业其他行业 > 净购入电力与热力 > 电力消费 > 电力平均二氧化碳排放因子 > 省级电力平均二氧化碳排放因子,省级电力平均二氧化碳排放因子,陕西,0.6335,2023年因子 (kgCO₂/kWh),本土化数据，数据来源于生态环境部、国家统计局《关于发布2023年电力二氧化碳排放因子的公告》（公告2025年第47号）
制造业 > 工业其他行业 > 净购入电力与热力 > 电力消费 > 电力平均二氧化碳排放因子 > 省级电力平均二氧化碳排放因子,省级电力平均二氧化碳排放因子,甘肃,0.4471,2023年因子 (kgCO₂/kWh),本土化数据，数据来源于生态环境部、国家统计局《关于发布2023年电力二氧化碳排放因子的公告》（公告2025年第47号）
制造业 > 工业其他行业 > 净购入电力与热力 > 电力消费 > 电力平均二氧化碳排放因子 > 省级电力平均二氧化碳排放因子,省级电力平均二氧化碳排放因子,青海,0.1796,2023年因子 (kgCO₂/kWh),本土化数据，数据来源于生态环境部、国家统计局《关于发布2023年电力二氧化碳排放因子的公告》（公告2025年第47号）
制造业 > 工业其他行业 > 净购入电力与热力 > 电力消费 > 电力平均二氧化碳排放因子 > 省级电力平均二氧化碳排放因子,省级电力平均二氧化碳排放因子,宁夏,0.6187,2023年因子 (kgCO₂/kWh),本土化数据，数据来源于生态环境部、国家统计局《关于发布2023年电力二氧化碳排放因子的公告》（公告2025年第47号）
制造业 > 工业其他行业 > 净购入电力与热力 > 电力消费 > 电力平均二氧化碳排放因子 > 省级电力平均二氧化碳排放因子,省级电力平均二氧化碳排放因子,新疆,0.6021,2023年因子 (kgCO₂/kWh),本土化数据，数据来源于生态环境部、国家统计局《关于发布2023年电力二氧化碳排放因子的公告》（公告2025年第47号）
制造业 > 工业其他行业 > 净购入电力与热力 > 电力消费 > 电力平均二氧化碳排放因子（不包括市场化交易的非化石能源电量） > 全国电力平均二氧化碳排放因子（不包括市场化交易的非化石能源电量）,全国电力平均二氧化碳排放因子（不包括市场化交易的非化石能源电量）,全国,0.6096,2023年因子 (kgCO₂/kWh),本土化数据，数据来源于生态环境部、国家统计局《关于发布2023年电力二氧化碳排放因子的公告》（公告2025年第47号）
制造业 > 工业其他行业 > 净购入电力与热力 > 电力消费 > 化石能源电力二氧化碳排放因子 > 全国化石能源电力二氧化碳排放因子,全国化石能源电力二氧化碳排放因子,全国,0.8273,2023年因子 (kgCO₂/kWh),本土化数据，数据来源于生态环境部、国家统计局《关于发布2023年电力二氧化碳排放因子的公告》（公告2025年第47号）
交通运输、仓储和邮政业 > 水运企业 > 燃料燃烧 > 化石燃料燃烧 > 石油 > 二氧化碳,二氧化碳,柴油,74.1,因子  (tCO₂/TJ),数据来源于《2006年IPCC清单指南》
交通运输、仓储和邮政业 > 水运企业 > 燃料燃烧 > 化石燃料燃烧 > 石油 > 二氧化碳,二氧化碳,燃料油,77.4,因子  (tCO₂/TJ),数据来源于《2006年IPCC清单指南》
交通运输、仓储和邮政业 > 水运企业 > 燃料燃烧 > 化石燃料燃烧 > 石油 > 二氧化碳,二氧化碳,液化石油气,63.1,因子  (tCO₂/TJ),数据来源于《2006年IPCC清单指南》
交通运输、仓储和邮政业 > 水运企业 > 燃料燃烧 > 化石燃料燃烧 > 石油 > 甲烷,甲烷,柴油,7,因子 (kgCH₄/TJ),数据来源于《2006年IPCC清单指南》
交通运输、仓储和邮政业 > 水运企业 > 燃料燃烧 > 化石燃料燃烧 > 石油 > 甲烷,甲烷,燃料油,7,因子 (kgCH₄/TJ),数据来源于《2006年IPCC清单指南》
交通运输、仓储和邮政业 > 水运企业 > 燃料燃烧 > 化石燃料燃烧 > 石油 > 甲烷,甲烷,液化石油气,7,因子 (kgCH₄/TJ),数据来源于《2006年IPCC清单指南》
交通运输、仓储和邮政业 > 水运企业 > 燃料燃烧 > 化石燃料燃烧 > 石油 > 氧化亚氮,氧化亚氮,柴油,2,因子 (kgN₂O/TJ),数据来源于《2006年IPCC清单指南》
交通运输、仓储和邮政业 > 水运企业 > 燃料燃烧 > 化石燃料燃烧 > 石油 > 氧化亚氮,氧化亚氮,燃料油,2,因子 (kgN₂O/TJ),数据来源于《2006年IPCC清单指南》
交通运输、仓储和邮政业 > 水运企业 > 燃料燃烧 > 化石燃料燃烧 > 石油 > 氧化亚氮,氧化亚氮,液化石油气,2,因子 (kgN₂O/TJ),数据来源于《2006年IPCC清单指南》
交通运输、仓储和邮政业 > 水运企业 > 净购入电力与热力 > 电力消费 > 电力平均二氧化碳排放因子 > 全国电力平均二氧化碳排放因子,全国电力平均二氧化碳排放因子,全国,0.5306,2023年因子 (kgCO₂/kWh),本土化数据，数据来源于生态环境部、国家统计局《关于发布2023年电力二氧化碳排放因子的公告》（公告2025年第47号）
交通运输、仓储和邮政业 > 水运企业 > 净购入电力与热力 > 电力消费 > 电力平均二氧化碳排放因子 > 区域电力平均二氧化碳排放因子,区域电力平均二氧化碳排放因子,华北,0.6361,2023年因子 (kgCO₂/kWh),"本土化数据，数据来源于生态环境部、国家统计局《关于发布2023年电力二氧化碳排放因子的公告》（公告2025年第47号）
"
交通运输、仓储和邮政业 > 水运企业 > 净购入电力与热力 > 电力消费 > 电力平均二氧化碳排放因子 > 区域电力平均二氧化碳排放因子,区域电力平均二氧化碳排放因子,东北,0.5122,2023年因子 (kgCO₂/kWh),"本土化数据，数据来源于生态环境部、国家统计局《关于发布2023年电力二氧化碳排放因子的公告》（公告2025年第47号）
"
交通运输、仓储和邮政业 > 水运企业 > 净购入电力与热力 > 电力消费 > 电力平均二氧化碳排放因子 > 区域电力平均二氧化碳排放因子,区域电力平均二氧化碳排放因子,华东,0.5500 ,2023年因子 (kgCO₂/kWh),"本土化数据，数据来源于生态环境部、国家统计局《关于发布2023年电力二氧化碳排放因子的公告》（公告2025年第47号）
"
交通运输、仓储和邮政业 > 水运企业 > 净购入电力与热力 > 电力消费 > 电力平均二氧化碳排放因子 > 区域电力平均二氧化碳排放因子,区域电力平均二氧化碳排放因子,华中,0.5271,2023年因子 (kgCO₂/kWh),"本土化数据，数据来源于生态环境部、国家统计局《关于发布2023年电力二氧化碳排放因子的公告》（公告2025年第47号）
"
交通运输、仓储和邮政业 > 水运企业 > 净购入电力与热力 > 电力消费 > 电力平均二氧化碳排放因子 > 区域电力平均二氧化碳排放因子,区域电力平均二氧化碳排放因子,西北,0.5543,2023年因子 (kgCO₂/kWh),"本土化数据，数据来源于生态环境部、国家统计局《关于发布2023年电力二氧化碳排放因子的公告》（公告2025年第47号）
"
交通运输、仓储和邮政业 > 水运企业 > 净购入电力与热力 > 电力消费 > 电力平均二氧化碳排放因子 > 区域电力平均二氧化碳排放因子,区域电力平均二氧化碳排放因子,南方,0.4042,2023年因子 (kgCO₂/kWh),"本土化数据，数据来源于生态环境部、国家统计局《关于发布2023年电力二氧化碳排放因子的公告》（公告2025年第47号）
"
交通运输、仓储和邮政业 > 水运企业 > 净购入电力与热力 > 电力消费 > 电力平均二氧化碳排放因子 > 区域电力平均二氧化碳排放因子,区域电力平均二氧化碳排放因子,西南,0.2472,2023年因子 (kgCO₂/kWh),"本土化数据，数据来源于生态环境部、国家统计局《关于发布2023年电力二氧化碳排放因子的公告》（公告2025年第47号）
"
交通运输、仓储和邮政业 > 水运企业 > 净购入电力与热力 > 电力消费 > 电力平均二氧化碳排放因子 > 省级电力平均二氧化碳排放因子,省级电力平均二氧化碳排放因子,北京,0.5554,2023年因子 (kgCO₂/kWh),"本土化数据，数据来源于生态环境部、国家统计局《关于发布2023年电力二氧化碳排放因子的公告》（公告2025年第47号）
"
交通运输、仓储和邮政业 > 水运企业 > 净购入电力与热力 > 电力消费 > 电力平均二氧化碳排放因子 > 省级电力平均二氧化碳排放因子,省级电力平均二氧化碳排放因子,天津,0.6796,2023年因子 (kgCO₂/kWh),"本土化数据，数据来源于生态环境部、国家统计局《关于发布2023年电力二氧化碳排放因子的公告》（公告2025年第47号）
"
交通运输、仓储和邮政业 > 水运企业 > 净购入电力与热力 > 电力消费 > 电力平均二氧化碳排放因子 > 省级电力平均二氧化碳排放因子,省级电力平均二氧化碳排放因子,河北,0.6516,2023年因子 (kgCO₂/kWh),"本土化数据，数据来源于生态环境部、国家统计局《关于发布2023年电力二氧化碳排放因子的公告》（公告2025年第47号）
"
交通运输、仓储和邮政业 > 水运企业 > 净购入电力与热力 > 电力消费 > 电力平均二氧化碳排放因子 > 省级电力平均二氧化碳排放因子,省级电力平均二氧化碳排放因子,山西,0.6634,2023年因子 (kgCO₂/kWh),"本土化数据，数据来源于生态环境部、国家统计局《关于发布2023年电力二氧化碳排放因子的公告》（公告2025年第47号）
"
交通运输、仓储和邮政业 > 水运企业 > 净购入电力与热力 > 电力消费 > 电力平均二氧化碳排放因子 > 省级电力平均二氧化碳排放因子,省级电力平均二氧化碳排放因子,内蒙古,0.6479,2023年因子 (kgCO₂/kWh),"本土化数据，数据来源于生态环境部、国家统计局《关于发布2023年电力二氧化碳排放因子的公告》（公告2025年第47号）
"
交通运输、仓储和邮政业 > 水运企业 > 净购入电力与热力 > 电力消费 > 电力平均二氧化碳排放因子 > 省级电力平均二氧化碳排放因子,省级电力平均二氧化碳排放因子,辽宁,0.4878,2023年因子 (kgCO₂/kWh),"本土化数据，数据来源于生态环境部、国家统计局《关于发布2023年电力二氧化碳排放因子的公告》（公告2025年第47号）
"
交通运输、仓储和邮政业 > 水运企业 > 净购入电力与热力 > 电力消费 > 电力平均二氧化碳排放因子 > 省级电力平均二氧化碳排放因子,省级电力平均二氧化碳排放因子,吉林,0.4671,2023年因子 (kgCO₂/kWh),"本土化数据，数据来源于生态环境部、国家统计局《关于发布2023年电力二氧化碳排放因子的公告》（公告2025年第47号）
"
交通运输、仓储和邮政业 > 水运企业 > 净购入电力与热力 > 电力消费 > 电力平均二氧化碳排放因子 > 省级电力平均二氧化碳排放因子,省级电力平均二氧化碳排放因子,黑龙江,0.5229,2023年因子 (kgCO₂/kWh),"本土化数据，数据来源于生态环境部、国家统计局《关于发布2023年电力二氧化碳排放因子的公告》（公告2025年第47号）
"
交通运输、仓储和邮政业 > 水运企业 > 净购入电力与热力 > 电力消费 > 电力平均二氧化碳排放因子 > 省级电力平均二氧化碳排放因子,省级电力平均二氧化碳排放因子,上海,0.5737,2023年因子 (kgCO₂/kWh),"本土化数据，数据来源于生态环境部、国家统计局《关于发布2023年电力二氧化碳排放因子的公告》（公告2025年第47号）
"
交通运输、仓储和邮政业 > 水运企业 > 净购入电力与热力 > 电力消费 > 电力平均二氧化碳排放因子 > 省级电力平均二氧化碳排放因子,省级电力平均二氧化碳排放因子,江苏,0.5827,2023年因子 (kgCO₂/kWh),"本土化数据，数据来源于生态环境部、国家统计局《关于发布2023年电力二氧化碳排放因子的公告》（公告2025年第47号）
"
交通运输、仓储和邮政业 > 水运企业 > 净购入电力与热力 > 电力消费 > 电力平均二氧化碳排放因子 > 省级电力平均二氧化碳排放因子,省级电力平均二氧化碳排放因子,浙江,0.4974,2023年因子 (kgCO₂/kWh),"本土化数据，数据来源于生态环境部、国家统计局《关于发布2023年电力二氧化碳排放因子的公告》（公告2025年第47号）
"
交通运输、仓储和邮政业 > 水运企业 > 净购入电力与热力 > 电力消费 > 电力平均二氧化碳排放因子 > 省级电力平均二氧化碳排放因子,省级电力平均二氧化碳排放因子,安徽,0.6553,2023年因子 (kgCO₂/kWh),"本土化数据，数据来源于生态环境部、国家统计局《关于发布2023年电力二氧化碳排放因子的公告》（公告2025年第47号）
"
交通运输、仓储和邮政业 > 水运企业 > 净购入电力与热力 > 电力消费 > 电力平均二氧化碳排放因子 > 省级电力平均二氧化碳排放因子,省级电力平均二氧化碳排放因子,福建,0.4211,2023年因子 (kgCO₂/kWh),"本土化数据，数据来源于生态环境部、国家统计局《关于发布2023年电力二氧化碳排放因子的公告》（公告2025年第47号）
"
交通运输、仓储和邮政业 > 水运企业 > 净购入电力与热力 > 电力消费 > 电力平均二氧化碳排放因子 > 省级电力平均二氧化碳排放因子,省级电力平均二氧化碳排放因子,江西,0.5836,2023年因子 (kgCO₂/kWh),"本土化数据，数据来源于生态环境部、国家统计局《关于发布2023年电力二氧化碳排放因子的公告》（公告2025年第47号）
"
交通运输、仓储和邮政业 > 水运企业 > 净购入电力与热力 > 电力消费 > 电力平均二氧化碳排放因子 > 省级电力平均二氧化碳排放因子,省级电力平均二氧化碳排放因子,山东,0.6191,2023年因子 (kgCO₂/kWh),"本土化数据，数据来源于生态环境部、国家统计局《关于发布2023年电力二氧化碳排放因子的公告》（公告2025年第47号）
"
交通运输、仓储和邮政业 > 水运企业 > 净购入电力与热力 > 电力消费 > 电力平均二氧化碳排放因子 > 省级电力平均二氧化碳排放因子,省级电力平均二氧化碳排放因子,河南,0.5897,2023年因子 (kgCO₂/kWh),"本土化数据，数据来源于生态环境部、国家统计局《关于发布2023年电力二氧化碳排放因子的公告》（公告2025年第47号）
"
交通运输、仓储和邮政业 > 水运企业 > 净购入电力与热力 > 电力消费 > 电力平均二氧化碳排放因子 > 省级电力平均二氧化碳排放因子,省级电力平均二氧化碳排放因子,湖北,0.4044,2023年因子 (kgCO₂/kWh),"本土化数据，数据来源于生态环境部、国家统计局《关于发布2023年电力二氧化碳排放因子的公告》（公告2025年第47号）
"
交通运输、仓储和邮政业 > 水运企业 > 净购入电力与热力 > 电力消费 > 电力平均二氧化碳排放因子 > 省级电力平均二氧化碳排放因子,省级电力平均二氧化碳排放因子,湖南,0.4976,2023年因子 (kgCO₂/kWh),"本土化数据，数据来源于生态环境部、国家统计局《关于发布2023年电力二氧化碳排放因子的公告》（公告2025年第47号）
"
交通运输、仓储和邮政业 > 水运企业 > 净购入电力与热力 > 电力消费 > 电力平均二氧化碳排放因子 > 省级电力平均二氧化碳排放因子,省级电力平均二氧化碳排放因子,广东,0.4419,2023年因子 (kgCO₂/kWh),"本土化数据，数据来源于生态环境部、国家统计局《关于发布2023年电力二氧化碳排放因子的公告》（公告2025年第47号）
"
交通运输、仓储和邮政业 > 水运企业 > 净购入电力与热力 > 电力消费 > 电力平均二氧化碳排放因子 > 省级电力平均二氧化碳排放因子,省级电力平均二氧化碳排放因子,广西,0.4476,2023年因子 (kgCO₂/kWh),"本土化数据，数据来源于生态环境部、国家统计局《关于发布2023年电力二氧化碳排放因子的公告》（公告2025年第47号）
"
交通运输、仓储和邮政业 > 水运企业 > 净购入电力与热力 > 电力消费 > 电力平均二氧化碳排放因子 > 省级电力平均二氧化碳排放因子,省级电力平均二氧化碳排放因子,海南,0.3648,2023年因子 (kgCO₂/kWh),"本土化数据，数据来源于生态环境部、国家统计局《关于发布2023年电力二氧化碳排放因子的公告》（公告2025年第47号）
"
交通运输、仓储和邮政业 > 水运企业 > 净购入电力与热力 > 电力消费 > 电力平均二氧化碳排放因子 > 省级电力平均二氧化碳排放因子,省级电力平均二氧化碳排放因子,重庆,0.5581,2023年因子 (kgCO₂/kWh),"本土化数据，数据来源于生态环境部、国家统计局《关于发布2023年电力二氧化碳排放因子的公告》（公告2025年第47号）
"
交通运输、仓储和邮政业 > 水运企业 > 净购入电力与热力 > 电力消费 > 电力平均二氧化碳排放因子 > 省级电力平均二氧化碳排放因子,省级电力平均二氧化碳排放因子,四川,0.1564,2023年因子 (kgCO₂/kWh),"本土化数据，数据来源于生态环境部、国家统计局《关于发布2023年电力二氧化碳排放因子的公告》（公告2025年第47号）
"
交通运输、仓储和邮政业 > 水运企业 > 净购入电力与热力 > 电力消费 > 电力平均二氧化碳排放因子 > 省级电力平均二氧化碳排放因子,省级电力平均二氧化碳排放因子,贵州,0.5683,2023年因子 (kgCO₂/kWh),"本土化数据，数据来源于生态环境部、国家统计局《关于发布2023年电力二氧化碳排放因子的公告》（公告2025年第47号）
"
交通运输、仓储和邮政业 > 水运企业 > 净购入电力与热力 > 电力消费 > 电力平均二氧化碳排放因子 > 省级电力平均二氧化碳排放因子,省级电力平均二氧化碳排放因子,云南,0.1333,2023年因子 (kgCO₂/kWh),"本土化数据，数据来源于生态环境部、国家统计局《关于发布2023年电力二氧化碳排放因子的公告》（公告2025年第47号）
"
交通运输、仓储和邮政业 > 水运企业 > 净购入电力与热力 > 电力消费 > 电力平均二氧化碳排放因子 > 省级电力平均二氧化碳排放因子,省级电力平均二氧化碳排放因子,陕西,0.6335,2023年因子 (kgCO₂/kWh),"本土化数据，数据来源于生态环境部、国家统计局《关于发布2023年电力二氧化碳排放因子的公告》（公告2025年第47号）
"
交通运输、仓储和邮政业 > 水运企业 > 净购入电力与热力 > 电力消费 > 电力平均二氧化碳排放因子 > 省级电力平均二氧化碳排放因子,省级电力平均二氧化碳排放因子,甘肃,0.4471,2023年因子 (kgCO₂/kWh),"本土化数据，数据来源于生态环境部、国家统计局《关于发布2023年电力二氧化碳排放因子的公告》（公告2025年第47号）
"
交通运输、仓储和邮政业 > 水运企业 > 净购入电力与热力 > 电力消费 > 电力平均二氧化碳排放因子 > 省级电力平均二氧化碳排放因子,省级电力平均二氧化碳排放因子,青海,0.1796,2023年因子 (kgCO₂/kWh),"本土化数据，数据来源于生态环境部、国家统计局《关于发布2023年电力二氧化碳排放因子的公告》（公告2025年第47号）
"
交通运输、仓储和邮政业 > 水运企业 > 净购入电力与热力 > 电力消费 > 电力平均二氧化碳排放因子 > 省级电力平均二氧化碳排放因子,省级电力平均二氧化碳排放因子,宁夏,0.6187,2023年因子 (kgCO₂/kWh),"本土化数据，数据来源于生态环境部、国家统计局《关于发布2023年电力二氧化碳排放因子的公告》（公告2025年第47号）
"
交通运输、仓储和邮政业 > 水运企业 > 净购入电力与热力 > 电力消费 > 电力平均二氧化碳排放因子 > 省级电力平均二氧化碳排放因子,省级电力平均二氧化碳排放因子,新疆,0.6021,2023年因子 (kgCO₂/kWh),"本土化数据，数据来源于生态环境部、国家统计局《关于发布2023年电力二氧化碳排放因子的公告》（公告2025年第47号）
"
交通运输、仓储和邮政业 > 水运企业 > 净购入电力与热力 > 电力消费 > 电力平均二氧化碳排放因子（不包括市场化交易的非化石能源电量） > 全国电力平均二氧化碳排放因子（不包括市场化交易的非化石能源电量）,全国电力平均二氧化碳排放因子（不包括市场化交易的非化石能源电量）,全国,0.6096,2023年因子 (kgCO₂/kWh),本土化数据，数据来源于生态环境部、国家统计局《关于发布2023年电力二氧化碳排放因子的公告》（公告2025年第47号）
交通运输、仓储和邮政业 > 水运企业 > 净购入电力与热力 > 电力消费 > 化石能源电力二氧化碳排放因子 > 全国化石能源电力二氧化碳排放因子,全国化石能源电力二氧化碳排放因子,全国,0.8273,2023年因子 (kgCO₂/kWh),本土化数据，数据来源于生态环境部、国家统计局《关于发布2023年电力二氧化碳排放因子的公告》（公告2025年第47号）
交通运输、仓储和邮政业 > 民用航空企业 > 燃料燃烧 > 化石燃料燃烧 > 石油 > 二氧化碳,二氧化碳,航空汽油,70.0,因子  (tCO₂/TJ),数据来源于《2006年IPCC清单指南》
交通运输、仓储和邮政业 > 民用航空企业 > 燃料燃烧 > 化石燃料燃烧 > 石油 > 二氧化碳,二氧化碳,喷气煤油(航空煤油),71.5,因子  (tCO₂/TJ),数据来源于《2006年IPCC清单指南》
交通运输、仓储和邮政业 > 民用航空企业 > 燃料燃烧 > 化石燃料燃烧 > 石油 > 甲烷,甲烷,航空汽油,0.5,因子 (kgCH₄/TJ),数据来源于《2006年IPCC清单指南》
交通运输、仓储和邮政业 > 民用航空企业 > 燃料燃烧 > 化石燃料燃烧 > 石油 > 甲烷,甲烷,喷气煤油(航空煤油),0.5,因子 (kgCH₄/TJ),数据来源于《2006年IPCC清单指南》
交通运输、仓储和邮政业 > 民用航空企业 > 燃料燃烧 > 化石燃料燃烧 > 石油 > 氧化亚氮,氧化亚氮,航空汽油,2,因子 (kgN₂O/TJ),数据来源于《2006年IPCC清单指南》
交通运输、仓储和邮政业 > 民用航空企业 > 燃料燃烧 > 化石燃料燃烧 > 石油 > 氧化亚氮,氧化亚氮,喷气煤油(航空煤油),2,因子 (kgN₂O/TJ),数据来源于《2006年IPCC清单指南》
交通运输、仓储和邮政业 > 民用航空企业 > 净购入电力与热力 > 电力消费 > 电力平均二氧化碳排放因子 > 全国电力平均二氧化碳排放因子,全国电力平均二氧化碳排放因子,全国,0.5306,2023年因子 (kgCO₂/kWh),本土化数据，数据来源于生态环境部、国家统计局《关于发布2023年电力二氧化碳排放因子的公告》（公告2025年第47号）
交通运输、仓储和邮政业 > 民用航空企业 > 净购入电力与热力 > 电力消费 > 电力平均二氧化碳排放因子 > 区域电力平均二氧化碳排放因子,区域电力平均二氧化碳排放因子,华北,0.6361,2023年因子 (kgCO₂/kWh),本土化数据，数据来源于生态环境部、国家统计局《关于发布2023年电力二氧化碳排放因子的公告》（公告2025年第47号）
交通运输、仓储和邮政业 > 民用航空企业 > 净购入电力与热力 > 电力消费 > 电力平均二氧化碳排放因子 > 区域电力平均二氧化碳排放因子,区域电力平均二氧化碳排放因子,东北,0.5122,2023年因子 (kgCO₂/kWh),"本土化数据，数据来源于生态环境部、国家统计局《关于发布2023年电力二氧化碳排放因子的公告》（公告2025年第47号）
"
交通运输、仓储和邮政业 > 民用航空企业 > 净购入电力与热力 > 电力消费 > 电力平均二氧化碳排放因子 > 区域电力平均二氧化碳排放因子,区域电力平均二氧化碳排放因子,华东,0.5500 ,2023年因子 (kgCO₂/kWh),本土化数据，数据来源于生态环境部、国家统计局《关于发布2023年电力二氧化碳排放因子的公告》（公告2025年第47号）
交通运输、仓储和邮政业 > 民用航空企业 > 净购入电力与热力 > 电力消费 > 电力平均二氧化碳排放因子 > 区域电力平均二氧化碳排放因子,区域电力平均二氧化碳排放因子,华中,0.5271,2023年因子 (kgCO₂/kWh),本土化数据，数据来源于生态环境部、国家统计局《关于发布2023年电力二氧化碳排放因子的公告》（公告2025年第47号）
交通运输、仓储和邮政业 > 民用航空企业 > 净购入电力与热力 > 电力消费 > 电力平均二氧化碳排放因子 > 区域电力平均二氧化碳排放因子,区域电力平均二氧化碳排放因子,西北,0.5543,2023年因子 (kgCO₂/kWh),本土化数据，数据来源于生态环境部、国家统计局《关于发布2023年电力二氧化碳排放因子的公告》（公告2025年第47号）
交通运输、仓储和邮政业 > 民用航空企业 > 净购入电力与热力 > 电力消费 > 电力平均二氧化碳排放因子 > 区域电力平均二氧化碳排放因子,区域电力平均二氧化碳排放因子,南方,0.4042,2023年因子 (kgCO₂/kWh),本土化数据，数据来源于生态环境部、国家统计局《关于发布2023年电力二氧化碳排放因子的公告》（公告2025年第47号）
交通运输、仓储和邮政业 > 民用航空企业 > 净购入电力与热力 > 电力消费 > 电力平均二氧化碳排放因子 > 区域电力平均二氧化碳排放因子,区域电力平均二氧化碳排放因子,西南,0.2472,2023年因子 (kgCO₂/kWh),"本土化数据，数据来源于生态环境部、国家统计局《关于发布2023年电力二氧化碳排放因子的公告》（公告2025年第47号）
"
交通运输、仓储和邮政业 > 民用航空企业 > 净购入电力与热力 > 电力消费 > 电力平均二氧化碳排放因子 > 省级电力平均二氧化碳排放因子,省级电力平均二氧化碳排放因子,北京,0.5554,2023年因子 (kgCO₂/kWh),"本土化数据，数据来源于生态环境部、国家统计局《关于发布2023年电力二氧化碳排放因子的公告》（公告2025年第47号）
"
交通运输、仓储和邮政业 > 民用航空企业 > 净购入电力与热力 > 电力消费 > 电力平均二氧化碳排放因子 > 省级电力平均二氧化碳排放因子,省级电力平均二氧化碳排放因子,天津,0.6796,2023年因子 (kgCO₂/kWh),本土化数据，数据来源于生态环境部、国家统计局《关于发布2023年电力二氧化碳排放因子的公告》（公告2025年第47号）
交通运输、仓储和邮政业 > 民用航空企业 > 净购入电力与热力 > 电力消费 > 电力平均二氧化碳排放因子 > 省级电力平均二氧化碳排放因子,省级电力平均二氧化碳排放因子,河北,0.6516,2023年因子 (kgCO₂/kWh),本土化数据，数据来源于生态环境部、国家统计局《关于发布2023年电力二氧化碳排放因子的公告》（公告2025年第47号）
交通运输、仓储和邮政业 > 民用航空企业 > 净购入电力与热力 > 电力消费 > 电力平均二氧化碳排放因子 > 省级电力平均二氧化碳排放因子,省级电力平均二氧化碳排放因子,山西,0.6634,2023年因子 (kgCO₂/kWh),本土化数据，数据来源于生态环境部、国家统计局《关于发布2023年电力二氧化碳排放因子的公告》（公告2025年第47号）
交通运输、仓储和邮政业 > 民用航空企业 > 净购入电力与热力 > 电力消费 > 电力平均二氧化碳排放因子 > 省级电力平均二氧化碳排放因子,省级电力平均二氧化碳排放因子,内蒙古,0.6479,2023年因子 (kgCO₂/kWh),本土化数据，数据来源于生态环境部、国家统计局《关于发布2023年电力二氧化碳排放因子的公告》（公告2025年第47号）
交通运输、仓储和邮政业 > 民用航空企业 > 净购入电力与热力 > 电力消费 > 电力平均二氧化碳排放因子 > 省级电力平均二氧化碳排放因子,省级电力平均二氧化碳排放因子,辽宁,0.4878,2023年因子 (kgCO₂/kWh),本土化数据，数据来源于生态环境部、国家统计局《关于发布2023年电力二氧化碳排放因子的公告》（公告2025年第47号）
交通运输、仓储和邮政业 > 民用航空企业 > 净购入电力与热力 > 电力消费 > 电力平均二氧化碳排放因子 > 省级电力平均二氧化碳排放因子,省级电力平均二氧化碳排放因子,吉林,0.4671,2023年因子 (kgCO₂/kWh),本土化数据，数据来源于生态环境部、国家统计局《关于发布2023年电力二氧化碳排放因子的公告》（公告2025年第47号）
交通运输、仓储和邮政业 > 民用航空企业 > 净购入电力与热力 > 电力消费 > 电力平均二氧化碳排放因子 > 省级电力平均二氧化碳排放因子,省级电力平均二氧化碳排放因子,黑龙江,0.5229,2023年因子 (kgCO₂/kWh),本土化数据，数据来源于生态环境部、国家统计局《关于发布2023年电力二氧化碳排放因子的公告》（公告2025年第47号）
交通运输、仓储和邮政业 > 民用航空企业 > 净购入电力与热力 > 电力消费 > 电力平均二氧化碳排放因子 > 省级电力平均二氧化碳排放因子,省级电力平均二氧化碳排放因子,上海,0.5737,2023年因子 (kgCO₂/kWh),本土化数据，数据来源于生态环境部、国家统计局《关于发布2023年电力二氧化碳排放因子的公告》（公告2025年第47号）
交通运输、仓储和邮政业 > 民用航空企业 > 净购入电力与热力 > 电力消费 > 电力平均二氧化碳排放因子 > 省级电力平均二氧化碳排放因子,省级电力平均二氧化碳排放因子,江苏,0.5827,2023年因子 (kgCO₂/kWh),本土化数据，数据来源于生态环境部、国家统计局《关于发布2023年电力二氧化碳排放因子的公告》（公告2025年第47号）
交通运输、仓储和邮政业 > 民用航空企业 > 净购入电力与热力 > 电力消费 > 电力平均二氧化碳排放因子 > 省级电力平均二氧化碳排放因子,省级电力平均二氧化碳排放因子,浙江,0.4974,2023年因子 (kgCO₂/kWh),本土化数据，数据来源于生态环境部、国家统计局《关于发布2023年电力二氧化碳排放因子的公告》（公告2025年第47号）
交通运输、仓储和邮政业 > 民用航空企业 > 净购入电力与热力 > 电力消费 > 电力平均二氧化碳排放因子 > 省级电力平均二氧化碳排放因子,省级电力平均二氧化碳排放因子,安徽,0.6553,2023年因子 (kgCO₂/kWh),"本土化数据，数据来源于生态环境部、国家统计局《关于发布2023年电力二氧化碳排放因子的公告》（公告2025年第47号）
"
交通运输、仓储和邮政业 > 民用航空企业 > 净购入电力与热力 > 电力消费 > 电力平均二氧化碳排放因子 > 省级电力平均二氧化碳排放因子,省级电力平均二氧化碳排放因子,福建,0.4211,2023年因子 (kgCO₂/kWh),本土化数据，数据来源于生态环境部、国家统计局《关于发布2023年电力二氧化碳排放因子的公告》（公告2025年第47号）
交通运输、仓储和邮政业 > 民用航空企业 > 净购入电力与热力 > 电力消费 > 电力平均二氧化碳排放因子 > 省级电力平均二氧化碳排放因子,省级电力平均二氧化碳排放因子,江西,0.5836,2023年因子 (kgCO₂/kWh),本土化数据，数据来源于生态环境部、国家统计局《关于发布2023年电力二氧化碳排放因子的公告》（公告2025年第47号）
交通运输、仓储和邮政业 > 民用航空企业 > 净购入电力与热力 > 电力消费 > 电力平均二氧化碳排放因子 > 省级电力平均二氧化碳排放因子,省级电力平均二氧化碳排放因子,山东,0.6191,2023年因子 (kgCO₂/kWh),本土化数据，数据来源于生态环境部、国家统计局《关于发布2023年电力二氧化碳排放因子的公告》（公告2025年第47号）
交通运输、仓储和邮政业 > 民用航空企业 > 净购入电力与热力 > 电力消费 > 电力平均二氧化碳排放因子 > 省级电力平均二氧化碳排放因子,省级电力平均二氧化碳排放因子,河南,0.5897,2023年因子 (kgCO₂/kWh),"本土化数据，数据来源于生态环境部、国家统计局《关于发布2023年电力二氧化碳排放因子的公告》（公告2025年第47号）
"
交通运输、仓储和邮政业 > 民用航空企业 > 净购入电力与热力 > 电力消费 > 电力平均二氧化碳排放因子 > 省级电力平均二氧化碳排放因子,省级电力平均二氧化碳排放因子,湖北,0.4044,2023年因子 (kgCO₂/kWh),本土化数据，数据来源于生态环境部、国家统计局《关于发布2023年电力二氧化碳排放因子的公告》（公告2025年第47号）
交通运输、仓储和邮政业 > 民用航空企业 > 净购入电力与热力 > 电力消费 > 电力平均二氧化碳排放因子 > 省级电力平均二氧化碳排放因子,省级电力平均二氧化碳排放因子,湖南,0.4976,2023年因子 (kgCO₂/kWh),"本土化数据，数据来源于生态环境部、国家统计局《关于发布2023年电力二氧化碳排放因子的公告》（公告2025年第47号）
"
交通运输、仓储和邮政业 > 民用航空企业 > 净购入电力与热力 > 电力消费 > 电力平均二氧化碳排放因子 > 省级电力平均二氧化碳排放因子,省级电力平均二氧化碳排放因子,广东,0.4419,2023年因子 (kgCO₂/kWh),"本土化数据，数据来源于生态环境部、国家统计局《关于发布2023年电力二氧化碳排放因子的公告》（公告2025年第47号）
"
交通运输、仓储和邮政业 > 民用航空企业 > 净购入电力与热力 > 电力消费 > 电力平均二氧化碳排放因子 > 省级电力平均二氧化碳排放因子,省级电力平均二氧化碳排放因子,广西,0.4476,2023年因子 (kgCO₂/kWh),"本土化数据，数据来源于生态环境部、国家统计局《关于发布2023年电力二氧化碳排放因子的公告》（公告2025年第47号）
"
交通运输、仓储和邮政业 > 民用航空企业 > 净购入电力与热力 > 电力消费 > 电力平均二氧化碳排放因子 > 省级电力平均二氧化碳排放因子,省级电力平均二氧化碳排放因子,海南,0.3648,2023年因子 (kgCO₂/kWh),本土化数据，数据来源于生态环境部、国家统计局《关于发布2023年电力二氧化碳排放因子的公告》（公告2025年第47号）
交通运输、仓储和邮政业 > 民用航空企业 > 净购入电力与热力 > 电力消费 > 电力平均二氧化碳排放因子 > 省级电力平均二氧化碳排放因子,省级电力平均二氧化碳排放因子,重庆,0.5581,2023年因子 (kgCO₂/kWh),本土化数据，数据来源于生态环境部、国家统计局《关于发布2023年电力二氧化碳排放因子的公告》（公告2025年第47号）
交通运输、仓储和邮政业 > 民用航空企业 > 净购入电力与热力 > 电力消费 > 电力平均二氧化碳排放因子 > 省级电力平均二氧化碳排放因子,省级电力平均二氧化碳排放因子,四川,0.1564,2023年因子 (kgCO₂/kWh),本土化数据，数据来源于生态环境部、国家统计局《关于发布2023年电力二氧化碳排放因子的公告》（公告2025年第47号）
交通运输、仓储和邮政业 > 民用航空企业 > 净购入电力与热力 > 电力消费 > 电力平均二氧化碳排放因子 > 省级电力平均二氧化碳排放因子,省级电力平均二氧化碳排放因子,贵州,0.5683,2023年因子 (kgCO₂/kWh),本土化数据，数据来源于生态环境部、国家统计局《关于发布2023年电力二氧化碳排放因子的公告》（公告2025年第47号）
交通运输、仓储和邮政业 > 民用航空企业 > 净购入电力与热力 > 电力消费 > 电力平均二氧化碳排放因子 > 省级电力平均二氧化碳排放因子,省级电力平均二氧化碳排放因子,云南,0.1333,2023年因子 (kgCO₂/kWh),本土化数据，数据来源于生态环境部、国家统计局《关于发布2023年电力二氧化碳排放因子的公告》（公告2025年第47号）
交通运输、仓储和邮政业 > 民用航空企业 > 净购入电力与热力 > 电力消费 > 电力平均二氧化碳排放因子 > 省级电力平均二氧化碳排放因子,省级电力平均二氧化碳排放因子,陕西,0.6335,2023年因子 (kgCO₂/kWh),本土化数据，数据来源于生态环境部、国家统计局《关于发布2023年电力二氧化碳排放因子的公告》（公告2025年第47号）
交通运输、仓储和邮政业 > 民用航空企业 > 净购入电力与热力 > 电力消费 > 电力平均二氧化碳排放因子 > 省级电力平均二氧化碳排放因子,省级电力平均二氧化碳排放因子,甘肃,0.4471,2023年因子 (kgCO₂/kWh),本土化数据，数据来源于生态环境部、国家统计局《关于发布2023年电力二氧化碳排放因子的公告》（公告2025年第47号）
交通运输、仓储和邮政业 > 民用航空企业 > 净购入电力与热力 > 电力消费 > 电力平均二氧化碳排放因子 > 省级电力平均二氧化碳排放因子,省级电力平均二氧化碳排放因子,青海,0.1796,2023年因子 (kgCO₂/kWh),"本土化数据，数据来源于生态环境部、国家统计局《关于发布2023年电力二氧化碳排放因子的公告》（公告2025年第47号）
"
交通运输、仓储和邮政业 > 民用航空企业 > 净购入电力与热力 > 电力消费 > 电力平均二氧化碳排放因子 > 省级电力平均二氧化碳排放因子,省级电力平均二氧化碳排放因子,宁夏,0.6187,2023年因子 (kgCO₂/kWh),本土化数据，数据来源于生态环境部、国家统计局《关于发布2023年电力二氧化碳排放因子的公告》（公告2025年第47号）
交通运输、仓储和邮政业 > 民用航空企业 > 净购入电力与热力 > 电力消费 > 电力平均二氧化碳排放因子 > 省级电力平均二氧化碳排放因子,省级电力平均二氧化碳排放因子,新疆,0.6021,2023年因子 (kgCO₂/kWh),"本土化数据，数据来源于生态环境部、国家统计局《关于发布2023年电力二氧化碳排放因子的公告》（公告2025年第47号）
"
交通运输、仓储和邮政业 > 民用航空企业 > 净购入电力与热力 > 电力消费 > 电力平均二氧化碳排放因子（不包括市场化交易的非化石能源电量） > 全国电力平均二氧化碳排放因子（不包括市场化交易的非化石能源电量）,全国电力平均二氧化碳排放因子（不包括市场化交易的非化石能源电量）,全国,0.6096,2023年因子 (kgCO₂/kWh),本土化数据，数据来源于生态环境部、国家统计局《关于发布2023年电力二氧化碳排放因子的公告》（公告2025年第47号）
交通运输、仓储和邮政业 > 民用航空企业 > 净购入电力与热力 > 电力消费 > 化石能源电力二氧化碳排放因子 > 全国化石能源电力二氧化碳排放因子,全国化石能源电力二氧化碳排放因子,全国,0.8273,2023年因子 (kgCO₂/kWh),本土化数据，数据来源于生态环境部、国家统计局《关于发布2023年电力二氧化碳排放因子的公告》（公告2025年第47号）
交通运输、仓储和邮政业 > 陆上交通运输企业 > 燃料燃烧 > 化石燃料燃烧 > 石油 > 二氧化碳,二氧化碳,汽油,69.3,因子  (tCO₂/TJ),"数据来源于《2006年IPCC清单指南》
"
交通运输、仓储和邮政业 > 陆上交通运输企业 > 燃料燃烧 > 化石燃料燃烧 > 石油 > 二氧化碳,二氧化碳,柴油,74.1,因子  (tCO₂/TJ),"数据来源于《2006年IPCC清单指南》
"
交通运输、仓储和邮政业 > 陆上交通运输企业 > 燃料燃烧 > 化石燃料燃烧 > 石油 > 二氧化碳,二氧化碳,液化石油气,63.1,因子  (tCO₂/TJ),"数据来源于《2006年IPCC清单指南》
"
交通运输、仓储和邮政业 > 陆上交通运输企业 > 燃料燃烧 > 化石燃料燃烧 > 石油 > 甲烷,甲烷,汽油车(无尾气控制技术),33,因子 (kgCH₄/TJ),数据来源于《2006年IPCC清单指南》
交通运输、仓储和邮政业 > 陆上交通运输企业 > 燃料燃烧 > 化石燃料燃烧 > 石油 > 甲烷,甲烷,汽油车(氧化催化技术),25,因子 (kgCH₄/TJ),数据来源于《2006年IPCC清单指南》
交通运输、仓储和邮政业 > 陆上交通运输企业 > 燃料燃烧 > 化石燃料燃烧 > 石油 > 甲烷,甲烷,汽油车(1995年后低里程轻型车),3.8,因子 (kgCH₄/TJ),数据来源于《2006年IPCC清单指南》
交通运输、仓储和邮政业 > 陆上交通运输企业 > 燃料燃烧 > 化石燃料燃烧 > 石油 > 甲烷,甲烷,柴油车,3.9,因子 (kgCH₄/TJ),数据来源于《2006年IPCC清单指南》
交通运输、仓储和邮政业 > 陆上交通运输企业 > 燃料燃烧 > 化石燃料燃烧 > 石油 > 甲烷,甲烷,液化石油气车,62,因子 (kgCH₄/TJ),数据来源于《2006年IPCC清单指南》
交通运输、仓储和邮政业 > 陆上交通运输企业 > 燃料燃烧 > 化石燃料燃烧 > 石油 > 氧化亚氮,氧化亚氮,汽油车(无尾气控制技术),3.2,因子 (kgN₂O/TJ),数据来源于《2006年IPCC清单指南》
交通运输、仓储和邮政业 > 陆上交通运输企业 > 燃料燃烧 > 化石燃料燃烧 > 石油 > 氧化亚氮,氧化亚氮,汽油车(氧化催化技术),8.0,因子 (kgN₂O/TJ),数据来源于《2006年IPCC清单指南》
交通运输、仓储和邮政业 > 陆上交通运输企业 > 燃料燃烧 > 化石燃料燃烧 > 石油 > 氧化亚氮,氧化亚氮,汽油车(1995年后低里程轻型车),5.7,因子 (kgN₂O/TJ),数据来源于《2006年IPCC清单指南》
交通运输、仓储和邮政业 > 陆上交通运输企业 > 燃料燃烧 > 化石燃料燃烧 > 石油 > 氧化亚氮,氧化亚氮,柴油车,3.9,因子 (kgN₂O/TJ),数据来源于《2006年IPCC清单指南》
交通运输、仓储和邮政业 > 陆上交通运输企业 > 燃料燃烧 > 化石燃料燃烧 > 石油 > 氧化亚氮,氧化亚氮,液化石油气车,0.2,因子 (kgN₂O/TJ),数据来源于《2006年IPCC清单指南》
交通运输、仓储和邮政业 > 陆上交通运输企业 > 燃料燃烧 > 化石燃料燃烧 > 天然气 > 二氧化碳 > 天然气,天然气,天然气,57.2,因子  (kgCO₂/TJ),本土化数据，油气企业抽样实测数据
交通运输、仓储和邮政业 > 陆上交通运输企业 > 燃料燃烧 > 化石燃料燃烧 > 天然气 > 二氧化碳 > 液化天然气,液化天然气,液化天然气,56.8,因子  (kgCO₂/TJ),本土化数据，油气企业抽样实测数据
交通运输、仓储和邮政业 > 陆上交通运输企业 > 燃料燃烧 > 化石燃料燃烧 > 天然气 > 甲烷,甲烷,天然气车,92,因子 (kgCH₄/TJ),数据来源于《2006年IPCC清单指南》
交通运输、仓储和邮政业 > 陆上交通运输企业 > 燃料燃烧 > 化石燃料燃烧 > 天然气 > 氧化亚氮,氧化亚氮,天然气车,3,因子 (kgN₂O/TJ),数据来源于《2006年IPCC清单指南》
交通运输、仓储和邮政业 > 陆上交通运输企业 > 燃料燃烧 > 生物质燃料燃烧 > 二氧化碳,二氧化碳,生物汽油,70800,因子  (kgCO₂/TJ),数据来源于《2006年IPCC清单指南》
交通运输、仓储和邮政业 > 陆上交通运输企业 > 燃料燃烧 > 生物质燃料燃烧 > 二氧化碳,二氧化碳,生物柴油,70800,因子  (kgCO₂/TJ),数据来源于《2006年IPCC清单指南》
交通运输、仓储和邮政业 > 陆上交通运输企业 > 燃料燃烧 > 生物质燃料燃烧 > 甲烷,甲烷,生物汽油,260,因子 (kgCH₄/TJ),数据来源于《2006年IPCC清单指南》
交通运输、仓储和邮政业 > 陆上交通运输企业 > 燃料燃烧 > 生物质燃料燃烧 > 甲烷,甲烷,生物柴油,3.9,因子 (kgCH₄/TJ),数据来源于《2006年IPCC清单指南》
交通运输、仓储和邮政业 > 陆上交通运输企业 > 燃料燃烧 > 生物质燃料燃烧 > 氧化亚氮,氧化亚氮,生物汽油,41,因子 (kgN₂O/TJ),数据来源于《2006年IPCC清单指南》
交通运输、仓储和邮政业 > 陆上交通运输企业 > 燃料燃烧 > 生物质燃料燃烧 > 氧化亚氮,氧化亚氮,生物柴油,3.9,因子 (kgN₂O/TJ),数据来源于《2006年IPCC清单指南》
交通运输、仓储和邮政业 > 陆上交通运输企业 > 净购入电力与热力 > 电力消费 > 电力平均二氧化碳排放因子 > 全国电力平均二氧化碳排放因子,全国电力平均二氧化碳排放因子,全国,0.5306,2023年因子 (kgCO₂/kWh),"本土化数据，数据来源于生态环境部、国家统计局《关于发布2023年电力二氧化碳排放因子的公告》（公告2025年第47号）
"
交通运输、仓储和邮政业 > 陆上交通运输企业 > 净购入电力与热力 > 电力消费 > 电力平均二氧化碳排放因子 > 区域电力平均二氧化碳排放因子,区域电力平均二氧化碳排放因子,华北,0.6361,2023年因子 (kgCO₂/kWh),"本土化数据，数据来源于生态环境部、国家统计局《关于发布2023年电力二氧化碳排放因子的公告》（公告2025年第47号）
"
交通运输、仓储和邮政业 > 陆上交通运输企业 > 净购入电力与热力 > 电力消费 > 电力平均二氧化碳排放因子 > 区域电力平均二氧化碳排放因子,区域电力平均二氧化碳排放因子,东北,0.5122,2023年因子 (kgCO₂/kWh),"本土化数据，数据来源于生态环境部、国家统计局《关于发布2023年电力二氧化碳排放因子的公告》（公告2025年第47号）
"
交通运输、仓储和邮政业 > 陆上交通运输企业 > 净购入电力与热力 > 电力消费 > 电力平均二氧化碳排放因子 > 区域电力平均二氧化碳排放因子,区域电力平均二氧化碳排放因子,华东,0.5500,2023年因子 (kgCO₂/kWh),"本土化数据，数据来源于生态环境部、国家统计局《关于发布2023年电力二氧化碳排放因子的公告》（公告2025年第47号）
"
交通运输、仓储和邮政业 > 陆上交通运输企业 > 净购入电力与热力 > 电力消费 > 电力平均二氧化碳排放因子 > 区域电力平均二氧化碳排放因子,区域电力平均二氧化碳排放因子,华中,0.5271,2023年因子 (kgCO₂/kWh),"本土化数据，数据来源于生态环境部、国家统计局《关于发布2023年电力二氧化碳排放因子的公告》（公告2025年第47号）
"
交通运输、仓储和邮政业 > 陆上交通运输企业 > 净购入电力与热力 > 电力消费 > 电力平均二氧化碳排放因子 > 区域电力平均二氧化碳排放因子,区域电力平均二氧化碳排放因子,西北,0.5543,2023年因子 (kgCO₂/kWh),"本土化数据，数据来源于生态环境部、国家统计局《关于发布2023年电力二氧化碳排放因子的公告》（公告2025年第47号）
"
交通运输、仓储和邮政业 > 陆上交通运输企业 > 净购入电力与热力 > 电力消费 > 电力平均二氧化碳排放因子 > 区域电力平均二氧化碳排放因子,区域电力平均二氧化碳排放因子,南方,0.4042,2023年因子 (kgCO₂/kWh),"本土化数据，数据来源于生态环境部、国家统计局《关于发布2023年电力二氧化碳排放因子的公告》（公告2025年第47号）
"
交通运输、仓储和邮政业 > 陆上交通运输企业 > 净购入电力与热力 > 电力消费 > 电力平均二氧化碳排放因子 > 区域电力平均二氧化碳排放因子,区域电力平均二氧化碳排放因子,西南,0.2472,2023年因子 (kgCO₂/kWh),"本土化数据，数据来源于生态环境部、国家统计局《关于发布2023年电力二氧化碳排放因子的公告》（公告2025年第47号）
"
交通运输、仓储和邮政业 > 陆上交通运输企业 > 净购入电力与热力 > 电力消费 > 电力平均二氧化碳排放因子 > 省级电力平均二氧化碳排放因子,省级电力平均二氧化碳排放因子,北京,0.5554,2023年因子 (kgCO₂/kWh),"本土化数据，数据来源于生态环境部、国家统计局《关于发布2023年电力二氧化碳排放因子的公告》（公告2025年第47号）
"
交通运输、仓储和邮政业 > 陆上交通运输企业 > 净购入电力与热力 > 电力消费 > 电力平均二氧化碳排放因子 > 省级电力平均二氧化碳排放因子,省级电力平均二氧化碳排放因子,天津,0.6796,2023年因子 (kgCO₂/kWh),"本土化数据，数据来源于生态环境部、国家统计局《关于发布2023年电力二氧化碳排放因子的公告》（公告2025年第47号）
"
交通运输、仓储和邮政业 > 陆上交通运输企业 > 净购入电力与热力 > 电力消费 > 电力平均二氧化碳排放因子 > 省级电力平均二氧化碳排放因子,省级电力平均二氧化碳排放因子,河北,0.6516,2023年因子 (kgCO₂/kWh),"本土化数据，数据来源于生态环境部、国家统计局《关于发布2023年电力二氧化碳排放因子的公告》（公告2025年第47号）
"
交通运输、仓储和邮政业 > 陆上交通运输企业 > 净购入电力与热力 > 电力消费 > 电力平均二氧化碳排放因子 > 省级电力平均二氧化碳排放因子,省级电力平均二氧化碳排放因子,山西,0.6634,2023年因子 (kgCO₂/kWh),"本土化数据，数据来源于生态环境部、国家统计局《关于发布2023年电力二氧化碳排放因子的公告》（公告2025年第47号）
"
交通运输、仓储和邮政业 > 陆上交通运输企业 > 净购入电力与热力 > 电力消费 > 电力平均二氧化碳排放因子 > 省级电力平均二氧化碳排放因子,省级电力平均二氧化碳排放因子,内蒙古,0.6479,2023年因子 (kgCO₂/kWh),"本土化数据，数据来源于生态环境部、国家统计局《关于发布2023年电力二氧化碳排放因子的公告》（公告2025年第47号）
"
交通运输、仓储和邮政业 > 陆上交通运输企业 > 净购入电力与热力 > 电力消费 > 电力平均二氧化碳排放因子 > 省级电力平均二氧化碳排放因子,省级电力平均二氧化碳排放因子,辽宁,0.4878,2023年因子 (kgCO₂/kWh),"本土化数据，数据来源于生态环境部、国家统计局《关于发布2023年电力二氧化碳排放因子的公告》（公告2025年第47号）
"
交通运输、仓储和邮政业 > 陆上交通运输企业 > 净购入电力与热力 > 电力消费 > 电力平均二氧化碳排放因子 > 省级电力平均二氧化碳排放因子,省级电力平均二氧化碳排放因子,吉林,0.4671,2023年因子 (kgCO₂/kWh),"本土化数据，数据来源于生态环境部、国家统计局《关于发布2023年电力二氧化碳排放因子的公告》（公告2025年第47号）
"
交通运输、仓储和邮政业 > 陆上交通运输企业 > 净购入电力与热力 > 电力消费 > 电力平均二氧化碳排放因子 > 省级电力平均二氧化碳排放因子,省级电力平均二氧化碳排放因子,黑龙江,0.5229,2023年因子 (kgCO₂/kWh),"本土化数据，数据来源于生态环境部、国家统计局《关于发布2023年电力二氧化碳排放因子的公告》（公告2025年第47号）
"
交通运输、仓储和邮政业 > 陆上交通运输企业 > 净购入电力与热力 > 电力消费 > 电力平均二氧化碳排放因子 > 省级电力平均二氧化碳排放因子,省级电力平均二氧化碳排放因子,上海,0.5737,2023年因子 (kgCO₂/kWh),"本土化数据，数据来源于生态环境部、国家统计局《关于发布2023年电力二氧化碳排放因子的公告》（公告2025年第47号）
"
交通运输、仓储和邮政业 > 陆上交通运输企业 > 净购入电力与热力 > 电力消费 > 电力平均二氧化碳排放因子 > 省级电力平均二氧化碳排放因子,省级电力平均二氧化碳排放因子,江苏,0.5827,2023年因子 (kgCO₂/kWh),"本土化数据，数据来源于生态环境部、国家统计局《关于发布2023年电力二氧化碳排放因子的公告》（公告2025年第47号）
"
交通运输、仓储和邮政业 > 陆上交通运输企业 > 净购入电力与热力 > 电力消费 > 电力平均二氧化碳排放因子 > 省级电力平均二氧化碳排放因子,省级电力平均二氧化碳排放因子,浙江,0.4974,2023年因子 (kgCO₂/kWh),"本土化数据，数据来源于生态环境部、国家统计局《关于发布2023年电力二氧化碳排放因子的公告》（公告2025年第47号）
"
交通运输、仓储和邮政业 > 陆上交通运输企业 > 净购入电力与热力 > 电力消费 > 电力平均二氧化碳排放因子 > 省级电力平均二氧化碳排放因子,省级电力平均二氧化碳排放因子,安徽,0.6553,2023年因子 (kgCO₂/kWh),"本土化数据，数据来源于生态环境部、国家统计局《关于发布2023年电力二氧化碳排放因子的公告》（公告2025年第47号）
"
交通运输、仓储和邮政业 > 陆上交通运输企业 > 净购入电力与热力 > 电力消费 > 电力平均二氧化碳排放因子 > 省级电力平均二氧化碳排放因子,省级电力平均二氧化碳排放因子,福建,0.4211,2023年因子 (kgCO₂/kWh),"本土化数据，数据来源于生态环境部、国家统计局《关于发布2023年电力二氧化碳排放因子的公告》（公告2025年第47号）
"
交通运输、仓储和邮政业 > 陆上交通运输企业 > 净购入电力与热力 > 电力消费 > 电力平均二氧化碳排放因子 > 省级电力平均二氧化碳排放因子,省级电力平均二氧化碳排放因子,江西,0.5836,2023年因子 (kgCO₂/kWh),"本土化数据，数据来源于生态环境部、国家统计局《关于发布2023年电力二氧化碳排放因子的公告》（公告2025年第47号）
"
交通运输、仓储和邮政业 > 陆上交通运输企业 > 净购入电力与热力 > 电力消费 > 电力平均二氧化碳排放因子 > 省级电力平均二氧化碳排放因子,省级电力平均二氧化碳排放因子,山东,0.6191,2023年因子 (kgCO₂/kWh),"本土化数据，数据来源于生态环境部、国家统计局《关于发布2023年电力二氧化碳排放因子的公告》（公告2025年第47号）
"
交通运输、仓储和邮政业 > 陆上交通运输企业 > 净购入电力与热力 > 电力消费 > 电力平均二氧化碳排放因子 > 省级电力平均二氧化碳排放因子,省级电力平均二氧化碳排放因子,河南,0.5897,2023年因子 (kgCO₂/kWh),"本土化数据，数据来源于生态环境部、国家统计局《关于发布2023年电力二氧化碳排放因子的公告》（公告2025年第47号）
"
交通运输、仓储和邮政业 > 陆上交通运输企业 > 净购入电力与热力 > 电力消费 > 电力平均二氧化碳排放因子 > 省级电力平均二氧化碳排放因子,省级电力平均二氧化碳排放因子,湖北,0.4044,2023年因子 (kgCO₂/kWh),"本土化数据，数据来源于生态环境部、国家统计局《关于发布2023年电力二氧化碳排放因子的公告》（公告2025年第47号）
"
交通运输、仓储和邮政业 > 陆上交通运输企业 > 净购入电力与热力 > 电力消费 > 电力平均二氧化碳排放因子 > 省级电力平均二氧化碳排放因子,省级电力平均二氧化碳排放因子,湖南,0.4976,2023年因子 (kgCO₂/kWh),"本土化数据，数据来源于生态环境部、国家统计局《关于发布2023年电力二氧化碳排放因子的公告》（公告2025年第47号）
"
交通运输、仓储和邮政业 > 陆上交通运输企业 > 净购入电力与热力 > 电力消费 > 电力平均二氧化碳排放因子 > 省级电力平均二氧化碳排放因子,省级电力平均二氧化碳排放因子,广东,0.4419,2023年因子 (kgCO₂/kWh),"本土化数据，数据来源于生态环境部、国家统计局《关于发布2023年电力二氧化碳排放因子的公告》（公告2025年第47号）
"
交通运输、仓储和邮政业 > 陆上交通运输企业 > 净购入电力与热力 > 电力消费 > 电力平均二氧化碳排放因子 > 省级电力平均二氧化碳排放因子,省级电力平均二氧化碳排放因子,广西,0.4476,2023年因子 (kgCO₂/kWh),"本土化数据，数据来源于生态环境部、国家统计局《关于发布2023年电力二氧化碳排放因子的公告》（公告2025年第47号）
"
交通运输、仓储和邮政业 > 陆上交通运输企业 > 净购入电力与热力 > 电力消费 > 电力平均二氧化碳排放因子 > 省级电力平均二氧化碳排放因子,省级电力平均二氧化碳排放因子,海南,0.3648,2023年因子 (kgCO₂/kWh),"本土化数据，数据来源于生态环境部、国家统计局《关于发布2023年电力二氧化碳排放因子的公告》（公告2025年第47号）
"
交通运输、仓储和邮政业 > 陆上交通运输企业 > 净购入电力与热力 > 电力消费 > 电力平均二氧化碳排放因子 > 省级电力平均二氧化碳排放因子,省级电力平均二氧化碳排放因子,重庆,0.5581,2023年因子 (kgCO₂/kWh),"本土化数据，数据来源于生态环境部、国家统计局《关于发布2023年电力二氧化碳排放因子的公告》（公告2025年第47号）
"
交通运输、仓储和邮政业 > 陆上交通运输企业 > 净购入电力与热力 > 电力消费 > 电力平均二氧化碳排放因子 > 省级电力平均二氧化碳排放因子,省级电力平均二氧化碳排放因子,四川,0.1564,2023年因子 (kgCO₂/kWh),"本土化数据，数据来源于生态环境部、国家统计局《关于发布2023年电力二氧化碳排放因子的公告》（公告2025年第47号）
"
交通运输、仓储和邮政业 > 陆上交通运输企业 > 净购入电力与热力 > 电力消费 > 电力平均二氧化碳排放因子 > 省级电力平均二氧化碳排放因子,省级电力平均二氧化碳排放因子,贵州,0.5683,2023年因子 (kgCO₂/kWh),本土化数据，数据来源于生态环境部、国家统计局《关于发布2023年电力二氧化碳排放因子的公告》（公告2025年第47号）
交通运输、仓储和邮政业 > 陆上交通运输企业 > 净购入电力与热力 > 电力消费 > 电力平均二氧化碳排放因子 > 省级电力平均二氧化碳排放因子,省级电力平均二氧化碳排放因子,云南,0.1333,2023年因子 (kgCO₂/kWh),"本土化数据，数据来源于生态环境部、国家统计局《关于发布2023年电力二氧化碳排放因子的公告》（公告2025年第47号）
"
交通运输、仓储和邮政业 > 陆上交通运输企业 > 净购入电力与热力 > 电力消费 > 电力平均二氧化碳排放因子 > 省级电力平均二氧化碳排放因子,省级电力平均二氧化碳排放因子,陕西,0.6335,2023年因子 (kgCO₂/kWh),"本土化数据，数据来源于生态环境部、国家统计局《关于发布2023年电力二氧化碳排放因子的公告》（公告2025年第47号）
"
交通运输、仓储和邮政业 > 陆上交通运输企业 > 净购入电力与热力 > 电力消费 > 电力平均二氧化碳排放因子 > 省级电力平均二氧化碳排放因子,省级电力平均二氧化碳排放因子,甘肃,0.4471,2023年因子 (kgCO₂/kWh),"本土化数据，数据来源于生态环境部、国家统计局《关于发布2023年电力二氧化碳排放因子的公告》（公告2025年第47号）
"
交通运输、仓储和邮政业 > 陆上交通运输企业 > 净购入电力与热力 > 电力消费 > 电力平均二氧化碳排放因子 > 省级电力平均二氧化碳排放因子,省级电力平均二氧化碳排放因子,青海,0.1796,2023年因子 (kgCO₂/kWh),"本土化数据，数据来源于生态环境部、国家统计局《关于发布2023年电力二氧化碳排放因子的公告》（公告2025年第47号）
"
交通运输、仓储和邮政业 > 陆上交通运输企业 > 净购入电力与热力 > 电力消费 > 电力平均二氧化碳排放因子 > 省级电力平均二氧化碳排放因子,省级电力平均二氧化碳排放因子,宁夏,0.6187,2023年因子 (kgCO₂/kWh),"本土化数据，数据来源于生态环境部、国家统计局《关于发布2023年电力二氧化碳排放因子的公告》（公告2025年第47号）
"
交通运输、仓储和邮政业 > 陆上交通运输企业 > 净购入电力与热力 > 电力消费 > 电力平均二氧化碳排放因子 > 省级电力平均二氧化碳排放因子,省级电力平均二氧化碳排放因子,新疆,0.6021,2023年因子 (kgCO₂/kWh),"本土化数据，数据来源于生态环境部、国家统计局《关于发布2023年电力二氧化碳排放因子的公告》（公告2025年第47号）
"
交通运输、仓储和邮政业 > 陆上交通运输企业 > 净购入电力与热力 > 电力消费 > 电力平均二氧化碳排放因子（不包括市场化交易的非化石能源电量） > 全国电力平均二氧化碳排放因子（不包括市场化交易的非化石能源电量）,全国电力平均二氧化碳排放因子（不包括市场化交易的非化石能源电量）,全国,0.6096,2023年因子 (kgCO₂/kWh),"本土化数据，数据来源于生态环境部、国家统计局《关于发布2023年电力二氧化碳排放因子的公告》（公告2025年第47号）
"
交通运输、仓储和邮政业 > 陆上交通运输企业 > 净购入电力与热力 > 电力消费 > 化石能源电力二氧化碳排放因子 > 全国化石能源电力二氧化碳排放因子,全国化石能源电力二氧化碳排放因子,全国,0.8273,2023年因子 (kgCO₂/kWh),"本土化数据，数据来源于生态环境部、国家统计局《关于发布2023年电力二氧化碳排放因子的公告》（公告2025年第47号）
"
其他行业 > 公共建筑运营单位 > 燃料燃烧 > 化石燃料燃烧 > 煤炭 > 二氧化碳,二氧化碳,无烟煤,98.3,因子  (tCO₂/TJ),"数据来源于《2006年IPCC清单指南》
"
其他行业 > 公共建筑运营单位 > 燃料燃烧 > 化石燃料燃烧 > 煤炭 > 二氧化碳,二氧化碳,炼焦烟煤,94.6,因子  (tCO₂/TJ),数据来源于《2006年IPCC清单指南》
其他行业 > 公共建筑运营单位 > 燃料燃烧 > 化石燃料燃烧 > 煤炭 > 二氧化碳,二氧化碳,一般烟煤,94.6,因子  (tCO₂/TJ),数据来源于《2006年IPCC清单指南》
其他行业 > 公共建筑运营单位 > 燃料燃烧 > 化石燃料燃烧 > 煤炭 > 二氧化碳,二氧化碳,褐煤,101.2,因子  (tCO₂/TJ),数据来源于《2006年IPCC清单指南》
其他行业 > 公共建筑运营单位 > 燃料燃烧 > 化石燃料燃烧 > 煤炭 > 二氧化碳,二氧化碳,煤制品,97.5,因子  (tCO₂/TJ),数据来源于《2006年IPCC清单指南》
其他行业 > 公共建筑运营单位 > 燃料燃烧 > 化石燃料燃烧 > 煤炭 > 二氧化碳,二氧化碳,焦炭,107.1,因子  (tCO₂/TJ),数据来源于《2006年IPCC清单指南》
其他行业 > 公共建筑运营单位 > 燃料燃烧 > 化石燃料燃烧 > 煤炭 > 二氧化碳,二氧化碳,焦炉煤气,44.4,因子  (tCO₂/TJ),数据来源于《2006年IPCC清单指南》
其他行业 > 公共建筑运营单位 > 燃料燃烧 > 化石燃料燃烧 > 煤炭 > 二氧化碳,二氧化碳,高炉煤气,259.6,因子  (tCO₂/TJ),数据来源于《2006年IPCC清单指南》
其他行业 > 公共建筑运营单位 > 燃料燃烧 > 化石燃料燃烧 > 煤炭 > 二氧化碳,二氧化碳,转炉煤气,181.9,因子  (tCO₂/TJ),数据来源于《2006年IPCC清单指南》
其他行业 > 公共建筑运营单位 > 燃料燃烧 > 化石燃料燃烧 > 煤炭 > 二氧化碳,二氧化碳,其他煤气,44.4,因子  (tCO₂/TJ),数据来源于《2006年IPCC清单指南》
其他行业 > 公共建筑运营单位 > 燃料燃烧 > 化石燃料燃烧 > 煤炭 > 甲烷,甲烷,无烟煤,10,因子 (kgCH₄/TJ),数据来源于《2006年IPCC清单指南》
其他行业 > 公共建筑运营单位 > 燃料燃烧 > 化石燃料燃烧 > 煤炭 > 甲烷,甲烷,炼焦烟煤,10,因子 (kgCH₄/TJ),数据来源于《2006年IPCC清单指南》
其他行业 > 公共建筑运营单位 > 燃料燃烧 > 化石燃料燃烧 > 煤炭 > 甲烷,甲烷,一般烟煤,10,因子 (kgCH₄/TJ),数据来源于《2006年IPCC清单指南》
其他行业 > 公共建筑运营单位 > 燃料燃烧 > 化石燃料燃烧 > 煤炭 > 甲烷,甲烷,褐煤,10,因子 (kgCH₄/TJ),数据来源于《2006年IPCC清单指南》
其他行业 > 公共建筑运营单位 > 燃料燃烧 > 化石燃料燃烧 > 煤炭 > 甲烷,甲烷,煤制品,10,因子 (kgCH₄/TJ),数据来源于《2006年IPCC清单指南》
其他行业 > 公共建筑运营单位 > 燃料燃烧 > 化石燃料燃烧 > 煤炭 > 甲烷,甲烷,焦炭,10,因子 (kgCH₄/TJ),数据来源于《2006年IPCC清单指南》
其他行业 > 公共建筑运营单位 > 燃料燃烧 > 化石燃料燃烧 > 煤炭 > 甲烷,甲烷,焦炉煤气,5,因子 (kgCH₄/TJ),数据来源于《2006年IPCC清单指南》
其他行业 > 公共建筑运营单位 > 燃料燃烧 > 化石燃料燃烧 > 煤炭 > 甲烷,甲烷,高炉煤气,5,因子 (kgCH₄/TJ),数据来源于《2006年IPCC清单指南》
其他行业 > 公共建筑运营单位 > 燃料燃烧 > 化石燃料燃烧 > 煤炭 > 甲烷,甲烷,转炉煤气,5,因子 (kgCH₄/TJ),数据来源于《2006年IPCC清单指南》
其他行业 > 公共建筑运营单位 > 燃料燃烧 > 化石燃料燃烧 > 煤炭 > 甲烷,甲烷,其他煤气,5,因子 (kgCH₄/TJ),数据来源于《2006年IPCC清单指南》
其他行业 > 公共建筑运营单位 > 燃料燃烧 > 化石燃料燃烧 > 煤炭 > 氧化亚氮,氧化亚氮,无烟煤,1.5,因子 (kgN₂O/TJ),数据来源于《2006年IPCC清单指南》
其他行业 > 公共建筑运营单位 > 燃料燃烧 > 化石燃料燃烧 > 煤炭 > 氧化亚氮,氧化亚氮,炼焦烟煤,1.5,因子 (kgN₂O/TJ),数据来源于《2006年IPCC清单指南》
其他行业 > 公共建筑运营单位 > 燃料燃烧 > 化石燃料燃烧 > 煤炭 > 氧化亚氮,氧化亚氮,一般烟煤,1.5,因子 (kgN₂O/TJ),数据来源于《2006年IPCC清单指南》
其他行业 > 公共建筑运营单位 > 燃料燃烧 > 化石燃料燃烧 > 煤炭 > 氧化亚氮,氧化亚氮,褐煤,1.5,因子 (kgN₂O/TJ),数据来源于《2006年IPCC清单指南》
其他行业 > 公共建筑运营单位 > 燃料燃烧 > 化石燃料燃烧 > 煤炭 > 氧化亚氮,氧化亚氮,煤制品,1.5,因子 (kgN₂O/TJ),数据来源于《2006年IPCC清单指南》
其他行业 > 公共建筑运营单位 > 燃料燃烧 > 化石燃料燃烧 > 煤炭 > 氧化亚氮,氧化亚氮,焦炭,1.5,因子 (kgN₂O/TJ),数据来源于《2006年IPCC清单指南》
其他行业 > 公共建筑运营单位 > 燃料燃烧 > 化石燃料燃烧 > 煤炭 > 氧化亚氮,氧化亚氮,焦炉煤气,0.1,因子 (kgN₂O/TJ),数据来源于《2006年IPCC清单指南》
其他行业 > 公共建筑运营单位 > 燃料燃烧 > 化石燃料燃烧 > 煤炭 > 氧化亚氮,氧化亚氮,高炉煤气,0.1,因子 (kgN₂O/TJ),数据来源于《2006年IPCC清单指南》
其他行业 > 公共建筑运营单位 > 燃料燃烧 > 化石燃料燃烧 > 煤炭 > 氧化亚氮,氧化亚氮,转炉煤气,0.1,因子 (kgN₂O/TJ),数据来源于《2006年IPCC清单指南》
其他行业 > 公共建筑运营单位 > 燃料燃烧 > 化石燃料燃烧 > 煤炭 > 氧化亚氮,氧化亚氮,其他煤气,0.1,因子 (kgN₂O/TJ),数据来源于《2006年IPCC清单指南》
其他行业 > 公共建筑运营单位 > 燃料燃烧 > 化石燃料燃烧 > 石油 > 二氧化碳,二氧化碳,原油,73.3,因子  (tCO₂/TJ),数据来源于《2006年IPCC清单指南》
其他行业 > 公共建筑运营单位 > 燃料燃烧 > 化石燃料燃烧 > 石油 > 二氧化碳,二氧化碳,汽油,69.3,因子  (tCO₂/TJ),数据来源于《2006年IPCC清单指南》
其他行业 > 公共建筑运营单位 > 燃料燃烧 > 化石燃料燃烧 > 石油 > 二氧化碳,二氧化碳,煤油,71.9,因子  (tCO₂/TJ),数据来源于《2006年IPCC清单指南》
其他行业 > 公共建筑运营单位 > 燃料燃烧 > 化石燃料燃烧 > 石油 > 二氧化碳,二氧化碳,柴油,74.1,因子  (tCO₂/TJ),数据来源于《2006年IPCC清单指南》
其他行业 > 公共建筑运营单位 > 燃料燃烧 > 化石燃料燃烧 > 石油 > 二氧化碳,二氧化碳,燃料油,77.4,因子  (tCO₂/TJ),数据来源于《2006年IPCC清单指南》
其他行业 > 公共建筑运营单位 > 燃料燃烧 > 化石燃料燃烧 > 石油 > 二氧化碳,二氧化碳,石脑油,73.3,因子  (tCO₂/TJ),数据来源于《2006年IPCC清单指南》
其他行业 > 公共建筑运营单位 > 燃料燃烧 > 化石燃料燃烧 > 石油 > 二氧化碳,二氧化碳,润滑油,73.3,因子  (tCO₂/TJ),数据来源于《2006年IPCC清单指南》
其他行业 > 公共建筑运营单位 > 燃料燃烧 > 化石燃料燃烧 > 石油 > 二氧化碳,二氧化碳,石蜡,73.3,因子  (tCO₂/TJ),数据来源于《2006年IPCC清单指南》
其他行业 > 公共建筑运营单位 > 燃料燃烧 > 化石燃料燃烧 > 石油 > 二氧化碳,二氧化碳,溶剂油,73.3,因子  (tCO₂/TJ),数据来源于《2006年IPCC清单指南》
其他行业 > 公共建筑运营单位 > 燃料燃烧 > 化石燃料燃烧 > 石油 > 二氧化碳,二氧化碳,石油沥青,80.7,因子  (tCO₂/TJ),数据来源于《2006年IPCC清单指南》
其他行业 > 公共建筑运营单位 > 燃料燃烧 > 化石燃料燃烧 > 石油 > 二氧化碳,二氧化碳,石油焦,97.5,因子  (tCO₂/TJ),数据来源于《2006年IPCC清单指南》
其他行业 > 公共建筑运营单位 > 燃料燃烧 > 化石燃料燃烧 > 石油 > 二氧化碳,二氧化碳,液化石油气,63.1,因子  (tCO₂/TJ),数据来源于《2006年IPCC清单指南》
其他行业 > 公共建筑运营单位 > 燃料燃烧 > 化石燃料燃烧 > 石油 > 二氧化碳,二氧化碳,炼厂干气,57.6,因子  (tCO₂/TJ),数据来源于《2006年IPCC清单指南》
其他行业 > 公共建筑运营单位 > 燃料燃烧 > 化石燃料燃烧 > 石油 > 二氧化碳,二氧化碳,其他石油制品,73.3,因子  (tCO₂/TJ),数据来源于《2006年IPCC清单指南》
其他行业 > 公共建筑运营单位 > 燃料燃烧 > 化石燃料燃烧 > 石油 > 甲烷,甲烷,原油,10,因子 (kgCH₄/TJ),数据来源于《2006年IPCC清单指南》
其他行业 > 公共建筑运营单位 > 燃料燃烧 > 化石燃料燃烧 > 石油 > 甲烷,甲烷,汽油,10,因子 (kgCH₄/TJ),数据来源于《2006年IPCC清单指南》
其他行业 > 公共建筑运营单位 > 燃料燃烧 > 化石燃料燃烧 > 石油 > 甲烷,甲烷,煤油,10,因子 (kgCH₄/TJ),数据来源于《2006年IPCC清单指南》
其他行业 > 公共建筑运营单位 > 燃料燃烧 > 化石燃料燃烧 > 石油 > 甲烷,甲烷,柴油,10,因子 (kgCH₄/TJ),数据来源于《2006年IPCC清单指南》
其他行业 > 公共建筑运营单位 > 燃料燃烧 > 化石燃料燃烧 > 石油 > 甲烷,甲烷,燃料油,10,因子 (kgCH₄/TJ),数据来源于《2006年IPCC清单指南》
其他行业 > 公共建筑运营单位 > 燃料燃烧 > 化石燃料燃烧 > 石油 > 甲烷,甲烷,石脑油,10,因子 (kgCH₄/TJ),数据来源于《2006年IPCC清单指南》
其他行业 > 公共建筑运营单位 > 燃料燃烧 > 化石燃料燃烧 > 石油 > 甲烷,甲烷,润滑油,10,因子 (kgCH₄/TJ),数据来源于《2006年IPCC清单指南》
其他行业 > 公共建筑运营单位 > 燃料燃烧 > 化石燃料燃烧 > 石油 > 甲烷,甲烷,石蜡,10,因子 (kgCH₄/TJ),数据来源于《2006年IPCC清单指南》
其他行业 > 公共建筑运营单位 > 燃料燃烧 > 化石燃料燃烧 > 石油 > 甲烷,甲烷,溶剂油,10,因子 (kgCH₄/TJ),数据来源于《2006年IPCC清单指南》
其他行业 > 公共建筑运营单位 > 燃料燃烧 > 化石燃料燃烧 > 石油 > 甲烷,甲烷,石油沥青,10,因子 (kgCH₄/TJ),数据来源于《2006年IPCC清单指南》
其他行业 > 公共建筑运营单位 > 燃料燃烧 > 化石燃料燃烧 > 石油 > 甲烷,甲烷,石油焦,10,因子 (kgCH₄/TJ),数据来源于《2006年IPCC清单指南》
其他行业 > 公共建筑运营单位 > 燃料燃烧 > 化石燃料燃烧 > 石油 > 甲烷,甲烷,液化石油气,5,因子 (kgCH₄/TJ),数据来源于《2006年IPCC清单指南》
其他行业 > 公共建筑运营单位 > 燃料燃烧 > 化石燃料燃烧 > 石油 > 甲烷,甲烷,炼厂干气,5,因子 (kgCH₄/TJ),数据来源于《2006年IPCC清单指南》
其他行业 > 公共建筑运营单位 > 燃料燃烧 > 化石燃料燃烧 > 石油 > 甲烷,甲烷,其他石油制品,10,因子 (kgCH₄/TJ),数据来源于《2006年IPCC清单指南》
其他行业 > 公共建筑运营单位 > 燃料燃烧 > 化石燃料燃烧 > 石油 > 氧化亚氮,氧化亚氮,原油,0.6,因子 (kgN₂O/TJ),"数据来源于《2006年IPCC清单指南》
"
其他行业 > 公共建筑运营单位 > 燃料燃烧 > 化石燃料燃烧 > 石油 > 氧化亚氮,氧化亚氮,汽油,0.6,因子 (kgN₂O/TJ),"数据来源于《2006年IPCC清单指南》
"
其他行业 > 公共建筑运营单位 > 燃料燃烧 > 化石燃料燃烧 > 石油 > 氧化亚氮,氧化亚氮,煤油,0.6,因子 (kgN₂O/TJ),"数据来源于《2006年IPCC清单指南》
"
其他行业 > 公共建筑运营单位 > 燃料燃烧 > 化石燃料燃烧 > 石油 > 氧化亚氮,氧化亚氮,柴油,0.6,因子 (kgN₂O/TJ),"数据来源于《2006年IPCC清单指南》
"
其他行业 > 公共建筑运营单位 > 燃料燃烧 > 化石燃料燃烧 > 石油 > 氧化亚氮,氧化亚氮,燃料油,0.6,因子 (kgN₂O/TJ),"数据来源于《2006年IPCC清单指南》
"
其他行业 > 公共建筑运营单位 > 燃料燃烧 > 化石燃料燃烧 > 石油 > 氧化亚氮,氧化亚氮,石脑油,0.6,因子 (kgN₂O/TJ),"数据来源于《2006年IPCC清单指南》
"
其他行业 > 公共建筑运营单位 > 燃料燃烧 > 化石燃料燃烧 > 石油 > 氧化亚氮,氧化亚氮,润滑油,0.6,因子 (kgN₂O/TJ),"数据来源于《2006年IPCC清单指南》
"
其他行业 > 公共建筑运营单位 > 燃料燃烧 > 化石燃料燃烧 > 石油 > 氧化亚氮,氧化亚氮,石蜡,0.6,因子 (kgN₂O/TJ),"数据来源于《2006年IPCC清单指南》
"
其他行业 > 公共建筑运营单位 > 燃料燃烧 > 化石燃料燃烧 > 石油 > 氧化亚氮,氧化亚氮,溶剂油,0.6,因子 (kgN₂O/TJ),"数据来源于《2006年IPCC清单指南》
"
其他行业 > 公共建筑运营单位 > 燃料燃烧 > 化石燃料燃烧 > 石油 > 氧化亚氮,氧化亚氮,石油沥青,0.6,因子 (kgN₂O/TJ),"数据来源于《2006年IPCC清单指南》
"
其他行业 > 公共建筑运营单位 > 燃料燃烧 > 化石燃料燃烧 > 石油 > 氧化亚氮,氧化亚氮,石油焦,0.6,因子 (kgN₂O/TJ),"数据来源于《2006年IPCC清单指南》
"
其他行业 > 公共建筑运营单位 > 燃料燃烧 > 化石燃料燃烧 > 石油 > 氧化亚氮,氧化亚氮,液化石油气,0.1,因子 (kgN₂O/TJ),"数据来源于《2006年IPCC清单指南》
"
其他行业 > 公共建筑运营单位 > 燃料燃烧 > 化石燃料燃烧 > 石油 > 氧化亚氮,氧化亚氮,炼厂干气,0.1,因子 (kgN₂O/TJ),"数据来源于《2006年IPCC清单指南》
"
其他行业 > 公共建筑运营单位 > 燃料燃烧 > 化石燃料燃烧 > 石油 > 氧化亚氮,氧化亚氮,其他石油制品,0.6,因子 (kgN₂O/TJ),"数据来源于《2006年IPCC清单指南》
"
其他行业 > 公共建筑运营单位 > 燃料燃烧 > 化石燃料燃烧 > 天然气 > 二氧化碳 > 天然气,天然气,天然气,57.2,因子  (tCO₂/TJ),本土化数据，油气企业抽样实测数据
其他行业 > 公共建筑运营单位 > 燃料燃烧 > 化石燃料燃烧 > 天然气 > 二氧化碳 > 液化天然气,液化天然气,液化天然气,56.8,因子  (tCO₂/TJ),本土化数据，油气企业抽样实测数据
其他行业 > 公共建筑运营单位 > 燃料燃烧 > 化石燃料燃烧 > 天然气 > 甲烷,甲烷,天然气,5,因子 (kgCH₄/TJ),数据来源于《2006年IPCC清单指南》
其他行业 > 公共建筑运营单位 > 燃料燃烧 > 化石燃料燃烧 > 天然气 > 氧化亚氮,氧化亚氮,天然气,0.1,因子 (kgN₂O/TJ),数据来源于《2006年IPCC清单指南》
其他行业 > 公共建筑运营单位 > 燃料燃烧 > 生物质燃料燃烧 > 二氧化碳,二氧化碳,农业废弃物,100000,因子  (kgCO₂/TJ),数据来源于《2006年IPCC清单指南》
其他行业 > 公共建筑运营单位 > 燃料燃烧 > 生物质燃料燃烧 > 二氧化碳,二氧化碳,薪柴,112000,因子  (kgCO₂/TJ),数据来源于《2007年IPCC清单指南》
其他行业 > 公共建筑运营单位 > 燃料燃烧 > 生物质燃料燃烧 > 二氧化碳,二氧化碳,木炭,112000,因子  (kgCO₂/TJ),数据来源于《2008年IPCC清单指南》
其他行业 > 公共建筑运营单位 > 燃料燃烧 > 生物质燃料燃烧 > 二氧化碳,二氧化碳,动物粪便,100000,因子  (kgCO₂/TJ),数据来源于《2009年IPCC清单指南》
其他行业 > 公共建筑运营单位 > 燃料燃烧 > 生物质燃料燃烧 > 二氧化碳,二氧化碳,沼气,54600,因子  (kgCO₂/TJ),数据来源于《2010年IPCC清单指南》
其他行业 > 公共建筑运营单位 > 燃料燃烧 > 生物质燃料燃烧 > 二氧化碳,二氧化碳,其他生物气体,54600,因子  (kgCO₂/TJ),数据来源于《2011年IPCC清单指南》
其他行业 > 公共建筑运营单位 > 燃料燃烧 > 生物质燃料燃烧 > 二氧化碳,二氧化碳,城市生活垃圾(生物成因),100000,因子  (kgCO₂/TJ),数据来源于《2012年IPCC清单指南》
其他行业 > 公共建筑运营单位 > 燃料燃烧 > 生物质燃料燃烧 > 二氧化碳,二氧化碳,生物汽油,70800,因子  (kgCO₂/TJ),数据来源于《2013年IPCC清单指南》
其他行业 > 公共建筑运营单位 > 燃料燃烧 > 生物质燃料燃烧 > 二氧化碳,二氧化碳,生物柴油,70800,因子  (kgCO₂/TJ),数据来源于《2014年IPCC清单指南》
其他行业 > 公共建筑运营单位 > 燃料燃烧 > 生物质燃料燃烧 > 二氧化碳,二氧化碳,其他液体生物质燃料,79600,因子  (kgCO₂/TJ),数据来源于《2015年IPCC清单指南》
其他行业 > 公共建筑运营单位 > 净购入电力与热力 > 电力消费 > 电力平均二氧化碳排放因子 > 全国电力平均二氧化碳排放因子,全国电力平均二氧化碳排放因子,全国,0.5306,2023年因子 (kgCO₂/kWh),本土化数据，数据来源于生态环境部、国家统计局《关于发布2023年电力二氧化碳排放因子的公告》（公告2025年第47号）
其他行业 > 公共建筑运营单位 > 净购入电力与热力 > 电力消费 > 电力平均二氧化碳排放因子 > 区域电力平均二氧化碳排放因子,区域电力平均二氧化碳排放因子,华北,0.6361,2023年因子 (kgCO₂/kWh),"本土化数据，数据来源于生态环境部、国家统计局《关于发布2023年电力二氧化碳排放因子的公告》（公告2025年第47号）
"
其他行业 > 公共建筑运营单位 > 净购入电力与热力 > 电力消费 > 电力平均二氧化碳排放因子 > 区域电力平均二氧化碳排放因子,区域电力平均二氧化碳排放因子,东北,0.5122,2023年因子 (kgCO₂/kWh),"本土化数据，数据来源于生态环境部、国家统计局《关于发布2023年电力二氧化碳排放因子的公告》（公告2025年第47号）
"
其他行业 > 公共建筑运营单位 > 净购入电力与热力 > 电力消费 > 电力平均二氧化碳排放因子 > 区域电力平均二氧化碳排放因子,区域电力平均二氧化碳排放因子,华东,0.5500 ,2023年因子 (kgCO₂/kWh),"本土化数据，数据来源于生态环境部、国家统计局《关于发布2023年电力二氧化碳排放因子的公告》（公告2025年第47号）
"
其他行业 > 公共建筑运营单位 > 净购入电力与热力 > 电力消费 > 电力平均二氧化碳排放因子 > 区域电力平均二氧化碳排放因子,区域电力平均二氧化碳排放因子,华中,0.5271,2023年因子 (kgCO₂/kWh),"本土化数据，数据来源于生态环境部、国家统计局《关于发布2023年电力二氧化碳排放因子的公告》（公告2025年第47号）
"
其他行业 > 公共建筑运营单位 > 净购入电力与热力 > 电力消费 > 电力平均二氧化碳排放因子 > 区域电力平均二氧化碳排放因子,区域电力平均二氧化碳排放因子,西北,0.5543,2023年因子 (kgCO₂/kWh),"本土化数据，数据来源于生态环境部、国家统计局《关于发布2023年电力二氧化碳排放因子的公告》（公告2025年第47号）
"
其他行业 > 公共建筑运营单位 > 净购入电力与热力 > 电力消费 > 电力平均二氧化碳排放因子 > 区域电力平均二氧化碳排放因子,区域电力平均二氧化碳排放因子,南方,0.4042,2023年因子 (kgCO₂/kWh),"本土化数据，数据来源于生态环境部、国家统计局《关于发布2023年电力二氧化碳排放因子的公告》（公告2025年第47号）
"
其他行业 > 公共建筑运营单位 > 净购入电力与热力 > 电力消费 > 电力平均二氧化碳排放因子 > 区域电力平均二氧化碳排放因子,区域电力平均二氧化碳排放因子,西南,0.2472,2023年因子 (kgCO₂/kWh),"本土化数据，数据来源于生态环境部、国家统计局《关于发布2023年电力二氧化碳排放因子的公告》（公告2025年第47号）
"
其他行业 > 公共建筑运营单位 > 净购入电力与热力 > 电力消费 > 电力平均二氧化碳排放因子 > 省级电力平均二氧化碳排放因子,省级电力平均二氧化碳排放因子,北京,0.5554,2023年因子 (kgCO₂/kWh),"本土化数据，数据来源于生态环境部、国家统计局《关于发布2023年电力二氧化碳排放因子的公告》（公告2025年第47号）
"
其他行业 > 公共建筑运营单位 > 净购入电力与热力 > 电力消费 > 电力平均二氧化碳排放因子 > 省级电力平均二氧化碳排放因子,省级电力平均二氧化碳排放因子,天津,0.6796,2023年因子 (kgCO₂/kWh),"本土化数据，数据来源于生态环境部、国家统计局《关于发布2023年电力二氧化碳排放因子的公告》（公告2025年第47号）
"
其他行业 > 公共建筑运营单位 > 净购入电力与热力 > 电力消费 > 电力平均二氧化碳排放因子 > 省级电力平均二氧化碳排放因子,省级电力平均二氧化碳排放因子,河北,0.6516,2023年因子 (kgCO₂/kWh),"本土化数据，数据来源于生态环境部、国家统计局《关于发布2023年电力二氧化碳排放因子的公告》（公告2025年第47号）
"
其他行业 > 公共建筑运营单位 > 净购入电力与热力 > 电力消费 > 电力平均二氧化碳排放因子 > 省级电力平均二氧化碳排放因子,省级电力平均二氧化碳排放因子,山西,0.6634,2023年因子 (kgCO₂/kWh),"本土化数据，数据来源于生态环境部、国家统计局《关于发布2023年电力二氧化碳排放因子的公告》（公告2025年第47号）
"
其他行业 > 公共建筑运营单位 > 净购入电力与热力 > 电力消费 > 电力平均二氧化碳排放因子 > 省级电力平均二氧化碳排放因子,省级电力平均二氧化碳排放因子,内蒙古,0.6479,2023年因子 (kgCO₂/kWh),"本土化数据，数据来源于生态环境部、国家统计局《关于发布2023年电力二氧化碳排放因子的公告》（公告2025年第47号）
"
其他行业 > 公共建筑运营单位 > 净购入电力与热力 > 电力消费 > 电力平均二氧化碳排放因子 > 省级电力平均二氧化碳排放因子,省级电力平均二氧化碳排放因子,辽宁,0.4878,2023年因子 (kgCO₂/kWh),"本土化数据，数据来源于生态环境部、国家统计局《关于发布2023年电力二氧化碳排放因子的公告》（公告2025年第47号）
"
其他行业 > 公共建筑运营单位 > 净购入电力与热力 > 电力消费 > 电力平均二氧化碳排放因子 > 省级电力平均二氧化碳排放因子,省级电力平均二氧化碳排放因子,吉林,0.4671,2023年因子 (kgCO₂/kWh),"本土化数据，数据来源于生态环境部、国家统计局《关于发布2023年电力二氧化碳排放因子的公告》（公告2025年第47号）
"
其他行业 > 公共建筑运营单位 > 净购入电力与热力 > 电力消费 > 电力平均二氧化碳排放因子 > 省级电力平均二氧化碳排放因子,省级电力平均二氧化碳排放因子,黑龙江,0.5229,2023年因子 (kgCO₂/kWh),"本土化数据，数据来源于生态环境部、国家统计局《关于发布2023年电力二氧化碳排放因子的公告》（公告2025年第47号）
"
其他行业 > 公共建筑运营单位 > 净购入电力与热力 > 电力消费 > 电力平均二氧化碳排放因子 > 省级电力平均二氧化碳排放因子,省级电力平均二氧化碳排放因子,上海,0.5737,2023年因子 (kgCO₂/kWh),"本土化数据，数据来源于生态环境部、国家统计局《关于发布2023年电力二氧化碳排放因子的公告》（公告2025年第47号）
"
其他行业 > 公共建筑运营单位 > 净购入电力与热力 > 电力消费 > 电力平均二氧化碳排放因子 > 省级电力平均二氧化碳排放因子,省级电力平均二氧化碳排放因子,江苏,0.5827,2023年因子 (kgCO₂/kWh),"本土化数据，数据来源于生态环境部、国家统计局《关于发布2023年电力二氧化碳排放因子的公告》（公告2025年第47号）
"
其他行业 > 公共建筑运营单位 > 净购入电力与热力 > 电力消费 > 电力平均二氧化碳排放因子 > 省级电力平均二氧化碳排放因子,省级电力平均二氧化碳排放因子,浙江,0.4974,2023年因子 (kgCO₂/kWh),"本土化数据，数据来源于生态环境部、国家统计局《关于发布2023年电力二氧化碳排放因子的公告》（公告2025年第47号）
"
其他行业 > 公共建筑运营单位 > 净购入电力与热力 > 电力消费 > 电力平均二氧化碳排放因子 > 省级电力平均二氧化碳排放因子,省级电力平均二氧化碳排放因子,安徽,0.6553,2023年因子 (kgCO₂/kWh),"本土化数据，数据来源于生态环境部、国家统计局《关于发布2023年电力二氧化碳排放因子的公告》（公告2025年第47号）
"
其他行业 > 公共建筑运营单位 > 净购入电力与热力 > 电力消费 > 电力平均二氧化碳排放因子 > 省级电力平均二氧化碳排放因子,省级电力平均二氧化碳排放因子,福建,0.4211,2023年因子 (kgCO₂/kWh),"本土化数据，数据来源于生态环境部、国家统计局《关于发布2023年电力二氧化碳排放因子的公告》（公告2025年第47号）
"
其他行业 > 公共建筑运营单位 > 净购入电力与热力 > 电力消费 > 电力平均二氧化碳排放因子 > 省级电力平均二氧化碳排放因子,省级电力平均二氧化碳排放因子,江西,0.5836,2023年因子 (kgCO₂/kWh),"本土化数据，数据来源于生态环境部、国家统计局《关于发布2023年电力二氧化碳排放因子的公告》（公告2025年第47号）
"
其他行业 > 公共建筑运营单位 > 净购入电力与热力 > 电力消费 > 电力平均二氧化碳排放因子 > 省级电力平均二氧化碳排放因子,省级电力平均二氧化碳排放因子,山东,0.6191,2023年因子 (kgCO₂/kWh),"本土化数据，数据来源于生态环境部、国家统计局《关于发布2023年电力二氧化碳排放因子的公告》（公告2025年第47号）
"
其他行业 > 公共建筑运营单位 > 净购入电力与热力 > 电力消费 > 电力平均二氧化碳排放因子 > 省级电力平均二氧化碳排放因子,省级电力平均二氧化碳排放因子,河南,0.5897,2023年因子 (kgCO₂/kWh),"本土化数据，数据来源于生态环境部、国家统计局《关于发布2023年电力二氧化碳排放因子的公告》（公告2025年第47号）
"
其他行业 > 公共建筑运营单位 > 净购入电力与热力 > 电力消费 > 电力平均二氧化碳排放因子 > 省级电力平均二氧化碳排放因子,省级电力平均二氧化碳排放因子,湖北,0.4044,2023年因子 (kgCO₂/kWh),"本土化数据，数据来源于生态环境部、国家统计局《关于发布2023年电力二氧化碳排放因子的公告》（公告2025年第47号）
"
其他行业 > 公共建筑运营单位 > 净购入电力与热力 > 电力消费 > 电力平均二氧化碳排放因子 > 省级电力平均二氧化碳排放因子,省级电力平均二氧化碳排放因子,湖南,0.4976,2023年因子 (kgCO₂/kWh),"本土化数据，数据来源于生态环境部、国家统计局《关于发布2023年电力二氧化碳排放因子的公告》（公告2025年第47号）
"
其他行业 > 公共建筑运营单位 > 净购入电力与热力 > 电力消费 > 电力平均二氧化碳排放因子 > 省级电力平均二氧化碳排放因子,省级电力平均二氧化碳排放因子,广东,0.4419,2023年因子 (kgCO₂/kWh),"本土化数据，数据来源于生态环境部、国家统计局《关于发布2023年电力二氧化碳排放因子的公告》（公告2025年第47号）
"
其他行业 > 公共建筑运营单位 > 净购入电力与热力 > 电力消费 > 电力平均二氧化碳排放因子 > 省级电力平均二氧化碳排放因子,省级电力平均二氧化碳排放因子,广西,0.4476,2023年因子 (kgCO₂/kWh),"本土化数据，数据来源于生态环境部、国家统计局《关于发布2023年电力二氧化碳排放因子的公告》（公告2025年第47号）
"
其他行业 > 公共建筑运营单位 > 净购入电力与热力 > 电力消费 > 电力平均二氧化碳排放因子 > 省级电力平均二氧化碳排放因子,省级电力平均二氧化碳排放因子,海南,0.3648,2023年因子 (kgCO₂/kWh),"本土化数据，数据来源于生态环境部、国家统计局《关于发布2023年电力二氧化碳排放因子的公告》（公告2025年第47号）
"
其他行业 > 公共建筑运营单位 > 净购入电力与热力 > 电力消费 > 电力平均二氧化碳排放因子 > 省级电力平均二氧化碳排放因子,省级电力平均二氧化碳排放因子,重庆,0.5581,2023年因子 (kgCO₂/kWh),"本土化数据，数据来源于生态环境部、国家统计局《关于发布2023年电力二氧化碳排放因子的公告》（公告2025年第47号）
"
其他行业 > 公共建筑运营单位 > 净购入电力与热力 > 电力消费 > 电力平均二氧化碳排放因子 > 省级电力平均二氧化碳排放因子,省级电力平均二氧化碳排放因子,四川,0.1564,2023年因子 (kgCO₂/kWh),"本土化数据，数据来源于生态环境部、国家统计局《关于发布2023年电力二氧化碳排放因子的公告》（公告2025年第47号）
"
其他行业 > 公共建筑运营单位 > 净购入电力与热力 > 电力消费 > 电力平均二氧化碳排放因子 > 省级电力平均二氧化碳排放因子,省级电力平均二氧化碳排放因子,贵州,0.5683,2023年因子 (kgCO₂/kWh),"本土化数据，数据来源于生态环境部、国家统计局《关于发布2023年电力二氧化碳排放因子的公告》（公告2025年第47号）
"
其他行业 > 公共建筑运营单位 > 净购入电力与热力 > 电力消费 > 电力平均二氧化碳排放因子 > 省级电力平均二氧化碳排放因子,省级电力平均二氧化碳排放因子,云南,0.1333,2023年因子 (kgCO₂/kWh),"本土化数据，数据来源于生态环境部、国家统计局《关于发布2023年电力二氧化碳排放因子的公告》（公告2025年第47号）
"
其他行业 > 公共建筑运营单位 > 净购入电力与热力 > 电力消费 > 电力平均二氧化碳排放因子 > 省级电力平均二氧化碳排放因子,省级电力平均二氧化碳排放因子,陕西,0.6335,2023年因子 (kgCO₂/kWh),"本土化数据，数据来源于生态环境部、国家统计局《关于发布2023年电力二氧化碳排放因子的公告》（公告2025年第47号）
"
其他行业 > 公共建筑运营单位 > 净购入电力与热力 > 电力消费 > 电力平均二氧化碳排放因子 > 省级电力平均二氧化碳排放因子,省级电力平均二氧化碳排放因子,甘肃,0.4471,2023年因子 (kgCO₂/kWh),"本土化数据，数据来源于生态环境部、国家统计局《关于发布2023年电力二氧化碳排放因子的公告》（公告2025年第47号）
"
其他行业 > 公共建筑运营单位 > 净购入电力与热力 > 电力消费 > 电力平均二氧化碳排放因子 > 省级电力平均二氧化碳排放因子,省级电力平均二氧化碳排放因子,青海,0.1796,2023年因子 (kgCO₂/kWh),"本土化数据，数据来源于生态环境部、国家统计局《关于发布2023年电力二氧化碳排放因子的公告》（公告2025年第47号）
"
其他行业 > 公共建筑运营单位 > 净购入电力与热力 > 电力消费 > 电力平均二氧化碳排放因子 > 省级电力平均二氧化碳排放因子,省级电力平均二氧化碳排放因子,宁夏,0.6187,2023年因子 (kgCO₂/kWh),"本土化数据，数据来源于生态环境部、国家统计局《关于发布2023年电力二氧化碳排放因子的公告》（公告2025年第47号）
"
其他行业 > 公共建筑运营单位 > 净购入电力与热力 > 电力消费 > 电力平均二氧化碳排放因子 > 省级电力平均二氧化碳排放因子,省级电力平均二氧化碳排放因子,新疆,0.6021,2023年因子 (kgCO₂/kWh),"本土化数据，数据来源于生态环境部、国家统计局《关于发布2023年电力二氧化碳排放因子的公告》（公告2025年第47号）
"
其他行业 > 公共建筑运营单位 > 净购入电力与热力 > 电力消费 > 电力平均二氧化碳排放因子（不包括市场化交易的非化石能源电量） > 全国电力平均二氧化碳排放因子（不包括市场化交易的非化石能源电量）,全国电力平均二氧化碳排放因子（不包括市场化交易的非化石能源电量）,全国,0.6096,2023年因子 (kgCO₂/kWh),"本土化数据，数据来源于生态环境部、国家统计局《关于发布2023年电力二氧化碳排放因子的公告》（公告2025年第47号）
"
其他行业 > 公共建筑运营单位 > 净购入电力与热力 > 电力消费 > 化石能源电力二氧化碳排放因子 > 全国化石能源电力二氧化碳排放因子,全国化石能源电力二氧化碳排放因子,全国,0.8273,2023年因子 (kgCO₂/kWh),"本土化数据，数据来源于生态环境部、国家统计局《关于发布2023年电力二氧化碳排放因子的公告》（公告2025年第47号）
"
能源活动 > 化石燃料燃烧 > 煤炭 > 二氧化碳,二氧化碳,电煤,96.2,因子  (tCO₂/TJ),本土化数据，经核查的全国碳排放权交易市场火电企业实测数据
能源活动 > 化石燃料燃烧 > 煤炭 > 二氧化碳,二氧化碳,无烟煤,98.3,因子  (tCO₂/TJ),"数据来源于《2006年IPCC清单指南》
"
能源活动 > 化石燃料燃烧 > 煤炭 > 二氧化碳,二氧化碳,炼焦烟煤,94.6,因子  (tCO₂/TJ),"数据来源于《2006年IPCC清单指南》
"
能源活动 > 化石燃料燃烧 > 煤炭 > 二氧化碳,二氧化碳,一般烟煤,94.6,因子  (tCO₂/TJ),"数据来源于《2006年IPCC清单指南》
"
能源活动 > 化石燃料燃烧 > 煤炭 > 二氧化碳,二氧化碳,褐煤,101.2,因子  (tCO₂/TJ),"数据来源于《2006年IPCC清单指南》
"
能源活动 > 化石燃料燃烧 > 煤炭 > 二氧化碳,二氧化碳,煤制品,97.5,因子  (tCO₂/TJ),数据来源于《2006年IPCC清单指南》
能源活动 > 化石燃料燃烧 > 煤炭 > 二氧化碳,二氧化碳,焦炭,107.1,因子  (tCO₂/TJ),"数据来源于《2006年IPCC清单指南》
"
能源活动 > 化石燃料燃烧 > 煤炭 > 二氧化碳,二氧化碳,焦炉煤气,44.4,因子  (tCO₂/TJ),"数据来源于《2006年IPCC清单指南》
"
能源活动 > 化石燃料燃烧 > 煤炭 > 二氧化碳,二氧化碳,高炉煤气,259.6,因子  (tCO₂/TJ),"数据来源于《2006年IPCC清单指南》
"
能源活动 > 化石燃料燃烧 > 煤炭 > 二氧化碳,二氧化碳,转炉煤气,181.9,因子  (tCO₂/TJ),数据来源于《2006年IPCC清单指南》
能源活动 > 化石燃料燃烧 > 煤炭 > 二氧化碳,二氧化碳,其他煤气,44.4,因子  (tCO₂/TJ),"数据来源于《2006年IPCC清单指南》
"
能源活动 > 化石燃料燃烧 > 煤炭 > 甲烷 > 能源工业,能源工业,无烟煤,1,因子 (kgCH₄/TJ),数据来源于《2006年IPCC清单指南》
能源活动 > 化石燃料燃烧 > 煤炭 > 甲烷 > 能源工业,能源工业,炼焦烟煤,1,因子 (kgCH₄/TJ),数据来源于《2006年IPCC清单指南》
能源活动 > 化石燃料燃烧 > 煤炭 > 甲烷 > 能源工业,能源工业,一般烟煤,1,因子 (kgCH₄/TJ),数据来源于《2006年IPCC清单指南》
能源活动 > 化石燃料燃烧 > 煤炭 > 甲烷 > 能源工业,能源工业,褐煤,1,因子 (kgCH₄/TJ),数据来源于《2006年IPCC清单指南》
能源活动 > 化石燃料燃烧 > 煤炭 > 甲烷 > 能源工业,能源工业,煤制品,1,因子 (kgCH₄/TJ),数据来源于《2006年IPCC清单指南》
能源活动 > 化石燃料燃烧 > 煤炭 > 甲烷 > 能源工业,能源工业,焦炭,1,因子 (kgCH₄/TJ),数据来源于《2006年IPCC清单指南》
能源活动 > 化石燃料燃烧 > 煤炭 > 甲烷 > 能源工业,能源工业,焦炉煤气,1,因子 (kgCH₄/TJ),数据来源于《2006年IPCC清单指南》
能源活动 > 化石燃料燃烧 > 煤炭 > 甲烷 > 能源工业,能源工业,高炉煤气,1,因子 (kgCH₄/TJ),数据来源于《2006年IPCC清单指南》
能源活动 > 化石燃料燃烧 > 煤炭 > 甲烷 > 能源工业,能源工业,转炉煤气,1,因子 (kgCH₄/TJ),数据来源于《2006年IPCC清单指南》
能源活动 > 化石燃料燃烧 > 煤炭 > 甲烷 > 能源工业,能源工业,其他煤气,1,因子 (kgCH₄/TJ),数据来源于《2006年IPCC清单指南》
能源活动 > 化石燃料燃烧 > 煤炭 > 甲烷 > 制造业和建筑业,制造业和建筑业,无烟煤,10,因子 (kgCH₄/TJ),数据来源于《2006年IPCC清单指南》
能源活动 > 化石燃料燃烧 > 煤炭 > 甲烷 > 制造业和建筑业,制造业和建筑业,炼焦烟煤,10,因子 (kgCH₄/TJ),数据来源于《2006年IPCC清单指南》
能源活动 > 化石燃料燃烧 > 煤炭 > 甲烷 > 制造业和建筑业,制造业和建筑业,一般烟煤,10,因子 (kgCH₄/TJ),数据来源于《2006年IPCC清单指南》
能源活动 > 化石燃料燃烧 > 煤炭 > 甲烷 > 制造业和建筑业,制造业和建筑业,褐煤,10,因子 (kgCH₄/TJ),数据来源于《2006年IPCC清单指南》
能源活动 > 化石燃料燃烧 > 煤炭 > 甲烷 > 制造业和建筑业,制造业和建筑业,煤制品,10,因子 (kgCH₄/TJ),数据来源于《2006年IPCC清单指南》
能源活动 > 化石燃料燃烧 > 煤炭 > 甲烷 > 制造业和建筑业,制造业和建筑业,焦炭,10,因子 (kgCH₄/TJ),数据来源于《2006年IPCC清单指南》
能源活动 > 化石燃料燃烧 > 煤炭 > 甲烷 > 制造业和建筑业,制造业和建筑业,焦炉煤气,1,因子 (kgCH₄/TJ),数据来源于《2006年IPCC清单指南》
能源活动 > 化石燃料燃烧 > 煤炭 > 甲烷 > 制造业和建筑业,制造业和建筑业,高炉煤气,1,因子 (kgCH₄/TJ),数据来源于《2006年IPCC清单指南》
能源活动 > 化石燃料燃烧 > 煤炭 > 甲烷 > 制造业和建筑业,制造业和建筑业,转炉煤气,1,因子 (kgCH₄/TJ),数据来源于《2006年IPCC清单指南》
能源活动 > 化石燃料燃烧 > 煤炭 > 甲烷 > 制造业和建筑业,制造业和建筑业,其他煤气,1,因子 (kgCH₄/TJ),数据来源于《2006年IPCC清单指南》
能源活动 > 化石燃料燃烧 > 煤炭 > 甲烷 > 商业、机构,商业、机构,无烟煤,10,因子 (kgCH₄/TJ),数据来源于《2006年IPCC清单指南》
能源活动 > 化石燃料燃烧 > 煤炭 > 甲烷 > 商业、机构,商业、机构,炼焦烟煤,10,因子 (kgCH₄/TJ),数据来源于《2006年IPCC清单指南》
能源活动 > 化石燃料燃烧 > 煤炭 > 甲烷 > 商业、机构,商业、机构,一般烟煤,10,因子 (kgCH₄/TJ),数据来源于《2006年IPCC清单指南》
能源活动 > 化石燃料燃烧 > 煤炭 > 甲烷 > 商业、机构,商业、机构,褐煤,10,因子 (kgCH₄/TJ),数据来源于《2006年IPCC清单指南》
能源活动 > 化石燃料燃烧 > 煤炭 > 甲烷 > 商业、机构,商业、机构,煤制品,10,因子 (kgCH₄/TJ),数据来源于《2006年IPCC清单指南》
能源活动 > 化石燃料燃烧 > 煤炭 > 甲烷 > 商业、机构,商业、机构,焦炭,10,因子 (kgCH₄/TJ),数据来源于《2006年IPCC清单指南》
能源活动 > 化石燃料燃烧 > 煤炭 > 甲烷 > 商业、机构,商业、机构,焦炉煤气,5,因子 (kgCH₄/TJ),数据来源于《2006年IPCC清单指南》
能源活动 > 化石燃料燃烧 > 煤炭 > 甲烷 > 商业、机构,商业、机构,高炉煤气,5,因子 (kgCH₄/TJ),数据来源于《2006年IPCC清单指南》
能源活动 > 化石燃料燃烧 > 煤炭 > 甲烷 > 商业、机构,商业、机构,转炉煤气,5,因子 (kgCH₄/TJ),数据来源于《2006年IPCC清单指南》
能源活动 > 化石燃料燃烧 > 煤炭 > 甲烷 > 商业、机构,商业、机构,其他煤气,5,因子 (kgCH₄/TJ),数据来源于《2006年IPCC清单指南》
能源活动 > 化石燃料燃烧 > 煤炭 > 甲烷 > 住宅、农林牧渔,住宅、农林牧渔,无烟煤,300,因子 (kgCH₄/TJ),数据来源于《2006年IPCC清单指南》
能源活动 > 化石燃料燃烧 > 煤炭 > 甲烷 > 住宅、农林牧渔,住宅、农林牧渔,炼焦烟煤,300,因子 (kgCH₄/TJ),数据来源于《2006年IPCC清单指南》
能源活动 > 化石燃料燃烧 > 煤炭 > 甲烷 > 住宅、农林牧渔,住宅、农林牧渔,一般烟煤,300,因子 (kgCH₄/TJ),数据来源于《2006年IPCC清单指南》
能源活动 > 化石燃料燃烧 > 煤炭 > 甲烷 > 住宅、农林牧渔,住宅、农林牧渔,褐煤,300,因子 (kgCH₄/TJ),数据来源于《2006年IPCC清单指南》
能源活动 > 化石燃料燃烧 > 煤炭 > 甲烷 > 住宅、农林牧渔,住宅、农林牧渔,煤制品,300,因子 (kgCH₄/TJ),数据来源于《2006年IPCC清单指南》
能源活动 > 化石燃料燃烧 > 煤炭 > 甲烷 > 住宅、农林牧渔,住宅、农林牧渔,焦炭,300,因子 (kgCH₄/TJ),数据来源于《2006年IPCC清单指南》
能源活动 > 化石燃料燃烧 > 煤炭 > 甲烷 > 住宅、农林牧渔,住宅、农林牧渔,焦炉煤气,5,因子 (kgCH₄/TJ),数据来源于《2006年IPCC清单指南》
能源活动 > 化石燃料燃烧 > 煤炭 > 甲烷 > 住宅、农林牧渔,住宅、农林牧渔,高炉煤气,5,因子 (kgCH₄/TJ),数据来源于《2006年IPCC清单指南》
能源活动 > 化石燃料燃烧 > 煤炭 > 甲烷 > 住宅、农林牧渔,住宅、农林牧渔,转炉煤气,5,因子 (kgCH₄/TJ),数据来源于《2006年IPCC清单指南》
能源活动 > 化石燃料燃烧 > 煤炭 > 甲烷 > 住宅、农林牧渔,住宅、农林牧渔,其他煤气,5,因子 (kgCH₄/TJ),数据来源于《2006年IPCC清单指南》
能源活动 > 化石燃料燃烧 > 煤炭 > 氧化亚氮,氧化亚氮,无烟煤,1.5,因子 (kgN₂O/TJ),数据来源于《2006年IPCC清单指南》
能源活动 > 化石燃料燃烧 > 煤炭 > 氧化亚氮,氧化亚氮,炼焦烟煤,1.5,因子 (kgN₂O/TJ),数据来源于《2006年IPCC清单指南》
能源活动 > 化石燃料燃烧 > 煤炭 > 氧化亚氮,氧化亚氮,一般烟煤,1.5,因子 (kgN₂O/TJ),数据来源于《2006年IPCC清单指南》
能源活动 > 化石燃料燃烧 > 煤炭 > 氧化亚氮,氧化亚氮,褐煤,1.5,因子 (kgN₂O/TJ),数据来源于《2006年IPCC清单指南》
能源活动 > 化石燃料燃烧 > 煤炭 > 氧化亚氮,氧化亚氮,煤制品,1.5,因子 (kgN₂O/TJ),数据来源于《2006年IPCC清单指南》
能源活动 > 化石燃料燃烧 > 煤炭 > 氧化亚氮,氧化亚氮,焦炭,1.5,因子 (kgN₂O/TJ),数据来源于《2006年IPCC清单指南》
能源活动 > 化石燃料燃烧 > 煤炭 > 氧化亚氮,氧化亚氮,焦炉煤气,0.1,因子 (kgN₂O/TJ),数据来源于《2006年IPCC清单指南》
能源活动 > 化石燃料燃烧 > 煤炭 > 氧化亚氮,氧化亚氮,高炉煤气,0.1,因子 (kgN₂O/TJ),数据来源于《2006年IPCC清单指南》
能源活动 > 化石燃料燃烧 > 煤炭 > 氧化亚氮,氧化亚氮,转炉煤气,0.1,因子 (kgN₂O/TJ),数据来源于《2006年IPCC清单指南》
能源活动 > 化石燃料燃烧 > 煤炭 > 氧化亚氮,氧化亚氮,其他煤气,0.1,因子 (kgN₂O/TJ),数据来源于《2006年IPCC清单指南》
能源活动 > 化石燃料燃烧 > 石油 > 二氧化碳,二氧化碳,原油,73.3,因子  (tCO₂/TJ),数据来源于《2006年IPCC清单指南》
能源活动 > 化石燃料燃烧 > 石油 > 二氧化碳,二氧化碳,汽油,69.3,因子  (tCO₂/TJ),数据来源于《2006年IPCC清单指南》
能源活动 > 化石燃料燃烧 > 石油 > 二氧化碳,二氧化碳,航空汽油,70.0,因子  (tCO₂/TJ),数据来源于《2006年IPCC清单指南》
能源活动 > 化石燃料燃烧 > 石油 > 二氧化碳,二氧化碳,煤油,71.9,因子  (tCO₂/TJ),数据来源于《2006年IPCC清单指南》
能源活动 > 化石燃料燃烧 > 石油 > 二氧化碳,二氧化碳,喷气煤油(航空煤油),71.5,因子  (tCO₂/TJ),数据来源于《2006年IPCC清单指南》
能源活动 > 化石燃料燃烧 > 石油 > 二氧化碳,二氧化碳,柴油,74.1,因子  (tCO₂/TJ),数据来源于《2006年IPCC清单指南》
能源活动 > 化石燃料燃烧 > 石油 > 二氧化碳,二氧化碳,燃料油,77.4,因子  (tCO₂/TJ),数据来源于《2006年IPCC清单指南》
能源活动 > 化石燃料燃烧 > 石油 > 二氧化碳,二氧化碳,石脑油,73.3,因子  (tCO₂/TJ),数据来源于《2006年IPCC清单指南》
能源活动 > 化石燃料燃烧 > 石油 > 二氧化碳,二氧化碳,润滑油,73.3,因子  (tCO₂/TJ),数据来源于《2006年IPCC清单指南》
能源活动 > 化石燃料燃烧 > 石油 > 二氧化碳,二氧化碳,石蜡,73.3,因子  (tCO₂/TJ),数据来源于《2006年IPCC清单指南》
能源活动 > 化石燃料燃烧 > 石油 > 二氧化碳,二氧化碳,溶剂油,73.3,因子  (tCO₂/TJ),数据来源于《2006年IPCC清单指南》
能源活动 > 化石燃料燃烧 > 石油 > 二氧化碳,二氧化碳,石油沥青,80.7,因子  (tCO₂/TJ),数据来源于《2006年IPCC清单指南》
能源活动 > 化石燃料燃烧 > 石油 > 二氧化碳,二氧化碳,石油焦,97.5,因子  (tCO₂/TJ),数据来源于《2006年IPCC清单指南》
能源活动 > 化石燃料燃烧 > 石油 > 二氧化碳,二氧化碳,液化石油气,63.1,因子  (tCO₂/TJ),数据来源于《2006年IPCC清单指南》
能源活动 > 化石燃料燃烧 > 石油 > 二氧化碳,二氧化碳,炼厂干气,57.6,因子  (tCO₂/TJ),数据来源于《2006年IPCC清单指南》
能源活动 > 化石燃料燃烧 > 石油 > 二氧化碳,二氧化碳,其他石油制品,73.3,因子  (tCO₂/TJ),数据来源于《2006年IPCC清单指南》
能源活动 > 化石燃料燃烧 > 石油 > 甲烷 > 固定源燃烧 > 能源工业,能源工业,原油,3,因子 (kgCH₄/TJ),数据来源于《2006年IPCC清单指南》
能源活动 > 化石燃料燃烧 > 石油 > 甲烷 > 固定源燃烧 > 能源工业,能源工业,汽油,3,因子 (kgCH₄/TJ),数据来源于《2006年IPCC清单指南》
能源活动 > 化石燃料燃烧 > 石油 > 甲烷 > 固定源燃烧 > 能源工业,能源工业,煤油,3,因子 (kgCH₄/TJ),数据来源于《2006年IPCC清单指南》
能源活动 > 化石燃料燃烧 > 石油 > 甲烷 > 固定源燃烧 > 能源工业,能源工业,柴油,3,因子 (kgCH₄/TJ),数据来源于《2006年IPCC清单指南》
能源活动 > 化石燃料燃烧 > 石油 > 甲烷 > 固定源燃烧 > 能源工业,能源工业,燃料油,3,因子 (kgCH₄/TJ),数据来源于《2006年IPCC清单指南》
能源活动 > 化石燃料燃烧 > 石油 > 甲烷 > 固定源燃烧 > 能源工业,能源工业,石脑油,3,因子 (kgCH₄/TJ),数据来源于《2006年IPCC清单指南》
能源活动 > 化石燃料燃烧 > 石油 > 甲烷 > 固定源燃烧 > 能源工业,能源工业,润滑油,3,因子 (kgCH₄/TJ),数据来源于《2006年IPCC清单指南》
能源活动 > 化石燃料燃烧 > 石油 > 甲烷 > 固定源燃烧 > 能源工业,能源工业,石蜡,3,因子 (kgCH₄/TJ),数据来源于《2006年IPCC清单指南》
能源活动 > 化石燃料燃烧 > 石油 > 甲烷 > 固定源燃烧 > 能源工业,能源工业,溶剂油,3,因子 (kgCH₄/TJ),数据来源于《2006年IPCC清单指南》
能源活动 > 化石燃料燃烧 > 石油 > 甲烷 > 固定源燃烧 > 能源工业,能源工业,石油沥青,3,因子 (kgCH₄/TJ),数据来源于《2006年IPCC清单指南》
能源活动 > 化石燃料燃烧 > 石油 > 甲烷 > 固定源燃烧 > 能源工业,能源工业,石油焦,3,因子 (kgCH₄/TJ),数据来源于《2006年IPCC清单指南》
能源活动 > 化石燃料燃烧 > 石油 > 甲烷 > 固定源燃烧 > 能源工业,能源工业,液化石油气,1,因子 (kgCH₄/TJ),数据来源于《2006年IPCC清单指南》
能源活动 > 化石燃料燃烧 > 石油 > 甲烷 > 固定源燃烧 > 能源工业,能源工业,炼厂干气,1,因子 (kgCH₄/TJ),数据来源于《2006年IPCC清单指南》
能源活动 > 化石燃料燃烧 > 石油 > 甲烷 > 固定源燃烧 > 能源工业,能源工业,其他石油制品,3,因子 (kgCH₄/TJ),数据来源于《2006年IPCC清单指南》
能源活动 > 化石燃料燃烧 > 石油 > 甲烷 > 固定源燃烧 > 制造业和建筑业,制造业和建筑业,原油,3,因子 (kgCH₄/TJ),数据来源于《2006年IPCC清单指南》
能源活动 > 化石燃料燃烧 > 石油 > 甲烷 > 固定源燃烧 > 制造业和建筑业,制造业和建筑业,汽油,3,因子 (kgCH₄/TJ),数据来源于《2006年IPCC清单指南》
能源活动 > 化石燃料燃烧 > 石油 > 甲烷 > 固定源燃烧 > 制造业和建筑业,制造业和建筑业,煤油,3,因子 (kgCH₄/TJ),数据来源于《2006年IPCC清单指南》
能源活动 > 化石燃料燃烧 > 石油 > 甲烷 > 固定源燃烧 > 制造业和建筑业,制造业和建筑业,柴油,3,因子 (kgCH₄/TJ),数据来源于《2006年IPCC清单指南》
能源活动 > 化石燃料燃烧 > 石油 > 甲烷 > 固定源燃烧 > 制造业和建筑业,制造业和建筑业,燃料油,3,因子 (kgCH₄/TJ),数据来源于《2006年IPCC清单指南》
能源活动 > 化石燃料燃烧 > 石油 > 甲烷 > 固定源燃烧 > 制造业和建筑业,制造业和建筑业,石脑油,3,因子 (kgCH₄/TJ),数据来源于《2006年IPCC清单指南》
能源活动 > 化石燃料燃烧 > 石油 > 甲烷 > 固定源燃烧 > 制造业和建筑业,制造业和建筑业,润滑油,3,因子 (kgCH₄/TJ),数据来源于《2006年IPCC清单指南》
能源活动 > 化石燃料燃烧 > 石油 > 甲烷 > 固定源燃烧 > 制造业和建筑业,制造业和建筑业,石蜡,3,因子 (kgCH₄/TJ),数据来源于《2006年IPCC清单指南》
能源活动 > 化石燃料燃烧 > 石油 > 甲烷 > 固定源燃烧 > 制造业和建筑业,制造业和建筑业,溶剂油,3,因子 (kgCH₄/TJ),数据来源于《2006年IPCC清单指南》
能源活动 > 化石燃料燃烧 > 石油 > 甲烷 > 固定源燃烧 > 制造业和建筑业,制造业和建筑业,石油沥青,3,因子 (kgCH₄/TJ),数据来源于《2006年IPCC清单指南》
能源活动 > 化石燃料燃烧 > 石油 > 甲烷 > 固定源燃烧 > 制造业和建筑业,制造业和建筑业,石油焦,3,因子 (kgCH₄/TJ),数据来源于《2006年IPCC清单指南》
能源活动 > 化石燃料燃烧 > 石油 > 甲烷 > 固定源燃烧 > 制造业和建筑业,制造业和建筑业,液化石油气,1,因子 (kgCH₄/TJ),数据来源于《2006年IPCC清单指南》
能源活动 > 化石燃料燃烧 > 石油 > 甲烷 > 固定源燃烧 > 制造业和建筑业,制造业和建筑业,炼厂干气,1,因子 (kgCH₄/TJ),数据来源于《2006年IPCC清单指南》
能源活动 > 化石燃料燃烧 > 石油 > 甲烷 > 固定源燃烧 > 制造业和建筑业,制造业和建筑业,其他石油制品,3,因子 (kgCH₄/TJ),数据来源于《2006年IPCC清单指南》
能源活动 > 化石燃料燃烧 > 石油 > 甲烷 > 固定源燃烧 > 商业、机构,商业、机构,原油,10,因子 (kgCH₄/TJ),数据来源于《2006年IPCC清单指南》
能源活动 > 化石燃料燃烧 > 石油 > 甲烷 > 固定源燃烧 > 商业、机构,商业、机构,汽油,10,因子 (kgCH₄/TJ),数据来源于《2006年IPCC清单指南》
能源活动 > 化石燃料燃烧 > 石油 > 甲烷 > 固定源燃烧 > 商业、机构,商业、机构,煤油,10,因子 (kgCH₄/TJ),数据来源于《2006年IPCC清单指南》
能源活动 > 化石燃料燃烧 > 石油 > 甲烷 > 固定源燃烧 > 商业、机构,商业、机构,柴油,10,因子 (kgCH₄/TJ),数据来源于《2006年IPCC清单指南》
能源活动 > 化石燃料燃烧 > 石油 > 甲烷 > 固定源燃烧 > 商业、机构,商业、机构,燃料油,10,因子 (kgCH₄/TJ),数据来源于《2006年IPCC清单指南》
能源活动 > 化石燃料燃烧 > 石油 > 甲烷 > 固定源燃烧 > 商业、机构,商业、机构,石脑油,10,因子 (kgCH₄/TJ),数据来源于《2006年IPCC清单指南》
能源活动 > 化石燃料燃烧 > 石油 > 甲烷 > 固定源燃烧 > 商业、机构,商业、机构,润滑油,10,因子 (kgCH₄/TJ),数据来源于《2006年IPCC清单指南》
能源活动 > 化石燃料燃烧 > 石油 > 甲烷 > 固定源燃烧 > 商业、机构,商业、机构,石蜡,10,因子 (kgCH₄/TJ),数据来源于《2006年IPCC清单指南》
能源活动 > 化石燃料燃烧 > 石油 > 甲烷 > 固定源燃烧 > 商业、机构,商业、机构,溶剂油,10,因子 (kgCH₄/TJ),数据来源于《2006年IPCC清单指南》
能源活动 > 化石燃料燃烧 > 石油 > 甲烷 > 固定源燃烧 > 商业、机构,商业、机构,石油沥青,10,因子 (kgCH₄/TJ),数据来源于《2006年IPCC清单指南》
能源活动 > 化石燃料燃烧 > 石油 > 甲烷 > 固定源燃烧 > 商业、机构,商业、机构,石油焦,10,因子 (kgCH₄/TJ),数据来源于《2006年IPCC清单指南》
能源活动 > 化石燃料燃烧 > 石油 > 甲烷 > 固定源燃烧 > 商业、机构,商业、机构,液化石油气,5,因子 (kgCH₄/TJ),数据来源于《2006年IPCC清单指南》
能源活动 > 化石燃料燃烧 > 石油 > 甲烷 > 固定源燃烧 > 商业、机构,商业、机构,炼厂干气,5,因子 (kgCH₄/TJ),数据来源于《2006年IPCC清单指南》
能源活动 > 化石燃料燃烧 > 石油 > 甲烷 > 固定源燃烧 > 商业、机构,商业、机构,其他石油制品,10,因子 (kgCH₄/TJ),数据来源于《2006年IPCC清单指南》
能源活动 > 化石燃料燃烧 > 石油 > 甲烷 > 固定源燃烧 > 住宅、农林牧渔,住宅、农林牧渔,原油,10,因子 (kgCH₄/TJ),数据来源于《2006年IPCC清单指南》
能源活动 > 化石燃料燃烧 > 石油 > 甲烷 > 固定源燃烧 > 住宅、农林牧渔,住宅、农林牧渔,汽油,10,因子 (kgCH₄/TJ),数据来源于《2006年IPCC清单指南》
能源活动 > 化石燃料燃烧 > 石油 > 甲烷 > 固定源燃烧 > 住宅、农林牧渔,住宅、农林牧渔,煤油,10,因子 (kgCH₄/TJ),数据来源于《2006年IPCC清单指南》
能源活动 > 化石燃料燃烧 > 石油 > 甲烷 > 固定源燃烧 > 住宅、农林牧渔,住宅、农林牧渔,柴油,10,因子 (kgCH₄/TJ),数据来源于《2006年IPCC清单指南》
能源活动 > 化石燃料燃烧 > 石油 > 甲烷 > 固定源燃烧 > 住宅、农林牧渔,住宅、农林牧渔,燃料油,10,因子 (kgCH₄/TJ),数据来源于《2006年IPCC清单指南》
能源活动 > 化石燃料燃烧 > 石油 > 甲烷 > 固定源燃烧 > 住宅、农林牧渔,住宅、农林牧渔,石脑油,10,因子 (kgCH₄/TJ),数据来源于《2006年IPCC清单指南》
能源活动 > 化石燃料燃烧 > 石油 > 甲烷 > 固定源燃烧 > 住宅、农林牧渔,住宅、农林牧渔,润滑油,10,因子 (kgCH₄/TJ),数据来源于《2006年IPCC清单指南》
能源活动 > 化石燃料燃烧 > 石油 > 甲烷 > 固定源燃烧 > 住宅、农林牧渔,住宅、农林牧渔,石蜡,10,因子 (kgCH₄/TJ),数据来源于《2006年IPCC清单指南》
能源活动 > 化石燃料燃烧 > 石油 > 甲烷 > 固定源燃烧 > 住宅、农林牧渔,住宅、农林牧渔,溶剂油,10,因子 (kgCH₄/TJ),数据来源于《2006年IPCC清单指南》
能源活动 > 化石燃料燃烧 > 石油 > 甲烷 > 固定源燃烧 > 住宅、农林牧渔,住宅、农林牧渔,石油沥青,10,因子 (kgCH₄/TJ),数据来源于《2006年IPCC清单指南》
能源活动 > 化石燃料燃烧 > 石油 > 甲烷 > 固定源燃烧 > 住宅、农林牧渔,住宅、农林牧渔,石油焦,10,因子 (kgCH₄/TJ),数据来源于《2006年IPCC清单指南》
能源活动 > 化石燃料燃烧 > 石油 > 甲烷 > 固定源燃烧 > 住宅、农林牧渔,住宅、农林牧渔,液化石油气,5,因子 (kgCH₄/TJ),数据来源于《2006年IPCC清单指南》
能源活动 > 化石燃料燃烧 > 石油 > 甲烷 > 固定源燃烧 > 住宅、农林牧渔,住宅、农林牧渔,炼厂干气,5,因子 (kgCH₄/TJ),数据来源于《2006年IPCC清单指南》
能源活动 > 化石燃料燃烧 > 石油 > 甲烷 > 固定源燃烧 > 住宅、农林牧渔,住宅、农林牧渔,其他石油制品,10,因子 (kgCH₄/TJ),数据来源于《2006年IPCC清单指南》
能源活动 > 化石燃料燃烧 > 石油 > 甲烷 > 移动源燃烧 > 水上运输,水上运输,柴油,7,因子 (kgCH₄/TJ),数据来源于《2006年IPCC清单指南》
能源活动 > 化石燃料燃烧 > 石油 > 甲烷 > 移动源燃烧 > 水上运输,水上运输,燃料油,7,因子 (kgCH₄/TJ),数据来源于《2006年IPCC清单指南》
能源活动 > 化石燃料燃烧 > 石油 > 甲烷 > 移动源燃烧 > 水上运输,水上运输,液化石油气,7,因子 (kgCH₄/TJ),数据来源于《2006年IPCC清单指南》
能源活动 > 化石燃料燃烧 > 石油 > 甲烷 > 移动源燃烧 > 铁路运输,铁路运输,柴油,4.15,因子 (kgCH₄/TJ),数据来源于《2006年IPCC清单指南》
能源活动 > 化石燃料燃烧 > 石油 > 甲烷 > 移动源燃烧 > 航空运输,航空运输,航空汽油,0.5,因子 (kgCH₄/TJ),数据来源于《2006年IPCC清单指南》
能源活动 > 化石燃料燃烧 > 石油 > 甲烷 > 移动源燃烧 > 航空运输,航空运输,喷气煤油(航空煤油),0.5,因子 (kgCH₄/TJ),数据来源于《2006年IPCC清单指南》
能源活动 > 化石燃料燃烧 > 石油 > 甲烷 > 移动源燃烧 > 道路交通,道路交通,汽油车(无尾气控制技术),33,因子 (kgCH₄/TJ),数据来源于《2006年IPCC清单指南》
能源活动 > 化石燃料燃烧 > 石油 > 甲烷 > 移动源燃烧 > 道路交通,道路交通,汽油车(氧化催化技术),25,因子 (kgCH₄/TJ),数据来源于《2006年IPCC清单指南》
能源活动 > 化石燃料燃烧 > 石油 > 甲烷 > 移动源燃烧 > 道路交通,道路交通,汽油车(1995年后低里程轻型车),3.8,因子 (kgCH₄/TJ),数据来源于《2006年IPCC清单指南》
能源活动 > 化石燃料燃烧 > 石油 > 甲烷 > 移动源燃烧 > 道路交通,道路交通,柴油车,3.9,因子 (kgCH₄/TJ),数据来源于《2006年IPCC清单指南》
能源活动 > 化石燃料燃烧 > 石油 > 甲烷 > 移动源燃烧 > 道路交通,道路交通,液化石油气车,62,因子 (kgCH₄/TJ),数据来源于《2006年IPCC清单指南》
能源活动 > 化石燃料燃烧 > 石油 > 氧化亚氮 > 固定源燃烧,固定源燃烧,原油,0.6,因子 (kgN₂O/TJ),数据来源于《2006年IPCC清单指南》
能源活动 > 化石燃料燃烧 > 石油 > 氧化亚氮 > 固定源燃烧,固定源燃烧,汽油,0.6,因子 (kgN₂O/TJ),数据来源于《2006年IPCC清单指南》
能源活动 > 化石燃料燃烧 > 石油 > 氧化亚氮 > 固定源燃烧,固定源燃烧,煤油,0.6,因子 (kgN₂O/TJ),数据来源于《2006年IPCC清单指南》
能源活动 > 化石燃料燃烧 > 石油 > 氧化亚氮 > 固定源燃烧,固定源燃烧,柴油,0.6,因子 (kgN₂O/TJ),数据来源于《2006年IPCC清单指南》
能源活动 > 化石燃料燃烧 > 石油 > 氧化亚氮 > 固定源燃烧,固定源燃烧,燃料油,0.6,因子 (kgN₂O/TJ),数据来源于《2006年IPCC清单指南》
能源活动 > 化石燃料燃烧 > 石油 > 氧化亚氮 > 固定源燃烧,固定源燃烧,石脑油,0.6,因子 (kgN₂O/TJ),数据来源于《2006年IPCC清单指南》
能源活动 > 化石燃料燃烧 > 石油 > 氧化亚氮 > 固定源燃烧,固定源燃烧,润滑油,0.6,因子 (kgN₂O/TJ),数据来源于《2006年IPCC清单指南》
能源活动 > 化石燃料燃烧 > 石油 > 氧化亚氮 > 固定源燃烧,固定源燃烧,石蜡,0.6,因子 (kgN₂O/TJ),数据来源于《2006年IPCC清单指南》
能源活动 > 化石燃料燃烧 > 石油 > 氧化亚氮 > 固定源燃烧,固定源燃烧,溶剂油,0.6,因子 (kgN₂O/TJ),数据来源于《2006年IPCC清单指南》
能源活动 > 化石燃料燃烧 > 石油 > 氧化亚氮 > 固定源燃烧,固定源燃烧,石油沥青,0.6,因子 (kgN₂O/TJ),数据来源于《2006年IPCC清单指南》
能源活动 > 化石燃料燃烧 > 石油 > 氧化亚氮 > 固定源燃烧,固定源燃烧,石油焦,0.6,因子 (kgN₂O/TJ),数据来源于《2006年IPCC清单指南》
能源活动 > 化石燃料燃烧 > 石油 > 氧化亚氮 > 固定源燃烧,固定源燃烧,液化石油气,0.1,因子 (kgN₂O/TJ),数据来源于《2006年IPCC清单指南》
能源活动 > 化石燃料燃烧 > 石油 > 氧化亚氮 > 固定源燃烧,固定源燃烧,炼厂干气,0.1,因子 (kgN₂O/TJ),数据来源于《2006年IPCC清单指南》
能源活动 > 化石燃料燃烧 > 石油 > 氧化亚氮 > 固定源燃烧,固定源燃烧,其他石油制品,0.6,因子 (kgN₂O/TJ),数据来源于《2006年IPCC清单指南》
能源活动 > 化石燃料燃烧 > 石油 > 氧化亚氮 > 移动源燃烧 > 水上运输,水上运输,柴油,2,因子 (kgN₂O/TJ),数据来源于《2006年IPCC清单指南》
能源活动 > 化石燃料燃烧 > 石油 > 氧化亚氮 > 移动源燃烧 > 水上运输,水上运输,燃料油,2,因子 (kgN₂O/TJ),数据来源于《2006年IPCC清单指南》
能源活动 > 化石燃料燃烧 > 石油 > 氧化亚氮 > 移动源燃烧 > 水上运输,水上运输,液化石油气,2,因子 (kgN₂O/TJ),数据来源于《2006年IPCC清单指南》
能源活动 > 化石燃料燃烧 > 石油 > 氧化亚氮 > 移动源燃烧 > 铁路运输,铁路运输,柴油,28.6,因子 (kgN₂O/TJ),数据来源于《2006年IPCC清单指南》
能源活动 > 化石燃料燃烧 > 石油 > 氧化亚氮 > 移动源燃烧 > 航空运输,航空运输,航空汽油,2,因子 (kgN₂O/TJ),数据来源于《2006年IPCC清单指南》
能源活动 > 化石燃料燃烧 > 石油 > 氧化亚氮 > 移动源燃烧 > 航空运输,航空运输,喷气煤油(航空煤油),2,因子 (kgN₂O/TJ),数据来源于《2006年IPCC清单指南》
能源活动 > 化石燃料燃烧 > 石油 > 氧化亚氮 > 移动源燃烧 > 道路交通,道路交通,汽油车(无尾气控制技术),3.2,因子 (kgN₂O/TJ), 数据来源于《2006年IPCC清单指南》
能源活动 > 化石燃料燃烧 > 石油 > 氧化亚氮 > 移动源燃烧 > 道路交通,道路交通,汽油车(氧化催化技术),8.0,因子 (kgN₂O/TJ),数据来源于《2006年IPCC清单指南》
能源活动 > 化石燃料燃烧 > 石油 > 氧化亚氮 > 移动源燃烧 > 道路交通,道路交通,汽油车(1995年后低里程轻型车),5.7,因子 (kgN₂O/TJ),数据来源于《2006年IPCC清单指南》
能源活动 > 化石燃料燃烧 > 石油 > 氧化亚氮 > 移动源燃烧 > 道路交通,道路交通,柴油车,3.9,因子 (kgN₂O/TJ),数据来源于《2006年IPCC清单指南》
能源活动 > 化石燃料燃烧 > 石油 > 氧化亚氮 > 移动源燃烧 > 道路交通,道路交通,液化石油气车,0.2,因子 (kgN₂O/TJ),数据来源于《2006年IPCC清单指南》
能源活动 > 化石燃料燃烧 > 天然气 > 二氧化碳 > 天然气,天然气,天然气,57.2,因子  (tCO₂/TJ),本土化数据，油气企业抽样实测数据
能源活动 > 化石燃料燃烧 > 天然气 > 二氧化碳 > 液化天然气,液化天然气,液化天然气,56.8,因子  (tCO₂/TJ),本土化数据，油气企业抽样实测数据
能源活动 > 化石燃料燃烧 > 天然气 > 甲烷 > 固定源燃烧 > 能源工业,能源工业,天然气,1,因子 (kgCH₄/TJ),数据来源于《2006年IPCC清单指南》
能源活动 > 化石燃料燃烧 > 天然气 > 甲烷 > 固定源燃烧 > 制造业和建筑业,制造业和建筑业,天然气,1,因子 (kgCH₄/TJ),数据来源于《2006年IPCC清单指南》
能源活动 > 化石燃料燃烧 > 天然气 > 甲烷 > 固定源燃烧 > 商业、机构,商业、机构,天然气,5,因子 (kgCH₄/TJ),数据来源于《2006年IPCC清单指南》
能源活动 > 化石燃料燃烧 > 天然气 > 甲烷 > 固定源燃烧 > 住宅、农林牧渔,住宅、农林牧渔,天然气,5,因子 (kgCH₄/TJ),数据来源于《2006年IPCC清单指南》
能源活动 > 化石燃料燃烧 > 天然气 > 甲烷 > 移动源燃烧 > 道路交通,道路交通,天然气车,92,因子 (kgCH₄/TJ),数据来源于《2006年IPCC清单指南》
能源活动 > 化石燃料燃烧 > 天然气 > 氧化亚氮 > 固定源燃烧,固定源燃烧,天然气,0.1,因子 (kgN₂O/TJ),数据来源于《2006年IPCC清单指南》
能源活动 > 化石燃料燃烧 > 天然气 > 氧化亚氮 > 移动源燃烧 > 道路交通,道路交通,天然气车,3,因子 (kgN₂O/TJ),数据来源于《2006年IPCC清单指南》
能源活动 > 生物质燃料燃烧 > 二氧化碳,二氧化碳,农业废弃物,100000,因子  (kgCO₂/TJ),数据来源于《2006年IPCC清单指南》
能源活动 > 生物质燃料燃烧 > 二氧化碳,二氧化碳,薪柴,112000,因子  (kgCO₂/TJ),数据来源于《2006年IPCC清单指南》
能源活动 > 生物质燃料燃烧 > 二氧化碳,二氧化碳,木炭,112000,因子  (kgCO₂/TJ),数据来源于《2006年IPCC清单指南》
能源活动 > 生物质燃料燃烧 > 二氧化碳,二氧化碳,动物粪便,100000,因子  (kgCO₂/TJ),数据来源于《2006年IPCC清单指南》
能源活动 > 生物质燃料燃烧 > 二氧化碳,二氧化碳,沼气,54600,因子  (kgCO₂/TJ),数据来源于《2006年IPCC清单指南》
能源活动 > 生物质燃料燃烧 > 二氧化碳,二氧化碳,其他生物气体,54600,因子  (kgCO₂/TJ),数据来源于《2006年IPCC清单指南》
能源活动 > 生物质燃料燃烧 > 二氧化碳,二氧化碳,城市生活垃圾(生物成因),100000,因子  (kgCO₂/TJ),数据来源于《2006年IPCC清单指南》
能源活动 > 生物质燃料燃烧 > 二氧化碳,二氧化碳,生物汽油,70800,因子  (kgCO₂/TJ),数据来源于《2006年IPCC清单指南》
能源活动 > 生物质燃料燃烧 > 二氧化碳,二氧化碳,生物柴油,70800,因子  (kgCO₂/TJ),数据来源于《2006年IPCC清单指南》
能源活动 > 生物质燃料燃烧 > 二氧化碳,二氧化碳,其他液体生物质燃料,79600,因子  (kgCO₂/TJ),数据来源于《2006年IPCC清单指南》
能源活动 > 生物质燃料燃烧 > 甲烷 > 公用电力和热力,公用电力和热力,农林废弃物,30,因子 (kgCH₄/TJ),数据来源于《2006年IPCC清单指南》
能源活动 > 生物质燃料燃烧 > 甲烷 > 公用电力和热力,公用电力和热力,沼气,1,因子 (kgCH₄/TJ),数据来源于《2006年IPCC清单指南》
能源活动 > 生物质燃料燃烧 > 甲烷 > 道路交通,道路交通,生物汽油,260,因子 (kgCH₄/TJ),数据来源于《2006年IPCC清单指南》
能源活动 > 生物质燃料燃烧 > 甲烷 > 道路交通,道路交通,生物柴油,3.9,因子 (kgCH₄/TJ),数据来源于《2006年IPCC清单指南》
能源活动 > 生物质燃料燃烧 > 甲烷 > 居民生活 > 农业废弃物,农业废弃物,传统灶,5.15,因子(gCH₄/kg),本土化数据，专项调研
能源活动 > 生物质燃料燃烧 > 甲烷 > 居民生活 > 农业废弃物,农业废弃物,省柴灶,2.85,因子(gCH₄/kg),本土化数据，专项调研
能源活动 > 生物质燃料燃烧 > 甲烷 > 居民生活 > 薪柴,薪柴,传统灶,2.72,因子(gCH₄/kg),本土化数据，专项调研
能源活动 > 生物质燃料燃烧 > 甲烷 > 居民生活 > 薪柴,薪柴,省柴灶,2.44,因子(gCH₄/kg),本土化数据，专项调研
能源活动 > 生物质燃料燃烧 > 甲烷 > 居民生活 > 动物粪便,动物粪便,燃用动物粪便的火炉,300,因子 (kgCH₄/TJ),数据来源于《2006年IPCC清单指南》
能源活动 > 生物质燃料燃烧 > 甲烷 > 居民生活 > 沼气,沼气,燃气炉具,5,因子 (kgCH₄/TJ),数据来源于《2006年IPCC清单指南》
能源活动 > 生物质燃料燃烧 > 氧化亚氮 > 公用电力和热力,公用电力和热力,农林废弃物,4,因子 (kgN₂O/TJ),数据来源于《2006年IPCC清单指南》
能源活动 > 生物质燃料燃烧 > 氧化亚氮 > 公用电力和热力,公用电力和热力,沼气,0.1,因子 (kgN₂O/TJ),数据来源于《2006年IPCC清单指南》
能源活动 > 生物质燃料燃烧 > 氧化亚氮 > 道路交通,道路交通,生物汽油,41,因子 (kgN₂O/TJ),数据来源于《2006年IPCC清单指南》
能源活动 > 生物质燃料燃烧 > 氧化亚氮 > 道路交通,道路交通,生物柴油,3.9,因子 (kgN₂O/TJ),数据来源于《2006年IPCC清单指南》
能源活动 > 生物质燃料燃烧 > 氧化亚氮 > 居民生活 > 农业废弃物,农业废弃物,传统灶,0.13,因子(gN₂O/kg),本土化数据，专项调研
能源活动 > 生物质燃料燃烧 > 氧化亚氮 > 居民生活 > 农业废弃物,农业废弃物,省柴灶,0.13,因子(gN₂O/kg),本土化数据，专项调研
能源活动 > 生物质燃料燃烧 > 氧化亚氮 > 居民生活 > 薪柴,薪柴,传统灶,0.075,因子(gN₂O/kg),本土化数据，专项调研
能源活动 > 生物质燃料燃烧 > 氧化亚氮 > 居民生活 > 薪柴,薪柴,省柴灶,0.075,因子(gN₂O/kg),本土化数据，专项调研
能源活动 > 生物质燃料燃烧 > 氧化亚氮 > 居民生活 > 动物粪便,动物粪便,燃用动物粪便的火炉,4,因子 (kgN₂O/TJ),数据来源于《2006年IPCC清单指南》
能源活动 > 生物质燃料燃烧 > 氧化亚氮 > 居民生活 > 沼气,沼气,燃气炉具,0.1,因子 (kgN₂O/TJ),数据来源于《2006年IPCC清单指南》
能源活动 > 逸散 > 煤炭生产 > 露天开采,露天开采,通用,2,因子  (m³CH₄/t),数据来源于《2006年IPCC清单指南》
能源活动 > 逸散 > 煤炭生产 > 矿后活动,矿后活动,高瓦斯矿井,3,因子  (m³CH₄/t),本土化数据
能源活动 > 逸散 > 煤炭生产 > 矿后活动,矿后活动,突出矿井,3,因子  (m³CH₄/t),本土化数据
能源活动 > 逸散 > 煤炭生产 > 矿后活动,矿后活动,低瓦斯矿井,0.94,因子  (m³CH₄/t),本土化数据
能源活动 > 逸散 > 煤炭生产 > 矿后活动,矿后活动,露天煤矿,0.1,因子  (m³CH₄/t),数据来源于《2006年IPCC清单指南》
能源活动 > 逸散 > 石油天然气生产 > 天然气系统 > 生产和集输,生产和集输,集气站(陆上),1.29,甲烷无组织排放因子 (tCH₄/Station),本土化数据，油气企业抽样实测数据
能源活动 > 逸散 > 石油天然气生产 > 天然气系统 > 生产和集输,生产和集输,增压站(陆上),2.20,甲烷无组织排放因子 (tCH₄/Station),本土化数据，油气企业抽样实测数据
能源活动 > 逸散 > 石油天然气生产 > 天然气系统 > 生产和集输,生产和集输,井口装置(中浅层煤层气),0.20,甲烷无组织排放因子 (tCH₄/Station),本土化数据，油气企业抽样实测数据
能源活动 > 逸散 > 石油天然气生产 > 天然气系统 > 生产和集输,生产和集输,井口装置(海上),0.03,甲烷无组织排放因子 (tCH₄/Station),本土化数据，油气企业抽样实测数据
能源活动 > 逸散 > 石油天然气生产 > 天然气系统 > 生产和集输,生产和集输,井口平台/中心平台(海上),0.53,甲烷无组织排放因子 (tCH₄/Station),本土化数据，油气企业抽样实测数据
能源活动 > 逸散 > 石油天然气生产 > 天然气系统 > 生产和集输,生产和集输,陆地终端,1.20,甲烷无组织排放因子 (tCH₄/Station),本土化数据，油气企业抽样实测数据
能源活动 > 逸散 > 石油天然气生产 > 天然气系统 > 处理,处理,天然气处理(陆上),2.27,甲烷无组织排放因子 (tCH₄/10⁸Nm³),本土化数据，油气企业抽样实测数据
能源活动 > 逸散 > 石油天然气生产 > 天然气系统 > 输送和储存,输送和储存,压气站-阀门,0.492,甲烷无组织排放因子 (kgCH₄/Component),本土化数据，油气企业抽样实测数据
能源活动 > 逸散 > 石油天然气生产 > 天然气系统 > 输送和储存,输送和储存,压气站-法兰,0.129,甲烷无组织排放因子 (kgCH₄/Component),本土化数据，油气企业抽样实测数据
能源活动 > 逸散 > 石油天然气生产 > 天然气系统 > 输送和储存,输送和储存,压气站-开口管线,6.128,甲烷无组织排放因子 (kgCH₄/Component),本土化数据，油气企业抽样实测数据
能源活动 > 逸散 > 石油天然气生产 > 天然气系统 > 输送和储存,输送和储存,压气站-连接件,0.247,甲烷无组织排放因子 (kgCH₄/Component),本土化数据，油气企业抽样实测数据
能源活动 > 逸散 > 石油天然气生产 > 天然气系统 > 输送和储存,输送和储存,压气站-泄压设备,0.088,甲烷无组织排放因子 (kgCH₄/Component),本土化数据，油气企业抽样实测数据
工业生产过程和产品使用 > 碳酸盐使用过程,碳酸盐使用过程,方解石、文石和石灰石(CaCO₃),0.44,因子 (tCO₂/t carbonate),分子式质量比值，属于理论值
工业生产过程和产品使用 > 碳酸盐使用过程,碳酸盐使用过程,菱镁石(MgCO₃),0.522,因子 (tCO₂/t carbonate),分子式质量比值，属于理论值
工业生产过程和产品使用 > 碳酸盐使用过程,碳酸盐使用过程,碳酸钠或纯碱(Na₂CO₃),0.415,因子 (tCO₂/t carbonate),分子式质量比值，属于理论值
工业生产过程和产品使用 > 碳酸盐使用过程,碳酸盐使用过程,碳酸氢钠(NaHCO₃),0.524,因子 (tCO₂/t carbonate),分子式质量比值，属于理论值
工业生产过程和产品使用 > 碳酸盐使用过程,碳酸盐使用过程,菱铁矿或碳酸铁(FeCO₃),0.38,因子 (tCO₂/t carbonate),分子式质量比值，属于理论值
工业生产过程和产品使用 > 碳酸盐使用过程,碳酸盐使用过程,菱锰矿(MnCO₃),0.383,因子 (tCO₂/t carbonate),分子式质量比值，属于理论值
工业生产过程和产品使用 > 碳酸盐使用过程,碳酸盐使用过程,碳酸钡(BaCO₃),0.223,因子 (tCO₂/t carbonate),分子式质量比值，属于理论值
工业生产过程和产品使用 > 碳酸盐使用过程,碳酸盐使用过程,碳酸锂(Li₂CO₃),0.595,因子 (tCO₂/t carbonate),分子式质量比值，属于理论值
工业生产过程和产品使用 > 碳酸盐使用过程,碳酸盐使用过程,碳酸钾(K₂CO₃),0.318,因子 (tCO₂/t carbonate),分子式质量比值，属于理论值
工业生产过程和产品使用 > 碳酸盐使用过程,碳酸盐使用过程,碳酸锶(SrCO₃),0.298,因子 (tCO₂/t carbonate),分子式质量比值，属于理论值
工业生产过程和产品使用 > 碳酸盐使用过程,碳酸盐使用过程,白云石(CaMg(CO₃)₂),0.477,因子 (tCO₂/t carbonate),分子式质量比值，属于理论值
工业生产过程和产品使用 > 碳酸盐使用过程,碳酸盐使用过程,"铁白云石(Ca(Fe,Mg,Mn)(CO₃)₂)",0.40~0.48,因子 (tCO₂/t carbonate),分子式质量比值，属于理论值
工业生产过程和产品使用 > 碳化工艺吸收过程,碳化工艺吸收过程,碳酸钙(CaCO₃),0.44,因子 (tCO₂/t carbonate),分子式质量比值，属于理论值
工业生产过程和产品使用 > 碳化工艺吸收过程,碳化工艺吸收过程,碳酸镁(MgCO₃),0.522,因子 (tCO₂/t carbonate),分子式质量比值，属于理论值
工业生产过程和产品使用 > 碳化工艺吸收过程,碳化工艺吸收过程,碳酸钠(Na₂CO₃),0.415,因子 (tCO₂/t carbonate),分子式质量比值，属于理论值
工业生产过程和产品使用 > 碳化工艺吸收过程,碳化工艺吸收过程,碳酸氢钠(NaHCO₃),0.524,因子 (tCO₂/t carbonate),分子式质量比值，属于理论值
工业生产过程和产品使用 > 碳化工艺吸收过程,碳化工艺吸收过程,碳酸铁(FeCO₃),0.38,因子 (tCO₂/t carbonate),分子式质量比值，属于理论值
工业生产过程和产品使用 > 碳化工艺吸收过程,碳化工艺吸收过程,碳酸锰(MnCO₃),0.383,因子 (tCO₂/t carbonate),分子式质量比值，属于理论值
工业生产过程和产品使用 > 碳化工艺吸收过程,碳化工艺吸收过程,碳酸钡(BaCO₃),0.223,因子 (tCO₂/t carbonate),分子式质量比值，属于理论值
工业生产过程和产品使用 > 碳化工艺吸收过程,碳化工艺吸收过程,碳酸锂(Li₂CO₃),0.595,因子 (tCO₂/t carbonate),分子式质量比值，属于理论值
工业生产过程和产品使用 > 碳化工艺吸收过程,碳化工艺吸收过程,碳酸钾(K₂CO₃),0.318,因子 (tCO₂/t carbonate),分子式质量比值，属于理论值
工业生产过程和产品使用 > 碳化工艺吸收过程,碳化工艺吸收过程,碳酸锶(SrCO₃),0.298,因子 (tCO₂/t carbonate),分子式质量比值，属于理论值
工业生产过程和产品使用 > 碳化工艺吸收过程,碳化工艺吸收过程,碳酸镁钙(CaMg(CO₃)₂),0.477,因子 (tCO₂/t carbonate),分子式质量比值，属于理论值
工业生产过程和产品使用 > 熟料生产过程,熟料生产过程,硅酸盐水泥熟料,0.5274,因子 (tCO₂/t),本土化数据，经核查的全国碳排放权交易市场水泥生产企业实测数据
工业生产过程和产品使用 > 熟料生产过程,熟料生产过程,白色硅酸盐水泥熟料,0.5479,因子 (tCO₂/t),本土化数据，经核查的全国碳排放权交易市场水泥生产企业实测数据
工业生产过程和产品使用 > 熟料生产过程,熟料生产过程,硫(铁)铝酸盐水泥熟料,0.3532,因子 (tCO₂/t),本土化数据，经核查的全国碳排放权交易市场水泥生产企业实测数据
工业生产过程和产品使用 > 熟料生产过程,熟料生产过程,铝酸盐水泥熟料,0.1981,因子 (tCO₂/t),本土化数据，经核查的全国碳排放权交易市场水泥生产企业实测数据
工业生产过程和产品使用 > 电解铝生产过程 > 炭阳极消耗过程,炭阳极消耗过程,炭阳极消耗过程排放因子,1.4162,因子  (tCO₂/t-Al),本土化数据，经核查的全国碳排放权交易市场电解铝生产企业实测数据
工业生产过程和产品使用 > 电解铝生产过程 > 阳极效应 > 四氟化碳,四氟化碳,电解铝四氟化碳排放因子,0.02,因子 (kgCF₄/t-Al),本土化数据，经核查的全国碳排放权交易市场电解铝生产企业实测数据
工业生产过程和产品使用 > 电解铝生产过程 > 阳极效应 > 六氟化二碳,六氟化二碳,电解铝六氟化二碳排放因子,0.0011,因子 (kgC₂F₆/t-Al),本土化数据，经核查的全国碳排放权交易市场电解铝生产企业实测数据
工业生产过程和产品使用 > 平板玻璃生产过程,平板玻璃生产过程,平板玻璃生产过程排放因子,92.9852,"因子（tCO₂/10,000 weight cases）",2022年和2023年平板玻璃生产企业的调研数据
工业生产过程和产品使用 > 化工生产过程排放 > 硝酸生产过程,硝酸生产过程,高压法,9,因子(kgN₂O/t Nitric Acid),数据来源于《2006年IPCC清单指南》
工业生产过程和产品使用 > 化工生产过程排放 > 硝酸生产过程,硝酸生产过程,中压法,7,因子(kgN₂O/t Nitric Acid),数据来源于《2006年IPCC清单指南》
工业生产过程和产品使用 > 化工生产过程排放 > 硝酸生产过程,硝酸生产过程,低压法,5,因子(kgN₂O/t Nitric Acid),数据来源于《2006年IPCC清单指南》
工业生产过程和产品使用 > 化工生产过程排放 > 硝酸生产过程,硝酸生产过程,双加压法,8.02,因子(kgN₂O/t Nitric Acid),本土化数据，硝酸生产抽样实测数据
工业生产过程和产品使用 > 化工生产过程排放 > 己二酸生产过程,己二酸生产过程,环己烷法,300,因子 (kgN₂O/t Adipic Acid),数据来源于《2006年IPCC清单指南》
工业生产过程和产品使用 > 化工生产过程排放 > 己二酸生产过程,己二酸生产过程,环己醇法,282,因子 (kgN₂O/t Adipic Acid),数据来源于《2006年IPCC清单指南》
工业生产过程和产品使用 > 含氟产品生产 > 销毁三氟甲烷,销毁三氟甲烷,被销毁的 HFC-23 转化成的 CO₂排放,0.62857,因子 (tCO₂/tHFC-23),分子式质量比值，属于理论值
工业生产过程和产品使用 > 含氟产品生产 > 逸散,逸散,SF₆生产过程副产物及逸散排放,0.2,因子(%),数据来源于《2006年IPCC清单指南》，适用于不需高度提纯的SF6生产过程
工业生产过程和产品使用 > 含氟产品生产 > 逸散,逸散,HFCs生产过程副产物及逸散排放,0.5,因子(%),数据来源于《2006年IPCC清单指南》
工业生产过程和产品使用 > 含氟产品生产 > 逸散,逸散,PFCs生产过程副产物及逸散排放,0.5,因子(%),数据来源于《2006年IPCC清单指南》
废弃物处理处置 > 废水处理 > 工业废水,工业废水,海洋、河流或湖泊排放,0.025,因子 (kgCH₄/kgCOD),数据来源于《2006年IPCC清单指南》
废弃物处理处置 > 废水处理 > 工业废水,工业废水,集中好氧处理设施(管理完善),0,因子 (kgCH₄/kgCOD),数据来源于《2006年IPCC清单指南》
废弃物处理处置 > 废水处理 > 工业废水,工业废水,集中好氧处理设施(管理不完善，超负荷),0.075,因子 (kgCH₄/kgCOD),数据来源于《2006年IPCC清单指南》
废弃物处理处置 > 废水处理 > 工业废水,工业废水,污泥厌氧消化池(未考虑甲烷回收),0.2,因子 (kgCH₄/kgCOD),数据来源于《2006年IPCC清单指南》
废弃物处理处置 > 废水处理 > 工业废水,工业废水,厌氧反应器(未考虑甲烷回收),0.2,因子 (kgCH₄/kgCOD),数据来源于《2006年IPCC清单指南》
废弃物处理处置 > 废水处理 > 工业废水,工业废水,浅厌氧塘(深度不足2米),0.05,因子 (kgCH₄/kgCOD),数据来源于《2006年IPCC清单指南》
废弃物处理处置 > 废水处理 > 工业废水,工业废水,深厌氧塘(深度超过2米),0.2,因子 (kgCH₄/kgCOD),数据来源于《2006年IPCC清单指南》
废弃物处理处置 > 固废处理 > 生物处理 > 甲烷,甲烷,堆肥处理甲烷排放,4,因子 (gCH₄/kg),数据来源于《2006年IPCC清单指南》
废弃物处理处置 > 固废处理 > 生物处理 > 甲烷,甲烷,沼气设施的厌氧分解,1,因子 (gCH₄/kg),数据来源于《2006年IPCC清单指南》
废弃物处理处置 > 固废处理 > 生物处理 > 氧化亚氮,氧化亚氮,堆肥处理氧化亚氮排放,0.3,因子(gN₂O/kg),数据来源于《2006年IPCC清单指南》
废弃物处理处置 > 固废处理 > 垃圾焚烧 > 甲烷,甲烷,生活垃圾露天燃烧,6500,因子 (gCH₄/t ),数据来源于《2006年IPCC清单指南》
废弃物处理处置 > 固废处理 > 垃圾焚烧 > 甲烷,甲烷,生活垃圾连续焚烧自动加煤机,0.2,因子 (gCH₄/t ),数据来源于《2006年IPCC清单指南》
废弃物处理处置 > 固废处理 > 垃圾焚烧 > 甲烷,甲烷,生活垃圾连续焚烧流化床技术,0,因子 (gCH₄/t ),数据来源于《2006年IPCC清单指南》
废弃物处理处置 > 固废处理 > 垃圾焚烧 > 甲烷,甲烷,生活垃圾半连续焚烧自动加煤机技术,6,因子 (gCH₄/t ),数据来源于《2006年IPCC清单指南》
废弃物处理处置 > 固废处理 > 垃圾焚烧 > 甲烷,甲烷,生活垃圾半连续焚烧流化床技术,188,因子 (gCH₄/t ),数据来源于《2006年IPCC清单指南》
废弃物处理处置 > 固废处理 > 垃圾焚烧 > 甲烷,甲烷,生活垃圾分批类焚烧自动加煤机技术,60,因子 (gCH₄/t ),数据来源于《2006年IPCC清单指南》
废弃物处理处置 > 固废处理 > 垃圾焚烧 > 甲烷,甲烷,生活垃圾分批类焚烧流化床技术,237,因子 (gCH₄/t ),数据来源于《2006年IPCC清单指南》
废弃物处理处置 > 固废处理 > 垃圾焚烧 > 甲烷,甲烷,工业污泥(半连续或间歇式焚烧),9.7,因子 (gCH₄/t ),数据来源于《2006年IPCC清单指南》
废弃物处理处置 > 固废处理 > 垃圾焚烧 > 甲烷,甲烷,废油(半连续或间歇式焚烧),0.56,因子 (gCH₄/t ),数据来源于《2006年IPCC清单指南》
废弃物处理处置 > 固废处理 > 垃圾焚烧 > 氧化亚氮,氧化亚氮,生活垃圾露天燃烧,150.0,因子 (gN₂O/t ),数据来源于《2006年IPCC清单指南》
废弃物处理处置 > 固废处理 > 垃圾焚烧 > 氧化亚氮,氧化亚氮,生活垃圾连续焚烧自动加煤机,50,因子 (gN₂O/t ),数据来源于《2006年IPCC清单指南》
废弃物处理处置 > 固废处理 > 垃圾焚烧 > 氧化亚氮,氧化亚氮,生活垃圾连续焚烧流化床技术,50,因子 (gN₂O/t ),数据来源于《2006年IPCC清单指南》
废弃物处理处置 > 固废处理 > 垃圾焚烧 > 氧化亚氮,氧化亚氮,生活垃圾半连续焚烧自动加煤机技术,50,因子 (gN₂O/t ),数据来源于《2006年IPCC清单指南》
废弃物处理处置 > 固废处理 > 垃圾焚烧 > 氧化亚氮,氧化亚氮,生活垃圾半连续焚烧流化床技术,50,因子 (gN₂O/t ),数据来源于《2006年IPCC清单指南》
废弃物处理处置 > 固废处理 > 垃圾焚烧 > 氧化亚氮,氧化亚氮,生活垃圾分批类焚烧自动加煤机技术,60,因子 (gN₂O/t ),数据来源于《2006年IPCC清单指南》
废弃物处理处置 > 固废处理 > 垃圾焚烧 > 氧化亚氮,氧化亚氮,生活垃圾分批类焚烧流化床技术,60,因子 (gN₂O/t ),数据来源于《2006年IPCC清单指南》
废弃物处理处置 > 固废处理 > 垃圾焚烧 > 氧化亚氮,氧化亚氮,工业污泥(半连续或间歇式焚烧),900,因子 (gN₂O/t ),数据来源于《2006年IPCC清单指南》
废弃物处理处置 > 固废处理 > 垃圾焚烧 > 氧化亚氮,氧化亚氮,废油(半连续或间歇式焚烧),9.8,因子 (gN₂O/t ),数据来源于《2006年IPCC清单指南》
农业生产 > 畜禽养殖 > 动物肠道发酵 > 甲烷排放因子 > 奶牛,奶牛,当年生,21.9,因子  (kgCH₄/(head·year)) ,本土化数据，数据来源于《温室气体排放核算与报告要求 第22部分：畜禽养殖企业》（GB/T 32151.22-2024）
农业生产 > 畜禽养殖 > 动物肠道发酵 > 甲烷排放因子 > 奶牛,奶牛,其它成年,58.6,因子  (kgCH₄/(head·year)) ,本土化数据，数据来源于《温室气体排放核算与报告要求 第22部分：畜禽养殖企业》（GB/T 32151.22-2024）
农业生产 > 畜禽养殖 > 动物肠道发酵 > 甲烷排放因子 > 奶牛,奶牛,繁殖母畜,109.9,因子  (kgCH₄/(head·year)) ,本土化数据，数据来源于《温室气体排放核算与报告要求 第22部分：畜禽养殖企业》（GB/T 32151.22-2024）
农业生产 > 畜禽养殖 > 动物肠道发酵 > 甲烷排放因子 > 肉牛,肉牛,当年生,32.3,因子  (kgCH₄/(head·year)) ,本土化数据，数据来源于《温室气体排放核算与报告要求 第22部分：畜禽养殖企业》（GB/T 32151.22-2024）
农业生产 > 畜禽养殖 > 动物肠道发酵 > 甲烷排放因子 > 肉牛,肉牛,其它成年,69.2,因子  (kgCH₄/(head·year)) ,本土化数据，数据来源于《温室气体排放核算与报告要求 第22部分：畜禽养殖企业》（GB/T 32151.22-2024）
农业生产 > 畜禽养殖 > 动物肠道发酵 > 甲烷排放因子 > 肉牛,肉牛,繁殖母畜,80.8,因子  (kgCH₄/(head·year)) ,本土化数据，数据来源于《温室气体排放核算与报告要求 第22部分：畜禽养殖企业》（GB/T 32151.22-2024）
农业生产 > 畜禽养殖 > 动物肠道发酵 > 甲烷排放因子 > 水牛,水牛,当年生,22.5,因子  (kgCH₄/(head·year)) ,本土化数据，数据来源于《温室气体排放核算与报告要求 第22部分：畜禽养殖企业》（GB/T 32151.22-2024）
农业生产 > 畜禽养殖 > 动物肠道发酵 > 甲烷排放因子 > 水牛,水牛,其它成年,72.3,因子  (kgCH₄/(head·year)) ,本土化数据，数据来源于《温室气体排放核算与报告要求 第22部分：畜禽养殖企业》（GB/T 32151.22-2024）
农业生产 > 畜禽养殖 > 动物肠道发酵 > 甲烷排放因子 > 水牛,水牛,繁殖母畜,110.6,因子  (kgCH₄/(head·year)) ,本土化数据，数据来源于《温室气体排放核算与报告要求 第22部分：畜禽养殖企业》（GB/T 32151.22-2024）
农业生产 > 畜禽养殖 > 动物肠道发酵 > 甲烷排放因子 > 绵羊,绵羊,当年生,6.5,因子  (kgCH₄/(head·year)) ,本土化数据，数据来源于《温室气体排放核算与报告要求 第22部分：畜禽养殖企业》（GB/T 32151.22-2024）
农业生产 > 畜禽养殖 > 动物肠道发酵 > 甲烷排放因子 > 绵羊,绵羊,繁殖母畜,12,因子  (kgCH₄/(head·year)) ,本土化数据，数据来源于《温室气体排放核算与报告要求 第22部分：畜禽养殖企业》（GB/T 32151.22-2024）
农业生产 > 畜禽养殖 > 动物肠道发酵 > 甲烷排放因子 > 山羊,山羊,当年生,7.1,因子  (kgCH₄/(head·year)) ,本土化数据，数据来源于《温室气体排放核算与报告要求 第22部分：畜禽养殖企业》（GB/T 32151.22-2024）
农业生产 > 畜禽养殖 > 动物肠道发酵 > 甲烷排放因子 > 山羊,山羊,繁殖母畜,13.1,因子  (kgCH₄/(head·year)) ,本土化数据，数据来源于《温室气体排放核算与报告要求 第22部分：畜禽养殖企业》（GB/T 32151.22-2024）
农业生产 > 畜禽养殖 > 动物肠道发酵 > 甲烷排放因子 > 猪,猪,未指定,1.5,因子  (kgCH₄/(head·year)) ,数据来源于《2006年IPCC清单指南》
农业生产 > 畜禽养殖 > 动物肠道发酵 > 甲烷排放因子参数 > 甲烷转化因子 > 奶牛,奶牛,饲料质量较好,5.5,因子 (%),数据来源于《2006年IPCC清单指南》
农业生产 > 畜禽养殖 > 动物肠道发酵 > 甲烷排放因子参数 > 甲烷转化因子 > 奶牛,奶牛,饲料质量一般,6.5,因子 (%),数据来源于《2006年IPCC清单指南》
农业生产 > 畜禽养殖 > 动物肠道发酵 > 甲烷排放因子参数 > 甲烷转化因子 > 奶牛,奶牛,饲料质量较差,7.5,因子 (%),数据来源于《2006年IPCC清单指南》
农业生产 > 畜禽养殖 > 动物肠道发酵 > 甲烷排放因子参数 > 甲烷转化因子 > 肉牛,肉牛,饲料质量较好,5.5,因子 (%),数据来源于《2006年IPCC清单指南》
农业生产 > 畜禽养殖 > 动物肠道发酵 > 甲烷排放因子参数 > 甲烷转化因子 > 肉牛,肉牛,饲料质量一般,6.5,因子 (%),数据来源于《2006年IPCC清单指南》
农业生产 > 畜禽养殖 > 动物肠道发酵 > 甲烷排放因子参数 > 甲烷转化因子 > 肉牛,肉牛,饲料质量较差,7.5,因子 (%),数据来源于《2006年IPCC清单指南》
农业生产 > 畜禽养殖 > 动物肠道发酵 > 甲烷排放因子参数 > 甲烷转化因子 > 水牛,水牛,饲料质量较好,5.5,因子 (%),数据来源于《2006年IPCC清单指南》
农业生产 > 畜禽养殖 > 动物肠道发酵 > 甲烷排放因子参数 > 甲烷转化因子 > 水牛,水牛,饲料质量一般,6.5,因子 (%),数据来源于《2006年IPCC清单指南》
农业生产 > 畜禽养殖 > 动物肠道发酵 > 甲烷排放因子参数 > 甲烷转化因子 > 水牛,水牛,饲料质量较差,7.5,因子 (%),数据来源于《2006年IPCC清单指南》
农业生产 > 畜禽养殖 > 动物肠道发酵 > 甲烷排放因子参数 > 甲烷转化因子 > 育肥牛（饲料中日粮精饲料占比90%以上）,育肥牛（饲料中日粮精饲料占比90%以上）,饲料质量较好,2,因子 (%),数据来源于《2006年IPCC清单指南》
农业生产 > 畜禽养殖 > 动物肠道发酵 > 甲烷排放因子参数 > 甲烷转化因子 > 育肥牛（饲料中日粮精饲料占比90%以上）,育肥牛（饲料中日粮精饲料占比90%以上）,饲料质量一般,3,因子 (%),数据来源于《2006年IPCC清单指南》
农业生产 > 畜禽养殖 > 动物肠道发酵 > 甲烷排放因子参数 > 甲烷转化因子 > 育肥牛（饲料中日粮精饲料占比90%以上）,育肥牛（饲料中日粮精饲料占比90%以上）,饲料质量较差,4,因子 (%),数据来源于《2006年IPCC清单指南》
农业生产 > 畜禽养殖 > 动物肠道发酵 > 甲烷排放因子参数 > 甲烷转化因子 > 羔羊（小于1岁）,羔羊（小于1岁）,饲料质量较好,3.5,因子 (%),数据来源于《2006年IPCC清单指南》
农业生产 > 畜禽养殖 > 动物肠道发酵 > 甲烷排放因子参数 > 甲烷转化因子 > 羔羊（小于1岁）,羔羊（小于1岁）,饲料质量一般,4.5,因子 (%),数据来源于《2006年IPCC清单指南》
农业生产 > 畜禽养殖 > 动物肠道发酵 > 甲烷排放因子参数 > 甲烷转化因子 > 羔羊（小于1岁）,羔羊（小于1岁）,饲料质量较差,5.5,因子 (%),数据来源于《2006年IPCC清单指南》
农业生产 > 畜禽养殖 > 动物肠道发酵 > 甲烷排放因子参数 > 甲烷转化因子 > 成年羊,成年羊,饲料质量较好,5.5,因子(%),数据来源于《2006年IPCC清单指南》
农业生产 > 畜禽养殖 > 动物肠道发酵 > 甲烷排放因子参数 > 甲烷转化因子 > 成年羊,成年羊,饲料质量一般,6.5,因子(%),数据来源于《2006年IPCC清单指南》
农业生产 > 畜禽养殖 > 动物肠道发酵 > 甲烷排放因子参数 > 甲烷转化因子 > 成年羊,成年羊,饲料质量较差,7.5,因子(%),数据来源于《2006年IPCC清单指南》
农业生产 > 畜禽养殖 > 动物粪便管理 > 粪便管理排放因子 > 奶牛 > 甲烷,甲烷,北京、天津、河北、内蒙古、山西,7.46,因子 (kgCH₄/(head·year)),本土化数据，数据来源于《温室气体排放核算与报告要求 第22部分：畜禽养殖企业》（GB/T 32151.22-2024）
农业生产 > 畜禽养殖 > 动物粪便管理 > 粪便管理排放因子 > 奶牛 > 甲烷,甲烷,辽宁、吉林、黑龙江,2.23,因子 (kgCH₄/(head·year)),本土化数据，数据来源于《温室气体排放核算与报告要求 第22部分：畜禽养殖企业》（GB/T 32151.22-2024）
农业生产 > 畜禽养殖 > 动物粪便管理 > 粪便管理排放因子 > 奶牛 > 甲烷,甲烷,上海、江苏、浙江、安徽、福建、江西、山东,8.33,因子 (kgCH₄/(head·year)),本土化数据，数据来源于《温室气体排放核算与报告要求 第22部分：畜禽养殖企业》（GB/T 32151.22-2024）
农业生产 > 畜禽养殖 > 动物粪便管理 > 粪便管理排放因子 > 奶牛 > 甲烷,甲烷,河南、湖北、湖南、广东、广西、海南,8.45,因子 (kgCH₄/(head·year)),本土化数据，数据来源于《温室气体排放核算与报告要求 第22部分：畜禽养殖企业》（GB/T 32151.22-2024）
农业生产 > 畜禽养殖 > 动物粪便管理 > 粪便管理排放因子 > 奶牛 > 甲烷,甲烷,重庆、四川、贵州、云南、西藏,6.51,因子 (kgCH₄/(head·year)),本土化数据，数据来源于《温室气体排放核算与报告要求 第22部分：畜禽养殖企业》（GB/T 32151.22-2024）
农业生产 > 畜禽养殖 > 动物粪便管理 > 粪便管理排放因子 > 奶牛 > 甲烷,甲烷,陕西、甘肃、青海、宁夏、新疆,5.93,因子 (kgCH₄/(head·year)),本土化数据，数据来源于《温室气体排放核算与报告要求 第22部分：畜禽养殖企业》（GB/T 32151.22-2024）
农业生产 > 畜禽养殖 > 动物粪便管理 > 粪便管理排放因子 > 奶牛 > 氧化亚氮,氧化亚氮,北京、天津、河北、内蒙古、山西,1.846,因子 (kgN₂O/(head·year)),本土化数据，数据来源于《温室气体排放核算与报告要求 第22部分：畜禽养殖企业》（GB/T 32151.22-2024）
农业生产 > 畜禽养殖 > 动物粪便管理 > 粪便管理排放因子 > 奶牛 > 氧化亚氮,氧化亚氮,辽宁、吉林、黑龙江,1.096,因子 (kgN₂O/(head·year)),本土化数据，数据来源于《温室气体排放核算与报告要求 第22部分：畜禽养殖企业》（GB/T 32151.22-2024）
农业生产 > 畜禽养殖 > 动物粪便管理 > 粪便管理排放因子 > 奶牛 > 氧化亚氮,氧化亚氮,上海、江苏、浙江、安徽、福建、江西、山东,2.065,因子 (kgN₂O/(head·year)),本土化数据，数据来源于《温室气体排放核算与报告要求 第22部分：畜禽养殖企业》（GB/T 32151.22-2024）
农业生产 > 畜禽养殖 > 动物粪便管理 > 粪便管理排放因子 > 奶牛 > 氧化亚氮,氧化亚氮,河南、湖北、湖南、广东、广西、海南,1.71,因子 (kgN₂O/(head·year)),本土化数据，数据来源于《温室气体排放核算与报告要求 第22部分：畜禽养殖企业》（GB/T 32151.22-2024）
农业生产 > 畜禽养殖 > 动物粪便管理 > 粪便管理排放因子 > 奶牛 > 氧化亚氮,氧化亚氮,重庆、四川、贵州、云南、西藏,1.884,因子 (kgN₂O/(head·year)),本土化数据，数据来源于《温室气体排放核算与报告要求 第22部分：畜禽养殖企业》（GB/T 32151.22-2024）
农业生产 > 畜禽养殖 > 动物粪便管理 > 粪便管理排放因子 > 奶牛 > 氧化亚氮,氧化亚氮,陕西、甘肃、青海、宁夏、新疆,1.447,因子 (kgN₂O/(head·year)),本土化数据，数据来源于《温室气体排放核算与报告要求 第22部分：畜禽养殖企业》（GB/T 32151.22-2024）
农业生产 > 畜禽养殖 > 动物粪便管理 > 粪便管理排放因子 > 肉牛 > 甲烷,甲烷,北京、天津、河北、内蒙古、山西,2.82,因子 (kgCH₄/(head·year)),本土化数据，数据来源于《温室气体排放核算与报告要求 第22部分：畜禽养殖企业》（GB/T 32151.22-2024）
农业生产 > 畜禽养殖 > 动物粪便管理 > 粪便管理排放因子 > 肉牛 > 甲烷,甲烷,辽宁、吉林、黑龙江,1.02,因子 (kgCH₄/(head·year)),本土化数据，数据来源于《温室气体排放核算与报告要求 第22部分：畜禽养殖企业》（GB/T 32151.22-2024）
农业生产 > 畜禽养殖 > 动物粪便管理 > 粪便管理排放因子 > 肉牛 > 甲烷,甲烷,上海、江苏、浙江、安徽、福建、江西、山东,3.31,因子 (kgCH₄/(head·year)),本土化数据，数据来源于《温室气体排放核算与报告要求 第22部分：畜禽养殖企业》（GB/T 32151.22-2024）
农业生产 > 畜禽养殖 > 动物粪便管理 > 粪便管理排放因子 > 肉牛 > 甲烷,甲烷,河南、湖北、湖南、广东、广西、海南,4.72,因子 (kgCH₄/(head·year)),本土化数据，数据来源于《温室气体排放核算与报告要求 第22部分：畜禽养殖企业》（GB/T 32151.22-2024）
农业生产 > 畜禽养殖 > 动物粪便管理 > 粪便管理排放因子 > 肉牛 > 甲烷,甲烷,重庆、四川、贵州、云南、西藏,3.21,因子 (kgCH₄/(head·year)),本土化数据，数据来源于《温室气体排放核算与报告要求 第22部分：畜禽养殖企业》（GB/T 32151.22-2024）
农业生产 > 畜禽养殖 > 动物粪便管理 > 粪便管理排放因子 > 肉牛 > 甲烷,甲烷,陕西、甘肃、青海、宁夏、新疆,1.86,因子 (kgCH₄/(head·year)),本土化数据，数据来源于《温室气体排放核算与报告要求 第22部分：畜禽养殖企业》（GB/T 32151.22-2024）
农业生产 > 畜禽养殖 > 动物粪便管理 > 粪便管理排放因子 > 肉牛 > 氧化亚氮,氧化亚氮,北京、天津、河北、内蒙古、山西,0.794,因子 (kgN₂O/(head·year)),本土化数据，数据来源于《温室气体排放核算与报告要求 第22部分：畜禽养殖企业》（GB/T 32151.22-2024）
农业生产 > 畜禽养殖 > 动物粪便管理 > 粪便管理排放因子 > 肉牛 > 氧化亚氮,氧化亚氮,辽宁、吉林、黑龙江,0.913,因子 (kgN₂O/(head·year)),本土化数据，数据来源于《温室气体排放核算与报告要求 第22部分：畜禽养殖企业》（GB/T 32151.22-2024）
农业生产 > 畜禽养殖 > 动物粪便管理 > 粪便管理排放因子 > 肉牛 > 氧化亚氮,氧化亚氮,上海、江苏、浙江、安徽、福建、江西、山东,0.846,因子 (kgN₂O/(head·year)),本土化数据，数据来源于《温室气体排放核算与报告要求 第22部分：畜禽养殖企业》（GB/T 32151.22-2024）
农业生产 > 畜禽养殖 > 动物粪便管理 > 粪便管理排放因子 > 肉牛 > 氧化亚氮,氧化亚氮,河南、湖北、湖南、广东、广西、海南,0.805,因子 (kgN₂O/(head·year)),本土化数据，数据来源于《温室气体排放核算与报告要求 第22部分：畜禽养殖企业》（GB/T 32151.22-2024）
农业生产 > 畜禽养殖 > 动物粪便管理 > 粪便管理排放因子 > 肉牛 > 氧化亚氮,氧化亚氮,重庆、四川、贵州、云南、西藏,0.691,因子 (kgN₂O/(head·year)),本土化数据，数据来源于《温室气体排放核算与报告要求 第22部分：畜禽养殖企业》（GB/T 32151.22-2024）
农业生产 > 畜禽养殖 > 动物粪便管理 > 粪便管理排放因子 > 肉牛 > 氧化亚氮,氧化亚氮,陕西、甘肃、青海、宁夏、新疆,0.545,因子 (kgN₂O/(head·year)),本土化数据，数据来源于《温室气体排放核算与报告要求 第22部分：畜禽养殖企业》（GB/T 32151.22-2024）
农业生产 > 畜禽养殖 > 动物粪便管理 > 粪便管理排放因子 > 水牛 > 甲烷,甲烷,北京、天津、河北、内蒙古、山西,/,因子 (kgCH₄/(head·year)),本土化数据，数据来源于《温室气体排放核算与报告要求 第22部分：畜禽养殖企业》（GB/T 32151.22-2024）
农业生产 > 畜禽养殖 > 动物粪便管理 > 粪便管理排放因子 > 水牛 > 甲烷,甲烷,辽宁、吉林、黑龙江,/,因子 (kgCH₄/(head·year)),本土化数据，数据来源于《温室气体排放核算与报告要求 第22部分：畜禽养殖企业》（GB/T 32151.22-2024）
农业生产 > 畜禽养殖 > 动物粪便管理 > 粪便管理排放因子 > 水牛 > 甲烷,甲烷,上海、江苏、浙江、安徽、福建、江西、山东,5.55,因子 (kgCH₄/(head·year)),本土化数据，数据来源于《温室气体排放核算与报告要求 第22部分：畜禽养殖企业》（GB/T 32151.22-2024）
农业生产 > 畜禽养殖 > 动物粪便管理 > 粪便管理排放因子 > 水牛 > 甲烷,甲烷,河南、湖北、湖南、广东、广西、海南,8.24,因子 (kgCH₄/(head·year)),本土化数据，数据来源于《温室气体排放核算与报告要求 第22部分：畜禽养殖企业》（GB/T 32151.22-2024）
农业生产 > 畜禽养殖 > 动物粪便管理 > 粪便管理排放因子 > 水牛 > 甲烷,甲烷,重庆、四川、贵州、云南、西藏,1.53,因子 (kgCH₄/(head·year)),本土化数据，数据来源于《温室气体排放核算与报告要求 第22部分：畜禽养殖企业》（GB/T 32151.22-2024）
农业生产 > 畜禽养殖 > 动物粪便管理 > 粪便管理排放因子 > 水牛 > 甲烷,甲烷,陕西、甘肃、青海、宁夏、新疆,/,因子 (kgCH₄/(head·year)),本土化数据，数据来源于《温室气体排放核算与报告要求 第22部分：畜禽养殖企业》（GB/T 32151.22-2024）
农业生产 > 畜禽养殖 > 动物粪便管理 > 粪便管理排放因子 > 水牛 > 氧化亚氮,氧化亚氮,北京、天津、河北、内蒙古、山西,/,因子 (kgN₂O/(head·year)),本土化数据，数据来源于《温室气体排放核算与报告要求 第22部分：畜禽养殖企业》（GB/T 32151.22-2024）
农业生产 > 畜禽养殖 > 动物粪便管理 > 粪便管理排放因子 > 水牛 > 氧化亚氮,氧化亚氮,辽宁、吉林、黑龙江,/,因子 (kgN₂O/(head·year)),本土化数据，数据来源于《温室气体排放核算与报告要求 第22部分：畜禽养殖企业》（GB/T 32151.22-2024）
农业生产 > 畜禽养殖 > 动物粪便管理 > 粪便管理排放因子 > 水牛 > 氧化亚氮,氧化亚氮,上海、江苏、浙江、安徽、福建、江西、山东,0.875,因子 (kgN₂O/(head·year)),本土化数据，数据来源于《温室气体排放核算与报告要求 第22部分：畜禽养殖企业》（GB/T 32151.22-2024）
农业生产 > 畜禽养殖 > 动物粪便管理 > 粪便管理排放因子 > 水牛 > 氧化亚氮,氧化亚氮,河南、湖北、湖南、广东、广西、海南,0.86,因子 (kgN₂O/(head·year)),本土化数据，数据来源于《温室气体排放核算与报告要求 第22部分：畜禽养殖企业》（GB/T 32151.22-2024）
农业生产 > 畜禽养殖 > 动物粪便管理 > 粪便管理排放因子 > 水牛 > 氧化亚氮,氧化亚氮,重庆、四川、贵州、云南、西藏,1.197,因子 (kgN₂O/(head·year)),本土化数据，数据来源于《温室气体排放核算与报告要求 第22部分：畜禽养殖企业》（GB/T 32151.22-2024）
农业生产 > 畜禽养殖 > 动物粪便管理 > 粪便管理排放因子 > 水牛 > 氧化亚氮,氧化亚氮,陕西、甘肃、青海、宁夏、新疆,/,因子 (kgN₂O/(head·year)),本土化数据，数据来源于《温室气体排放核算与报告要求 第22部分：畜禽养殖企业》（GB/T 32151.22-2024）
农业生产 > 畜禽养殖 > 动物粪便管理 > 粪便管理排放因子 > 绵羊 > 甲烷,甲烷,北京、天津、河北、内蒙古、山西,0.15,因子 (kgCH₄/(head·year)),本土化数据，数据来源于《温室气体排放核算与报告要求 第22部分：畜禽养殖企业》（GB/T 32151.22-2024）
农业生产 > 畜禽养殖 > 动物粪便管理 > 粪便管理排放因子 > 绵羊 > 甲烷,甲烷,辽宁、吉林、黑龙江,0.15,因子 (kgCH₄/(head·year)),本土化数据，数据来源于《温室气体排放核算与报告要求 第22部分：畜禽养殖企业》（GB/T 32151.22-2024）
农业生产 > 畜禽养殖 > 动物粪便管理 > 粪便管理排放因子 > 绵羊 > 甲烷,甲烷,上海、江苏、浙江、安徽、福建、江西、山东,0.26,因子 (kgCH₄/(head·year)),本土化数据，数据来源于《温室气体排放核算与报告要求 第22部分：畜禽养殖企业》（GB/T 32151.22-2024）
农业生产 > 畜禽养殖 > 动物粪便管理 > 粪便管理排放因子 > 绵羊 > 甲烷,甲烷,河南、湖北、湖南、广东、广西、海南,0.34,因子 (kgCH₄/(head·year)),本土化数据，数据来源于《温室气体排放核算与报告要求 第22部分：畜禽养殖企业》（GB/T 32151.22-2024）
农业生产 > 畜禽养殖 > 动物粪便管理 > 粪便管理排放因子 > 绵羊 > 甲烷,甲烷,重庆、四川、贵州、云南、西藏,0.48,因子 (kgCH₄/(head·year)),本土化数据，数据来源于《温室气体排放核算与报告要求 第22部分：畜禽养殖企业》（GB/T 32151.22-2024）
农业生产 > 畜禽养殖 > 动物粪便管理 > 粪便管理排放因子 > 绵羊 > 甲烷,甲烷,陕西、甘肃、青海、宁夏、新疆,0.28,因子 (kgCH₄/(head·year)),本土化数据，数据来源于《温室气体排放核算与报告要求 第22部分：畜禽养殖企业》（GB/T 32151.22-2024）
农业生产 > 畜禽养殖 > 动物粪便管理 > 粪便管理排放因子 > 绵羊 > 氧化亚氮,氧化亚氮,北京、天津、河北、内蒙古、山西,0.093,因子 (kgN₂O/(head·year)),本土化数据，数据来源于《温室气体排放核算与报告要求 第22部分：畜禽养殖企业》（GB/T 32151.22-2024）
农业生产 > 畜禽养殖 > 动物粪便管理 > 粪便管理排放因子 > 绵羊 > 氧化亚氮,氧化亚氮,辽宁、吉林、黑龙江,0.057,因子 (kgN₂O/(head·year)),本土化数据，数据来源于《温室气体排放核算与报告要求 第22部分：畜禽养殖企业》（GB/T 32151.22-2024）
农业生产 > 畜禽养殖 > 动物粪便管理 > 粪便管理排放因子 > 绵羊 > 氧化亚氮,氧化亚氮,上海、江苏、浙江、安徽、福建、江西、山东,0.113,因子 (kgN₂O/(head·year)),本土化数据，数据来源于《温室气体排放核算与报告要求 第22部分：畜禽养殖企业》（GB/T 32151.22-2024）
农业生产 > 畜禽养殖 > 动物粪便管理 > 粪便管理排放因子 > 绵羊 > 氧化亚氮,氧化亚氮,河南、湖北、湖南、广东、广西、海南,0.106,因子 (kgN₂O/(head·year)),本土化数据，数据来源于《温室气体排放核算与报告要求 第22部分：畜禽养殖企业》（GB/T 32151.22-2024）
农业生产 > 畜禽养殖 > 动物粪便管理 > 粪便管理排放因子 > 绵羊 > 氧化亚氮,氧化亚氮,重庆、四川、贵州、云南、西藏,0.064,因子 (kgN₂O/(head·year)),本土化数据，数据来源于《温室气体排放核算与报告要求 第22部分：畜禽养殖企业》（GB/T 32151.22-2024）
农业生产 > 畜禽养殖 > 动物粪便管理 > 粪便管理排放因子 > 绵羊 > 氧化亚氮,氧化亚氮,陕西、甘肃、青海、宁夏、新疆,0.074,因子 (kgN₂O/(head·year)),本土化数据，数据来源于《温室气体排放核算与报告要求 第22部分：畜禽养殖企业》（GB/T 32151.22-2024）
农业生产 > 畜禽养殖 > 动物粪便管理 > 粪便管理排放因子 > 山羊 > 甲烷,甲烷,北京、天津、河北、内蒙古、山西,0.17,因子 (kgCH₄/(head·year)),本土化数据，数据来源于《温室气体排放核算与报告要求 第22部分：畜禽养殖企业》（GB/T 32151.22-2024）
农业生产 > 畜禽养殖 > 动物粪便管理 > 粪便管理排放因子 > 山羊 > 甲烷,甲烷,辽宁、吉林、黑龙江,0.16,因子 (kgCH₄/(head·year)),本土化数据，数据来源于《温室气体排放核算与报告要求 第22部分：畜禽养殖企业》（GB/T 32151.22-2024）
农业生产 > 畜禽养殖 > 动物粪便管理 > 粪便管理排放因子 > 山羊 > 甲烷,甲烷,上海、江苏、浙江、安徽、福建、江西、山东,0.28,因子 (kgCH₄/(head·year)),本土化数据，数据来源于《温室气体排放核算与报告要求 第22部分：畜禽养殖企业》（GB/T 32151.22-2024）
农业生产 > 畜禽养殖 > 动物粪便管理 > 粪便管理排放因子 > 山羊 > 甲烷,甲烷,河南、湖北、湖南、广东、广西、海南,0.31,因子 (kgCH₄/(head·year)),本土化数据，数据来源于《温室气体排放核算与报告要求 第22部分：畜禽养殖企业》（GB/T 32151.22-2024）
农业生产 > 畜禽养殖 > 动物粪便管理 > 粪便管理排放因子 > 山羊 > 甲烷,甲烷,重庆、四川、贵州、云南、西藏,0.53,因子 (kgCH₄/(head·year)),本土化数据，数据来源于《温室气体排放核算与报告要求 第22部分：畜禽养殖企业》（GB/T 32151.22-2024）
农业生产 > 畜禽养殖 > 动物粪便管理 > 粪便管理排放因子 > 山羊 > 甲烷,甲烷,陕西、甘肃、青海、宁夏、新疆,0.32,因子 (kgCH₄/(head·year)),本土化数据，数据来源于《温室气体排放核算与报告要求 第22部分：畜禽养殖企业》（GB/T 32151.22-2024）
农业生产 > 畜禽养殖 > 动物粪便管理 > 粪便管理排放因子 > 山羊 > 氧化亚氮,氧化亚氮,北京、天津、河北、内蒙古、山西,0.093,因子 (kgN₂O/(head·year)),本土化数据，数据来源于《温室气体排放核算与报告要求 第22部分：畜禽养殖企业》（GB/T 32151.22-2024）
农业生产 > 畜禽养殖 > 动物粪便管理 > 粪便管理排放因子 > 山羊 > 氧化亚氮,氧化亚氮,辽宁、吉林、黑龙江,0.057,因子 (kgN₂O/(head·year)),本土化数据，数据来源于《温室气体排放核算与报告要求 第22部分：畜禽养殖企业》（GB/T 32151.22-2024）
农业生产 > 畜禽养殖 > 动物粪便管理 > 粪便管理排放因子 > 山羊 > 氧化亚氮,氧化亚氮,上海、江苏、浙江、安徽、福建、江西、山东,0.113,因子 (kgN₂O/(head·year)),本土化数据，数据来源于《温室气体排放核算与报告要求 第22部分：畜禽养殖企业》（GB/T 32151.22-2024）
农业生产 > 畜禽养殖 > 动物粪便管理 > 粪便管理排放因子 > 山羊 > 氧化亚氮,氧化亚氮,河南、湖北、湖南、广东、广西、海南,0.106,因子 (kgN₂O/(head·year)),本土化数据，数据来源于《温室气体排放核算与报告要求 第22部分：畜禽养殖企业》（GB/T 32151.22-2024）
农业生产 > 畜禽养殖 > 动物粪便管理 > 粪便管理排放因子 > 山羊 > 氧化亚氮,氧化亚氮,重庆、四川、贵州、云南、西藏,0.064,因子 (kgN₂O/(head·year)),本土化数据，数据来源于《温室气体排放核算与报告要求 第22部分：畜禽养殖企业》（GB/T 32151.22-2024）
农业生产 > 畜禽养殖 > 动物粪便管理 > 粪便管理排放因子 > 山羊 > 氧化亚氮,氧化亚氮,陕西、甘肃、青海、宁夏、新疆,0.074,因子 (kgN₂O/(head·year)),本土化数据，数据来源于《温室气体排放核算与报告要求 第22部分：畜禽养殖企业》（GB/T 32151.22-2024）
农业生产 > 畜禽养殖 > 动物粪便管理 > 粪便管理排放因子 > 猪 > 甲烷,甲烷,北京、天津、河北、内蒙古、山西,3.12,因子 (kgCH₄/(head·year)),本土化数据，数据来源于《温室气体排放核算与报告要求 第22部分：畜禽养殖企业》（GB/T 32151.22-2024）
农业生产 > 畜禽养殖 > 动物粪便管理 > 粪便管理排放因子 > 猪 > 甲烷,甲烷,辽宁、吉林、黑龙江,1.12,因子 (kgCH₄/(head·year)),本土化数据，数据来源于《温室气体排放核算与报告要求 第22部分：畜禽养殖企业》（GB/T 32151.22-2024）
农业生产 > 畜禽养殖 > 动物粪便管理 > 粪便管理排放因子 > 猪 > 甲烷,甲烷,上海、江苏、浙江、安徽、福建、江西、山东,5.08,因子 (kgCH₄/(head·year)),本土化数据，数据来源于《温室气体排放核算与报告要求 第22部分：畜禽养殖企业》（GB/T 32151.22-2024）
农业生产 > 畜禽养殖 > 动物粪便管理 > 粪便管理排放因子 > 猪 > 甲烷,甲烷,河南、湖北、湖南、广东、广西、海南,5.85,因子 (kgCH₄/(head·year)),本土化数据，数据来源于《温室气体排放核算与报告要求 第22部分：畜禽养殖企业》（GB/T 32151.22-2024）
农业生产 > 畜禽养殖 > 动物粪便管理 > 粪便管理排放因子 > 猪 > 甲烷,甲烷,重庆、四川、贵州、云南、西藏,4.18,因子 (kgCH₄/(head·year)),本土化数据，数据来源于《温室气体排放核算与报告要求 第22部分：畜禽养殖企业》（GB/T 32151.22-2024）
农业生产 > 畜禽养殖 > 动物粪便管理 > 粪便管理排放因子 > 猪 > 甲烷,甲烷,陕西、甘肃、青海、宁夏、新疆,1.38,因子 (kgCH₄/(head·year)),本土化数据，数据来源于《温室气体排放核算与报告要求 第22部分：畜禽养殖企业》（GB/T 32151.22-2024）
农业生产 > 畜禽养殖 > 动物粪便管理 > 粪便管理排放因子 > 猪 > 氧化亚氮,氧化亚氮,北京、天津、河北、内蒙古、山西,0.227,因子 (kgN₂O/(head·year)),本土化数据，数据来源于《温室气体排放核算与报告要求 第22部分：畜禽养殖企业》（GB/T 32151.22-2024）
农业生产 > 畜禽养殖 > 动物粪便管理 > 粪便管理排放因子 > 猪 > 氧化亚氮,氧化亚氮,辽宁、吉林、黑龙江,0.266,因子 (kgN₂O/(head·year)),本土化数据，数据来源于《温室气体排放核算与报告要求 第22部分：畜禽养殖企业》（GB/T 32151.22-2024）
农业生产 > 畜禽养殖 > 动物粪便管理 > 粪便管理排放因子 > 猪 > 氧化亚氮,氧化亚氮,上海、江苏、浙江、安徽、福建、江西、山东,0.175,因子 (kgN₂O/(head·year)),本土化数据，数据来源于《温室气体排放核算与报告要求 第22部分：畜禽养殖企业》（GB/T 32151.22-2024）
农业生产 > 畜禽养殖 > 动物粪便管理 > 粪便管理排放因子 > 猪 > 氧化亚氮,氧化亚氮,河南、湖北、湖南、广东、广西、海南,0.157,因子 (kgN₂O/(head·year)),本土化数据，数据来源于《温室气体排放核算与报告要求 第22部分：畜禽养殖企业》（GB/T 32151.22-2024）
农业生产 > 畜禽养殖 > 动物粪便管理 > 粪便管理排放因子 > 猪 > 氧化亚氮,氧化亚氮,重庆、四川、贵州、云南、西藏,0.159,因子 (kgN₂O/(head·year)),本土化数据，数据来源于《温室气体排放核算与报告要求 第22部分：畜禽养殖企业》（GB/T 32151.22-2024）
农业生产 > 畜禽养殖 > 动物粪便管理 > 粪便管理排放因子 > 猪 > 氧化亚氮,氧化亚氮,陕西、甘肃、青海、宁夏、新疆,0.195,因子 (kgN₂O/(head·year)),本土化数据，数据来源于《温室气体排放核算与报告要求 第22部分：畜禽养殖企业》（GB/T 32151.22-2024）
农业生产 > 畜禽养殖 > 动物粪便管理 > 粪便管理排放因子 > 家禽 > 甲烷,甲烷,北京、天津、河北、内蒙古、山西,0.01,因子 (kgCH₄/(head·year)),本土化数据，数据来源于《温室气体排放核算与报告要求 第22部分：畜禽养殖企业》（GB/T 32151.22-2024）
农业生产 > 畜禽养殖 > 动物粪便管理 > 粪便管理排放因子 > 家禽 > 甲烷,甲烷,辽宁、吉林、黑龙江,0.01,因子 (kgCH₄/(head·year)),本土化数据，数据来源于《温室气体排放核算与报告要求 第22部分：畜禽养殖企业》（GB/T 32151.22-2024）
农业生产 > 畜禽养殖 > 动物粪便管理 > 粪便管理排放因子 > 家禽 > 甲烷,甲烷,上海、江苏、浙江、安徽、福建、江西、山东,0.02,因子 (kgCH₄/(head·year)),本土化数据，数据来源于《温室气体排放核算与报告要求 第22部分：畜禽养殖企业》（GB/T 32151.22-2024）
农业生产 > 畜禽养殖 > 动物粪便管理 > 粪便管理排放因子 > 家禽 > 甲烷,甲烷,河南、湖北、湖南、广东、广西、海南,0.02,因子 (kgCH₄/(head·year)),本土化数据，数据来源于《温室气体排放核算与报告要求 第22部分：畜禽养殖企业》（GB/T 32151.22-2024）
农业生产 > 畜禽养殖 > 动物粪便管理 > 粪便管理排放因子 > 家禽 > 甲烷,甲烷,重庆、四川、贵州、云南、西藏,0.02,因子 (kgCH₄/(head·year)),本土化数据，数据来源于《温室气体排放核算与报告要求 第22部分：畜禽养殖企业》（GB/T 32151.22-2024）
农业生产 > 畜禽养殖 > 动物粪便管理 > 粪便管理排放因子 > 家禽 > 甲烷,甲烷,陕西、甘肃、青海、宁夏、新疆,0.01,因子 (kgCH₄/(head·year)),本土化数据，数据来源于《温室气体排放核算与报告要求 第22部分：畜禽养殖企业》（GB/T 32151.22-2024）
农业生产 > 畜禽养殖 > 动物粪便管理 > 粪便管理排放因子 > 家禽 > 氧化亚氮,氧化亚氮,北京、天津、河北、内蒙古、山西,0.007,因子 (kgN₂O/(head·year)),本土化数据，数据来源于《温室气体排放核算与报告要求 第22部分：畜禽养殖企业》（GB/T 32151.22-2024）
农业生产 > 畜禽养殖 > 动物粪便管理 > 粪便管理排放因子 > 家禽 > 氧化亚氮,氧化亚氮,辽宁、吉林、黑龙江,0.007,因子 (kgN₂O/(head·year)),本土化数据，数据来源于《温室气体排放核算与报告要求 第22部分：畜禽养殖企业》（GB/T 32151.22-2024）
农业生产 > 畜禽养殖 > 动物粪便管理 > 粪便管理排放因子 > 家禽 > 氧化亚氮,氧化亚氮,上海、江苏、浙江、安徽、福建、江西、山东,0.007,因子 (kgN₂O/(head·year)),本土化数据，数据来源于《温室气体排放核算与报告要求 第22部分：畜禽养殖企业》（GB/T 32151.22-2024）
农业生产 > 畜禽养殖 > 动物粪便管理 > 粪便管理排放因子 > 家禽 > 氧化亚氮,氧化亚氮,河南、湖北、湖南、广东、广西、海南,0.007,因子 (kgN₂O/(head·year)),本土化数据，数据来源于《温室气体排放核算与报告要求 第22部分：畜禽养殖企业》（GB/T 32151.22-2024）
农业生产 > 畜禽养殖 > 动物粪便管理 > 粪便管理排放因子 > 家禽 > 氧化亚氮,氧化亚氮,重庆、四川、贵州、云南、西藏,0.007,因子 (kgN₂O/(head·year)),本土化数据，数据来源于《温室气体排放核算与报告要求 第22部分：畜禽养殖企业》（GB/T 32151.22-2024）
农业生产 > 畜禽养殖 > 动物粪便管理 > 粪便管理排放因子 > 家禽 > 氧化亚氮,氧化亚氮,陕西、甘肃、青海、宁夏、新疆,0.007,因子 (kgN₂O/(head·year)),本土化数据，数据来源于《温室气体排放核算与报告要求 第22部分：畜禽养殖企业》（GB/T 32151.22-2024）
农业生产 > 畜禽养殖 > 动物粪便管理 > 粪便管理排放因子参数 > 挥发性固体排泄量,挥发性固体排泄量,奶牛,3.4,因子 （kg/(head·day)）,数据来源于《2006年IPCC清单指南》
农业生产 > 畜禽养殖 > 动物粪便管理 > 粪便管理排放因子参数 > 挥发性固体排泄量,挥发性固体排泄量,肉牛,3.0,因子 （kg/(head·day)）,数据来源于《2006年IPCC清单指南》
农业生产 > 畜禽养殖 > 动物粪便管理 > 粪便管理排放因子参数 > 挥发性固体排泄量,挥发性固体排泄量,水牛,3.9,因子 （kg/(head·day)）,数据来源于《2006年IPCC清单指南》
农业生产 > 畜禽养殖 > 动物粪便管理 > 粪便管理排放因子参数 > 挥发性固体排泄量,挥发性固体排泄量,山羊,0.35,因子 （kg/(head·day)）,数据来源于《2006年IPCC清单指南》
农业生产 > 畜禽养殖 > 动物粪便管理 > 粪便管理排放因子参数 > 挥发性固体排泄量,挥发性固体排泄量,绵羊,0.32,因子 （kg/(head·day)）,数据来源于《2006年IPCC清单指南》
农业生产 > 畜禽养殖 > 动物粪便管理 > 粪便管理排放因子参数 > 挥发性固体排泄量,挥发性固体排泄量,猪,0.30,因子 （kg/(head·day)）,数据来源于《2006年IPCC清单指南》
农业生产 > 畜禽养殖 > 动物粪便管理 > 粪便管理排放因子参数 > 挥发性固体排泄量,挥发性固体排泄量,家禽,0.02,因子 （kg/(head·day)）,数据来源于《2006年IPCC清单指南》
农业生产 > 畜禽养殖 > 动物粪便管理 > 粪便管理排放因子参数 > 最大甲烷生产能力,最大甲烷生产能力,奶牛,0.24,因子  (m³CH₄/kg VS),数据来源于《2006年IPCC清单指南》
农业生产 > 畜禽养殖 > 动物粪便管理 > 粪便管理排放因子参数 > 最大甲烷生产能力,最大甲烷生产能力,肉牛,0.19,因子  (m³CH₄/kg VS),数据来源于《2006年IPCC清单指南》
农业生产 > 畜禽养殖 > 动物粪便管理 > 粪便管理排放因子参数 > 最大甲烷生产能力,最大甲烷生产能力,水牛,0.10,因子  (m³CH₄/kg VS),数据来源于《2006年IPCC清单指南》
农业生产 > 畜禽养殖 > 动物粪便管理 > 粪便管理排放因子参数 > 最大甲烷生产能力,最大甲烷生产能力,山羊,0.13,因子  (m³CH₄/kg VS),数据来源于《2006年IPCC清单指南》
农业生产 > 畜禽养殖 > 动物粪便管理 > 粪便管理排放因子参数 > 最大甲烷生产能力,最大甲烷生产能力,绵羊,0.13,因子  (m³CH₄/kg VS),数据来源于《2006年IPCC清单指南》
农业生产 > 畜禽养殖 > 动物粪便管理 > 粪便管理排放因子参数 > 最大甲烷生产能力,最大甲烷生产能力,猪,0.45,因子  (m³CH₄/kg VS),数据来源于《2006年IPCC清单指南》
农业生产 > 畜禽养殖 > 动物粪便管理 > 粪便管理排放因子参数 > 最大甲烷生产能力,最大甲烷生产能力,家禽,0.36,因子  (m³CH₄/kg VS),数据来源于《2006年IPCC清单指南》
农业生产 > 畜禽养殖 > 动物粪便管理 > 粪便管理排放因子参数 > 粪便氮排泄量,粪便氮排泄量,奶牛,61.3,因子  (kgN/(head·year)),本土化数据，数据来源于《畜禽粪尿产生量及主要成分参数》（NY/T 4755-2025）
农业生产 > 畜禽养殖 > 动物粪便管理 > 粪便管理排放因子参数 > 粪便氮排泄量,粪便氮排泄量,肉牛,29.8,因子  (kgN/(head·year)),本土化数据，数据来源于《畜禽粪尿产生量及主要成分参数》（NY/T 4755-2025）
农业生产 > 畜禽养殖 > 动物粪便管理 > 粪便管理排放因子参数 > 粪便氮排泄量,粪便氮排泄量,水牛,29.8,因子  (kgN/(head·year)),本土化数据，数据来源于《畜禽粪尿产生量及主要成分参数》（NY/T 4755-2025）
农业生产 > 畜禽养殖 > 动物粪便管理 > 粪便管理排放因子参数 > 粪便氮排泄量,粪便氮排泄量,山羊,3.3,因子  (kgN/(head·year)),本土化数据，数据来源于《畜禽粪尿产生量及主要成分参数》（NY/T 4755-2025）
农业生产 > 畜禽养殖 > 动物粪便管理 > 粪便管理排放因子参数 > 粪便氮排泄量,粪便氮排泄量,绵羊,3.3,因子  (kgN/(head·year)),本土化数据，数据来源于《畜禽粪尿产生量及主要成分参数》（NY/T 4755-2025）
农业生产 > 畜禽养殖 > 动物粪便管理 > 粪便管理排放因子参数 > 粪便氮排泄量,粪便氮排泄量,猪,11.4,因子  (kgN/(head·year)),本土化数据，数据来源于《畜禽粪尿产生量及主要成分参数》（NY/T 4755-2025）
农业生产 > 畜禽养殖 > 动物粪便管理 > 粪便管理排放因子参数 > 粪便氮排泄量,粪便氮排泄量,家禽,0.53,因子  (kgN/(head·year)),本土化数据，数据来源于《畜禽粪尿产生量及主要成分参数》（NY/T 4755-2025）
农业生产 > 畜禽养殖 > 动物粪便管理 > 粪便管理排放因子参数 > 不同粪便管理方式氧化亚氮直接排放因子,不同粪便管理方式氧化亚氮直接排放因子,氧化塘,0,因子 (kgN₂O-N/kgN),数据来源于《2006年IPCC清单指南》
农业生产 > 畜禽养殖 > 动物粪便管理 > 粪便管理排放因子参数 > 不同粪便管理方式氧化亚氮直接排放因子,不同粪便管理方式氧化亚氮直接排放因子,液体贮存(自然结壳),0.005,因子 (kgN₂O-N/kgN),数据来源于《2006年IPCC清单指南》
农业生产 > 畜禽养殖 > 动物粪便管理 > 粪便管理排放因子参数 > 不同粪便管理方式氧化亚氮直接排放因子,不同粪便管理方式氧化亚氮直接排放因子,液体贮存(无自然结壳),0,因子 (kgN₂O-N/kgN),数据来源于《2006年IPCC清单指南》
农业生产 > 畜禽养殖 > 动物粪便管理 > 粪便管理排放因子参数 > 不同粪便管理方式氧化亚氮直接排放因子,不同粪便管理方式氧化亚氮直接排放因子,固体贮存,0.005,因子 (kgN₂O-N/kgN),数据来源于《2006年IPCC清单指南》
农业生产 > 畜禽养殖 > 动物粪便管理 > 粪便管理排放因子参数 > 不同粪便管理方式氧化亚氮直接排放因子,不同粪便管理方式氧化亚氮直接排放因子,自然风干,0.02,因子 (kgN₂O-N/kgN),数据来源于《2006年IPCC清单指南》
农业生产 > 畜禽养殖 > 动物粪便管理 > 粪便管理排放因子参数 > 不同粪便管理方式氧化亚氮直接排放因子,不同粪便管理方式氧化亚氮直接排放因子,舍内粪坑贮存,0.002,因子 (kgN₂O-N/kgN),数据来源于《2006年IPCC清单指南》
农业生产 > 畜禽养殖 > 动物粪便管理 > 粪便管理排放因子参数 > 不同粪便管理方式氧化亚氮直接排放因子,不同粪便管理方式氧化亚氮直接排放因子,每日施肥,0,因子 (kgN₂O-N/kgN),数据来源于《2006年IPCC清单指南》
农业生产 > 畜禽养殖 > 动物粪便管理 > 粪便管理排放因子参数 > 不同粪便管理方式氧化亚氮直接排放因子,不同粪便管理方式氧化亚氮直接排放因子,沼气池,0,因子 (kgN₂O-N/kgN),数据来源于《2006年IPCC清单指南》
农业生产 > 畜禽养殖 > 动物粪便管理 > 粪便管理排放因子参数 > 不同粪便管理方式氧化亚氮直接排放因子,不同粪便管理方式氧化亚氮直接排放因子,堆肥或沤肥,0.01,因子 (kgN₂O-N/kgN),数据来源于《2006年IPCC清单指南》
农业生产 > 畜禽养殖 > 动物粪便管理 > 粪便管理排放因子参数 > 不同粪便管理方式氧化亚氮直接排放因子,不同粪便管理方式氧化亚氮直接排放因子,其他,0.005,因子 (kgN₂O-N/kgN),数据来源于《2006年IPCC清单指南》
农业生产 > 畜禽养殖 > 动物粪便管理 > 粪便管理排放因子参数 > 粪便管理氧化亚氮间接排放因子,粪便管理氧化亚氮间接排放因子,氮挥发沉降,0.01,因子 (kgN₂O-N/kgN),"数据来源于《2006年IPCC清单指南》
"
农业生产 > 畜禽养殖 > 动物粪便管理 > 粪便管理排放因子参数 > 粪便管理氧化亚氮间接排放因子,粪便管理氧化亚氮间接排放因子,氮淋溶径流,0.0075,因子 (kgN₂O-N/kgN),"数据来源于《2006年IPCC清单指南》
"
农业生产 > 种植业 > 水稻种植 > 稻田甲烷排放因子,稻田甲烷排放因子,双季早稻,174.73,因子 (kgCH₄/hm²),"本土化数据，数据来源于稻田甲烷监测数据和文献数据分析获得
"
农业生产 > 种植业 > 水稻种植 > 稻田甲烷排放因子,稻田甲烷排放因子,双季晚稻,226.37,因子 (kgCH₄/hm²),本土化数据，数据来源于稻田甲烷监测数据和文献数据分析获得
农业生产 > 种植业 > 水稻种植 > 稻田甲烷排放因子,稻田甲烷排放因子,单季稻,242.09,因子 (kgCH₄/hm²),本土化数据，数据来源于稻田甲烷监测数据和文献数据分析获得
农业生产 > 种植业 > 农用地 > 农用地氧化亚氮直接排放因子,农用地氧化亚氮直接排放因子,双季早稻,4.63,因子 (gN₂O-N/kgN),本土化数据，数据来源于农用地氧化亚氮监测数据和文献数据分析获得
农业生产 > 种植业 > 农用地 > 农用地氧化亚氮直接排放因子,农用地氧化亚氮直接排放因子,双季晚稻,4.84,因子 (gN₂O-N/kgN),本土化数据，数据来源于农用地氧化亚氮监测数据和文献数据分析获得
农业生产 > 种植业 > 农用地 > 农用地氧化亚氮直接排放因子,农用地氧化亚氮直接排放因子,单季稻,4.95,因子 (gN₂O-N/kgN),本土化数据，数据来源于农用地氧化亚氮监测数据和文献数据分析获得
农业生产 > 种植业 > 农用地 > 农用地氧化亚氮直接排放因子,农用地氧化亚氮直接排放因子,玉米,7.14,因子 (gN₂O-N/kgN),本土化数据，数据来源于农用地氧化亚氮监测数据和文献数据分析获得
农业生产 > 种植业 > 农用地 > 农用地氧化亚氮直接排放因子,农用地氧化亚氮直接排放因子,小麦,6.54,因子 (gN₂O-N/kgN),本土化数据，数据来源于农用地氧化亚氮监测数据和文献数据分析获得
农业生产 > 种植业 > 农用地 > 农用地氧化亚氮直接排放因子,农用地氧化亚氮直接排放因子,油料作物,8.36,因子 (gN₂O-N/kgN),本土化数据，数据来源于农用地氧化亚氮监测数据和文献数据分析获得
农业生产 > 种植业 > 农用地 > 农用地氧化亚氮直接排放因子,农用地氧化亚氮直接排放因子,果园茶园,17.29,因子 (gN₂O-N/kgN),本土化数据，数据来源于农用地氧化亚氮监测数据和文献数据分析获得
农业生产 > 种植业 > 农用地 > 农用地氧化亚氮直接排放因子,农用地氧化亚氮直接排放因子,蔬菜,9.69,因子 (gN₂O-N/kgN),本土化数据，数据来源于农用地氧化亚氮监测数据和文献数据分析获得
农业生产 > 种植业 > 农用地 > 农用地氧化亚氮直接排放因子,农用地氧化亚氮直接排放因子,其他作物,7.18,因子 (gN₂O-N/kgN),本土化数据，数据来源于农用地氧化亚氮监测数据和文献数据分析获得
农业生产 > 种植业 > 农用地 > 农用地氧化亚氮间接排放因子,农用地氧化亚氮间接排放因子,氮挥发沉降,0.01,因子 (kgN₂O-N/(kgNH₃-N+NOx-N)),"数据来源于《2006年IPCC清单指南》
"
农业生产 > 种植业 > 农用地 > 农用地氧化亚氮间接排放因子,农用地氧化亚氮间接排放因子,氮淋溶径流,0.0075,因子 (kgN₂O-N/(kgNH₃-N+NOx-N)),"数据来源于《2006年IPCC清单指南》
"
净购入电力与热力 > 电力消费 > 电力平均二氧化碳排放因子 > 全国电力平均二氧化碳排放因子,全国电力平均二氧化碳排放因子,全国,0.5306,2023年因子 (kgCO₂/kWh),"本土化数据，数据来源于生态环境部、国家统计局《关于发布2023年电力二氧化碳排放因子的公告》（公告2025年第47号）
"
净购入电力与热力 > 电力消费 > 电力平均二氧化碳排放因子 > 区域电力平均二氧化碳排放因子,区域电力平均二氧化碳排放因子,华北,0.6361,2023年因子 (kgCO₂/kWh),"本土化数据，数据来源于生态环境部、国家统计局《关于发布2023年电力二氧化碳排放因子的公告》（公告2025年第47号）
"
净购入电力与热力 > 电力消费 > 电力平均二氧化碳排放因子 > 区域电力平均二氧化碳排放因子,区域电力平均二氧化碳排放因子,东北,0.5122,2023年因子 (kgCO₂/kWh),"本土化数据，数据来源于生态环境部、国家统计局《关于发布2023年电力二氧化碳排放因子的公告》（公告2025年第47号）
"
净购入电力与热力 > 电力消费 > 电力平均二氧化碳排放因子 > 区域电力平均二氧化碳排放因子,区域电力平均二氧化碳排放因子,华东,0.5500 ,2023年因子 (kgCO₂/kWh),"本土化数据，数据来源于生态环境部、国家统计局《关于发布2023年电力二氧化碳排放因子的公告》（公告2025年第47号）
"
净购入电力与热力 > 电力消费 > 电力平均二氧化碳排放因子 > 区域电力平均二氧化碳排放因子,区域电力平均二氧化碳排放因子,华中,0.5271,2023年因子 (kgCO₂/kWh),"本土化数据，数据来源于生态环境部、国家统计局《关于发布2023年电力二氧化碳排放因子的公告》（公告2025年第47号）
"
净购入电力与热力 > 电力消费 > 电力平均二氧化碳排放因子 > 区域电力平均二氧化碳排放因子,区域电力平均二氧化碳排放因子,西北,0.5543,2023年因子 (kgCO₂/kWh),"本土化数据，数据来源于生态环境部、国家统计局《关于发布2023年电力二氧化碳排放因子的公告》（公告2025年第47号）
"
净购入电力与热力 > 电力消费 > 电力平均二氧化碳排放因子 > 区域电力平均二氧化碳排放因子,区域电力平均二氧化碳排放因子,南方,0.4042,2023年因子 (kgCO₂/kWh),"本土化数据，数据来源于生态环境部、国家统计局《关于发布2023年电力二氧化碳排放因子的公告》（公告2025年第47号）
"
净购入电力与热力 > 电力消费 > 电力平均二氧化碳排放因子 > 区域电力平均二氧化碳排放因子,区域电力平均二氧化碳排放因子,西南,0.2472,2023年因子 (kgCO₂/kWh),"本土化数据，数据来源于生态环境部、国家统计局《关于发布2023年电力二氧化碳排放因子的公告》（公告2025年第47号）
"
净购入电力与热力 > 电力消费 > 电力平均二氧化碳排放因子 > 省级电力平均二氧化碳排放因子,省级电力平均二氧化碳排放因子,北京,0.5554,2023年因子 (kgCO₂/kWh),"本土化数据，数据来源于生态环境部、国家统计局《关于发布2023年电力二氧化碳排放因子的公告》（公告2025年第47号）
"
净购入电力与热力 > 电力消费 > 电力平均二氧化碳排放因子 > 省级电力平均二氧化碳排放因子,省级电力平均二氧化碳排放因子,天津,0.6796,2023年因子 (kgCO₂/kWh),"本土化数据，数据来源于生态环境部、国家统计局《关于发布2023年电力二氧化碳排放因子的公告》（公告2025年第47号）
"
净购入电力与热力 > 电力消费 > 电力平均二氧化碳排放因子 > 省级电力平均二氧化碳排放因子,省级电力平均二氧化碳排放因子,河北,0.6516,2023年因子 (kgCO₂/kWh),"本土化数据，数据来源于生态环境部、国家统计局《关于发布2023年电力二氧化碳排放因子的公告》（公告2025年第47号）
"
净购入电力与热力 > 电力消费 > 电力平均二氧化碳排放因子 > 省级电力平均二氧化碳排放因子,省级电力平均二氧化碳排放因子,山西,0.6634,2023年因子 (kgCO₂/kWh),"本土化数据，数据来源于生态环境部、国家统计局《关于发布2023年电力二氧化碳排放因子的公告》（公告2025年第47号）
"
净购入电力与热力 > 电力消费 > 电力平均二氧化碳排放因子 > 省级电力平均二氧化碳排放因子,省级电力平均二氧化碳排放因子,内蒙古,0.6479,2023年因子 (kgCO₂/kWh),"本土化数据，数据来源于生态环境部、国家统计局《关于发布2023年电力二氧化碳排放因子的公告》（公告2025年第47号）
"
净购入电力与热力 > 电力消费 > 电力平均二氧化碳排放因子 > 省级电力平均二氧化碳排放因子,省级电力平均二氧化碳排放因子,辽宁,0.4878,2023年因子 (kgCO₂/kWh),"本土化数据，数据来源于生态环境部、国家统计局《关于发布2023年电力二氧化碳排放因子的公告》（公告2025年第47号）
"
净购入电力与热力 > 电力消费 > 电力平均二氧化碳排放因子 > 省级电力平均二氧化碳排放因子,省级电力平均二氧化碳排放因子,吉林,0.4671,2023年因子 (kgCO₂/kWh),"本土化数据，数据来源于生态环境部、国家统计局《关于发布2023年电力二氧化碳排放因子的公告》（公告2025年第47号）
"
净购入电力与热力 > 电力消费 > 电力平均二氧化碳排放因子 > 省级电力平均二氧化碳排放因子,省级电力平均二氧化碳排放因子,黑龙江,0.5229,2023年因子 (kgCO₂/kWh),"本土化数据，数据来源于生态环境部、国家统计局《关于发布2023年电力二氧化碳排放因子的公告》（公告2025年第47号）
"
净购入电力与热力 > 电力消费 > 电力平均二氧化碳排放因子 > 省级电力平均二氧化碳排放因子,省级电力平均二氧化碳排放因子,上海,0.5737,2023年因子 (kgCO₂/kWh),"本土化数据，数据来源于生态环境部、国家统计局《关于发布2023年电力二氧化碳排放因子的公告》（公告2025年第47号）
"
净购入电力与热力 > 电力消费 > 电力平均二氧化碳排放因子 > 省级电力平均二氧化碳排放因子,省级电力平均二氧化碳排放因子,江苏,0.5827,2023年因子 (kgCO₂/kWh),"本土化数据，数据来源于生态环境部、国家统计局《关于发布2023年电力二氧化碳排放因子的公告》（公告2025年第47号）
"
净购入电力与热力 > 电力消费 > 电力平均二氧化碳排放因子 > 省级电力平均二氧化碳排放因子,省级电力平均二氧化碳排放因子,浙江,0.4974,2023年因子 (kgCO₂/kWh),"本土化数据，数据来源于生态环境部、国家统计局《关于发布2023年电力二氧化碳排放因子的公告》（公告2025年第47号）
"
净购入电力与热力 > 电力消费 > 电力平均二氧化碳排放因子 > 省级电力平均二氧化碳排放因子,省级电力平均二氧化碳排放因子,安徽,0.6553,2023年因子 (kgCO₂/kWh),"本土化数据，数据来源于生态环境部、国家统计局《关于发布2023年电力二氧化碳排放因子的公告》（公告2025年第47号）
"
净购入电力与热力 > 电力消费 > 电力平均二氧化碳排放因子 > 省级电力平均二氧化碳排放因子,省级电力平均二氧化碳排放因子,福建,0.4211,2023年因子 (kgCO₂/kWh),"本土化数据，数据来源于生态环境部、国家统计局《关于发布2023年电力二氧化碳排放因子的公告》（公告2025年第47号）
"
净购入电力与热力 > 电力消费 > 电力平均二氧化碳排放因子 > 省级电力平均二氧化碳排放因子,省级电力平均二氧化碳排放因子,江西,0.5836,2023年因子 (kgCO₂/kWh),"本土化数据，数据来源于生态环境部、国家统计局《关于发布2023年电力二氧化碳排放因子的公告》（公告2025年第47号）
"
净购入电力与热力 > 电力消费 > 电力平均二氧化碳排放因子 > 省级电力平均二氧化碳排放因子,省级电力平均二氧化碳排放因子,山东,0.6191,2023年因子 (kgCO₂/kWh),"本土化数据，数据来源于生态环境部、国家统计局《关于发布2023年电力二氧化碳排放因子的公告》（公告2025年第47号）
"
净购入电力与热力 > 电力消费 > 电力平均二氧化碳排放因子 > 省级电力平均二氧化碳排放因子,省级电力平均二氧化碳排放因子,河南,0.5897,2023年因子 (kgCO₂/kWh),"本土化数据，数据来源于生态环境部、国家统计局《关于发布2023年电力二氧化碳排放因子的公告》（公告2025年第47号）
"
净购入电力与热力 > 电力消费 > 电力平均二氧化碳排放因子 > 省级电力平均二氧化碳排放因子,省级电力平均二氧化碳排放因子,湖北,0.4044,2023年因子 (kgCO₂/kWh),"本土化数据，数据来源于生态环境部、国家统计局《关于发布2023年电力二氧化碳排放因子的公告》（公告2025年第47号）
"
净购入电力与热力 > 电力消费 > 电力平均二氧化碳排放因子 > 省级电力平均二氧化碳排放因子,省级电力平均二氧化碳排放因子,湖南,0.4976,2023年因子 (kgCO₂/kWh),"本土化数据，数据来源于生态环境部、国家统计局《关于发布2023年电力二氧化碳排放因子的公告》（公告2025年第47号）
"
净购入电力与热力 > 电力消费 > 电力平均二氧化碳排放因子 > 省级电力平均二氧化碳排放因子,省级电力平均二氧化碳排放因子,广东,0.4419,2023年因子 (kgCO₂/kWh),"本土化数据，数据来源于生态环境部、国家统计局《关于发布2023年电力二氧化碳排放因子的公告》（公告2025年第47号）
"
净购入电力与热力 > 电力消费 > 电力平均二氧化碳排放因子 > 省级电力平均二氧化碳排放因子,省级电力平均二氧化碳排放因子,广西,0.4476,2023年因子 (kgCO₂/kWh),"本土化数据，数据来源于生态环境部、国家统计局《关于发布2023年电力二氧化碳排放因子的公告》（公告2025年第47号）
"
净购入电力与热力 > 电力消费 > 电力平均二氧化碳排放因子 > 省级电力平均二氧化碳排放因子,省级电力平均二氧化碳排放因子,海南,0.3648,2023年因子 (kgCO₂/kWh),"本土化数据，数据来源于生态环境部、国家统计局《关于发布2023年电力二氧化碳排放因子的公告》（公告2025年第47号）
"
净购入电力与热力 > 电力消费 > 电力平均二氧化碳排放因子 > 省级电力平均二氧化碳排放因子,省级电力平均二氧化碳排放因子,重庆,0.5581,2023年因子 (kgCO₂/kWh),"本土化数据，数据来源于生态环境部、国家统计局《关于发布2023年电力二氧化碳排放因子的公告》（公告2025年第47号）
"
净购入电力与热力 > 电力消费 > 电力平均二氧化碳排放因子 > 省级电力平均二氧化碳排放因子,省级电力平均二氧化碳排放因子,四川,0.1564,2023年因子 (kgCO₂/kWh),"本土化数据，数据来源于生态环境部、国家统计局《关于发布2023年电力二氧化碳排放因子的公告》（公告2025年第47号）
"
净购入电力与热力 > 电力消费 > 电力平均二氧化碳排放因子 > 省级电力平均二氧化碳排放因子,省级电力平均二氧化碳排放因子,贵州,0.5683,2023年因子 (kgCO₂/kWh),"本土化数据，数据来源于生态环境部、国家统计局《关于发布2023年电力二氧化碳排放因子的公告》（公告2025年第47号）
"
净购入电力与热力 > 电力消费 > 电力平均二氧化碳排放因子 > 省级电力平均二氧化碳排放因子,省级电力平均二氧化碳排放因子,云南,0.1333,2023年因子 (kgCO₂/kWh),"本土化数据，数据来源于生态环境部、国家统计局《关于发布2023年电力二氧化碳排放因子的公告》（公告2025年第47号）
"
净购入电力与热力 > 电力消费 > 电力平均二氧化碳排放因子 > 省级电力平均二氧化碳排放因子,省级电力平均二氧化碳排放因子,陕西,0.6335,2023年因子 (kgCO₂/kWh),"本土化数据，数据来源于生态环境部、国家统计局《关于发布2023年电力二氧化碳排放因子的公告》（公告2025年第47号）
"
净购入电力与热力 > 电力消费 > 电力平均二氧化碳排放因子 > 省级电力平均二氧化碳排放因子,省级电力平均二氧化碳排放因子,甘肃,0.4471,2023年因子 (kgCO₂/kWh),"本土化数据，数据来源于生态环境部、国家统计局《关于发布2023年电力二氧化碳排放因子的公告》（公告2025年第47号）
"
净购入电力与热力 > 电力消费 > 电力平均二氧化碳排放因子 > 省级电力平均二氧化碳排放因子,省级电力平均二氧化碳排放因子,青海,0.1796,2023年因子 (kgCO₂/kWh),"本土化数据，数据来源于生态环境部、国家统计局《关于发布2023年电力二氧化碳排放因子的公告》（公告2025年第47号）
"
净购入电力与热力 > 电力消费 > 电力平均二氧化碳排放因子 > 省级电力平均二氧化碳排放因子,省级电力平均二氧化碳排放因子,宁夏,0.6187,2023年因子 (kgCO₂/kWh),"本土化数据，数据来源于生态环境部、国家统计局《关于发布2023年电力二氧化碳排放因子的公告》（公告2025年第47号）
"
净购入电力与热力 > 电力消费 > 电力平均二氧化碳排放因子 > 省级电力平均二氧化碳排放因子,省级电力平均二氧化碳排放因子,新疆,0.6021,2023年因子 (kgCO₂/kWh),"本土化数据，数据来源于生态环境部、国家统计局《关于发布2023年电力二氧化碳排放因子的公告》（公告2025年第47号）
"
净购入电力与热力 > 电力消费 > 电力平均二氧化碳排放因子（不包括市场化交易的非化石能源电量） > 全国平均二氧化碳排放因子（不包括市场化交易的非化石能源电量）,全国平均二氧化碳排放因子（不包括市场化交易的非化石能源电量）,全国,0.6096,2023年因子 (kgCO₂/kWh),"本土化数据，数据来源于生态环境部、国家统计局《关于发布2023年电力二氧化碳排放因子的公告》（公告2025年第47号）
"
净购入电力与热力 > 电力消费 > 化石能源电力二氧化碳排放因子 > 全国化石能源电力二氧化碳排放因子,全国化石能源电力二氧化碳排放因子,全国,0.8273,2023年因子 (kgCO₂/kWh),"本土化数据，数据来源于生态环境部、国家统计局《关于发布2023年电力二氧化碳排放因子的公告》（公告2025年第47号）
"
产品碳排放强度 > 直接排放 > 钢铁,钢铁,粗钢（转炉）,1.6048,因子(tCO₂/t),本土化数据，全国碳排放权交易市场企业实测
产品碳排放强度 > 直接排放 > 铝,铝,未锻轧铝(原铝),1.6879,因子(tCO₂/t),本土化数据，全国碳排放权交易市场企业实测
